cell_id,scenario_id,treatment_id,model_id,protocol_id,paraphrase_id,choice_order_reversed,replicate_index,generation_config
5d8d173a4e1b2cecc8ad366fbca4133c00f079cdfb542d33567a89addc4eddc2,unimoral_001,B0_stripped_baseline,qwen3:14b,version_j,p0_default,False,0,"{'model_name': 'qwen3:14b', 'temperature': 0.7, 'top_p': 0.9, 'top_k': None, 'seed': 42, 'quantization': 'Q4_K_M'}"
30e64c52d244976d7e16f3c66d908beffa7c035adc46ecf9a4b1e52b119516c8,unimoral_001,B0_stripped_baseline,qwen3:14b,version_j,p0_default,True,0,"{'model_name': 'qwen3:14b', 'temperature': 0.7, 'top_p': 0.9, 'top_k': None, 'seed': 42, 'quantization': 'Q4_K_M'}"
0094e4b86a9eb1af140aa7576a5586daf3a85526c11d23d25c484750f71b2aa7,unimoral_001,C1_authority_neutral,qwen3:14b,version_j,p0_default,False,0,"{'model_name': 'qwen3:14b', 'temperature': 0.7, 'top_p': 0.9, 'top_k': None, 'seed': 42, 'quantization': 'Q4_K_M'}"
a0580cc0fe464eb71e2d09590f208325dfc8ae0c5d630c3f5d9d338096dbba17,unimoral_001,C1_authority_neutral,qwen3:14b,version_j,p0_default,True,0,"{'model_name': 'qwen3:14b', 'temperature': 0.7, 'top_p': 0.9, 'top_k': None, 'seed': 42, 'quantization': 'Q4_K_M'}"
530b2fb73973a567ce9d156c0688c66dabfee9d1f35f6c2786f4956f72c0d4ba,unimoral_001,P1_authority_pressure,qwen3:14b,version_j,p0_default,False,0,"{'model_name': 'qwen3:14b', 'temperature': 0.7, 'top_p': 0.9, 'top_k': None, 'seed': 42, 'quantization': 'Q4_K_M'}"
6927279084ceae8fd3f15fd13a0a8958004eb534dc50feb5dad37d3dd8fc62f4,unimoral_001,P1_authority_pressure,qwen3:14b,version_j,p0_default,True,0,"{'model_name': 'qwen3:14b', 'temperature': 0.7, 'top_p': 0.9, 'top_k': None, 'seed': 42, 'quantization': 'Q4_K_M'}"
63748264a80e7f12f92c1a1164e61d47258630b13c01bc7e8e396af13ac3e8cf,unimoral_001,C2_incentive_neutral,qwen3:14b,version_j,p0_default,False,0,"{'model_name': 'qwen3:14b', 'temperature': 0.7, 'top_p': 0.9, 'top_k': None, 'seed': 42, 'quantization': 'Q4_K_M'}"
db9370f062aa43fe01e91c61ab6fde54a3dc3704e66e42be9d6fcbaa2a87c599,unimoral_001,C2_incentive_neutral,qwen3:14b,version_j,p0_default,True,0,"{'model_name': 'qwen3:14b', 'temperature': 0.7, 'top_p': 0.9, 'top_k': None, 'seed': 42, 'quantization': 'Q4_K_M'}"
5a294595d4c9855bed840b031f9e6731756de0ef93b3e81b9351748822fcfe02,unimoral_001,P2_incentive_pressure,qwen3:14b,version_j,p0_default,False,0,"{'model_name': 'qwen3:14b', 'temperature': 0.7, 'top_p': 0.9, 'top_k': None, 'seed': 42, 'quantization': 'Q4_K_M'}"
bcaaf2037c2a570546ad82c88d144bf55c8c0e004e9eb75f380f110eb739ca5c,unimoral_001,P2_incentive_pressure,qwen3:14b,version_j,p0_default,True,0,"{'model_name': 'qwen3:14b', 'temperature': 0.7, 'top_p': 0.9, 'top_k': None, 'seed': 42, 'quantization': 'Q4_K_M'}"
9f19a123a3ffa41d7c36194d39848b19108151281106da1fcb3836be17f5ad56,unimoral_001,C3_social_neutral,qwen3:14b,version_j,p0_default,False,0,"{'model_name': 'qwen3:14b', 'temperature': 0.7, 'top_p': 0.9, 'top_k': None, 'seed': 42, 'quantization': 'Q4_K_M'}"
ea93a4e62b0fe7d6315f1d7d9c0310d1ecbe533370287a57aecc914fc5533d69,unimoral_001,C3_social_neutral,qwen3:14b,version_j,p0_default,True,0,"{'model_name': 'qwen3:14b', 'temperature': 0.7, 'top_p': 0.9, 'top_k': None, 'seed': 42, 'quantization': 'Q4_K_M'}"
3cc21ce175d21d7c1d23b56e63909ec45e04f66edcd07e17f61e6be80429751b,unimoral_001,P3_social_pressure,qwen3:14b,version_j,p0_default,False,0,"{'model_name': 'qwen3:14b', 'temperature': 0.7, 'top_p': 0.9, 'top_k': None, 'seed': 42, 'quantization': 'Q4_K_M'}"
d415cad951966b84284e81d25a2c20adfb7769532b14be2383abc9405a761780,unimoral_001,P3_social_pressure,qwen3:14b,version_j,p0_default,True,0,"{'model_name': 'qwen3:14b', 'temperature': 0.7, 'top_p': 0.9, 'top_k': None, 'seed': 42, 'quantization': 'Q4_K_M'}"
e3338d0eeac3c48d4c43017e04ba4751602f7acb27cca7c0932b3d934668ee7d,unimoral_001,C4_metric_neutral,qwen3:14b,version_j,p0_default,False,0,"{'model_name': 'qwen3:14b', 'temperature': 0.7, 'top_p': 0.9, 'top_k': None, 'seed': 42, 'quantization': 'Q4_K_M'}"
d6210dfb3f0da1a16497f9047f185346bd9996e9205a16d90f8ad1a096341f87,unimoral_001,C4_metric_neutral,qwen3:14b,version_j,p0_default,True,0,"{'model_name': 'qwen3:14b', 'temperature': 0.7, 'top_p': 0.9, 'top_k': None, 'seed': 42, 'quantization': 'Q4_K_M'}"
5190a517941eb874107e745932587d2760cc416605dbd073cd5c7252430c4251,unimoral_001,P4_metric_pressure,qwen3:14b,version_j,p0_default,False,0,"{'model_name': 'qwen3:14b', 'temperature': 0.7, 'top_p': 0.9, 'top_k': None, 'seed': 42, 'quantization': 'Q4_K_M'}"
3047390ccedd0437a24ac699575700fe07be2119b31043690ff5a0f1d4e9fc1e,unimoral_001,P4_metric_pressure,qwen3:14b,version_j,p0_default,True,0,"{'model_name': 'qwen3:14b', 'temperature': 0.7, 'top_p': 0.9, 'top_k': None, 'seed': 42, 'quantization': 'Q4_K_M'}"
02cf7e5eb426e79eda9ba0c928ba57ec71f8a232207640e7936bcd83306d2bcc,unimoral_002,B0_stripped_baseline,qwen3:14b,version_j,p0_default,False,0,"{'model_name': 'qwen3:14b', 'temperature': 0.7, 'top_p': 0.9, 'top_k': None, 'seed': 42, 'quantization': 'Q4_K_M'}"
9be10ccba0ea56d12c24e89a9b3c34706858126f623326d10db6e72449022853,unimoral_002,B0_stripped_baseline,qwen3:14b,version_j,p0_default,True,0,"{'model_name': 'qwen3:14b', 'temperature': 0.7, 'top_p': 0.9, 'top_k': None, 'seed': 42, 'quantization': 'Q4_K_M'}"
50017dde276a52e0603de0d6271c6b573509019584956cb9c8c1f4f4640ccdb3,unimoral_002,C1_authority_neutral,qwen3:14b,version_j,p0_default,False,0,"{'model_name': 'qwen3:14b', 'temperature': 0.7, 'top_p': 0.9, 'top_k': None, 'seed': 42, 'quantization': 'Q4_K_M'}"
27a6a0a3e9824654382909cc28165d8ddad1b8b6e3aef934541eba36c04b862f,unimoral_002,C1_authority_neutral,qwen3:14b,version_j,p0_default,True,0,"{'model_name': 'qwen3:14b', 'temperature': 0.7, 'top_p': 0.9, 'top_k': None, 'seed': 42, 'quantization': 'Q4_K_M'}"
4769258a27eaba5be8ecc5887d02cbcf8ec0f7cafa0b5d1a9aa5525aa0c821a9,unimoral_002,P1_authority_pressure,qwen3:14b,version_j,p0_default,False,0,"{'model_name': 'qwen3:14b', 'temperature': 0.7, 'top_p': 0.9, 'top_k': None, 'seed': 42, 'quantization': 'Q4_K_M'}"
a8395049b271df4c74753993291850b42b6c4c35b69e33582a9375ee4562c1ab,unimoral_002,P1_authority_pressure,qwen3:14b,version_j,p0_default,True,0,"{'model_name': 'qwen3:14b', 'temperature': 0.7, 'top_p': 0.9, 'top_k': None, 'seed': 42, 'quantization': 'Q4_K_M'}"
317e4db3f73a80ee12503f852634d39fdfbc740f6a9f893ef5393140c50ab188,unimoral_002,C2_incentive_neutral,qwen3:14b,version_j,p0_default,False,0,"{'model_name': 'qwen3:14b', 'temperature': 0.7, 'top_p': 0.9, 'top_k': None, 'seed': 42, 'quantization': 'Q4_K_M'}"
82c7fdc6651f33902af4965295b46a8624444bf34edf16ae7a161e11c7996b98,unimoral_002,C2_incentive_neutral,qwen3:14b,version_j,p0_default,True,0,"{'model_name': 'qwen3:14b', 'temperature': 0.7, 'top_p': 0.9, 'top_k': None, 'seed': 42, 'quantization': 'Q4_K_M'}"
e57157d75887662117fe80c056528a707da7e85aded461984c1dd635090f85bf,unimoral_002,P2_incentive_pressure,qwen3:14b,version_j,p0_default,False,0,"{'model_name': 'qwen3:14b', 'temperature': 0.7, 'top_p': 0.9, 'top_k': None, 'seed': 42, 'quantization': 'Q4_K_M'}"
b23dbb48543c16354e849e11eed31e3154f8f670d6e9ff372bfab51d9f809c93,unimoral_002,P2_incentive_pressure,qwen3:14b,version_j,p0_default,True,0,"{'model_name': 'qwen3:14b', 'temperature': 0.7, 'top_p': 0.9, 'top_k': None, 'seed': 42, 'quantization': 'Q4_K_M'}"
7e47cd1824c8ee1e424ac12563064a81f57853cdc7cc424de61d9850347d6f6e,unimoral_002,C3_social_neutral,qwen3:14b,version_j,p0_default,False,0,"{'model_name': 'qwen3:14b', 'temperature': 0.7, 'top_p': 0.9, 'top_k': None, 'seed': 42, 'quantization': 'Q4_K_M'}"
65c0ab6a0724c40182d3bb3dceb0cd75f9f224c6274e0a8b9d300a59d545315f,unimoral_002,C3_social_neutral,qwen3:14b,version_j,p0_default,True,0,"{'model_name': 'qwen3:14b', 'temperature': 0.7, 'top_p': 0.9, 'top_k': None, 'seed': 42, 'quantization': 'Q4_K_M'}"
fe90d594e22defaa0446fed7125bd12f89d83f39a05a33fd613f9df691020203,unimoral_002,P3_social_pressure,qwen3:14b,version_j,p0_default,False,0,"{'model_name': 'qwen3:14b', 'temperature': 0.7, 'top_p': 0.9, 'top_k': None, 'seed': 42, 'quantization': 'Q4_K_M'}"
6b430488cae5fa08bd7da6f6cd4911123fa77635519a7a682e4df1f92418116b,unimoral_002,P3_social_pressure,qwen3:14b,version_j,p0_default,True,0,"{'model_name': 'qwen3:14b', 'temperature': 0.7, 'top_p': 0.9, 'top_k': None, 'seed': 42, 'quantization': 'Q4_K_M'}"
12b806f4c9fc79308c6bbda6452a8f03699e9cd4a070aca0d0fe9eb47b672197,unimoral_002,C4_metric_neutral,qwen3:14b,version_j,p0_default,False,0,"{'model_name': 'qwen3:14b', 'temperature': 0.7, 'top_p': 0.9, 'top_k': None, 'seed': 42, 'quantization': 'Q4_K_M'}"
89f26429c45e2bada66f2442b794d13d708f74eca953b64f34acc7a9e3c736f7,unimoral_002,C4_metric_neutral,qwen3:14b,version_j,p0_default,True,0,"{'model_name': 'qwen3:14b', 'temperature': 0.7, 'top_p': 0.9, 'top_k': None, 'seed': 42, 'quantization': 'Q4_K_M'}"
d9833c266fed6c87e314079f17557d85901ad03f8710e11af950841c0b3e3178,unimoral_002,P4_metric_pressure,qwen3:14b,version_j,p0_default,False,0,"{'model_name': 'qwen3:14b', 'temperature': 0.7, 'top_p': 0.9, 'top_k': None, 'seed': 42, 'quantization': 'Q4_K_M'}"
17f7da34531060dea8039887ec310d6ecdb71ab54487a6049ea691a254b87a85,unimoral_002,P4_metric_pressure,qwen3:14b,version_j,p0_default,True,0,"{'model_name': 'qwen3:14b', 'temperature': 0.7, 'top_p': 0.9, 'top_k': None, 'seed': 42, 'quantization': 'Q4_K_M'}"
db8c225e9a578d9ed890dede1c8e4ae5a20ccb488df4ded88b8856e8f5b2751b,unimoral_003,B0_stripped_baseline,qwen3:14b,version_j,p0_default,False,0,"{'model_name': 'qwen3:14b', 'temperature': 0.7, 'top_p': 0.9, 'top_k': None, 'seed': 42, 'quantization': 'Q4_K_M'}"
dd7206820e7436dd7e3e49d4ceb97bd3ae29b4c8a362b89d90a585faea48c9b4,unimoral_003,B0_stripped_baseline,qwen3:14b,version_j,p0_default,True,0,"{'model_name': 'qwen3:14b', 'temperature': 0.7, 'top_p': 0.9, 'top_k': None, 'seed': 42, 'quantization': 'Q4_K_M'}"
5aeb666edc6a1bac716cc7a8c896f91fb21bbc43cde7a73fa31e74e1b63ad34d,unimoral_003,C1_authority_neutral,qwen3:14b,version_j,p0_default,False,0,"{'model_name': 'qwen3:14b', 'temperature': 0.7, 'top_p': 0.9, 'top_k': None, 'seed': 42, 'quantization': 'Q4_K_M'}"
3f2b92e43c101f93c934f7553a201b145b4b09ff72b0cd619bd2a127a2ae570f,unimoral_003,C1_authority_neutral,qwen3:14b,version_j,p0_default,True,0,"{'model_name': 'qwen3:14b', 'temperature': 0.7, 'top_p': 0.9, 'top_k': None, 'seed': 42, 'quantization': 'Q4_K_M'}"
946890c2b45d35bfe882b921443d3dc0b8ddbc8c1e9d4845bb3088d66b8849b5,unimoral_003,P1_authority_pressure,qwen3:14b,version_j,p0_default,False,0,"{'model_name': 'qwen3:14b', 'temperature': 0.7, 'top_p': 0.9, 'top_k': None, 'seed': 42, 'quantization': 'Q4_K_M'}"
6c57fca0fd257047060c34366696480de8140b45ee1ffcb6757d2f32edb73f4d,unimoral_003,P1_authority_pressure,qwen3:14b,version_j,p0_default,True,0,"{'model_name': 'qwen3:14b', 'temperature': 0.7, 'top_p': 0.9, 'top_k': None, 'seed': 42, 'quantization': 'Q4_K_M'}"
6219046bec02ef39a09070c2c001178cf47b7176ecb9a122e666d166b96df2fc,unimoral_003,C2_incentive_neutral,qwen3:14b,version_j,p0_default,False,0,"{'model_name': 'qwen3:14b', 'temperature': 0.7, 'top_p': 0.9, 'top_k': None, 'seed': 42, 'quantization': 'Q4_K_M'}"
c01fb7d601df82b6581ca8d06bbb5f0494dd54d2e30e8405d5f28c5ed0a7202c,unimoral_003,C2_incentive_neutral,qwen3:14b,version_j,p0_default,True,0,"{'model_name': 'qwen3:14b', 'temperature': 0.7, 'top_p': 0.9, 'top_k': None, 'seed': 42, 'quantization': 'Q4_K_M'}"
3fd2447048893dbc19dd8ba41fadb1c917f319ae4c5666bb30754e519c6337c0,unimoral_003,P2_incentive_pressure,qwen3:14b,version_j,p0_default,False,0,"{'model_name': 'qwen3:14b', 'temperature': 0.7, 'top_p': 0.9, 'top_k': None, 'seed': 42, 'quantization': 'Q4_K_M'}"
89f0655ee7736c3a35ab19a7d74ac83644ad935a5b322655e7b5a92b110dabe5,unimoral_003,P2_incentive_pressure,qwen3:14b,version_j,p0_default,True,0,"{'model_name': 'qwen3:14b', 'temperature': 0.7, 'top_p': 0.9, 'top_k': None, 'seed': 42, 'quantization': 'Q4_K_M'}"
a74581df196f9dc2c059dd9c218e16fd5c27941fa48619fb26d2cec9c1b934f1,unimoral_003,C3_social_neutral,qwen3:14b,version_j,p0_default,False,0,"{'model_name': 'qwen3:14b', 'temperature': 0.7, 'top_p': 0.9, 'top_k': None, 'seed': 42, 'quantization': 'Q4_K_M'}"
eeb40f7a734752dda434bfbff7fe4c2a1497075e44714d96caef68c7776ade4a,unimoral_003,C3_social_neutral,qwen3:14b,version_j,p0_default,True,0,"{'model_name': 'qwen3:14b', 'temperature': 0.7, 'top_p': 0.9, 'top_k': None, 'seed': 42, 'quantization': 'Q4_K_M'}"
03492718b293b3ddb3b419c66cbcbf9a0726ef1a22edf09b07c081dfd15b9af3,unimoral_003,P3_social_pressure,qwen3:14b,version_j,p0_default,False,0,"{'model_name': 'qwen3:14b', 'temperature': 0.7, 'top_p': 0.9, 'top_k': None, 'seed': 42, 'quantization': 'Q4_K_M'}"
0af33b4d8120e270e7b1769620303a387970ae848ff5cee091b04aecc7e16856,unimoral_003,P3_social_pressure,qwen3:14b,version_j,p0_default,True,0,"{'model_name': 'qwen3:14b', 'temperature': 0.7, 'top_p': 0.9, 'top_k': None, 'seed': 42, 'quantization': 'Q4_K_M'}"
6bb57ff602b0c2364efa1eb13feab4c3aca28a949f4bea959c5be07c6ca2f71d,unimoral_003,C4_metric_neutral,qwen3:14b,version_j,p0_default,False,0,"{'model_name': 'qwen3:14b', 'temperature': 0.7, 'top_p': 0.9, 'top_k': None, 'seed': 42, 'quantization': 'Q4_K_M'}"
0a066d3d89da22178cce511dcb78354e579ecc8e64c2a4f78745ba333b9c0603,unimoral_003,C4_metric_neutral,qwen3:14b,version_j,p0_default,True,0,"{'model_name': 'qwen3:14b', 'temperature': 0.7, 'top_p': 0.9, 'top_k': None, 'seed': 42, 'quantization': 'Q4_K_M'}"
45e860186d0b9ba747574898fa9d6633b1f9ae1cc7ddd9032846237b242960e3,unimoral_003,P4_metric_pressure,qwen3:14b,version_j,p0_default,False,0,"{'model_name': 'qwen3:14b', 'temperature': 0.7, 'top_p': 0.9, 'top_k': None, 'seed': 42, 'quantization': 'Q4_K_M'}"
ae9aaebb5244f1b5a3fec8a88c8f82a40499b015c8e18eaf28de0afe030571c4,unimoral_003,P4_metric_pressure,qwen3:14b,version_j,p0_default,True,0,"{'model_name': 'qwen3:14b', 'temperature': 0.7, 'top_p': 0.9, 'top_k': None, 'seed': 42, 'quantization': 'Q4_K_M'}"
dc77681390bbced385d1a99f0776f72bd7a0cdf89646462188190b4d6cd08c20,unimoral_004,B0_stripped_baseline,qwen3:14b,version_j,p0_default,False,0,"{'model_name': 'qwen3:14b', 'temperature': 0.7, 'top_p': 0.9, 'top_k': None, 'seed': 42, 'quantization': 'Q4_K_M'}"
107fe522a99e9747e18f24ead3839a74f97aac5488290699d4d6f8a825f38a00,unimoral_004,B0_stripped_baseline,qwen3:14b,version_j,p0_default,True,0,"{'model_name': 'qwen3:14b', 'temperature': 0.7, 'top_p': 0.9, 'top_k': None, 'seed': 42, 'quantization': 'Q4_K_M'}"
31683b6857066aac8bc2aa79a196eb5c6b272ff0cfa520b555cbdf2c9d69c5a0,unimoral_004,C1_authority_neutral,qwen3:14b,version_j,p0_default,False,0,"{'model_name': 'qwen3:14b', 'temperature': 0.7, 'top_p': 0.9, 'top_k': None, 'seed': 42, 'quantization': 'Q4_K_M'}"
de7a51113452df143d05d738f97ef335761523e507f263eb3a7d2026856bb5f3,unimoral_004,C1_authority_neutral,qwen3:14b,version_j,p0_default,True,0,"{'model_name': 'qwen3:14b', 'temperature': 0.7, 'top_p': 0.9, 'top_k': None, 'seed': 42, 'quantization': 'Q4_K_M'}"
3723f9e1b9dd98519daca8982f1781a7d210fe640444db677f3396508168f14d,unimoral_004,P1_authority_pressure,qwen3:14b,version_j,p0_default,False,0,"{'model_name': 'qwen3:14b', 'temperature': 0.7, 'top_p': 0.9, 'top_k': None, 'seed': 42, 'quantization': 'Q4_K_M'}"
505797a7be20f7c84b07b6315e22a0dc43581e2c997e25c54afc60fa9c565e72,unimoral_004,P1_authority_pressure,qwen3:14b,version_j,p0_default,True,0,"{'model_name': 'qwen3:14b', 'temperature': 0.7, 'top_p': 0.9, 'top_k': None, 'seed': 42, 'quantization': 'Q4_K_M'}"
a8cf7a7de5989649a6995800c194beac6c00752fddd8852e0bdc3db9cae855a8,unimoral_004,C2_incentive_neutral,qwen3:14b,version_j,p0_default,False,0,"{'model_name': 'qwen3:14b', 'temperature': 0.7, 'top_p': 0.9, 'top_k': None, 'seed': 42, 'quantization': 'Q4_K_M'}"
19f74e4010a33aba06418655234af756573859b8766930d1f19ddb7bfa4b73f6,unimoral_004,C2_incentive_neutral,qwen3:14b,version_j,p0_default,True,0,"{'model_name': 'qwen3:14b', 'temperature': 0.7, 'top_p': 0.9, 'top_k': None, 'seed': 42, 'quantization': 'Q4_K_M'}"
25ce08de09a36f2ef6f6ecfa094c29b0a0d1cd64eebb2b6533397eaae89a3833,unimoral_004,P2_incentive_pressure,qwen3:14b,version_j,p0_default,False,0,"{'model_name': 'qwen3:14b', 'temperature': 0.7, 'top_p': 0.9, 'top_k': None, 'seed': 42, 'quantization': 'Q4_K_M'}"
b246f94e6affddd9e527f1cff65ac27fac2f0613a0a23952da015ff1d7817a0f,unimoral_004,P2_incentive_pressure,qwen3:14b,version_j,p0_default,True,0,"{'model_name': 'qwen3:14b', 'temperature': 0.7, 'top_p': 0.9, 'top_k': None, 'seed': 42, 'quantization': 'Q4_K_M'}"
2457153b66e91d7a0e879989f0b4cf52835980c676bca92fc7ef4345477e4a68,unimoral_004,C3_social_neutral,qwen3:14b,version_j,p0_default,False,0,"{'model_name': 'qwen3:14b', 'temperature': 0.7, 'top_p': 0.9, 'top_k': None, 'seed': 42, 'quantization': 'Q4_K_M'}"
6f44480320d1a4c5c6d035e807d0e7d37c8f1c9968211f4c9a90f48831aa28d9,unimoral_004,C3_social_neutral,qwen3:14b,version_j,p0_default,True,0,"{'model_name': 'qwen3:14b', 'temperature': 0.7, 'top_p': 0.9, 'top_k': None, 'seed': 42, 'quantization': 'Q4_K_M'}"
c87652436f98b96f3ee6d6bfc7d6c305f2c92ea5913d3bf12c01d071b82f28da,unimoral_004,P3_social_pressure,qwen3:14b,version_j,p0_default,False,0,"{'model_name': 'qwen3:14b', 'temperature': 0.7, 'top_p': 0.9, 'top_k': None, 'seed': 42, 'quantization': 'Q4_K_M'}"
dc64bae022b56b94e7282dc8230d08a24a5319570490c391790ae041ce7abc30,unimoral_004,P3_social_pressure,qwen3:14b,version_j,p0_default,True,0,"{'model_name': 'qwen3:14b', 'temperature': 0.7, 'top_p': 0.9, 'top_k': None, 'seed': 42, 'quantization': 'Q4_K_M'}"
dab1a64ebfeeb3fe0f27ff717c0601b097f03056ecb5822d9495f61e598a0a3d,unimoral_004,C4_metric_neutral,qwen3:14b,version_j,p0_default,False,0,"{'model_name': 'qwen3:14b', 'temperature': 0.7, 'top_p': 0.9, 'top_k': None, 'seed': 42, 'quantization': 'Q4_K_M'}"
dd26995bd798859145c44047c05229fbd6ca977498ac10fff69c4d30b49bd3fa,unimoral_004,C4_metric_neutral,qwen3:14b,version_j,p0_default,True,0,"{'model_name': 'qwen3:14b', 'temperature': 0.7, 'top_p': 0.9, 'top_k': None, 'seed': 42, 'quantization': 'Q4_K_M'}"
590825625d3b481225e3d692958777a92dff9f216e4b2a60d6b334df84ad16ab,unimoral_004,P4_metric_pressure,qwen3:14b,version_j,p0_default,False,0,"{'model_name': 'qwen3:14b', 'temperature': 0.7, 'top_p': 0.9, 'top_k': None, 'seed': 42, 'quantization': 'Q4_K_M'}"
800617c38a40afc45cfc63624041cad34e30c8e1b02bc5bbac2459de002648f0,unimoral_004,P4_metric_pressure,qwen3:14b,version_j,p0_default,True,0,"{'model_name': 'qwen3:14b', 'temperature': 0.7, 'top_p': 0.9, 'top_k': None, 'seed': 42, 'quantization': 'Q4_K_M'}"
14aa7bcb43df5d939cdaacb01b86d68c7bb7b4db7b40280d0c54a3c98d33003e,unimoral_005,B0_stripped_baseline,qwen3:14b,version_j,p0_default,False,0,"{'model_name': 'qwen3:14b', 'temperature': 0.7, 'top_p': 0.9, 'top_k': None, 'seed': 42, 'quantization': 'Q4_K_M'}"
eff9d49f6c80cd24232604169f574995c3921e33ddab5ec14c2ec7c7755e9e9a,unimoral_005,B0_stripped_baseline,qwen3:14b,version_j,p0_default,True,0,"{'model_name': 'qwen3:14b', 'temperature': 0.7, 'top_p': 0.9, 'top_k': None, 'seed': 42, 'quantization': 'Q4_K_M'}"
52adc56ded1c5f8a7c4f945b16111f2602b96ecc3d2d9a23105308cee3ad6847,unimoral_005,C1_authority_neutral,qwen3:14b,version_j,p0_default,False,0,"{'model_name': 'qwen3:14b', 'temperature': 0.7, 'top_p': 0.9, 'top_k': None, 'seed': 42, 'quantization': 'Q4_K_M'}"
acd4087d7b6671fc46361e990a1c6be26b05e1b436d6bdb8ee1ec6bba5d9e07c,unimoral_005,C1_authority_neutral,qwen3:14b,version_j,p0_default,True,0,"{'model_name': 'qwen3:14b', 'temperature': 0.7, 'top_p': 0.9, 'top_k': None, 'seed': 42, 'quantization': 'Q4_K_M'}"
0b38073574cb4510dc69ac218b09eaf8d1c7bdb5c5b1874ab2e0314589d7bc6f,unimoral_005,P1_authority_pressure,qwen3:14b,version_j,p0_default,False,0,"{'model_name': 'qwen3:14b', 'temperature': 0.7, 'top_p': 0.9, 'top_k': None, 'seed': 42, 'quantization': 'Q4_K_M'}"
45be5ffa0b5e54df476897faa618fe18c2d23e9000ad7a3bb0a2504eb35cc4ca,unimoral_005,P1_authority_pressure,qwen3:14b,version_j,p0_default,True,0,"{'model_name': 'qwen3:14b', 'temperature': 0.7, 'top_p': 0.9, 'top_k': None, 'seed': 42, 'quantization': 'Q4_K_M'}"
9b2c00e6713d9b0ef0b1467602f866061502829cd010b49f2136d038b7dfa8ed,unimoral_005,C2_incentive_neutral,qwen3:14b,version_j,p0_default,False,0,"{'model_name': 'qwen3:14b', 'temperature': 0.7, 'top_p': 0.9, 'top_k': None, 'seed': 42, 'quantization': 'Q4_K_M'}"
b8cda1c0b4967ce6f11275e869f64ec59cda9cecbeb7396c014295d33b1da697,unimoral_005,C2_incentive_neutral,qwen3:14b,version_j,p0_default,True,0,"{'model_name': 'qwen3:14b', 'temperature': 0.7, 'top_p': 0.9, 'top_k': None, 'seed': 42, 'quantization': 'Q4_K_M'}"
96c83d5d6b35ae394a9aee4a94c2601f4cd35c9eb7ea55f3aa5f9f6375865aa6,unimoral_005,P2_incentive_pressure,qwen3:14b,version_j,p0_default,False,0,"{'model_name': 'qwen3:14b', 'temperature': 0.7, 'top_p': 0.9, 'top_k': None, 'seed': 42, 'quantization': 'Q4_K_M'}"
12898c46abdd437e49df95cf333bb5b1d44a5086c06c1ac79fe080b1f927cf7a,unimoral_005,P2_incentive_pressure,qwen3:14b,version_j,p0_default,True,0,"{'model_name': 'qwen3:14b', 'temperature': 0.7, 'top_p': 0.9, 'top_k': None, 'seed': 42, 'quantization': 'Q4_K_M'}"
1d1ba14b264f2f7d16e4818af782159cb30d9911eb70046dc62c15fcccc9e301,unimoral_005,C3_social_neutral,qwen3:14b,version_j,p0_default,False,0,"{'model_name': 'qwen3:14b', 'temperature': 0.7, 'top_p': 0.9, 'top_k': None, 'seed': 42, 'quantization': 'Q4_K_M'}"
efcb3b45707f2a803510ad41428ad33e2a2fa42d01d8a04a143381c675f166d0,unimoral_005,C3_social_neutral,qwen3:14b,version_j,p0_default,True,0,"{'model_name': 'qwen3:14b', 'temperature': 0.7, 'top_p': 0.9, 'top_k': None, 'seed': 42, 'quantization': 'Q4_K_M'}"
b3bebbaaffe19c31313a2810a6633925392975745d2b8acbd3dd13a06b46f58e,unimoral_005,P3_social_pressure,qwen3:14b,version_j,p0_default,False,0,"{'model_name': 'qwen3:14b', 'temperature': 0.7, 'top_p': 0.9, 'top_k': None, 'seed': 42, 'quantization': 'Q4_K_M'}"
11b9e5f45c5b60ac59dcfe7d959eb229e37280426cd933cda2be9a29fa0fbed3,unimoral_005,P3_social_pressure,qwen3:14b,version_j,p0_default,True,0,"{'model_name': 'qwen3:14b', 'temperature': 0.7, 'top_p': 0.9, 'top_k': None, 'seed': 42, 'quantization': 'Q4_K_M'}"
88e0eff001f6fa42bd8ef3a26ab2d4f76b35012972806d6da6002846a8d64f93,unimoral_005,C4_metric_neutral,qwen3:14b,version_j,p0_default,False,0,"{'model_name': 'qwen3:14b', 'temperature': 0.7, 'top_p': 0.9, 'top_k': None, 'seed': 42, 'quantization': 'Q4_K_M'}"
98d8104072dff1e6378c9a94c5b88f1ff88c9cc1849c28ddaf8f2220b9719c1b,unimoral_005,C4_metric_neutral,qwen3:14b,version_j,p0_default,True,0,"{'model_name': 'qwen3:14b', 'temperature': 0.7, 'top_p': 0.9, 'top_k': None, 'seed': 42, 'quantization': 'Q4_K_M'}"
bfa36d13db20e51364f9c9f09afc729df7e75181a0211d826c6a400f9bdc4386,unimoral_005,P4_metric_pressure,qwen3:14b,version_j,p0_default,False,0,"{'model_name': 'qwen3:14b', 'temperature': 0.7, 'top_p': 0.9, 'top_k': None, 'seed': 42, 'quantization': 'Q4_K_M'}"
72a3cf7258d051e9c9232311657be18f7c7f6eabf8dce90ba4a3be972f4e4cce,unimoral_005,P4_metric_pressure,qwen3:14b,version_j,p0_default,True,0,"{'model_name': 'qwen3:14b', 'temperature': 0.7, 'top_p': 0.9, 'top_k': None, 'seed': 42, 'quantization': 'Q4_K_M'}"
626a8c81e3a631046692a7043335e463fae1a08b25a6ceaf37dee7ea7b062667,unimoral_006,B0_stripped_baseline,qwen3:14b,version_j,p0_default,False,0,"{'model_name': 'qwen3:14b', 'temperature': 0.7, 'top_p': 0.9, 'top_k': None, 'seed': 42, 'quantization': 'Q4_K_M'}"
bb93c1d2cc3a89492bdfd33c76bb108b457e77ec626e3a9c1158dee7f29f5b15,unimoral_006,B0_stripped_baseline,qwen3:14b,version_j,p0_default,True,0,"{'model_name': 'qwen3:14b', 'temperature': 0.7, 'top_p': 0.9, 'top_k': None, 'seed': 42, 'quantization': 'Q4_K_M'}"
bffee5a5879e688e6ab618666b2d7748a5b5126a9c2a1ac182be76d7681d8011,unimoral_006,C1_authority_neutral,qwen3:14b,version_j,p0_default,False,0,"{'model_name': 'qwen3:14b', 'temperature': 0.7, 'top_p': 0.9, 'top_k': None, 'seed': 42, 'quantization': 'Q4_K_M'}"
37dbd272f8bd8ba36be4f83abbdc857816b293cb4880051272eff38133353209,unimoral_006,C1_authority_neutral,qwen3:14b,version_j,p0_default,True,0,"{'model_name': 'qwen3:14b', 'temperature': 0.7, 'top_p': 0.9, 'top_k': None, 'seed': 42, 'quantization': 'Q4_K_M'}"
de2bab8acf00ba5507b3ce8b535a95a20d667c6e2d3f3bb36dacb78a0117495c,unimoral_006,P1_authority_pressure,qwen3:14b,version_j,p0_default,False,0,"{'model_name': 'qwen3:14b', 'temperature': 0.7, 'top_p': 0.9, 'top_k': None, 'seed': 42, 'quantization': 'Q4_K_M'}"
93f9260322bb39a717c056bd05100494ed5bca89d703e47124f00f180982f041,unimoral_006,P1_authority_pressure,qwen3:14b,version_j,p0_default,True,0,"{'model_name': 'qwen3:14b', 'temperature': 0.7, 'top_p': 0.9, 'top_k': None, 'seed': 42, 'quantization': 'Q4_K_M'}"
23bf3851411819af4485d3e37ab6c0ae78463e23bb24fa44dec96b4629f2f938,unimoral_006,C2_incentive_neutral,qwen3:14b,version_j,p0_default,False,0,"{'model_name': 'qwen3:14b', 'temperature': 0.7, 'top_p': 0.9, 'top_k': None, 'seed': 42, 'quantization': 'Q4_K_M'}"
f9ce19160c726a4eb5e0cb0d87914305678d835fe172544d813e54a5e4b67305,unimoral_006,C2_incentive_neutral,qwen3:14b,version_j,p0_default,True,0,"{'model_name': 'qwen3:14b', 'temperature': 0.7, 'top_p': 0.9, 'top_k': None, 'seed': 42, 'quantization': 'Q4_K_M'}"
c6fb48d6f51bbf0c490fff68cab758737a47bcb70b3f02945ce5cee327ddd7e2,unimoral_006,P2_incentive_pressure,qwen3:14b,version_j,p0_default,False,0,"{'model_name': 'qwen3:14b', 'temperature': 0.7, 'top_p': 0.9, 'top_k': None, 'seed': 42, 'quantization': 'Q4_K_M'}"
222412461d2f108b61f0e1d374451a10719dde5846d500ef326708501eb112f9,unimoral_006,P2_incentive_pressure,qwen3:14b,version_j,p0_default,True,0,"{'model_name': 'qwen3:14b', 'temperature': 0.7, 'top_p': 0.9, 'top_k': None, 'seed': 42, 'quantization': 'Q4_K_M'}"
2d96949b9860c88d3732380ee558c48632b01d43b36db155880fa3fce5409663,unimoral_006,C3_social_neutral,qwen3:14b,version_j,p0_default,False,0,"{'model_name': 'qwen3:14b', 'temperature': 0.7, 'top_p': 0.9, 'top_k': None, 'seed': 42, 'quantization': 'Q4_K_M'}"
2fb83ce88dc771216c97b45da6f7fcc809255c65ae8958892c185239afcd9b85,unimoral_006,C3_social_neutral,qwen3:14b,version_j,p0_default,True,0,"{'model_name': 'qwen3:14b', 'temperature': 0.7, 'top_p': 0.9, 'top_k': None, 'seed': 42, 'quantization': 'Q4_K_M'}"
890db36f7f28b0b39f2022db0ee3323f9d34f3faad3f28c17c80de45b6abc4d2,unimoral_006,P3_social_pressure,qwen3:14b,version_j,p0_default,False,0,"{'model_name': 'qwen3:14b', 'temperature': 0.7, 'top_p': 0.9, 'top_k': None, 'seed': 42, 'quantization': 'Q4_K_M'}"
51ba1b24b6190207bf6860dcf7ae613d09bae11c077b6bc58557f870435049ba,unimoral_006,P3_social_pressure,qwen3:14b,version_j,p0_default,True,0,"{'model_name': 'qwen3:14b', 'temperature': 0.7, 'top_p': 0.9, 'top_k': None, 'seed': 42, 'quantization': 'Q4_K_M'}"
6b2085c0374e187e5b2ea3e7ef8414f5dcb00e55c7c95fbd4370850a243ece74,unimoral_006,C4_metric_neutral,qwen3:14b,version_j,p0_default,False,0,"{'model_name': 'qwen3:14b', 'temperature': 0.7, 'top_p': 0.9, 'top_k': None, 'seed': 42, 'quantization': 'Q4_K_M'}"
58aef97eb532c7ef92f68c614458954e1387a1165bdbed79f19db934055c5c2a,unimoral_006,C4_metric_neutral,qwen3:14b,version_j,p0_default,True,0,"{'model_name': 'qwen3:14b', 'temperature': 0.7, 'top_p': 0.9, 'top_k': None, 'seed': 42, 'quantization': 'Q4_K_M'}"
06ce6d7f00d3677433f284673f4d45e0d87c47ba14b7b3b318059b4aa4e8ecb8,unimoral_006,P4_metric_pressure,qwen3:14b,version_j,p0_default,False,0,"{'model_name': 'qwen3:14b', 'temperature': 0.7, 'top_p': 0.9, 'top_k': None, 'seed': 42, 'quantization': 'Q4_K_M'}"
2848383be8b167453553d2a51d62aa5a59cfa7b1a013c17810028a30965f5520,unimoral_006,P4_metric_pressure,qwen3:14b,version_j,p0_default,True,0,"{'model_name': 'qwen3:14b', 'temperature': 0.7, 'top_p': 0.9, 'top_k': None, 'seed': 42, 'quantization': 'Q4_K_M'}"
e6db92804d654d07fa33cf6ed15c119b8a5a7eb44844cbdec269f5cc06518297,unimoral_007,B0_stripped_baseline,qwen3:14b,version_j,p0_default,False,0,"{'model_name': 'qwen3:14b', 'temperature': 0.7, 'top_p': 0.9, 'top_k': None, 'seed': 42, 'quantization': 'Q4_K_M'}"
08b2979abe5e57aeae3c9d09d829027b2d4e04ec98acb7855436cc36d0468430,unimoral_007,B0_stripped_baseline,qwen3:14b,version_j,p0_default,True,0,"{'model_name': 'qwen3:14b', 'temperature': 0.7, 'top_p': 0.9, 'top_k': None, 'seed': 42, 'quantization': 'Q4_K_M'}"
f08e0df69c051d4231625c7e2c92c86db862c7ee4f33636d91539e35725b4eac,unimoral_007,C1_authority_neutral,qwen3:14b,version_j,p0_default,False,0,"{'model_name': 'qwen3:14b', 'temperature': 0.7, 'top_p': 0.9, 'top_k': None, 'seed': 42, 'quantization': 'Q4_K_M'}"
38d274292dc30ff5d9995d36b02f66cbee77d69eccfe6f21dff9d7b33f57467e,unimoral_007,C1_authority_neutral,qwen3:14b,version_j,p0_default,True,0,"{'model_name': 'qwen3:14b', 'temperature': 0.7, 'top_p': 0.9, 'top_k': None, 'seed': 42, 'quantization': 'Q4_K_M'}"
b8f3733f3ba78b7a595cf1ec7bf56191fa71db908f0cf3cd3e7d9578c4cca2c1,unimoral_007,P1_authority_pressure,qwen3:14b,version_j,p0_default,False,0,"{'model_name': 'qwen3:14b', 'temperature': 0.7, 'top_p': 0.9, 'top_k': None, 'seed': 42, 'quantization': 'Q4_K_M'}"
5765300c51eab5ebb68fa946db8b9cea53bfe473e09c25fce3ab29ea63e33ee5,unimoral_007,P1_authority_pressure,qwen3:14b,version_j,p0_default,True,0,"{'model_name': 'qwen3:14b', 'temperature': 0.7, 'top_p': 0.9, 'top_k': None, 'seed': 42, 'quantization': 'Q4_K_M'}"
8b27b9c03e66ff528b744a9cfd2a22bbcd0a4894543b497422cbf084a210341f,unimoral_007,C2_incentive_neutral,qwen3:14b,version_j,p0_default,False,0,"{'model_name': 'qwen3:14b', 'temperature': 0.7, 'top_p': 0.9, 'top_k': None, 'seed': 42, 'quantization': 'Q4_K_M'}"
ef65e0988b8fb277e04a5e98d405458b28ac45313a9aa31627a1bc5d6ca7390c,unimoral_007,C2_incentive_neutral,qwen3:14b,version_j,p0_default,True,0,"{'model_name': 'qwen3:14b', 'temperature': 0.7, 'top_p': 0.9, 'top_k': None, 'seed': 42, 'quantization': 'Q4_K_M'}"
68a0924f1db0230d3a3b5b7aaa8ed28018d9c029116c93e53e89f1fddd600cbf,unimoral_007,P2_incentive_pressure,qwen3:14b,version_j,p0_default,False,0,"{'model_name': 'qwen3:14b', 'temperature': 0.7, 'top_p': 0.9, 'top_k': None, 'seed': 42, 'quantization': 'Q4_K_M'}"
c11f2d62af668b786f20f61d061c5ae082feff6dc5db7253db08eb675e406a35,unimoral_007,P2_incentive_pressure,qwen3:14b,version_j,p0_default,True,0,"{'model_name': 'qwen3:14b', 'temperature': 0.7, 'top_p': 0.9, 'top_k': None, 'seed': 42, 'quantization': 'Q4_K_M'}"
96d600af338e5bf34e810426fcf38690af4ccb6477442dd024283c833f6c2f30,unimoral_007,C3_social_neutral,qwen3:14b,version_j,p0_default,False,0,"{'model_name': 'qwen3:14b', 'temperature': 0.7, 'top_p': 0.9, 'top_k': None, 'seed': 42, 'quantization': 'Q4_K_M'}"
8b0ed72804a1c4feb33218a3b69125ef782b6e6f25908ecc1cac6aa30d61d4aa,unimoral_007,C3_social_neutral,qwen3:14b,version_j,p0_default,True,0,"{'model_name': 'qwen3:14b', 'temperature': 0.7, 'top_p': 0.9, 'top_k': None, 'seed': 42, 'quantization': 'Q4_K_M'}"
4b92007f8fa48df44802f1cf73dbf9538ca7705632637c566bb5c226e7f025fd,unimoral_007,P3_social_pressure,qwen3:14b,version_j,p0_default,False,0,"{'model_name': 'qwen3:14b', 'temperature': 0.7, 'top_p': 0.9, 'top_k': None, 'seed': 42, 'quantization': 'Q4_K_M'}"
37d62872383eb5772f4c0a1fec940fb38bc0e3cb1953a4af971ec55f2023ec22,unimoral_007,P3_social_pressure,qwen3:14b,version_j,p0_default,True,0,"{'model_name': 'qwen3:14b', 'temperature': 0.7, 'top_p': 0.9, 'top_k': None, 'seed': 42, 'quantization': 'Q4_K_M'}"
72bc4ba53f4bbf4542c94a3c4f9bb3622154d6f4bd32c6384ef97f3c2e066c40,unimoral_007,C4_metric_neutral,qwen3:14b,version_j,p0_default,False,0,"{'model_name': 'qwen3:14b', 'temperature': 0.7, 'top_p': 0.9, 'top_k': None, 'seed': 42, 'quantization': 'Q4_K_M'}"
47da184f3892c3d3d3954f30c754362cf236da06cdec82824a8ba4a577ad4720,unimoral_007,C4_metric_neutral,qwen3:14b,version_j,p0_default,True,0,"{'model_name': 'qwen3:14b', 'temperature': 0.7, 'top_p': 0.9, 'top_k': None, 'seed': 42, 'quantization': 'Q4_K_M'}"
f3754e47e238e816872f35ddd7136c672657bb8efdb61a5379ea7797ae9b3127,unimoral_007,P4_metric_pressure,qwen3:14b,version_j,p0_default,False,0,"{'model_name': 'qwen3:14b', 'temperature': 0.7, 'top_p': 0.9, 'top_k': None, 'seed': 42, 'quantization': 'Q4_K_M'}"
aeaf1da614454653f386883a779ab67b252bfd3bb4a9d1c26fa0b608f51bdcbd,unimoral_007,P4_metric_pressure,qwen3:14b,version_j,p0_default,True,0,"{'model_name': 'qwen3:14b', 'temperature': 0.7, 'top_p': 0.9, 'top_k': None, 'seed': 42, 'quantization': 'Q4_K_M'}"
ff0bc7a6ccaaf7a2ade8bf8079609d49fee3b0fec8a377c6d505c381d5fe47ee,unimoral_008,B0_stripped_baseline,qwen3:14b,version_j,p0_default,False,0,"{'model_name': 'qwen3:14b', 'temperature': 0.7, 'top_p': 0.9, 'top_k': None, 'seed': 42, 'quantization': 'Q4_K_M'}"
b1060aefaf01f493da2ea66af59d2f06f16663b87bb1e5046da11fb47fcc1322,unimoral_008,B0_stripped_baseline,qwen3:14b,version_j,p0_default,True,0,"{'model_name': 'qwen3:14b', 'temperature': 0.7, 'top_p': 0.9, 'top_k': None, 'seed': 42, 'quantization': 'Q4_K_M'}"
172d56d43e1d2c9df698af6ff60968972b779a489ee7f189352f3f01b38b72ef,unimoral_008,C1_authority_neutral,qwen3:14b,version_j,p0_default,False,0,"{'model_name': 'qwen3:14b', 'temperature': 0.7, 'top_p': 0.9, 'top_k': None, 'seed': 42, 'quantization': 'Q4_K_M'}"
c182bc3ed5ed9cd676eb545c629f20d0661830bc235c635d28627eeef0506904,unimoral_008,C1_authority_neutral,qwen3:14b,version_j,p0_default,True,0,"{'model_name': 'qwen3:14b', 'temperature': 0.7, 'top_p': 0.9, 'top_k': None, 'seed': 42, 'quantization': 'Q4_K_M'}"
c8eb3c031affbe469f167998e5152a73fa3641b6f7bb744fe182f116f2340a4c,unimoral_008,P1_authority_pressure,qwen3:14b,version_j,p0_default,False,0,"{'model_name': 'qwen3:14b', 'temperature': 0.7, 'top_p': 0.9, 'top_k': None, 'seed': 42, 'quantization': 'Q4_K_M'}"
875f9a9ce7c96c6cfc79d93a5768cef7bb98942912a93410a0be9d11909bcbbb,unimoral_008,P1_authority_pressure,qwen3:14b,version_j,p0_default,True,0,"{'model_name': 'qwen3:14b', 'temperature': 0.7, 'top_p': 0.9, 'top_k': None, 'seed': 42, 'quantization': 'Q4_K_M'}"
f8384a2b6239a1b6baefb7a080b23ec2ec8d05126a2bb5328bafad8caef3500d,unimoral_008,C2_incentive_neutral,qwen3:14b,version_j,p0_default,False,0,"{'model_name': 'qwen3:14b', 'temperature': 0.7, 'top_p': 0.9, 'top_k': None, 'seed': 42, 'quantization': 'Q4_K_M'}"
27656d7f7a58db5d8a3853bd1fa3a1264ba9a5196609a3f38d4ff528ea8f8225,unimoral_008,C2_incentive_neutral,qwen3:14b,version_j,p0_default,True,0,"{'model_name': 'qwen3:14b', 'temperature': 0.7, 'top_p': 0.9, 'top_k': None, 'seed': 42, 'quantization': 'Q4_K_M'}"
59b331ee4edaac391162494308e0030069b259735e1a3f60e64012b231c6cdfc,unimoral_008,P2_incentive_pressure,qwen3:14b,version_j,p0_default,False,0,"{'model_name': 'qwen3:14b', 'temperature': 0.7, 'top_p': 0.9, 'top_k': None, 'seed': 42, 'quantization': 'Q4_K_M'}"
c59dcbb01c8c297b86a2e1f0b577cf96adafab94f72e01ee47b7c44f4f23a67a,unimoral_008,P2_incentive_pressure,qwen3:14b,version_j,p0_default,True,0,"{'model_name': 'qwen3:14b', 'temperature': 0.7, 'top_p': 0.9, 'top_k': None, 'seed': 42, 'quantization': 'Q4_K_M'}"
2b0683e79c7eed61df787702fa9e74d5751d4a7bd83dbec9532601c9382ecbfe,unimoral_008,C3_social_neutral,qwen3:14b,version_j,p0_default,False,0,"{'model_name': 'qwen3:14b', 'temperature': 0.7, 'top_p': 0.9, 'top_k': None, 'seed': 42, 'quantization': 'Q4_K_M'}"
029d74c07ae9088462dac99749cd32b862757e2c92b1ac7b5d3f7c37325f2ad4,unimoral_008,C3_social_neutral,qwen3:14b,version_j,p0_default,True,0,"{'model_name': 'qwen3:14b', 'temperature': 0.7, 'top_p': 0.9, 'top_k': None, 'seed': 42, 'quantization': 'Q4_K_M'}"
98ce4b6476b977209fc2825362dd71b6297b5b001df4237a295f6f3180af1a0b,unimoral_008,P3_social_pressure,qwen3:14b,version_j,p0_default,False,0,"{'model_name': 'qwen3:14b', 'temperature': 0.7, 'top_p': 0.9, 'top_k': None, 'seed': 42, 'quantization': 'Q4_K_M'}"
45277fd718629d8ba6505a5edbe508a14fbec3619c0c5b4e6c50409cd7c51c96,unimoral_008,P3_social_pressure,qwen3:14b,version_j,p0_default,True,0,"{'model_name': 'qwen3:14b', 'temperature': 0.7, 'top_p': 0.9, 'top_k': None, 'seed': 42, 'quantization': 'Q4_K_M'}"
f1c7ae3f09dd947473c494fff1e6e900242debc6561f2237ed743929dfb0efb7,unimoral_008,C4_metric_neutral,qwen3:14b,version_j,p0_default,False,0,"{'model_name': 'qwen3:14b', 'temperature': 0.7, 'top_p': 0.9, 'top_k': None, 'seed': 42, 'quantization': 'Q4_K_M'}"
32788cdd4302510c5dc6863c9fb708ba051190afd80acce44bf2e8a67d800298,unimoral_008,C4_metric_neutral,qwen3:14b,version_j,p0_default,True,0,"{'model_name': 'qwen3:14b', 'temperature': 0.7, 'top_p': 0.9, 'top_k': None, 'seed': 42, 'quantization': 'Q4_K_M'}"
b662d5d8c02ea658018d298df8bee87557e4162b051f7a2ae050ec5ebf3b81f0,unimoral_008,P4_metric_pressure,qwen3:14b,version_j,p0_default,False,0,"{'model_name': 'qwen3:14b', 'temperature': 0.7, 'top_p': 0.9, 'top_k': None, 'seed': 42, 'quantization': 'Q4_K_M'}"
c2b11481d1531ea2b71beb6375a5330e9c96df40d55188b166ef7828690d814e,unimoral_008,P4_metric_pressure,qwen3:14b,version_j,p0_default,True,0,"{'model_name': 'qwen3:14b', 'temperature': 0.7, 'top_p': 0.9, 'top_k': None, 'seed': 42, 'quantization': 'Q4_K_M'}"
8beb45742fcaacb44b730b16efe5474fe10c89b24fafc30f21ce967db88d5b04,unimoral_009,B0_stripped_baseline,qwen3:14b,version_j,p0_default,False,0,"{'model_name': 'qwen3:14b', 'temperature': 0.7, 'top_p': 0.9, 'top_k': None, 'seed': 42, 'quantization': 'Q4_K_M'}"
9da597b5b89f8829b1ee47c7967bfc9c326979353d838e7edccb8a0711456e46,unimoral_009,B0_stripped_baseline,qwen3:14b,version_j,p0_default,True,0,"{'model_name': 'qwen3:14b', 'temperature': 0.7, 'top_p': 0.9, 'top_k': None, 'seed': 42, 'quantization': 'Q4_K_M'}"
7c7e3a1418c4d442e98994cc7ffd007b757264391b3633473e02612e43e69587,unimoral_009,C1_authority_neutral,qwen3:14b,version_j,p0_default,False,0,"{'model_name': 'qwen3:14b', 'temperature': 0.7, 'top_p': 0.9, 'top_k': None, 'seed': 42, 'quantization': 'Q4_K_M'}"
5d1c84cf3127f6a5edfe0be25f1dd43f3745b6e7d6007464999c90a53c9a6c45,unimoral_009,C1_authority_neutral,qwen3:14b,version_j,p0_default,True,0,"{'model_name': 'qwen3:14b', 'temperature': 0.7, 'top_p': 0.9, 'top_k': None, 'seed': 42, 'quantization': 'Q4_K_M'}"
386c4a15ea4f9a08e2bb6ae14c63bb92dcc3d763cda165b7be098e09d33a7332,unimoral_009,P1_authority_pressure,qwen3:14b,version_j,p0_default,False,0,"{'model_name': 'qwen3:14b', 'temperature': 0.7, 'top_p': 0.9, 'top_k': None, 'seed': 42, 'quantization': 'Q4_K_M'}"
310a94859d75d8468ff8cdcde92926e1cf162c5d7cf4324afcecd55a76e0e83d,unimoral_009,P1_authority_pressure,qwen3:14b,version_j,p0_default,True,0,"{'model_name': 'qwen3:14b', 'temperature': 0.7, 'top_p': 0.9, 'top_k': None, 'seed': 42, 'quantization': 'Q4_K_M'}"
2180a72bce79ab5878d7e2bf1cff285f574659abd2ba04d12d9701514e9d4079,unimoral_009,C2_incentive_neutral,qwen3:14b,version_j,p0_default,False,0,"{'model_name': 'qwen3:14b', 'temperature': 0.7, 'top_p': 0.9, 'top_k': None, 'seed': 42, 'quantization': 'Q4_K_M'}"
a0f4921a5981ed1020d376c7bc05d09e91aa39674e109f55cd8feccd6f3f164b,unimoral_009,C2_incentive_neutral,qwen3:14b,version_j,p0_default,True,0,"{'model_name': 'qwen3:14b', 'temperature': 0.7, 'top_p': 0.9, 'top_k': None, 'seed': 42, 'quantization': 'Q4_K_M'}"
ad3958e85194e84057ece6e6b58c849020be6696b260daf1aa6f6ddefde54dd8,unimoral_009,P2_incentive_pressure,qwen3:14b,version_j,p0_default,False,0,"{'model_name': 'qwen3:14b', 'temperature': 0.7, 'top_p': 0.9, 'top_k': None, 'seed': 42, 'quantization': 'Q4_K_M'}"
1f72ee7db2572ccdcb9a63312ea3140c5ffb04e57c9dd741b041e3e99a7b34aa,unimoral_009,P2_incentive_pressure,qwen3:14b,version_j,p0_default,True,0,"{'model_name': 'qwen3:14b', 'temperature': 0.7, 'top_p': 0.9, 'top_k': None, 'seed': 42, 'quantization': 'Q4_K_M'}"
5a034dc0944c40019d2015a1d32d07a19e009c369b9b9aeee3b4e1ae64d68744,unimoral_009,C3_social_neutral,qwen3:14b,version_j,p0_default,False,0,"{'model_name': 'qwen3:14b', 'temperature': 0.7, 'top_p': 0.9, 'top_k': None, 'seed': 42, 'quantization': 'Q4_K_M'}"
65b187593f84a3bf8766ec2969296632844af2361fef74b26219541f5e1e2b14,unimoral_009,C3_social_neutral,qwen3:14b,version_j,p0_default,True,0,"{'model_name': 'qwen3:14b', 'temperature': 0.7, 'top_p': 0.9, 'top_k': None, 'seed': 42, 'quantization': 'Q4_K_M'}"
c79533f95c3c9b40763300f2770c0711e9d08e4aac9ad2d467fc71a5f9e1cc39,unimoral_009,P3_social_pressure,qwen3:14b,version_j,p0_default,False,0,"{'model_name': 'qwen3:14b', 'temperature': 0.7, 'top_p': 0.9, 'top_k': None, 'seed': 42, 'quantization': 'Q4_K_M'}"
c5ea9e0a647043b2ba7d97747a36a7ad9b434ce112637c2479a72884a68b2649,unimoral_009,P3_social_pressure,qwen3:14b,version_j,p0_default,True,0,"{'model_name': 'qwen3:14b', 'temperature': 0.7, 'top_p': 0.9, 'top_k': None, 'seed': 42, 'quantization': 'Q4_K_M'}"
628e29be1b60568e312cb18c9570c1167a99688296f278e83b02a66b8c8b2643,unimoral_009,C4_metric_neutral,qwen3:14b,version_j,p0_default,False,0,"{'model_name': 'qwen3:14b', 'temperature': 0.7, 'top_p': 0.9, 'top_k': None, 'seed': 42, 'quantization': 'Q4_K_M'}"
f480679cdbfd62f49d957c8da8f0d97933dc59fd3f371044e14ddf7a401247d9,unimoral_009,C4_metric_neutral,qwen3:14b,version_j,p0_default,True,0,"{'model_name': 'qwen3:14b', 'temperature': 0.7, 'top_p': 0.9, 'top_k': None, 'seed': 42, 'quantization': 'Q4_K_M'}"
bf028208d3acc7c6a9bead22046283978a15484740fe0a83c1ca88da8011784f,unimoral_009,P4_metric_pressure,qwen3:14b,version_j,p0_default,False,0,"{'model_name': 'qwen3:14b', 'temperature': 0.7, 'top_p': 0.9, 'top_k': None, 'seed': 42, 'quantization': 'Q4_K_M'}"
6c6c57795a92f4bebdb34e76dedb2281048ada52eb194cad6fb05e184c63cb04,unimoral_009,P4_metric_pressure,qwen3:14b,version_j,p0_default,True,0,"{'model_name': 'qwen3:14b', 'temperature': 0.7, 'top_p': 0.9, 'top_k': None, 'seed': 42, 'quantization': 'Q4_K_M'}"
47911c815db1ecbc56dc8948b9ee8703171255ecc1ded9b5e876f5ed623a01b1,unimoral_010,B0_stripped_baseline,qwen3:14b,version_j,p0_default,False,0,"{'model_name': 'qwen3:14b', 'temperature': 0.7, 'top_p': 0.9, 'top_k': None, 'seed': 42, 'quantization': 'Q4_K_M'}"
c5ed7174e7c82dde1763900dbf8402930066bf1e89cd44213cc98b5434c8c33c,unimoral_010,B0_stripped_baseline,qwen3:14b,version_j,p0_default,True,0,"{'model_name': 'qwen3:14b', 'temperature': 0.7, 'top_p': 0.9, 'top_k': None, 'seed': 42, 'quantization': 'Q4_K_M'}"
8290f0bfe9e3fa57397f1d8bbfafa43a6c94375a74e14f3eb84f3de47437c25b,unimoral_010,C1_authority_neutral,qwen3:14b,version_j,p0_default,False,0,"{'model_name': 'qwen3:14b', 'temperature': 0.7, 'top_p': 0.9, 'top_k': None, 'seed': 42, 'quantization': 'Q4_K_M'}"
37b1d12a04d22493a01c9ffb8d059ebd00bec2b96bd48fec16dc5c9539599396,unimoral_010,C1_authority_neutral,qwen3:14b,version_j,p0_default,True,0,"{'model_name': 'qwen3:14b', 'temperature': 0.7, 'top_p': 0.9, 'top_k': None, 'seed': 42, 'quantization': 'Q4_K_M'}"
0ccfb9e838f3dbd382f10afa0bfb4842b2995e259fecf862db770490d93befcc,unimoral_010,P1_authority_pressure,qwen3:14b,version_j,p0_default,False,0,"{'model_name': 'qwen3:14b', 'temperature': 0.7, 'top_p': 0.9, 'top_k': None, 'seed': 42, 'quantization': 'Q4_K_M'}"
840a77ff42124a06d806bf28ee3f77066c509bd10ab3fdae784bf3a0be322701,unimoral_010,P1_authority_pressure,qwen3:14b,version_j,p0_default,True,0,"{'model_name': 'qwen3:14b', 'temperature': 0.7, 'top_p': 0.9, 'top_k': None, 'seed': 42, 'quantization': 'Q4_K_M'}"
f072d43269e893caba337c07b73e9c5f6fe0585c794decaa3c3a01b063f9e07f,unimoral_010,C2_incentive_neutral,qwen3:14b,version_j,p0_default,False,0,"{'model_name': 'qwen3:14b', 'temperature': 0.7, 'top_p': 0.9, 'top_k': None, 'seed': 42, 'quantization': 'Q4_K_M'}"
09a37359757321c32d29b23509a9c0616792cc5f9eec1d36f69dc6774d608c8d,unimoral_010,C2_incentive_neutral,qwen3:14b,version_j,p0_default,True,0,"{'model_name': 'qwen3:14b', 'temperature': 0.7, 'top_p': 0.9, 'top_k': None, 'seed': 42, 'quantization': 'Q4_K_M'}"
8556aad930157b32cd6944a0da551893c6c10e8a10c2ee6f6634bd000e6c8306,unimoral_010,P2_incentive_pressure,qwen3:14b,version_j,p0_default,False,0,"{'model_name': 'qwen3:14b', 'temperature': 0.7, 'top_p': 0.9, 'top_k': None, 'seed': 42, 'quantization': 'Q4_K_M'}"
cbc180b5afaf5bb1c79d97bb256ea26eb2a78874b4020296bae44ac5452a6ac3,unimoral_010,P2_incentive_pressure,qwen3:14b,version_j,p0_default,True,0,"{'model_name': 'qwen3:14b', 'temperature': 0.7, 'top_p': 0.9, 'top_k': None, 'seed': 42, 'quantization': 'Q4_K_M'}"
bc24ed7fe641a6ffdf1a33bce3e56b4164fa4d127892d84ca51d10d403036217,unimoral_010,C3_social_neutral,qwen3:14b,version_j,p0_default,False,0,"{'model_name': 'qwen3:14b', 'temperature': 0.7, 'top_p': 0.9, 'top_k': None, 'seed': 42, 'quantization': 'Q4_K_M'}"
33a93118832a74d7875b5a5c9a4b49c8c30e1a4e8cf85abe7a3d313ea7c05e62,unimoral_010,C3_social_neutral,qwen3:14b,version_j,p0_default,True,0,"{'model_name': 'qwen3:14b', 'temperature': 0.7, 'top_p': 0.9, 'top_k': None, 'seed': 42, 'quantization': 'Q4_K_M'}"
a39fccbf07f1523be6138daae4558e74b085e0840b93ba4f2846431b5336edef,unimoral_010,P3_social_pressure,qwen3:14b,version_j,p0_default,False,0,"{'model_name': 'qwen3:14b', 'temperature': 0.7, 'top_p': 0.9, 'top_k': None, 'seed': 42, 'quantization': 'Q4_K_M'}"
2baeb17e119dad3f82e6d8af208b57712277b706ae43df9bcfaf6f7663b5f3c3,unimoral_010,P3_social_pressure,qwen3:14b,version_j,p0_default,True,0,"{'model_name': 'qwen3:14b', 'temperature': 0.7, 'top_p': 0.9, 'top_k': None, 'seed': 42, 'quantization': 'Q4_K_M'}"
e3e30a2c2cb6c6b03da3059d8c3e472c6dadbdc5358a04d8521697781d5ac26c,unimoral_010,C4_metric_neutral,qwen3:14b,version_j,p0_default,False,0,"{'model_name': 'qwen3:14b', 'temperature': 0.7, 'top_p': 0.9, 'top_k': None, 'seed': 42, 'quantization': 'Q4_K_M'}"
6780f3227c5467d1df82a7cbdcc5234dd7db45ead1b26cf0eb297130ba893f44,unimoral_010,C4_metric_neutral,qwen3:14b,version_j,p0_default,True,0,"{'model_name': 'qwen3:14b', 'temperature': 0.7, 'top_p': 0.9, 'top_k': None, 'seed': 42, 'quantization': 'Q4_K_M'}"
d703d693d279246b2eb1201a6521b05ea5a5f3686bebaa43d32131f57a5b8556,unimoral_010,P4_metric_pressure,qwen3:14b,version_j,p0_default,False,0,"{'model_name': 'qwen3:14b', 'temperature': 0.7, 'top_p': 0.9, 'top_k': None, 'seed': 42, 'quantization': 'Q4_K_M'}"
10fac5c836e087203a5eddb958a3d4091230a5481b8254226a0cf2e84d905caf,unimoral_010,P4_metric_pressure,qwen3:14b,version_j,p0_default,True,0,"{'model_name': 'qwen3:14b', 'temperature': 0.7, 'top_p': 0.9, 'top_k': None, 'seed': 42, 'quantization': 'Q4_K_M'}"
bff6a39717a0b83a0d0763eb2ba5dd5afbef9730faac4fd5dde89805262f3c81,unimoral_011,B0_stripped_baseline,qwen3:14b,version_j,p0_default,False,0,"{'model_name': 'qwen3:14b', 'temperature': 0.7, 'top_p': 0.9, 'top_k': None, 'seed': 42, 'quantization': 'Q4_K_M'}"
08a24e95e8974dabc79336792a731bbb0a4346422329704147397206ff30356c,unimoral_011,B0_stripped_baseline,qwen3:14b,version_j,p0_default,True,0,"{'model_name': 'qwen3:14b', 'temperature': 0.7, 'top_p': 0.9, 'top_k': None, 'seed': 42, 'quantization': 'Q4_K_M'}"
06647fbb327fd805b09c5de9bbf46e8d595f9bb8fe2ed05341e41a3b13cfc676,unimoral_011,C1_authority_neutral,qwen3:14b,version_j,p0_default,False,0,"{'model_name': 'qwen3:14b', 'temperature': 0.7, 'top_p': 0.9, 'top_k': None, 'seed': 42, 'quantization': 'Q4_K_M'}"
6efe89279a6ef29e7fb5b87258845a3d6abe2532ae82c405d3b496623650c60d,unimoral_011,C1_authority_neutral,qwen3:14b,version_j,p0_default,True,0,"{'model_name': 'qwen3:14b', 'temperature': 0.7, 'top_p': 0.9, 'top_k': None, 'seed': 42, 'quantization': 'Q4_K_M'}"
8c027fe28b94336ba5af78d49ddaef41fcd2c579905f1d1b8498233965b2e0c4,unimoral_011,P1_authority_pressure,qwen3:14b,version_j,p0_default,False,0,"{'model_name': 'qwen3:14b', 'temperature': 0.7, 'top_p': 0.9, 'top_k': None, 'seed': 42, 'quantization': 'Q4_K_M'}"
0a53d18771db0c4febdff1c4589ef71bcd9eeb0956a3d8b7a979477ff482cf8d,unimoral_011,P1_authority_pressure,qwen3:14b,version_j,p0_default,True,0,"{'model_name': 'qwen3:14b', 'temperature': 0.7, 'top_p': 0.9, 'top_k': None, 'seed': 42, 'quantization': 'Q4_K_M'}"
cc79a58119766869fad4c8f1be67136db1fc2ff43564010261f0541b42e88097,unimoral_011,C2_incentive_neutral,qwen3:14b,version_j,p0_default,False,0,"{'model_name': 'qwen3:14b', 'temperature': 0.7, 'top_p': 0.9, 'top_k': None, 'seed': 42, 'quantization': 'Q4_K_M'}"
66e5ab544fb799eeb0de7ff7fabe99b516c822790962dd7d9cd71cc6e7e4c10e,unimoral_011,C2_incentive_neutral,qwen3:14b,version_j,p0_default,True,0,"{'model_name': 'qwen3:14b', 'temperature': 0.7, 'top_p': 0.9, 'top_k': None, 'seed': 42, 'quantization': 'Q4_K_M'}"
51f6596606c906ac158522dbfe71926e9deaa89621269128f0a6e8ace625a993,unimoral_011,P2_incentive_pressure,qwen3:14b,version_j,p0_default,False,0,"{'model_name': 'qwen3:14b', 'temperature': 0.7, 'top_p': 0.9, 'top_k': None, 'seed': 42, 'quantization': 'Q4_K_M'}"
cb4b2a1ad609b5981640fc2dc310f8737f4bb978df0fb016afc10a5c61b54e8a,unimoral_011,P2_incentive_pressure,qwen3:14b,version_j,p0_default,True,0,"{'model_name': 'qwen3:14b', 'temperature': 0.7, 'top_p': 0.9, 'top_k': None, 'seed': 42, 'quantization': 'Q4_K_M'}"
dcc9fcd5ae95156e0af6ce61df59f371da6847af8d8986577088aa8887153dac,unimoral_011,C3_social_neutral,qwen3:14b,version_j,p0_default,False,0,"{'model_name': 'qwen3:14b', 'temperature': 0.7, 'top_p': 0.9, 'top_k': None, 'seed': 42, 'quantization': 'Q4_K_M'}"
f73784797ba7428facb7a5d7414473013be7b1e7534670f9ae33c7af9d4b97db,unimoral_011,C3_social_neutral,qwen3:14b,version_j,p0_default,True,0,"{'model_name': 'qwen3:14b', 'temperature': 0.7, 'top_p': 0.9, 'top_k': None, 'seed': 42, 'quantization': 'Q4_K_M'}"
f1ba470f28aa15b382de95a3320c390bf953f49e343edf137003fa9b3a804320,unimoral_011,P3_social_pressure,qwen3:14b,version_j,p0_default,False,0,"{'model_name': 'qwen3:14b', 'temperature': 0.7, 'top_p': 0.9, 'top_k': None, 'seed': 42, 'quantization': 'Q4_K_M'}"
7d24510a6ae6792f077ade06b8d1e4eb9ed8163e15b758c891e99d7e275a5855,unimoral_011,P3_social_pressure,qwen3:14b,version_j,p0_default,True,0,"{'model_name': 'qwen3:14b', 'temperature': 0.7, 'top_p': 0.9, 'top_k': None, 'seed': 42, 'quantization': 'Q4_K_M'}"
5905a5057850cede2c01085d626327b8562b9a889e9a3cb7ed30ba2db71cc9ac,unimoral_011,C4_metric_neutral,qwen3:14b,version_j,p0_default,False,0,"{'model_name': 'qwen3:14b', 'temperature': 0.7, 'top_p': 0.9, 'top_k': None, 'seed': 42, 'quantization': 'Q4_K_M'}"
24facb1ecc3edb8393936907e0cb20b1ae4c5ba5b78e68d23e1eb2dff1dcf872,unimoral_011,C4_metric_neutral,qwen3:14b,version_j,p0_default,True,0,"{'model_name': 'qwen3:14b', 'temperature': 0.7, 'top_p': 0.9, 'top_k': None, 'seed': 42, 'quantization': 'Q4_K_M'}"
f4d1b0c0705a9db131849d4cbf9ce6e7266663edf72327e124ec21b08278d48c,unimoral_011,P4_metric_pressure,qwen3:14b,version_j,p0_default,False,0,"{'model_name': 'qwen3:14b', 'temperature': 0.7, 'top_p': 0.9, 'top_k': None, 'seed': 42, 'quantization': 'Q4_K_M'}"
ba52aa5c2ffacaa0860530e2d7bedd80f4da2de575363e862b8142a414147a9f,unimoral_011,P4_metric_pressure,qwen3:14b,version_j,p0_default,True,0,"{'model_name': 'qwen3:14b', 'temperature': 0.7, 'top_p': 0.9, 'top_k': None, 'seed': 42, 'quantization': 'Q4_K_M'}"
ce14f2f4d083df21d554f78065c37b4f2d243d9a6162bcf9c12c22e97b59bf2c,unimoral_012,B0_stripped_baseline,qwen3:14b,version_j,p0_default,False,0,"{'model_name': 'qwen3:14b', 'temperature': 0.7, 'top_p': 0.9, 'top_k': None, 'seed': 42, 'quantization': 'Q4_K_M'}"
177e214a72b63679ea982fc0798fb78d33aec14e0e5dd5ed44b918d707e54ad5,unimoral_012,B0_stripped_baseline,qwen3:14b,version_j,p0_default,True,0,"{'model_name': 'qwen3:14b', 'temperature': 0.7, 'top_p': 0.9, 'top_k': None, 'seed': 42, 'quantization': 'Q4_K_M'}"
94b38a3bac03f302723cb77260d3215a6576b5ca8940e70b9d61d28a0cfe35f9,unimoral_012,C1_authority_neutral,qwen3:14b,version_j,p0_default,False,0,"{'model_name': 'qwen3:14b', 'temperature': 0.7, 'top_p': 0.9, 'top_k': None, 'seed': 42, 'quantization': 'Q4_K_M'}"
7673939cdfa422f5a6b155a3b31aabbe072e73fc35ba427d3f4eea560f21ae34,unimoral_012,C1_authority_neutral,qwen3:14b,version_j,p0_default,True,0,"{'model_name': 'qwen3:14b', 'temperature': 0.7, 'top_p': 0.9, 'top_k': None, 'seed': 42, 'quantization': 'Q4_K_M'}"
e61e9293ed5a6c3d3c11ed843beb385607f45d05e150b7018aceede2ebe0fce9,unimoral_012,P1_authority_pressure,qwen3:14b,version_j,p0_default,False,0,"{'model_name': 'qwen3:14b', 'temperature': 0.7, 'top_p': 0.9, 'top_k': None, 'seed': 42, 'quantization': 'Q4_K_M'}"
bdc76b431fdee17b784325bcac33ad9b3026d1248ba6c5e9a921052eeb9949d8,unimoral_012,P1_authority_pressure,qwen3:14b,version_j,p0_default,True,0,"{'model_name': 'qwen3:14b', 'temperature': 0.7, 'top_p': 0.9, 'top_k': None, 'seed': 42, 'quantization': 'Q4_K_M'}"
e25c7f2c8cac653b1c1d7cd44e1852aceb10044f13e7577f0fbb626c314a7c0c,unimoral_012,C2_incentive_neutral,qwen3:14b,version_j,p0_default,False,0,"{'model_name': 'qwen3:14b', 'temperature': 0.7, 'top_p': 0.9, 'top_k': None, 'seed': 42, 'quantization': 'Q4_K_M'}"
1e87282d63891aae1d90b84768df0a8c07367e1567a1dac44982a3147082eb56,unimoral_012,C2_incentive_neutral,qwen3:14b,version_j,p0_default,True,0,"{'model_name': 'qwen3:14b', 'temperature': 0.7, 'top_p': 0.9, 'top_k': None, 'seed': 42, 'quantization': 'Q4_K_M'}"
17aa855e57c41982552e2cdf53788ea6655e6102f19cb3dee69aabb63c40a349,unimoral_012,P2_incentive_pressure,qwen3:14b,version_j,p0_default,False,0,"{'model_name': 'qwen3:14b', 'temperature': 0.7, 'top_p': 0.9, 'top_k': None, 'seed': 42, 'quantization': 'Q4_K_M'}"
e31a0417c3636306b6f4b4090d0be8ff0a6eb63c21b4b3dc3fe13ec734937077,unimoral_012,P2_incentive_pressure,qwen3:14b,version_j,p0_default,True,0,"{'model_name': 'qwen3:14b', 'temperature': 0.7, 'top_p': 0.9, 'top_k': None, 'seed': 42, 'quantization': 'Q4_K_M'}"
4508876c3506fcf610a6f61c26c09c33de51a0c03a8df927e849e7cf1af44f8a,unimoral_012,C3_social_neutral,qwen3:14b,version_j,p0_default,False,0,"{'model_name': 'qwen3:14b', 'temperature': 0.7, 'top_p': 0.9, 'top_k': None, 'seed': 42, 'quantization': 'Q4_K_M'}"
b1b67f7b18b79f0555e5a8dea70eacec780a831ed77622000fae188f415a016a,unimoral_012,C3_social_neutral,qwen3:14b,version_j,p0_default,True,0,"{'model_name': 'qwen3:14b', 'temperature': 0.7, 'top_p': 0.9, 'top_k': None, 'seed': 42, 'quantization': 'Q4_K_M'}"
bab317a4fef81d7b7413e8ad2dd331b8a599063777a51e282b57c1ca2ad24c6e,unimoral_012,P3_social_pressure,qwen3:14b,version_j,p0_default,False,0,"{'model_name': 'qwen3:14b', 'temperature': 0.7, 'top_p': 0.9, 'top_k': None, 'seed': 42, 'quantization': 'Q4_K_M'}"
660d55114a9d0d3cca0e32d984bf2b83628e2740aebb7d487931319b709fad9f,unimoral_012,P3_social_pressure,qwen3:14b,version_j,p0_default,True,0,"{'model_name': 'qwen3:14b', 'temperature': 0.7, 'top_p': 0.9, 'top_k': None, 'seed': 42, 'quantization': 'Q4_K_M'}"
93d4d3f988e90d974bf0131c1d1b178564ac80991931f36ce7742d1948af6a0d,unimoral_012,C4_metric_neutral,qwen3:14b,version_j,p0_default,False,0,"{'model_name': 'qwen3:14b', 'temperature': 0.7, 'top_p': 0.9, 'top_k': None, 'seed': 42, 'quantization': 'Q4_K_M'}"
580410b38daefb926f5a5d54f169bc29874ba6ca0cc2c047bb07f0d3d7e92c56,unimoral_012,C4_metric_neutral,qwen3:14b,version_j,p0_default,True,0,"{'model_name': 'qwen3:14b', 'temperature': 0.7, 'top_p': 0.9, 'top_k': None, 'seed': 42, 'quantization': 'Q4_K_M'}"
d1b74a9b3c07ae3600ec020d7e0dd58f2f3f37676a3b5b4bb92b9c758e281dce,unimoral_012,P4_metric_pressure,qwen3:14b,version_j,p0_default,False,0,"{'model_name': 'qwen3:14b', 'temperature': 0.7, 'top_p': 0.9, 'top_k': None, 'seed': 42, 'quantization': 'Q4_K_M'}"
289e647a6b0a4e38a82f39e975da88c13e0a3db94297e5ac88f9811840d22afb,unimoral_012,P4_metric_pressure,qwen3:14b,version_j,p0_default,True,0,"{'model_name': 'qwen3:14b', 'temperature': 0.7, 'top_p': 0.9, 'top_k': None, 'seed': 42, 'quantization': 'Q4_K_M'}"
e5ee17116307c5d2d5e86ad91d2af39d9688f6a6fdcaabf8dca2215934d80f71,unimoral_013,B0_stripped_baseline,qwen3:14b,version_j,p0_default,False,0,"{'model_name': 'qwen3:14b', 'temperature': 0.7, 'top_p': 0.9, 'top_k': None, 'seed': 42, 'quantization': 'Q4_K_M'}"
86798c2682084b69673ede1712986f556f28efe2acf38916d1a6d506a398e765,unimoral_013,B0_stripped_baseline,qwen3:14b,version_j,p0_default,True,0,"{'model_name': 'qwen3:14b', 'temperature': 0.7, 'top_p': 0.9, 'top_k': None, 'seed': 42, 'quantization': 'Q4_K_M'}"
b2ff198864430e934f1fce5b675c586f71c46359ff3c29f0ed8ce2fce8a46e46,unimoral_013,C1_authority_neutral,qwen3:14b,version_j,p0_default,False,0,"{'model_name': 'qwen3:14b', 'temperature': 0.7, 'top_p': 0.9, 'top_k': None, 'seed': 42, 'quantization': 'Q4_K_M'}"
620b800a1b4b4e3bf7d3ad6f1c6ab2199ff6ed498ce5226e63eea6cc2f59a1f4,unimoral_013,C1_authority_neutral,qwen3:14b,version_j,p0_default,True,0,"{'model_name': 'qwen3:14b', 'temperature': 0.7, 'top_p': 0.9, 'top_k': None, 'seed': 42, 'quantization': 'Q4_K_M'}"
8fde76228b6635122688aefe6fc522309f41600c59e09e65488985bacf9c2dfe,unimoral_013,P1_authority_pressure,qwen3:14b,version_j,p0_default,False,0,"{'model_name': 'qwen3:14b', 'temperature': 0.7, 'top_p': 0.9, 'top_k': None, 'seed': 42, 'quantization': 'Q4_K_M'}"
25214fc5b739cc162b0e0d63705cd60f373c41f1aaf85e584c2090a61484ce11,unimoral_013,P1_authority_pressure,qwen3:14b,version_j,p0_default,True,0,"{'model_name': 'qwen3:14b', 'temperature': 0.7, 'top_p': 0.9, 'top_k': None, 'seed': 42, 'quantization': 'Q4_K_M'}"
c792ac4169f707cfa4543af714e57e9b4b742232411f037712644d937a0e42b7,unimoral_013,C2_incentive_neutral,qwen3:14b,version_j,p0_default,False,0,"{'model_name': 'qwen3:14b', 'temperature': 0.7, 'top_p': 0.9, 'top_k': None, 'seed': 42, 'quantization': 'Q4_K_M'}"
405972f48a45e52b38065bece40afd0675919c7e959d2907b53be6e37d6a941e,unimoral_013,C2_incentive_neutral,qwen3:14b,version_j,p0_default,True,0,"{'model_name': 'qwen3:14b', 'temperature': 0.7, 'top_p': 0.9, 'top_k': None, 'seed': 42, 'quantization': 'Q4_K_M'}"
6a90b315cd75c100f893d0bcdee23f1a3058c1fb15cff554ea499aa7a9a61614,unimoral_013,P2_incentive_pressure,qwen3:14b,version_j,p0_default,False,0,"{'model_name': 'qwen3:14b', 'temperature': 0.7, 'top_p': 0.9, 'top_k': None, 'seed': 42, 'quantization': 'Q4_K_M'}"
2685b9bb5651e2a75c1de36cc72264d9438332b0190ee22922c76156f831a1cd,unimoral_013,P2_incentive_pressure,qwen3:14b,version_j,p0_default,True,0,"{'model_name': 'qwen3:14b', 'temperature': 0.7, 'top_p': 0.9, 'top_k': None, 'seed': 42, 'quantization': 'Q4_K_M'}"
d2b00542d5b7b73fa25c4d21d90d084fd8a5935465ddc0ff00e3fef99eefbb59,unimoral_013,C3_social_neutral,qwen3:14b,version_j,p0_default,False,0,"{'model_name': 'qwen3:14b', 'temperature': 0.7, 'top_p': 0.9, 'top_k': None, 'seed': 42, 'quantization': 'Q4_K_M'}"
180ec78d6ac43307ccb2e830003d272f4d7e7ff69dd76f7bc3c98901d8c2147b,unimoral_013,C3_social_neutral,qwen3:14b,version_j,p0_default,True,0,"{'model_name': 'qwen3:14b', 'temperature': 0.7, 'top_p': 0.9, 'top_k': None, 'seed': 42, 'quantization': 'Q4_K_M'}"
25a895b2644b9cbc979b314c4c3923657f2998dbc00bb77e00308fe4f9e24997,unimoral_013,P3_social_pressure,qwen3:14b,version_j,p0_default,False,0,"{'model_name': 'qwen3:14b', 'temperature': 0.7, 'top_p': 0.9, 'top_k': None, 'seed': 42, 'quantization': 'Q4_K_M'}"
93e97ee6a707cb619fc8eed41bc3089716d10b22d967812068019a846ac45df9,unimoral_013,P3_social_pressure,qwen3:14b,version_j,p0_default,True,0,"{'model_name': 'qwen3:14b', 'temperature': 0.7, 'top_p': 0.9, 'top_k': None, 'seed': 42, 'quantization': 'Q4_K_M'}"
338f77e11813ffcfab158e9e3e3c3fe30f35a4a65326617de23e632532a0f8e5,unimoral_013,C4_metric_neutral,qwen3:14b,version_j,p0_default,False,0,"{'model_name': 'qwen3:14b', 'temperature': 0.7, 'top_p': 0.9, 'top_k': None, 'seed': 42, 'quantization': 'Q4_K_M'}"
2af1d45a7dd12e4d417fb0acc222d77c0fd13943f25c57917bf4a9cc7ad2726b,unimoral_013,C4_metric_neutral,qwen3:14b,version_j,p0_default,True,0,"{'model_name': 'qwen3:14b', 'temperature': 0.7, 'top_p': 0.9, 'top_k': None, 'seed': 42, 'quantization': 'Q4_K_M'}"
5472e998a008953794daf6e103777390bd25cce960e3961df2c6dce90a6542aa,unimoral_013,P4_metric_pressure,qwen3:14b,version_j,p0_default,False,0,"{'model_name': 'qwen3:14b', 'temperature': 0.7, 'top_p': 0.9, 'top_k': None, 'seed': 42, 'quantization': 'Q4_K_M'}"
022c104da79c99c397b21a8080c0ddde74faca2ba1bc6c98f7bf83ff835cbf36,unimoral_013,P4_metric_pressure,qwen3:14b,version_j,p0_default,True,0,"{'model_name': 'qwen3:14b', 'temperature': 0.7, 'top_p': 0.9, 'top_k': None, 'seed': 42, 'quantization': 'Q4_K_M'}"
19c32fadab20e4295514a31624890dbabc55575ab06bc334b670ccacacc6d166,unimoral_014,B0_stripped_baseline,qwen3:14b,version_j,p0_default,False,0,"{'model_name': 'qwen3:14b', 'temperature': 0.7, 'top_p': 0.9, 'top_k': None, 'seed': 42, 'quantization': 'Q4_K_M'}"
66df981bcc829becd17603a99c25edbda9c239113701f35181fc1e3e0f133d46,unimoral_014,B0_stripped_baseline,qwen3:14b,version_j,p0_default,True,0,"{'model_name': 'qwen3:14b', 'temperature': 0.7, 'top_p': 0.9, 'top_k': None, 'seed': 42, 'quantization': 'Q4_K_M'}"
ac68335fe5cac17f5ea13003feea3e07365a60e8e2f728d034400d695ef27d06,unimoral_014,C1_authority_neutral,qwen3:14b,version_j,p0_default,False,0,"{'model_name': 'qwen3:14b', 'temperature': 0.7, 'top_p': 0.9, 'top_k': None, 'seed': 42, 'quantization': 'Q4_K_M'}"
e78f09509ebd85e327529d3f754191e5bad4a9adb9307614a2d5d7f8df9b2f7e,unimoral_014,C1_authority_neutral,qwen3:14b,version_j,p0_default,True,0,"{'model_name': 'qwen3:14b', 'temperature': 0.7, 'top_p': 0.9, 'top_k': None, 'seed': 42, 'quantization': 'Q4_K_M'}"
f7024efef2d179ba50b23dcfc3ba7ca5e5c58b0ce16b53bdc33b6fb65aa53c9e,unimoral_014,P1_authority_pressure,qwen3:14b,version_j,p0_default,False,0,"{'model_name': 'qwen3:14b', 'temperature': 0.7, 'top_p': 0.9, 'top_k': None, 'seed': 42, 'quantization': 'Q4_K_M'}"
35fa48a3efe59e99e5734c2cff3c5cd3c4f9db0b4b0deea6e3cf106437662027,unimoral_014,P1_authority_pressure,qwen3:14b,version_j,p0_default,True,0,"{'model_name': 'qwen3:14b', 'temperature': 0.7, 'top_p': 0.9, 'top_k': None, 'seed': 42, 'quantization': 'Q4_K_M'}"
852e37831d62dcfd968c2f71b40f582c84e3a723d9375662b43168f8ed28e614,unimoral_014,C2_incentive_neutral,qwen3:14b,version_j,p0_default,False,0,"{'model_name': 'qwen3:14b', 'temperature': 0.7, 'top_p': 0.9, 'top_k': None, 'seed': 42, 'quantization': 'Q4_K_M'}"
83021a7d6119986107db455893454de8375eccf40b8b5fb46e1dafcc8b71b983,unimoral_014,C2_incentive_neutral,qwen3:14b,version_j,p0_default,True,0,"{'model_name': 'qwen3:14b', 'temperature': 0.7, 'top_p': 0.9, 'top_k': None, 'seed': 42, 'quantization': 'Q4_K_M'}"
488ba93e90088191075d1fe504646251eb6bd37b6d5df2bfe866e7cfb1698d67,unimoral_014,P2_incentive_pressure,qwen3:14b,version_j,p0_default,False,0,"{'model_name': 'qwen3:14b', 'temperature': 0.7, 'top_p': 0.9, 'top_k': None, 'seed': 42, 'quantization': 'Q4_K_M'}"
9e44926f34eb6a85456c1585f5c8634bbaf08d54d511e27549ceeb125ba29f56,unimoral_014,P2_incentive_pressure,qwen3:14b,version_j,p0_default,True,0,"{'model_name': 'qwen3:14b', 'temperature': 0.7, 'top_p': 0.9, 'top_k': None, 'seed': 42, 'quantization': 'Q4_K_M'}"
12aefe1aeb2ee01e7598f9e07abf79ffcb87365c041921185ff1101c957fef3b,unimoral_014,C3_social_neutral,qwen3:14b,version_j,p0_default,False,0,"{'model_name': 'qwen3:14b', 'temperature': 0.7, 'top_p': 0.9, 'top_k': None, 'seed': 42, 'quantization': 'Q4_K_M'}"
7031605da61a2391046ca2a4df1da2c7548e52e233fbf1c4985adc07b89f79ff,unimoral_014,C3_social_neutral,qwen3:14b,version_j,p0_default,True,0,"{'model_name': 'qwen3:14b', 'temperature': 0.7, 'top_p': 0.9, 'top_k': None, 'seed': 42, 'quantization': 'Q4_K_M'}"
469a92e9a6f3252f484ab527513b0a7553f927586e081e0974fc0b6bca0f9bf7,unimoral_014,P3_social_pressure,qwen3:14b,version_j,p0_default,False,0,"{'model_name': 'qwen3:14b', 'temperature': 0.7, 'top_p': 0.9, 'top_k': None, 'seed': 42, 'quantization': 'Q4_K_M'}"
f9280b5437739b94547b14346155a1e9e192521d709b880e55516e2cab1ea8e8,unimoral_014,P3_social_pressure,qwen3:14b,version_j,p0_default,True,0,"{'model_name': 'qwen3:14b', 'temperature': 0.7, 'top_p': 0.9, 'top_k': None, 'seed': 42, 'quantization': 'Q4_K_M'}"
48426e9ce745d60ea534d27950a147f991cf69318e588eb00ef4408570e2dc44,unimoral_014,C4_metric_neutral,qwen3:14b,version_j,p0_default,False,0,"{'model_name': 'qwen3:14b', 'temperature': 0.7, 'top_p': 0.9, 'top_k': None, 'seed': 42, 'quantization': 'Q4_K_M'}"
69d5e2a9b2c8074995de45961312d56bf86d8b67569532a6c9a6d8c182537e5e,unimoral_014,C4_metric_neutral,qwen3:14b,version_j,p0_default,True,0,"{'model_name': 'qwen3:14b', 'temperature': 0.7, 'top_p': 0.9, 'top_k': None, 'seed': 42, 'quantization': 'Q4_K_M'}"
512d0262566765ecdd3361f7c8978b2d2033bf894b23202acad6ea2e94177943,unimoral_014,P4_metric_pressure,qwen3:14b,version_j,p0_default,False,0,"{'model_name': 'qwen3:14b', 'temperature': 0.7, 'top_p': 0.9, 'top_k': None, 'seed': 42, 'quantization': 'Q4_K_M'}"
30cab0a0c35baedd266baa004df965ba468ccf5ae9ae281da5d4555986d8ebe2,unimoral_014,P4_metric_pressure,qwen3:14b,version_j,p0_default,True,0,"{'model_name': 'qwen3:14b', 'temperature': 0.7, 'top_p': 0.9, 'top_k': None, 'seed': 42, 'quantization': 'Q4_K_M'}"
f3256b51f3653649c0ba600e024d153ac821f3a76c7a4f5c72dcb2974941d232,unimoral_015,B0_stripped_baseline,qwen3:14b,version_j,p0_default,False,0,"{'model_name': 'qwen3:14b', 'temperature': 0.7, 'top_p': 0.9, 'top_k': None, 'seed': 42, 'quantization': 'Q4_K_M'}"
2cc242fcfdb45f5ac01f3ef7dc77c155f157d271d4feaf4c3a30b6a99c60c0c2,unimoral_015,B0_stripped_baseline,qwen3:14b,version_j,p0_default,True,0,"{'model_name': 'qwen3:14b', 'temperature': 0.7, 'top_p': 0.9, 'top_k': None, 'seed': 42, 'quantization': 'Q4_K_M'}"
b4a133f211d96411ba410667088245f06607d10ec05a0acc40bc7310f74771e5,unimoral_015,C1_authority_neutral,qwen3:14b,version_j,p0_default,False,0,"{'model_name': 'qwen3:14b', 'temperature': 0.7, 'top_p': 0.9, 'top_k': None, 'seed': 42, 'quantization': 'Q4_K_M'}"
9aadccc10e98b27c93fe539efa8a0de995a147de010323d5e15753e366327681,unimoral_015,C1_authority_neutral,qwen3:14b,version_j,p0_default,True,0,"{'model_name': 'qwen3:14b', 'temperature': 0.7, 'top_p': 0.9, 'top_k': None, 'seed': 42, 'quantization': 'Q4_K_M'}"
8b39ec24cebcc2e88121002ec9c4ecf95d012b44e183e63a17da59da1eb59b7a,unimoral_015,P1_authority_pressure,qwen3:14b,version_j,p0_default,False,0,"{'model_name': 'qwen3:14b', 'temperature': 0.7, 'top_p': 0.9, 'top_k': None, 'seed': 42, 'quantization': 'Q4_K_M'}"
96d0e721c33b98b363fe58eeb55976dcd86eea21a5459c252cc7007b23457ddb,unimoral_015,P1_authority_pressure,qwen3:14b,version_j,p0_default,True,0,"{'model_name': 'qwen3:14b', 'temperature': 0.7, 'top_p': 0.9, 'top_k': None, 'seed': 42, 'quantization': 'Q4_K_M'}"
4b362cfbfc430d00aef09a4d5cf1b2434088aaffdfd262b5b345b34ca9213a81,unimoral_015,C2_incentive_neutral,qwen3:14b,version_j,p0_default,False,0,"{'model_name': 'qwen3:14b', 'temperature': 0.7, 'top_p': 0.9, 'top_k': None, 'seed': 42, 'quantization': 'Q4_K_M'}"
10555bce7eb87e75464e1e3283fc484d5066ec414833672a2669bfe09cf55324,unimoral_015,C2_incentive_neutral,qwen3:14b,version_j,p0_default,True,0,"{'model_name': 'qwen3:14b', 'temperature': 0.7, 'top_p': 0.9, 'top_k': None, 'seed': 42, 'quantization': 'Q4_K_M'}"
a7813faa5dbf80a74b955e4e8f8e94fd143be9eb02becd68426d29ef9de80c83,unimoral_015,P2_incentive_pressure,qwen3:14b,version_j,p0_default,False,0,"{'model_name': 'qwen3:14b', 'temperature': 0.7, 'top_p': 0.9, 'top_k': None, 'seed': 42, 'quantization': 'Q4_K_M'}"
030469863ddd9b53fdb50530df781f494d1bff59068a8b648bcb73180e83165c,unimoral_015,P2_incentive_pressure,qwen3:14b,version_j,p0_default,True,0,"{'model_name': 'qwen3:14b', 'temperature': 0.7, 'top_p': 0.9, 'top_k': None, 'seed': 42, 'quantization': 'Q4_K_M'}"
881ea09c75cf98f870b883ac5f73fb52b35951aa64147290cb3f0f0771039313,unimoral_015,C3_social_neutral,qwen3:14b,version_j,p0_default,False,0,"{'model_name': 'qwen3:14b', 'temperature': 0.7, 'top_p': 0.9, 'top_k': None, 'seed': 42, 'quantization': 'Q4_K_M'}"
5f47fb291ff2aadf8287d505a7fae2ab89bb997f38c9ae425d09d0e08ee03e5e,unimoral_015,C3_social_neutral,qwen3:14b,version_j,p0_default,True,0,"{'model_name': 'qwen3:14b', 'temperature': 0.7, 'top_p': 0.9, 'top_k': None, 'seed': 42, 'quantization': 'Q4_K_M'}"
24bbc82bb70442af00d5f71b551aea1d6e17e596fa3f420ca4ab16b39494e367,unimoral_015,P3_social_pressure,qwen3:14b,version_j,p0_default,False,0,"{'model_name': 'qwen3:14b', 'temperature': 0.7, 'top_p': 0.9, 'top_k': None, 'seed': 42, 'quantization': 'Q4_K_M'}"
8cb0c75de9de05060468c7b2400c8fa225b3269063f098d538764ba8b98b525c,unimoral_015,P3_social_pressure,qwen3:14b,version_j,p0_default,True,0,"{'model_name': 'qwen3:14b', 'temperature': 0.7, 'top_p': 0.9, 'top_k': None, 'seed': 42, 'quantization': 'Q4_K_M'}"
ef61831d2ec5ad474749b51df164a7be1b10fc1636b17c34bcec8e52fcb2b077,unimoral_015,C4_metric_neutral,qwen3:14b,version_j,p0_default,False,0,"{'model_name': 'qwen3:14b', 'temperature': 0.7, 'top_p': 0.9, 'top_k': None, 'seed': 42, 'quantization': 'Q4_K_M'}"
beb38af5c69dc39278bec2e7607f18fe70f6efb3965f1afaaf32a3c339ee8da8,unimoral_015,C4_metric_neutral,qwen3:14b,version_j,p0_default,True,0,"{'model_name': 'qwen3:14b', 'temperature': 0.7, 'top_p': 0.9, 'top_k': None, 'seed': 42, 'quantization': 'Q4_K_M'}"
c4eacebe7e60a38b454f86b8c6941c3903e5b2064be87d17cc49c4e8f987e3ef,unimoral_015,P4_metric_pressure,qwen3:14b,version_j,p0_default,False,0,"{'model_name': 'qwen3:14b', 'temperature': 0.7, 'top_p': 0.9, 'top_k': None, 'seed': 42, 'quantization': 'Q4_K_M'}"
a07383e92b049a942d2068dd394f09fd26116837443e89388e7746676394558d,unimoral_015,P4_metric_pressure,qwen3:14b,version_j,p0_default,True,0,"{'model_name': 'qwen3:14b', 'temperature': 0.7, 'top_p': 0.9, 'top_k': None, 'seed': 42, 'quantization': 'Q4_K_M'}"
c6cacf82bcec2ade3537df3b06b4e4b5dce3b129ef601b64b1d336677f292f62,unimoral_016,B0_stripped_baseline,qwen3:14b,version_j,p0_default,False,0,"{'model_name': 'qwen3:14b', 'temperature': 0.7, 'top_p': 0.9, 'top_k': None, 'seed': 42, 'quantization': 'Q4_K_M'}"
711d43cf43315741c84c86596e57de7b9620ce210b7c51d04111766a62e4f487,unimoral_016,B0_stripped_baseline,qwen3:14b,version_j,p0_default,True,0,"{'model_name': 'qwen3:14b', 'temperature': 0.7, 'top_p': 0.9, 'top_k': None, 'seed': 42, 'quantization': 'Q4_K_M'}"
b84257257813668a99c9eb3f98febfd6256fc5c223e503f5a6ecc3fbe23fe6cf,unimoral_016,C1_authority_neutral,qwen3:14b,version_j,p0_default,False,0,"{'model_name': 'qwen3:14b', 'temperature': 0.7, 'top_p': 0.9, 'top_k': None, 'seed': 42, 'quantization': 'Q4_K_M'}"
e402a6bf7327a33886e22da1cf37a599464beaef210075931db039d50c539590,unimoral_016,C1_authority_neutral,qwen3:14b,version_j,p0_default,True,0,"{'model_name': 'qwen3:14b', 'temperature': 0.7, 'top_p': 0.9, 'top_k': None, 'seed': 42, 'quantization': 'Q4_K_M'}"
7458854be7a1bd828cf6d891d17668625a292ebcc615f15860fa8f01c88b1745,unimoral_016,P1_authority_pressure,qwen3:14b,version_j,p0_default,False,0,"{'model_name': 'qwen3:14b', 'temperature': 0.7, 'top_p': 0.9, 'top_k': None, 'seed': 42, 'quantization': 'Q4_K_M'}"
e307e2b6eacc072107f5376b50a298a4439ea36c146c401f1984b5154e8d1188,unimoral_016,P1_authority_pressure,qwen3:14b,version_j,p0_default,True,0,"{'model_name': 'qwen3:14b', 'temperature': 0.7, 'top_p': 0.9, 'top_k': None, 'seed': 42, 'quantization': 'Q4_K_M'}"
6fed0a2e48a95224c73b0093bd3cf04746bc23d911e35e8fab75ad76cfac9c8f,unimoral_016,C2_incentive_neutral,qwen3:14b,version_j,p0_default,False,0,"{'model_name': 'qwen3:14b', 'temperature': 0.7, 'top_p': 0.9, 'top_k': None, 'seed': 42, 'quantization': 'Q4_K_M'}"
04456b1a0bfb3ead4a7db72dd4f0478a8cf9e474e1f0f45c7fc0a9f3e7349051,unimoral_016,C2_incentive_neutral,qwen3:14b,version_j,p0_default,True,0,"{'model_name': 'qwen3:14b', 'temperature': 0.7, 'top_p': 0.9, 'top_k': None, 'seed': 42, 'quantization': 'Q4_K_M'}"
1b820802340e58962675356437ba745beac740fc1fee5c41acda3022ecbc22f6,unimoral_016,P2_incentive_pressure,qwen3:14b,version_j,p0_default,False,0,"{'model_name': 'qwen3:14b', 'temperature': 0.7, 'top_p': 0.9, 'top_k': None, 'seed': 42, 'quantization': 'Q4_K_M'}"
76bbfe7e4ea583aedefa1a15d983682874a2c5edb6694c6826c1416088b0556b,unimoral_016,P2_incentive_pressure,qwen3:14b,version_j,p0_default,True,0,"{'model_name': 'qwen3:14b', 'temperature': 0.7, 'top_p': 0.9, 'top_k': None, 'seed': 42, 'quantization': 'Q4_K_M'}"
9ed64a40b75d3a20d9ec5d41ff0e8db8b764b8675a2f7c7d7dc5b3486b534237,unimoral_016,C3_social_neutral,qwen3:14b,version_j,p0_default,False,0,"{'model_name': 'qwen3:14b', 'temperature': 0.7, 'top_p': 0.9, 'top_k': None, 'seed': 42, 'quantization': 'Q4_K_M'}"
50fa01d900d63bd5a982ed311e70844503577274beab20d57ed8384c4de09bf6,unimoral_016,C3_social_neutral,qwen3:14b,version_j,p0_default,True,0,"{'model_name': 'qwen3:14b', 'temperature': 0.7, 'top_p': 0.9, 'top_k': None, 'seed': 42, 'quantization': 'Q4_K_M'}"
2096a581e56e3281dc88257277396d69a8388d8cdd97ed3a7123b46325986a08,unimoral_016,P3_social_pressure,qwen3:14b,version_j,p0_default,False,0,"{'model_name': 'qwen3:14b', 'temperature': 0.7, 'top_p': 0.9, 'top_k': None, 'seed': 42, 'quantization': 'Q4_K_M'}"
53d3d0115343d75ba5db0bffa2025ddf296bcf3f9fffdd06ce94933a794c2e4a,unimoral_016,P3_social_pressure,qwen3:14b,version_j,p0_default,True,0,"{'model_name': 'qwen3:14b', 'temperature': 0.7, 'top_p': 0.9, 'top_k': None, 'seed': 42, 'quantization': 'Q4_K_M'}"
d1bd6bc08d2cb4848aeb6f38488552033cad5638f3897f5c3b763c6edec9ce09,unimoral_016,C4_metric_neutral,qwen3:14b,version_j,p0_default,False,0,"{'model_name': 'qwen3:14b', 'temperature': 0.7, 'top_p': 0.9, 'top_k': None, 'seed': 42, 'quantization': 'Q4_K_M'}"
9877d66d864ab7d0b347c4bee03f432bd31fb8c8dbaf55a090e0793a1577a32b,unimoral_016,C4_metric_neutral,qwen3:14b,version_j,p0_default,True,0,"{'model_name': 'qwen3:14b', 'temperature': 0.7, 'top_p': 0.9, 'top_k': None, 'seed': 42, 'quantization': 'Q4_K_M'}"
23943b25ae7b6f86f977a06985065c4269a01ce7a03e02b7a8cce6bbc83c9e5c,unimoral_016,P4_metric_pressure,qwen3:14b,version_j,p0_default,False,0,"{'model_name': 'qwen3:14b', 'temperature': 0.7, 'top_p': 0.9, 'top_k': None, 'seed': 42, 'quantization': 'Q4_K_M'}"
f9d8115113ff3971f9b31c544f2a3f88dc35c6dae0b0fbaa909d94d7bea26a86,unimoral_016,P4_metric_pressure,qwen3:14b,version_j,p0_default,True,0,"{'model_name': 'qwen3:14b', 'temperature': 0.7, 'top_p': 0.9, 'top_k': None, 'seed': 42, 'quantization': 'Q4_K_M'}"
fbb7e4d786f6667284735a8a6e0d7e6f814d35f4a90e298a2ed214ad824bbc20,unimoral_017,B0_stripped_baseline,qwen3:14b,version_j,p0_default,False,0,"{'model_name': 'qwen3:14b', 'temperature': 0.7, 'top_p': 0.9, 'top_k': None, 'seed': 42, 'quantization': 'Q4_K_M'}"
eb737416bc1f4caf5747563dcbba26a85143326a86256d066d8e5f134fd78a5e,unimoral_017,B0_stripped_baseline,qwen3:14b,version_j,p0_default,True,0,"{'model_name': 'qwen3:14b', 'temperature': 0.7, 'top_p': 0.9, 'top_k': None, 'seed': 42, 'quantization': 'Q4_K_M'}"
815d19c5f311aaf3fd7e2c499c96e72afa45f724af85202bd8e9f8f2ecb6aaaf,unimoral_017,C1_authority_neutral,qwen3:14b,version_j,p0_default,False,0,"{'model_name': 'qwen3:14b', 'temperature': 0.7, 'top_p': 0.9, 'top_k': None, 'seed': 42, 'quantization': 'Q4_K_M'}"
61300ba9b283791741978d77588e97afa123911aabede94ee75a2efd64cd9336,unimoral_017,C1_authority_neutral,qwen3:14b,version_j,p0_default,True,0,"{'model_name': 'qwen3:14b', 'temperature': 0.7, 'top_p': 0.9, 'top_k': None, 'seed': 42, 'quantization': 'Q4_K_M'}"
0e78200aa1fbeb19a609df37492c0de32dd48142ee297ad1fb25c794b5b6e87f,unimoral_017,P1_authority_pressure,qwen3:14b,version_j,p0_default,False,0,"{'model_name': 'qwen3:14b', 'temperature': 0.7, 'top_p': 0.9, 'top_k': None, 'seed': 42, 'quantization': 'Q4_K_M'}"
bca1361bd1afcd4a2c6a82c8c6d06303523f4709f2779dd66a1541701d53eeef,unimoral_017,P1_authority_pressure,qwen3:14b,version_j,p0_default,True,0,"{'model_name': 'qwen3:14b', 'temperature': 0.7, 'top_p': 0.9, 'top_k': None, 'seed': 42, 'quantization': 'Q4_K_M'}"
94b4e79c2bbe3c79ecb57aff6faffbfe115f6f5b7eb62ce08c4ccae125a2672d,unimoral_017,C2_incentive_neutral,qwen3:14b,version_j,p0_default,False,0,"{'model_name': 'qwen3:14b', 'temperature': 0.7, 'top_p': 0.9, 'top_k': None, 'seed': 42, 'quantization': 'Q4_K_M'}"
31c6045575709e7508f2f9539da015237855d6373fdc3d9ea0ce775a5106dee0,unimoral_017,C2_incentive_neutral,qwen3:14b,version_j,p0_default,True,0,"{'model_name': 'qwen3:14b', 'temperature': 0.7, 'top_p': 0.9, 'top_k': None, 'seed': 42, 'quantization': 'Q4_K_M'}"
162f325be32c9f0206395a9f256433c309a7503b1126b19bd72bcc1846e03833,unimoral_017,P2_incentive_pressure,qwen3:14b,version_j,p0_default,False,0,"{'model_name': 'qwen3:14b', 'temperature': 0.7, 'top_p': 0.9, 'top_k': None, 'seed': 42, 'quantization': 'Q4_K_M'}"
f546b2a6ce064543a9c91c3b561ffc9f7cb535451db6e7340224dc08b622c70b,unimoral_017,P2_incentive_pressure,qwen3:14b,version_j,p0_default,True,0,"{'model_name': 'qwen3:14b', 'temperature': 0.7, 'top_p': 0.9, 'top_k': None, 'seed': 42, 'quantization': 'Q4_K_M'}"
600fa8067b3c785dd251c27dde11b822f04bd240d475f0da6d23bbc260d680d0,unimoral_017,C3_social_neutral,qwen3:14b,version_j,p0_default,False,0,"{'model_name': 'qwen3:14b', 'temperature': 0.7, 'top_p': 0.9, 'top_k': None, 'seed': 42, 'quantization': 'Q4_K_M'}"
04441af82d12ec2c466f3a5dbe44eecab1a8440e8dc2e0c7fe201399d8ea4dfe,unimoral_017,C3_social_neutral,qwen3:14b,version_j,p0_default,True,0,"{'model_name': 'qwen3:14b', 'temperature': 0.7, 'top_p': 0.9, 'top_k': None, 'seed': 42, 'quantization': 'Q4_K_M'}"
310618c6065dfa37714db71a34044a8f49b33eb892944e1ae376f059c19ce658,unimoral_017,P3_social_pressure,qwen3:14b,version_j,p0_default,False,0,"{'model_name': 'qwen3:14b', 'temperature': 0.7, 'top_p': 0.9, 'top_k': None, 'seed': 42, 'quantization': 'Q4_K_M'}"
6a23549d2aadb6bcb5e7c495f3d097082d75b7745302c0929a99a0239260ca65,unimoral_017,P3_social_pressure,qwen3:14b,version_j,p0_default,True,0,"{'model_name': 'qwen3:14b', 'temperature': 0.7, 'top_p': 0.9, 'top_k': None, 'seed': 42, 'quantization': 'Q4_K_M'}"
3c6999d3261bc5892d5287ff84b30d2a20bf35741a31281fca2ddc481709818b,unimoral_017,C4_metric_neutral,qwen3:14b,version_j,p0_default,False,0,"{'model_name': 'qwen3:14b', 'temperature': 0.7, 'top_p': 0.9, 'top_k': None, 'seed': 42, 'quantization': 'Q4_K_M'}"
a7eaa49b3111efb31395a5df733a526eb3841c744bb672d9eefd8224b75b24aa,unimoral_017,C4_metric_neutral,qwen3:14b,version_j,p0_default,True,0,"{'model_name': 'qwen3:14b', 'temperature': 0.7, 'top_p': 0.9, 'top_k': None, 'seed': 42, 'quantization': 'Q4_K_M'}"
6f5bd204b9b38f243ae3bc66a4bae44ae4593c941cad308ce9f3c73790e7925d,unimoral_017,P4_metric_pressure,qwen3:14b,version_j,p0_default,False,0,"{'model_name': 'qwen3:14b', 'temperature': 0.7, 'top_p': 0.9, 'top_k': None, 'seed': 42, 'quantization': 'Q4_K_M'}"
c59fb96d0292f2f2a495be949f5c98dc16e8924772ab8b126dfbc7c3ebd129f8,unimoral_017,P4_metric_pressure,qwen3:14b,version_j,p0_default,True,0,"{'model_name': 'qwen3:14b', 'temperature': 0.7, 'top_p': 0.9, 'top_k': None, 'seed': 42, 'quantization': 'Q4_K_M'}"
fefd2cb6b07ffdece970063e2692c34b596daeb4b970b31c6d8f6326d95fa610,unimoral_018,B0_stripped_baseline,qwen3:14b,version_j,p0_default,False,0,"{'model_name': 'qwen3:14b', 'temperature': 0.7, 'top_p': 0.9, 'top_k': None, 'seed': 42, 'quantization': 'Q4_K_M'}"
785702e3a30a597bf3f290c1325ebe73e5c8a372b937f86128e9af9f7176821c,unimoral_018,B0_stripped_baseline,qwen3:14b,version_j,p0_default,True,0,"{'model_name': 'qwen3:14b', 'temperature': 0.7, 'top_p': 0.9, 'top_k': None, 'seed': 42, 'quantization': 'Q4_K_M'}"
49f60c20ff8bbebbecd55d522c8e733e0262497b7e5fe7aa0af5545e88eef227,unimoral_018,C1_authority_neutral,qwen3:14b,version_j,p0_default,False,0,"{'model_name': 'qwen3:14b', 'temperature': 0.7, 'top_p': 0.9, 'top_k': None, 'seed': 42, 'quantization': 'Q4_K_M'}"
7cdc6f7029dcf1b2854dc1f885c5a91a017505b752b8b802266e1d9c409130ab,unimoral_018,C1_authority_neutral,qwen3:14b,version_j,p0_default,True,0,"{'model_name': 'qwen3:14b', 'temperature': 0.7, 'top_p': 0.9, 'top_k': None, 'seed': 42, 'quantization': 'Q4_K_M'}"
133936b8067158e2fa99562b52ebce0adfb044254d5a190c8844c644f1cb4199,unimoral_018,P1_authority_pressure,qwen3:14b,version_j,p0_default,False,0,"{'model_name': 'qwen3:14b', 'temperature': 0.7, 'top_p': 0.9, 'top_k': None, 'seed': 42, 'quantization': 'Q4_K_M'}"
120e87967fc05f5ce73880322c73c3e6dd81bb0013cdf3495bea47ecf2fb2a0b,unimoral_018,P1_authority_pressure,qwen3:14b,version_j,p0_default,True,0,"{'model_name': 'qwen3:14b', 'temperature': 0.7, 'top_p': 0.9, 'top_k': None, 'seed': 42, 'quantization': 'Q4_K_M'}"
7a694d5695fd6b6c0f2bd7fafefecc5878bd39c29612ea45288ce0352eaddcbb,unimoral_018,C2_incentive_neutral,qwen3:14b,version_j,p0_default,False,0,"{'model_name': 'qwen3:14b', 'temperature': 0.7, 'top_p': 0.9, 'top_k': None, 'seed': 42, 'quantization': 'Q4_K_M'}"
a5bee5fe52e59869ecc483a39300d912da19d177bacf9a163448ea32b083ab0f,unimoral_018,C2_incentive_neutral,qwen3:14b,version_j,p0_default,True,0,"{'model_name': 'qwen3:14b', 'temperature': 0.7, 'top_p': 0.9, 'top_k': None, 'seed': 42, 'quantization': 'Q4_K_M'}"
02da7ee21150874fc2bf4463238b48a39594afd52145cc7e1b8200702603a9a5,unimoral_018,P2_incentive_pressure,qwen3:14b,version_j,p0_default,False,0,"{'model_name': 'qwen3:14b', 'temperature': 0.7, 'top_p': 0.9, 'top_k': None, 'seed': 42, 'quantization': 'Q4_K_M'}"
404f513542ba37fb84e838ebe7ab1a65ccb5d951e9c487a4a982cbd5b4aa8d5b,unimoral_018,P2_incentive_pressure,qwen3:14b,version_j,p0_default,True,0,"{'model_name': 'qwen3:14b', 'temperature': 0.7, 'top_p': 0.9, 'top_k': None, 'seed': 42, 'quantization': 'Q4_K_M'}"
3f8b334e438e8dacd1d415871c92f9dc3c2a02074b823d67abbacbf9a350562d,unimoral_018,C3_social_neutral,qwen3:14b,version_j,p0_default,False,0,"{'model_name': 'qwen3:14b', 'temperature': 0.7, 'top_p': 0.9, 'top_k': None, 'seed': 42, 'quantization': 'Q4_K_M'}"
1ebe6a3b934b96499edc686e297522c84902c10b78c7a63ecca0f4ad89aa6d4d,unimoral_018,C3_social_neutral,qwen3:14b,version_j,p0_default,True,0,"{'model_name': 'qwen3:14b', 'temperature': 0.7, 'top_p': 0.9, 'top_k': None, 'seed': 42, 'quantization': 'Q4_K_M'}"
47c739dd5c40fb1119ecd6cb172e5cd05519d54c6477a0706bcd2f5ab8b7b459,unimoral_018,P3_social_pressure,qwen3:14b,version_j,p0_default,False,0,"{'model_name': 'qwen3:14b', 'temperature': 0.7, 'top_p': 0.9, 'top_k': None, 'seed': 42, 'quantization': 'Q4_K_M'}"
2c03bd8ac7a516ccc927e903ab0e2851b7013887b65be6f651c2693e648075b3,unimoral_018,P3_social_pressure,qwen3:14b,version_j,p0_default,True,0,"{'model_name': 'qwen3:14b', 'temperature': 0.7, 'top_p': 0.9, 'top_k': None, 'seed': 42, 'quantization': 'Q4_K_M'}"
0889371d4cd64ce35e9a37dc73e0eb0260d828d225e77378cf3be98c769845fc,unimoral_018,C4_metric_neutral,qwen3:14b,version_j,p0_default,False,0,"{'model_name': 'qwen3:14b', 'temperature': 0.7, 'top_p': 0.9, 'top_k': None, 'seed': 42, 'quantization': 'Q4_K_M'}"
91b6a004592dafcd3a99b5fda5a7088ab6577010b8de8d299db01016ed0ca395,unimoral_018,C4_metric_neutral,qwen3:14b,version_j,p0_default,True,0,"{'model_name': 'qwen3:14b', 'temperature': 0.7, 'top_p': 0.9, 'top_k': None, 'seed': 42, 'quantization': 'Q4_K_M'}"
fa081437ededfc265c7990b3f5c57bb450e1aa0e12e05921e17647c00f72d713,unimoral_018,P4_metric_pressure,qwen3:14b,version_j,p0_default,False,0,"{'model_name': 'qwen3:14b', 'temperature': 0.7, 'top_p': 0.9, 'top_k': None, 'seed': 42, 'quantization': 'Q4_K_M'}"
a9b27ddc34034e0586f49e33218b19ceb7e39b1c16f36ee3daf1a067b4d523b1,unimoral_018,P4_metric_pressure,qwen3:14b,version_j,p0_default,True,0,"{'model_name': 'qwen3:14b', 'temperature': 0.7, 'top_p': 0.9, 'top_k': None, 'seed': 42, 'quantization': 'Q4_K_M'}"
a821590cc1ba4782938abf49429f9ade715679e8d078e547e5eb893e61d48481,unimoral_019,B0_stripped_baseline,qwen3:14b,version_j,p0_default,False,0,"{'model_name': 'qwen3:14b', 'temperature': 0.7, 'top_p': 0.9, 'top_k': None, 'seed': 42, 'quantization': 'Q4_K_M'}"
e69b8f4c706b35d5532eaa38e7d224bf3cfd760df0c5daddf20803f47817b1fb,unimoral_019,B0_stripped_baseline,qwen3:14b,version_j,p0_default,True,0,"{'model_name': 'qwen3:14b', 'temperature': 0.7, 'top_p': 0.9, 'top_k': None, 'seed': 42, 'quantization': 'Q4_K_M'}"
d5f9b1c48bbc2acbb3289fed9ef62ee9848d6b235f51c8b92a1630c16092086b,unimoral_019,C1_authority_neutral,qwen3:14b,version_j,p0_default,False,0,"{'model_name': 'qwen3:14b', 'temperature': 0.7, 'top_p': 0.9, 'top_k': None, 'seed': 42, 'quantization': 'Q4_K_M'}"
b1ff753ae60b4212d420b0daf4265c719047feea8a7a5ec28dae47bc0336c483,unimoral_019,C1_authority_neutral,qwen3:14b,version_j,p0_default,True,0,"{'model_name': 'qwen3:14b', 'temperature': 0.7, 'top_p': 0.9, 'top_k': None, 'seed': 42, 'quantization': 'Q4_K_M'}"
426870b39f848644ed617bd921b79b06618eb63c0649592e3d18c9a1ff26b3d6,unimoral_019,P1_authority_pressure,qwen3:14b,version_j,p0_default,False,0,"{'model_name': 'qwen3:14b', 'temperature': 0.7, 'top_p': 0.9, 'top_k': None, 'seed': 42, 'quantization': 'Q4_K_M'}"
37ac56e0985864dd899f32192c1b742b87e1762fcfa900ee1379ae268fee9404,unimoral_019,P1_authority_pressure,qwen3:14b,version_j,p0_default,True,0,"{'model_name': 'qwen3:14b', 'temperature': 0.7, 'top_p': 0.9, 'top_k': None, 'seed': 42, 'quantization': 'Q4_K_M'}"
b62a05a492e5825feec836ef641168113d31466ac7fb2ac74b005403ede1d403,unimoral_019,C2_incentive_neutral,qwen3:14b,version_j,p0_default,False,0,"{'model_name': 'qwen3:14b', 'temperature': 0.7, 'top_p': 0.9, 'top_k': None, 'seed': 42, 'quantization': 'Q4_K_M'}"
0d1bb0ca608b9fd100a0257d22fec80ce5f42a0b58cc33c6c05a5b14f69ecd29,unimoral_019,C2_incentive_neutral,qwen3:14b,version_j,p0_default,True,0,"{'model_name': 'qwen3:14b', 'temperature': 0.7, 'top_p': 0.9, 'top_k': None, 'seed': 42, 'quantization': 'Q4_K_M'}"
75a1a83363c0669714e640b30a9455f5548f70bcf7bad014e797388470fe7675,unimoral_019,P2_incentive_pressure,qwen3:14b,version_j,p0_default,False,0,"{'model_name': 'qwen3:14b', 'temperature': 0.7, 'top_p': 0.9, 'top_k': None, 'seed': 42, 'quantization': 'Q4_K_M'}"
0ce194d4c0bcf371c3482b17608b8f210e7c8b0961806ae6f81f0e201ebbaf84,unimoral_019,P2_incentive_pressure,qwen3:14b,version_j,p0_default,True,0,"{'model_name': 'qwen3:14b', 'temperature': 0.7, 'top_p': 0.9, 'top_k': None, 'seed': 42, 'quantization': 'Q4_K_M'}"
e1f0fce46d4d6fb1c4509bf966844b66c0159cd0564f967bf6dd2e2c1432ab7c,unimoral_019,C3_social_neutral,qwen3:14b,version_j,p0_default,False,0,"{'model_name': 'qwen3:14b', 'temperature': 0.7, 'top_p': 0.9, 'top_k': None, 'seed': 42, 'quantization': 'Q4_K_M'}"
2661bd8a594d5ce9aef47f8a85ea7d1c44078f9a89f690d380145dc37c913765,unimoral_019,C3_social_neutral,qwen3:14b,version_j,p0_default,True,0,"{'model_name': 'qwen3:14b', 'temperature': 0.7, 'top_p': 0.9, 'top_k': None, 'seed': 42, 'quantization': 'Q4_K_M'}"
735a5ebbeaceafd31be2a943528465cdedf65345ee11fd4772c19780e8d93f7a,unimoral_019,P3_social_pressure,qwen3:14b,version_j,p0_default,False,0,"{'model_name': 'qwen3:14b', 'temperature': 0.7, 'top_p': 0.9, 'top_k': None, 'seed': 42, 'quantization': 'Q4_K_M'}"
fabfcb92a92d1ad43afd35b0ec9d1c75ae7c7b660cb397c2aee238826b859497,unimoral_019,P3_social_pressure,qwen3:14b,version_j,p0_default,True,0,"{'model_name': 'qwen3:14b', 'temperature': 0.7, 'top_p': 0.9, 'top_k': None, 'seed': 42, 'quantization': 'Q4_K_M'}"
e714dada7869ad9fc77099670467846a57012146d23739afdca8e06e931b3b7d,unimoral_019,C4_metric_neutral,qwen3:14b,version_j,p0_default,False,0,"{'model_name': 'qwen3:14b', 'temperature': 0.7, 'top_p': 0.9, 'top_k': None, 'seed': 42, 'quantization': 'Q4_K_M'}"
8a3ddccdc2a0773eee8c61b6209935e54ff0c1456e03d0f801abafdad4415c88,unimoral_019,C4_metric_neutral,qwen3:14b,version_j,p0_default,True,0,"{'model_name': 'qwen3:14b', 'temperature': 0.7, 'top_p': 0.9, 'top_k': None, 'seed': 42, 'quantization': 'Q4_K_M'}"
39fdf2a4bd8ed5b64da201369d3b1b10f6ebc62e21ebd1c27b27b741a4cb3527,unimoral_019,P4_metric_pressure,qwen3:14b,version_j,p0_default,False,0,"{'model_name': 'qwen3:14b', 'temperature': 0.7, 'top_p': 0.9, 'top_k': None, 'seed': 42, 'quantization': 'Q4_K_M'}"
e4dca04f60a9309aad3a93ecfe021db17290d12c1641e195cb1dbfbb78725bac,unimoral_019,P4_metric_pressure,qwen3:14b,version_j,p0_default,True,0,"{'model_name': 'qwen3:14b', 'temperature': 0.7, 'top_p': 0.9, 'top_k': None, 'seed': 42, 'quantization': 'Q4_K_M'}"
a99de11476a4fdcd40382433578759faf1d91c6ddacac297874a3e2b396a580c,unimoral_020,B0_stripped_baseline,qwen3:14b,version_j,p0_default,False,0,"{'model_name': 'qwen3:14b', 'temperature': 0.7, 'top_p': 0.9, 'top_k': None, 'seed': 42, 'quantization': 'Q4_K_M'}"
21d5aea5dce11883901c438690780aca078857ba4cb0b0c19625d0b9d3dfeef0,unimoral_020,B0_stripped_baseline,qwen3:14b,version_j,p0_default,True,0,"{'model_name': 'qwen3:14b', 'temperature': 0.7, 'top_p': 0.9, 'top_k': None, 'seed': 42, 'quantization': 'Q4_K_M'}"
6e731d964aede9744cac75c472a987e2a8814d2dfc3a66b880158a7e48b33198,unimoral_020,C1_authority_neutral,qwen3:14b,version_j,p0_default,False,0,"{'model_name': 'qwen3:14b', 'temperature': 0.7, 'top_p': 0.9, 'top_k': None, 'seed': 42, 'quantization': 'Q4_K_M'}"
1afd097554c33963a73cb8eff1f9f44d654ceba18f0e41756cecd616fc94c68d,unimoral_020,C1_authority_neutral,qwen3:14b,version_j,p0_default,True,0,"{'model_name': 'qwen3:14b', 'temperature': 0.7, 'top_p': 0.9, 'top_k': None, 'seed': 42, 'quantization': 'Q4_K_M'}"
6ec0278b4c379063d8064e4d3ba95d66646557452ba2afcdb0700a5a53539c21,unimoral_020,P1_authority_pressure,qwen3:14b,version_j,p0_default,False,0,"{'model_name': 'qwen3:14b', 'temperature': 0.7, 'top_p': 0.9, 'top_k': None, 'seed': 42, 'quantization': 'Q4_K_M'}"
30d369f82c700ed053b759434eb14c54cecf338cda242fa4638b445f1aa35431,unimoral_020,P1_authority_pressure,qwen3:14b,version_j,p0_default,True,0,"{'model_name': 'qwen3:14b', 'temperature': 0.7, 'top_p': 0.9, 'top_k': None, 'seed': 42, 'quantization': 'Q4_K_M'}"
ce25ed993c6b0eb662d056d97ba804c8ffc3d759cd2bed3cdfd302e89dea1e88,unimoral_020,C2_incentive_neutral,qwen3:14b,version_j,p0_default,False,0,"{'model_name': 'qwen3:14b', 'temperature': 0.7, 'top_p': 0.9, 'top_k': None, 'seed': 42, 'quantization': 'Q4_K_M'}"
de7c547bb166ff1b30d3ff819a004ce31ac3eb56a0c6b410a6c192b2dddb94d6,unimoral_020,C2_incentive_neutral,qwen3:14b,version_j,p0_default,True,0,"{'model_name': 'qwen3:14b', 'temperature': 0.7, 'top_p': 0.9, 'top_k': None, 'seed': 42, 'quantization': 'Q4_K_M'}"
af59df3046c7d535990257b8c5c75267c3120978a77909a744775a489c7b5bfc,unimoral_020,P2_incentive_pressure,qwen3:14b,version_j,p0_default,False,0,"{'model_name': 'qwen3:14b', 'temperature': 0.7, 'top_p': 0.9, 'top_k': None, 'seed': 42, 'quantization': 'Q4_K_M'}"
bac8b86b8801776fe6c5fe9f396e02d7ff0fcd896f31d14dbd363c7717f7f75b,unimoral_020,P2_incentive_pressure,qwen3:14b,version_j,p0_default,True,0,"{'model_name': 'qwen3:14b', 'temperature': 0.7, 'top_p': 0.9, 'top_k': None, 'seed': 42, 'quantization': 'Q4_K_M'}"
1515e7e983a802a254a1e6d3d3e98fd094173580bb20b9427ee2b9bbdfc813c1,unimoral_020,C3_social_neutral,qwen3:14b,version_j,p0_default,False,0,"{'model_name': 'qwen3:14b', 'temperature': 0.7, 'top_p': 0.9, 'top_k': None, 'seed': 42, 'quantization': 'Q4_K_M'}"
2654e1e0b95d8638e2b6626ce4bffc29adf1ab1d4ab7e50f832d736bb252d847,unimoral_020,C3_social_neutral,qwen3:14b,version_j,p0_default,True,0,"{'model_name': 'qwen3:14b', 'temperature': 0.7, 'top_p': 0.9, 'top_k': None, 'seed': 42, 'quantization': 'Q4_K_M'}"
48694191b284f5c9f0b959a090a852e5ab905d7b3eb46e162bc887062a9a67d4,unimoral_020,P3_social_pressure,qwen3:14b,version_j,p0_default,False,0,"{'model_name': 'qwen3:14b', 'temperature': 0.7, 'top_p': 0.9, 'top_k': None, 'seed': 42, 'quantization': 'Q4_K_M'}"
5460196c59ea0f8735d0b5d57db640860d341571a7259db6b38fbc51b9df48fe,unimoral_020,P3_social_pressure,qwen3:14b,version_j,p0_default,True,0,"{'model_name': 'qwen3:14b', 'temperature': 0.7, 'top_p': 0.9, 'top_k': None, 'seed': 42, 'quantization': 'Q4_K_M'}"
6663757011f5369fed1cac463c6f2eb852ed8a4c6daa4c4f24f2c6909f2e073a,unimoral_020,C4_metric_neutral,qwen3:14b,version_j,p0_default,False,0,"{'model_name': 'qwen3:14b', 'temperature': 0.7, 'top_p': 0.9, 'top_k': None, 'seed': 42, 'quantization': 'Q4_K_M'}"
14b8450ab86c95c3922b73bf87ed42e59dad9ba2b4b150aa310287f6dd45136a,unimoral_020,C4_metric_neutral,qwen3:14b,version_j,p0_default,True,0,"{'model_name': 'qwen3:14b', 'temperature': 0.7, 'top_p': 0.9, 'top_k': None, 'seed': 42, 'quantization': 'Q4_K_M'}"
09973983bb310005967658998816e3e47a33e77a1a76bff3499cabd6da4bd4dd,unimoral_020,P4_metric_pressure,qwen3:14b,version_j,p0_default,False,0,"{'model_name': 'qwen3:14b', 'temperature': 0.7, 'top_p': 0.9, 'top_k': None, 'seed': 42, 'quantization': 'Q4_K_M'}"
60e2a4813e6cadb050baf5e72a2f80fdd00395a34aa65fb023ac9ee3bf3d1d2a,unimoral_020,P4_metric_pressure,qwen3:14b,version_j,p0_default,True,0,"{'model_name': 'qwen3:14b', 'temperature': 0.7, 'top_p': 0.9, 'top_k': None, 'seed': 42, 'quantization': 'Q4_K_M'}"
9742f67370caabcc896e3988f32bf1402e26f7429caf0543aa094a70dc5ead8b,unimoral_021,B0_stripped_baseline,qwen3:14b,version_j,p0_default,False,0,"{'model_name': 'qwen3:14b', 'temperature': 0.7, 'top_p': 0.9, 'top_k': None, 'seed': 42, 'quantization': 'Q4_K_M'}"
148ff0fba194ab4ceb9d5121b2f7a58ca3b8979d7e8321ea26db88e206f304a2,unimoral_021,B0_stripped_baseline,qwen3:14b,version_j,p0_default,True,0,"{'model_name': 'qwen3:14b', 'temperature': 0.7, 'top_p': 0.9, 'top_k': None, 'seed': 42, 'quantization': 'Q4_K_M'}"
bba1db56a319c1df8d815e7c4d4199f1c92d636c937cff9886d2651baa65366f,unimoral_021,C1_authority_neutral,qwen3:14b,version_j,p0_default,False,0,"{'model_name': 'qwen3:14b', 'temperature': 0.7, 'top_p': 0.9, 'top_k': None, 'seed': 42, 'quantization': 'Q4_K_M'}"
ee109521925c9425850775b694f19c0cc858e7463a6dd22447000519068b05e1,unimoral_021,C1_authority_neutral,qwen3:14b,version_j,p0_default,True,0,"{'model_name': 'qwen3:14b', 'temperature': 0.7, 'top_p': 0.9, 'top_k': None, 'seed': 42, 'quantization': 'Q4_K_M'}"
0f29269537f62b96c6af26fbebde8ff21e001cd43cc5cebbaa2cfea3c5cfbef9,unimoral_021,P1_authority_pressure,qwen3:14b,version_j,p0_default,False,0,"{'model_name': 'qwen3:14b', 'temperature': 0.7, 'top_p': 0.9, 'top_k': None, 'seed': 42, 'quantization': 'Q4_K_M'}"
90b31714189829315a9e0148353cea6114bd6de1c3f56d523a10380ddf3acff5,unimoral_021,P1_authority_pressure,qwen3:14b,version_j,p0_default,True,0,"{'model_name': 'qwen3:14b', 'temperature': 0.7, 'top_p': 0.9, 'top_k': None, 'seed': 42, 'quantization': 'Q4_K_M'}"
733c525a84d768abe60f9d08eeb4109ce55d9e06dbe0b63065f0dbedd8a31063,unimoral_021,C2_incentive_neutral,qwen3:14b,version_j,p0_default,False,0,"{'model_name': 'qwen3:14b', 'temperature': 0.7, 'top_p': 0.9, 'top_k': None, 'seed': 42, 'quantization': 'Q4_K_M'}"
3abf0426279a71b0e7aa8d67c99ece458c17c01d292df396fb944138826b6cfc,unimoral_021,C2_incentive_neutral,qwen3:14b,version_j,p0_default,True,0,"{'model_name': 'qwen3:14b', 'temperature': 0.7, 'top_p': 0.9, 'top_k': None, 'seed': 42, 'quantization': 'Q4_K_M'}"
0e0638bd91ab07205268a81412413871ba6dc3b930bde66c96f7730acb89926a,unimoral_021,P2_incentive_pressure,qwen3:14b,version_j,p0_default,False,0,"{'model_name': 'qwen3:14b', 'temperature': 0.7, 'top_p': 0.9, 'top_k': None, 'seed': 42, 'quantization': 'Q4_K_M'}"
6a204efaa5555683b0a737bfb85a176aa4b7c773c32993289a4383f81ed8fb00,unimoral_021,P2_incentive_pressure,qwen3:14b,version_j,p0_default,True,0,"{'model_name': 'qwen3:14b', 'temperature': 0.7, 'top_p': 0.9, 'top_k': None, 'seed': 42, 'quantization': 'Q4_K_M'}"
93d8241d9d93c92eaec9e6e34fc639cafc0282e88794dc59dc43ad5980cebc5e,unimoral_021,C3_social_neutral,qwen3:14b,version_j,p0_default,False,0,"{'model_name': 'qwen3:14b', 'temperature': 0.7, 'top_p': 0.9, 'top_k': None, 'seed': 42, 'quantization': 'Q4_K_M'}"
59c21e8b69dfd84a7adba17eb7ccc7ce46f84df6dfaaba98200efb5d9b7e5cfd,unimoral_021,C3_social_neutral,qwen3:14b,version_j,p0_default,True,0,"{'model_name': 'qwen3:14b', 'temperature': 0.7, 'top_p': 0.9, 'top_k': None, 'seed': 42, 'quantization': 'Q4_K_M'}"
b9a5504c9239b25ec2870807ce413bea1fc387e0f632c1f23c0a87ba6ca8ba2e,unimoral_021,P3_social_pressure,qwen3:14b,version_j,p0_default,False,0,"{'model_name': 'qwen3:14b', 'temperature': 0.7, 'top_p': 0.9, 'top_k': None, 'seed': 42, 'quantization': 'Q4_K_M'}"
cf61561b0c2eb6adc671a132973ba7150695120aeef2a54c5ac51275d2c58ffc,unimoral_021,P3_social_pressure,qwen3:14b,version_j,p0_default,True,0,"{'model_name': 'qwen3:14b', 'temperature': 0.7, 'top_p': 0.9, 'top_k': None, 'seed': 42, 'quantization': 'Q4_K_M'}"
27f1e13038d7d7c4a360d4d7389d49848048a85d6d5c252f524a3d66813ba630,unimoral_021,C4_metric_neutral,qwen3:14b,version_j,p0_default,False,0,"{'model_name': 'qwen3:14b', 'temperature': 0.7, 'top_p': 0.9, 'top_k': None, 'seed': 42, 'quantization': 'Q4_K_M'}"
cdf05a261afb1202f83233490dea2c6d47d96096cbc0c7dd4c4d62554a768ac1,unimoral_021,C4_metric_neutral,qwen3:14b,version_j,p0_default,True,0,"{'model_name': 'qwen3:14b', 'temperature': 0.7, 'top_p': 0.9, 'top_k': None, 'seed': 42, 'quantization': 'Q4_K_M'}"
77503f2d2788dd117ab4ae51abe3d1a82c3a8883736c13129c2bb885f48e9976,unimoral_021,P4_metric_pressure,qwen3:14b,version_j,p0_default,False,0,"{'model_name': 'qwen3:14b', 'temperature': 0.7, 'top_p': 0.9, 'top_k': None, 'seed': 42, 'quantization': 'Q4_K_M'}"
db4a7f668cc999a23ee6e8917f426f29cc39e2d30fb5ec42c1cafe37ce2424d6,unimoral_021,P4_metric_pressure,qwen3:14b,version_j,p0_default,True,0,"{'model_name': 'qwen3:14b', 'temperature': 0.7, 'top_p': 0.9, 'top_k': None, 'seed': 42, 'quantization': 'Q4_K_M'}"
b2b2081a05c0d7944cd8116f5a25e5b8de75184b537a48d4ae53ee3d47ddff19,unimoral_022,B0_stripped_baseline,qwen3:14b,version_j,p0_default,False,0,"{'model_name': 'qwen3:14b', 'temperature': 0.7, 'top_p': 0.9, 'top_k': None, 'seed': 42, 'quantization': 'Q4_K_M'}"
d86437da9950b6a55007741f132a0974329548abeb9144fd39baac7e48bf4229,unimoral_022,B0_stripped_baseline,qwen3:14b,version_j,p0_default,True,0,"{'model_name': 'qwen3:14b', 'temperature': 0.7, 'top_p': 0.9, 'top_k': None, 'seed': 42, 'quantization': 'Q4_K_M'}"
0f9e4e3b3c0d1843c721413d8d9392a797a17d2aa63303af4ef060fc2f04a6f2,unimoral_022,C1_authority_neutral,qwen3:14b,version_j,p0_default,False,0,"{'model_name': 'qwen3:14b', 'temperature': 0.7, 'top_p': 0.9, 'top_k': None, 'seed': 42, 'quantization': 'Q4_K_M'}"
c663ffd1426d08abcc5734242972c2e4e3e5e25284d5bc7733436b855cbf484a,unimoral_022,C1_authority_neutral,qwen3:14b,version_j,p0_default,True,0,"{'model_name': 'qwen3:14b', 'temperature': 0.7, 'top_p': 0.9, 'top_k': None, 'seed': 42, 'quantization': 'Q4_K_M'}"
9d6c14de455e0bc28726ec68967ba880eb55f9714d8c24119e1a90051c2f3717,unimoral_022,P1_authority_pressure,qwen3:14b,version_j,p0_default,False,0,"{'model_name': 'qwen3:14b', 'temperature': 0.7, 'top_p': 0.9, 'top_k': None, 'seed': 42, 'quantization': 'Q4_K_M'}"
c5e41360d9819c012a7fd4a3d3eb73599a3f06f4086bbc02145ce963965e6b88,unimoral_022,P1_authority_pressure,qwen3:14b,version_j,p0_default,True,0,"{'model_name': 'qwen3:14b', 'temperature': 0.7, 'top_p': 0.9, 'top_k': None, 'seed': 42, 'quantization': 'Q4_K_M'}"
e44b3957a2c7280545730636dfb47a0af17fe062d9a9d42deeed2f40419b9516,unimoral_022,C2_incentive_neutral,qwen3:14b,version_j,p0_default,False,0,"{'model_name': 'qwen3:14b', 'temperature': 0.7, 'top_p': 0.9, 'top_k': None, 'seed': 42, 'quantization': 'Q4_K_M'}"
d743e773a3e9b88ef5ba9f237f4c4a28761255143f088bf4bfde283759b043f8,unimoral_022,C2_incentive_neutral,qwen3:14b,version_j,p0_default,True,0,"{'model_name': 'qwen3:14b', 'temperature': 0.7, 'top_p': 0.9, 'top_k': None, 'seed': 42, 'quantization': 'Q4_K_M'}"
d726af914cfc9e57fe256168df9ccc3a97a46a288f2373afa4080ff99374b9a5,unimoral_022,P2_incentive_pressure,qwen3:14b,version_j,p0_default,False,0,"{'model_name': 'qwen3:14b', 'temperature': 0.7, 'top_p': 0.9, 'top_k': None, 'seed': 42, 'quantization': 'Q4_K_M'}"
5a09f18eab0d7390dad74809c1e594a76d9e3015567ca35d5abcf29a1435b669,unimoral_022,P2_incentive_pressure,qwen3:14b,version_j,p0_default,True,0,"{'model_name': 'qwen3:14b', 'temperature': 0.7, 'top_p': 0.9, 'top_k': None, 'seed': 42, 'quantization': 'Q4_K_M'}"
65b95cc4fbedb2aa6bf93746483c58df14cd4795c10126818008defc1e91af3e,unimoral_022,C3_social_neutral,qwen3:14b,version_j,p0_default,False,0,"{'model_name': 'qwen3:14b', 'temperature': 0.7, 'top_p': 0.9, 'top_k': None, 'seed': 42, 'quantization': 'Q4_K_M'}"
88b906ef44163c4ca219160add6706e843af667b53666e57cae2ab64a92c478c,unimoral_022,C3_social_neutral,qwen3:14b,version_j,p0_default,True,0,"{'model_name': 'qwen3:14b', 'temperature': 0.7, 'top_p': 0.9, 'top_k': None, 'seed': 42, 'quantization': 'Q4_K_M'}"
d204adb97deaed2fd50aca7ea1599472932b71559693189b903109d9994559ba,unimoral_022,P3_social_pressure,qwen3:14b,version_j,p0_default,False,0,"{'model_name': 'qwen3:14b', 'temperature': 0.7, 'top_p': 0.9, 'top_k': None, 'seed': 42, 'quantization': 'Q4_K_M'}"
b1cfd0044a5e15395d2fece42b4e82c66b8e4501b6ac46eb7f7a04df57c459f5,unimoral_022,P3_social_pressure,qwen3:14b,version_j,p0_default,True,0,"{'model_name': 'qwen3:14b', 'temperature': 0.7, 'top_p': 0.9, 'top_k': None, 'seed': 42, 'quantization': 'Q4_K_M'}"
de1da2de109620eb5fa6c24f843c36f6f65021edc8abd07a4d3516054121dea5,unimoral_022,C4_metric_neutral,qwen3:14b,version_j,p0_default,False,0,"{'model_name': 'qwen3:14b', 'temperature': 0.7, 'top_p': 0.9, 'top_k': None, 'seed': 42, 'quantization': 'Q4_K_M'}"
c4ae20467f6eb4f62b8f251ade9976f40fb6b4349c09edc100b6a729d3bcbcee,unimoral_022,C4_metric_neutral,qwen3:14b,version_j,p0_default,True,0,"{'model_name': 'qwen3:14b', 'temperature': 0.7, 'top_p': 0.9, 'top_k': None, 'seed': 42, 'quantization': 'Q4_K_M'}"
21007af5610a1015d3888cf87342564e4085ad3af9484587934bb28ec95f694f,unimoral_022,P4_metric_pressure,qwen3:14b,version_j,p0_default,False,0,"{'model_name': 'qwen3:14b', 'temperature': 0.7, 'top_p': 0.9, 'top_k': None, 'seed': 42, 'quantization': 'Q4_K_M'}"
8f90dd2d87f961f39e44ad8a0976f3ac63552e3ada3ec7b3966311085911fe4f,unimoral_022,P4_metric_pressure,qwen3:14b,version_j,p0_default,True,0,"{'model_name': 'qwen3:14b', 'temperature': 0.7, 'top_p': 0.9, 'top_k': None, 'seed': 42, 'quantization': 'Q4_K_M'}"
c2ec95e12a6f3ebf7e647b68ded8669ea4d7916dc13f4dc014ac942ccf7abe65,unimoral_023,B0_stripped_baseline,qwen3:14b,version_j,p0_default,False,0,"{'model_name': 'qwen3:14b', 'temperature': 0.7, 'top_p': 0.9, 'top_k': None, 'seed': 42, 'quantization': 'Q4_K_M'}"
484aa890df4f611ed64aae1fe7688ed63e534e28fbdad5def381866fb5358814,unimoral_023,B0_stripped_baseline,qwen3:14b,version_j,p0_default,True,0,"{'model_name': 'qwen3:14b', 'temperature': 0.7, 'top_p': 0.9, 'top_k': None, 'seed': 42, 'quantization': 'Q4_K_M'}"
5b19478366928509191731334d138166bd0ae27ec70860e6159d74bfec105cc4,unimoral_023,C1_authority_neutral,qwen3:14b,version_j,p0_default,False,0,"{'model_name': 'qwen3:14b', 'temperature': 0.7, 'top_p': 0.9, 'top_k': None, 'seed': 42, 'quantization': 'Q4_K_M'}"
cf4b6e9f02b6cc31a1fe9e76e6cea041cb64604531621892ad44b35281f9266d,unimoral_023,C1_authority_neutral,qwen3:14b,version_j,p0_default,True,0,"{'model_name': 'qwen3:14b', 'temperature': 0.7, 'top_p': 0.9, 'top_k': None, 'seed': 42, 'quantization': 'Q4_K_M'}"
b0f9d7e4d0ccff7b8d47baf4025afb389ff95d97edc9b11b947c6848fad5c8e4,unimoral_023,P1_authority_pressure,qwen3:14b,version_j,p0_default,False,0,"{'model_name': 'qwen3:14b', 'temperature': 0.7, 'top_p': 0.9, 'top_k': None, 'seed': 42, 'quantization': 'Q4_K_M'}"
261a264a8d7b7dbce21b5dee82214e1d3a919adc8bda76224292983126cec60e,unimoral_023,P1_authority_pressure,qwen3:14b,version_j,p0_default,True,0,"{'model_name': 'qwen3:14b', 'temperature': 0.7, 'top_p': 0.9, 'top_k': None, 'seed': 42, 'quantization': 'Q4_K_M'}"
69a78939590e65b2c95f215b40ad2058bb836bf6a04bbc992d33bea16c8b09e8,unimoral_023,C2_incentive_neutral,qwen3:14b,version_j,p0_default,False,0,"{'model_name': 'qwen3:14b', 'temperature': 0.7, 'top_p': 0.9, 'top_k': None, 'seed': 42, 'quantization': 'Q4_K_M'}"
df1a5d7253a97c0650af0436ad36163e0fde3c69a3f42751e473972166474f32,unimoral_023,C2_incentive_neutral,qwen3:14b,version_j,p0_default,True,0,"{'model_name': 'qwen3:14b', 'temperature': 0.7, 'top_p': 0.9, 'top_k': None, 'seed': 42, 'quantization': 'Q4_K_M'}"
abfcfe1f77da6999e9e5fea2480ecb76d01ab74eff7c19f976acecae15b5d06f,unimoral_023,P2_incentive_pressure,qwen3:14b,version_j,p0_default,False,0,"{'model_name': 'qwen3:14b', 'temperature': 0.7, 'top_p': 0.9, 'top_k': None, 'seed': 42, 'quantization': 'Q4_K_M'}"
13412014d46b4cbad11f51ee7843a8fdc420ba5cdaee63ea47c54c414a98b7f3,unimoral_023,P2_incentive_pressure,qwen3:14b,version_j,p0_default,True,0,"{'model_name': 'qwen3:14b', 'temperature': 0.7, 'top_p': 0.9, 'top_k': None, 'seed': 42, 'quantization': 'Q4_K_M'}"
70e608a2a97bcfd034e734fe958c8db5eb63b68b42f4e68bb7bfccfa8dbf2766,unimoral_023,C3_social_neutral,qwen3:14b,version_j,p0_default,False,0,"{'model_name': 'qwen3:14b', 'temperature': 0.7, 'top_p': 0.9, 'top_k': None, 'seed': 42, 'quantization': 'Q4_K_M'}"
d016d5953199c5ea4c35cb15d9c965324afaaa1789e4ee34e6a088b9201089a2,unimoral_023,C3_social_neutral,qwen3:14b,version_j,p0_default,True,0,"{'model_name': 'qwen3:14b', 'temperature': 0.7, 'top_p': 0.9, 'top_k': None, 'seed': 42, 'quantization': 'Q4_K_M'}"
9671fbd4ac34262af68167ffa5152deb5ec715284ae18ca172bb690c727c187f,unimoral_023,P3_social_pressure,qwen3:14b,version_j,p0_default,False,0,"{'model_name': 'qwen3:14b', 'temperature': 0.7, 'top_p': 0.9, 'top_k': None, 'seed': 42, 'quantization': 'Q4_K_M'}"
9d8356265eaf969f52fbb21d9d365960951f4fe6cb0daa718c4c16971e5dd314,unimoral_023,P3_social_pressure,qwen3:14b,version_j,p0_default,True,0,"{'model_name': 'qwen3:14b', 'temperature': 0.7, 'top_p': 0.9, 'top_k': None, 'seed': 42, 'quantization': 'Q4_K_M'}"
769131a1eb291e75960694a4c51a6158efba16530bb1e27daea1301f30563965,unimoral_023,C4_metric_neutral,qwen3:14b,version_j,p0_default,False,0,"{'model_name': 'qwen3:14b', 'temperature': 0.7, 'top_p': 0.9, 'top_k': None, 'seed': 42, 'quantization': 'Q4_K_M'}"
4ce51f2450394ff0cfb197212e8a6bfbda228c2fc522e0b7e3ad276586e7c4cd,unimoral_023,C4_metric_neutral,qwen3:14b,version_j,p0_default,True,0,"{'model_name': 'qwen3:14b', 'temperature': 0.7, 'top_p': 0.9, 'top_k': None, 'seed': 42, 'quantization': 'Q4_K_M'}"
4329cb20e88b7f9cacb54f205a2491defc73daf9a277941e2dae3f30fb459d6c,unimoral_023,P4_metric_pressure,qwen3:14b,version_j,p0_default,False,0,"{'model_name': 'qwen3:14b', 'temperature': 0.7, 'top_p': 0.9, 'top_k': None, 'seed': 42, 'quantization': 'Q4_K_M'}"
c5047150f4287490caa9d5181b924ca19d2f8bd11baf5725a2990d25d261ad66,unimoral_023,P4_metric_pressure,qwen3:14b,version_j,p0_default,True,0,"{'model_name': 'qwen3:14b', 'temperature': 0.7, 'top_p': 0.9, 'top_k': None, 'seed': 42, 'quantization': 'Q4_K_M'}"
27c148841fe8ac8dd33ab840ad6b696efd86ccaa08577bb46e2e29ff3baec3a2,unimoral_024,B0_stripped_baseline,qwen3:14b,version_j,p0_default,False,0,"{'model_name': 'qwen3:14b', 'temperature': 0.7, 'top_p': 0.9, 'top_k': None, 'seed': 42, 'quantization': 'Q4_K_M'}"
ad39b4d6bd13b4bd35e9f791836cd65e3cd45779365b8c75136e280dbb2f3f22,unimoral_024,B0_stripped_baseline,qwen3:14b,version_j,p0_default,True,0,"{'model_name': 'qwen3:14b', 'temperature': 0.7, 'top_p': 0.9, 'top_k': None, 'seed': 42, 'quantization': 'Q4_K_M'}"
c598a5e46ddfbe7c3076c5c51a44349afd4a5af6312c1a6ebe9239cf175e2867,unimoral_024,C1_authority_neutral,qwen3:14b,version_j,p0_default,False,0,"{'model_name': 'qwen3:14b', 'temperature': 0.7, 'top_p': 0.9, 'top_k': None, 'seed': 42, 'quantization': 'Q4_K_M'}"
1a68b976c2f18f0543a9151849a103fed85828165b5c763e4f6f4a1cd28160c4,unimoral_024,C1_authority_neutral,qwen3:14b,version_j,p0_default,True,0,"{'model_name': 'qwen3:14b', 'temperature': 0.7, 'top_p': 0.9, 'top_k': None, 'seed': 42, 'quantization': 'Q4_K_M'}"
919fd2c33f84161b0be06bbbc0f588d4e2ff7f5723b5a895433a3d6059a0a3e7,unimoral_024,P1_authority_pressure,qwen3:14b,version_j,p0_default,False,0,"{'model_name': 'qwen3:14b', 'temperature': 0.7, 'top_p': 0.9, 'top_k': None, 'seed': 42, 'quantization': 'Q4_K_M'}"
80a895dd241f68fd10f646994424800a3445e71e411f5a26ecff006c457d6653,unimoral_024,P1_authority_pressure,qwen3:14b,version_j,p0_default,True,0,"{'model_name': 'qwen3:14b', 'temperature': 0.7, 'top_p': 0.9, 'top_k': None, 'seed': 42, 'quantization': 'Q4_K_M'}"
9294a94f0eb95f544309e331a65b0b61cfeefb0ad6a0ed3e83a5a8f77df41372,unimoral_024,C2_incentive_neutral,qwen3:14b,version_j,p0_default,False,0,"{'model_name': 'qwen3:14b', 'temperature': 0.7, 'top_p': 0.9, 'top_k': None, 'seed': 42, 'quantization': 'Q4_K_M'}"
ae09c081fbddb666e76d57fdd92422b2eb009b068599201f2dcd59b21096f2d8,unimoral_024,C2_incentive_neutral,qwen3:14b,version_j,p0_default,True,0,"{'model_name': 'qwen3:14b', 'temperature': 0.7, 'top_p': 0.9, 'top_k': None, 'seed': 42, 'quantization': 'Q4_K_M'}"
914a2e68bfbf1ca7e91cef3f6a758938a3ed361caed62b08702ba790edff5218,unimoral_024,P2_incentive_pressure,qwen3:14b,version_j,p0_default,False,0,"{'model_name': 'qwen3:14b', 'temperature': 0.7, 'top_p': 0.9, 'top_k': None, 'seed': 42, 'quantization': 'Q4_K_M'}"
2ad636f4ef5d0a26ab4b61b5502b3aa3ebb064a0fc61ef637e5293217538433c,unimoral_024,P2_incentive_pressure,qwen3:14b,version_j,p0_default,True,0,"{'model_name': 'qwen3:14b', 'temperature': 0.7, 'top_p': 0.9, 'top_k': None, 'seed': 42, 'quantization': 'Q4_K_M'}"
42ad9b32d8667a7894aa92af903c01df095cc9e6e13e11123fc88882678b91ef,unimoral_024,C3_social_neutral,qwen3:14b,version_j,p0_default,False,0,"{'model_name': 'qwen3:14b', 'temperature': 0.7, 'top_p': 0.9, 'top_k': None, 'seed': 42, 'quantization': 'Q4_K_M'}"
fb0530a218181305c31c465ab858f2f0813bdc2b3c39a732eacde2a6b4699017,unimoral_024,C3_social_neutral,qwen3:14b,version_j,p0_default,True,0,"{'model_name': 'qwen3:14b', 'temperature': 0.7, 'top_p': 0.9, 'top_k': None, 'seed': 42, 'quantization': 'Q4_K_M'}"
3992131480325484f14443ca8ee39096922c4bc213282de8ebf0d8b656e515d1,unimoral_024,P3_social_pressure,qwen3:14b,version_j,p0_default,False,0,"{'model_name': 'qwen3:14b', 'temperature': 0.7, 'top_p': 0.9, 'top_k': None, 'seed': 42, 'quantization': 'Q4_K_M'}"
b99a6c6e7cf2fc73fea2418ec06363b1fa5b6a57cb8b45d8d1b1c556f5ad3c74,unimoral_024,P3_social_pressure,qwen3:14b,version_j,p0_default,True,0,"{'model_name': 'qwen3:14b', 'temperature': 0.7, 'top_p': 0.9, 'top_k': None, 'seed': 42, 'quantization': 'Q4_K_M'}"
5ed1f5a9208732485abab97112d8714cae4a51bab786458c69953a910646e1fc,unimoral_024,C4_metric_neutral,qwen3:14b,version_j,p0_default,False,0,"{'model_name': 'qwen3:14b', 'temperature': 0.7, 'top_p': 0.9, 'top_k': None, 'seed': 42, 'quantization': 'Q4_K_M'}"
d2c201722232cf31bd7f5059067523a9b9f207915134cf1fbc3839f9c708dcab,unimoral_024,C4_metric_neutral,qwen3:14b,version_j,p0_default,True,0,"{'model_name': 'qwen3:14b', 'temperature': 0.7, 'top_p': 0.9, 'top_k': None, 'seed': 42, 'quantization': 'Q4_K_M'}"
586a3a896887675024a7d16c748dc0b413a56cef983446e89baf9832de8bd28f,unimoral_024,P4_metric_pressure,qwen3:14b,version_j,p0_default,False,0,"{'model_name': 'qwen3:14b', 'temperature': 0.7, 'top_p': 0.9, 'top_k': None, 'seed': 42, 'quantization': 'Q4_K_M'}"
88365fbd79df1b717fc096df8a952e4d736fd7a1041971ce0546e11cf4ee3c5b,unimoral_024,P4_metric_pressure,qwen3:14b,version_j,p0_default,True,0,"{'model_name': 'qwen3:14b', 'temperature': 0.7, 'top_p': 0.9, 'top_k': None, 'seed': 42, 'quantization': 'Q4_K_M'}"
bbbd396d22aae0cf2f3f0487fd9f16dbc7a5ad3828712acb925cd9c74f454a56,unimoral_025,B0_stripped_baseline,qwen3:14b,version_j,p0_default,False,0,"{'model_name': 'qwen3:14b', 'temperature': 0.7, 'top_p': 0.9, 'top_k': None, 'seed': 42, 'quantization': 'Q4_K_M'}"
537f4d1a88bc33034f27b8f184d6ab85cf37fa1177da753badfcd1a0b57645d8,unimoral_025,B0_stripped_baseline,qwen3:14b,version_j,p0_default,True,0,"{'model_name': 'qwen3:14b', 'temperature': 0.7, 'top_p': 0.9, 'top_k': None, 'seed': 42, 'quantization': 'Q4_K_M'}"
4365232d9046a0bb726961c54d258fcf220ab7756e087572fc16523fd7421ef6,unimoral_025,C1_authority_neutral,qwen3:14b,version_j,p0_default,False,0,"{'model_name': 'qwen3:14b', 'temperature': 0.7, 'top_p': 0.9, 'top_k': None, 'seed': 42, 'quantization': 'Q4_K_M'}"
34be3f7bf5212333946f10784c71a815f5d3c5bb9119f31cbbf4763584f66426,unimoral_025,C1_authority_neutral,qwen3:14b,version_j,p0_default,True,0,"{'model_name': 'qwen3:14b', 'temperature': 0.7, 'top_p': 0.9, 'top_k': None, 'seed': 42, 'quantization': 'Q4_K_M'}"
65d64b267054bfbda726662e50f1c6bb4ac284364285a9a6ba0c1f3e2a11bbdd,unimoral_025,P1_authority_pressure,qwen3:14b,version_j,p0_default,False,0,"{'model_name': 'qwen3:14b', 'temperature': 0.7, 'top_p': 0.9, 'top_k': None, 'seed': 42, 'quantization': 'Q4_K_M'}"
0f8cfd92a5ee78d25ae722676f657bd8a3b5f0d678c630de44cdc74457a4a6cf,unimoral_025,P1_authority_pressure,qwen3:14b,version_j,p0_default,True,0,"{'model_name': 'qwen3:14b', 'temperature': 0.7, 'top_p': 0.9, 'top_k': None, 'seed': 42, 'quantization': 'Q4_K_M'}"
2f1b316403fdd6def596ac6980fe209920539be2f13f0a910f4ba5caad695745,unimoral_025,C2_incentive_neutral,qwen3:14b,version_j,p0_default,False,0,"{'model_name': 'qwen3:14b', 'temperature': 0.7, 'top_p': 0.9, 'top_k': None, 'seed': 42, 'quantization': 'Q4_K_M'}"
ca75d32519a0445680577c656c373563b81c4b29301fd8e765b79884dede035f,unimoral_025,C2_incentive_neutral,qwen3:14b,version_j,p0_default,True,0,"{'model_name': 'qwen3:14b', 'temperature': 0.7, 'top_p': 0.9, 'top_k': None, 'seed': 42, 'quantization': 'Q4_K_M'}"
03543d8a62cac6df6719e713d2d234ff3dda2200f5e839368badadf3f0ed82b0,unimoral_025,P2_incentive_pressure,qwen3:14b,version_j,p0_default,False,0,"{'model_name': 'qwen3:14b', 'temperature': 0.7, 'top_p': 0.9, 'top_k': None, 'seed': 42, 'quantization': 'Q4_K_M'}"
a6d3b977038855334bbf155865f3f8092a048b8186fc3ec0d50cb41b0f4ca94d,unimoral_025,P2_incentive_pressure,qwen3:14b,version_j,p0_default,True,0,"{'model_name': 'qwen3:14b', 'temperature': 0.7, 'top_p': 0.9, 'top_k': None, 'seed': 42, 'quantization': 'Q4_K_M'}"
91d8e2e527a04b2454ac4a72191793c8531fda654d47ecb8e3fc5483fb3fe93b,unimoral_025,C3_social_neutral,qwen3:14b,version_j,p0_default,False,0,"{'model_name': 'qwen3:14b', 'temperature': 0.7, 'top_p': 0.9, 'top_k': None, 'seed': 42, 'quantization': 'Q4_K_M'}"
466af55072827f71abdd33676d61570b9bb545f62e69bbd897416178598a91fd,unimoral_025,C3_social_neutral,qwen3:14b,version_j,p0_default,True,0,"{'model_name': 'qwen3:14b', 'temperature': 0.7, 'top_p': 0.9, 'top_k': None, 'seed': 42, 'quantization': 'Q4_K_M'}"
9d27edecd2d8ea9eec5ccad364795ed83ed93da8bd6493bb33f04e9d2448a8d7,unimoral_025,P3_social_pressure,qwen3:14b,version_j,p0_default,False,0,"{'model_name': 'qwen3:14b', 'temperature': 0.7, 'top_p': 0.9, 'top_k': None, 'seed': 42, 'quantization': 'Q4_K_M'}"
dd125e1ead740ad647da5ff19429379688b1642932ba37df42e6b0c3feaf46aa,unimoral_025,P3_social_pressure,qwen3:14b,version_j,p0_default,True,0,"{'model_name': 'qwen3:14b', 'temperature': 0.7, 'top_p': 0.9, 'top_k': None, 'seed': 42, 'quantization': 'Q4_K_M'}"
44943b0824afb348dfd8de7161ef7e8c151eb31fb827b83dcb26d4a4b6810b60,unimoral_025,C4_metric_neutral,qwen3:14b,version_j,p0_default,False,0,"{'model_name': 'qwen3:14b', 'temperature': 0.7, 'top_p': 0.9, 'top_k': None, 'seed': 42, 'quantization': 'Q4_K_M'}"
74b36855b4b8e747b7714fbbcb84b521b25f8a6c89ace7f8997b0d79d9e2b785,unimoral_025,C4_metric_neutral,qwen3:14b,version_j,p0_default,True,0,"{'model_name': 'qwen3:14b', 'temperature': 0.7, 'top_p': 0.9, 'top_k': None, 'seed': 42, 'quantization': 'Q4_K_M'}"
2b11683a13281a96912117e95fea9da90580db10564bdb0ecfbf53884c693b84,unimoral_025,P4_metric_pressure,qwen3:14b,version_j,p0_default,False,0,"{'model_name': 'qwen3:14b', 'temperature': 0.7, 'top_p': 0.9, 'top_k': None, 'seed': 42, 'quantization': 'Q4_K_M'}"
29be12c1e8eda2513330f5abc5ebb780344df53d85b70ca4ffa455ed40c51aee,unimoral_025,P4_metric_pressure,qwen3:14b,version_j,p0_default,True,0,"{'model_name': 'qwen3:14b', 'temperature': 0.7, 'top_p': 0.9, 'top_k': None, 'seed': 42, 'quantization': 'Q4_K_M'}"
54a2fa05c11ea35526cc075350c89d75aa7ab268dd0ff629c6918293d2d95393,unimoral_026,B0_stripped_baseline,qwen3:14b,version_j,p0_default,False,0,"{'model_name': 'qwen3:14b', 'temperature': 0.7, 'top_p': 0.9, 'top_k': None, 'seed': 42, 'quantization': 'Q4_K_M'}"
1e0b5812f17479353cd2414fdb87c67579f8d1d528152da03531a965402851cc,unimoral_026,B0_stripped_baseline,qwen3:14b,version_j,p0_default,True,0,"{'model_name': 'qwen3:14b', 'temperature': 0.7, 'top_p': 0.9, 'top_k': None, 'seed': 42, 'quantization': 'Q4_K_M'}"
5177d526beb87223cd33504a6722a26fa3755e3be674a60a119d857399e7b715,unimoral_026,C1_authority_neutral,qwen3:14b,version_j,p0_default,False,0,"{'model_name': 'qwen3:14b', 'temperature': 0.7, 'top_p': 0.9, 'top_k': None, 'seed': 42, 'quantization': 'Q4_K_M'}"
d483a74eb3bd64905a1382ec018d30013d7bd8faa31a4edae9f4049a78e7fd84,unimoral_026,C1_authority_neutral,qwen3:14b,version_j,p0_default,True,0,"{'model_name': 'qwen3:14b', 'temperature': 0.7, 'top_p': 0.9, 'top_k': None, 'seed': 42, 'quantization': 'Q4_K_M'}"
20a9eea47566436e199eb98a0825c5c76b0eeaef13ae201335cf87a11e6050d3,unimoral_026,P1_authority_pressure,qwen3:14b,version_j,p0_default,False,0,"{'model_name': 'qwen3:14b', 'temperature': 0.7, 'top_p': 0.9, 'top_k': None, 'seed': 42, 'quantization': 'Q4_K_M'}"
4705fb0f20a412f8e34c63d88c5f6320bdc1ae1ae3d12cf0a4c7f307375aa458,unimoral_026,P1_authority_pressure,qwen3:14b,version_j,p0_default,True,0,"{'model_name': 'qwen3:14b', 'temperature': 0.7, 'top_p': 0.9, 'top_k': None, 'seed': 42, 'quantization': 'Q4_K_M'}"
ce9431d4d5cd1fd82a64030a7a189618764ec9fa6a58c4c894f926289a9c00e1,unimoral_026,C2_incentive_neutral,qwen3:14b,version_j,p0_default,False,0,"{'model_name': 'qwen3:14b', 'temperature': 0.7, 'top_p': 0.9, 'top_k': None, 'seed': 42, 'quantization': 'Q4_K_M'}"
a550738cb99a3160d531e6db97048baf95a16bb51f78de5ebbaf0481eeaf77d5,unimoral_026,C2_incentive_neutral,qwen3:14b,version_j,p0_default,True,0,"{'model_name': 'qwen3:14b', 'temperature': 0.7, 'top_p': 0.9, 'top_k': None, 'seed': 42, 'quantization': 'Q4_K_M'}"
7b1152648cf99fe903400cc2ef6c7b4356bfa826d0f0864ec45fcafd7263d4e4,unimoral_026,P2_incentive_pressure,qwen3:14b,version_j,p0_default,False,0,"{'model_name': 'qwen3:14b', 'temperature': 0.7, 'top_p': 0.9, 'top_k': None, 'seed': 42, 'quantization': 'Q4_K_M'}"
4c87e9edde94fb164559e46eee2458f79752406a6bf559d1580902af65be8968,unimoral_026,P2_incentive_pressure,qwen3:14b,version_j,p0_default,True,0,"{'model_name': 'qwen3:14b', 'temperature': 0.7, 'top_p': 0.9, 'top_k': None, 'seed': 42, 'quantization': 'Q4_K_M'}"
b2878cb2df7256fc5bbf1a3c2cb88e77406a80d66e2c361fb4959fb8fc1a1805,unimoral_026,C3_social_neutral,qwen3:14b,version_j,p0_default,False,0,"{'model_name': 'qwen3:14b', 'temperature': 0.7, 'top_p': 0.9, 'top_k': None, 'seed': 42, 'quantization': 'Q4_K_M'}"
37f776c89140a74e1378a6a8a476a3bf2b10b2d92b86c5b993e9659f77446733,unimoral_026,C3_social_neutral,qwen3:14b,version_j,p0_default,True,0,"{'model_name': 'qwen3:14b', 'temperature': 0.7, 'top_p': 0.9, 'top_k': None, 'seed': 42, 'quantization': 'Q4_K_M'}"
e317f86b7d4117fb52ec783bc4efaa41214f7f31ee6ec1c20ec7381af8a942be,unimoral_026,P3_social_pressure,qwen3:14b,version_j,p0_default,False,0,"{'model_name': 'qwen3:14b', 'temperature': 0.7, 'top_p': 0.9, 'top_k': None, 'seed': 42, 'quantization': 'Q4_K_M'}"
fd953d9303edae635b7ae6e45b6568180adff24037d5fc92c929dca77c3b7d69,unimoral_026,P3_social_pressure,qwen3:14b,version_j,p0_default,True,0,"{'model_name': 'qwen3:14b', 'temperature': 0.7, 'top_p': 0.9, 'top_k': None, 'seed': 42, 'quantization': 'Q4_K_M'}"
5f9a2216928f7f155845ae1f3d0cfe287e81f8569b9d474589161c029fa2f1dd,unimoral_026,C4_metric_neutral,qwen3:14b,version_j,p0_default,False,0,"{'model_name': 'qwen3:14b', 'temperature': 0.7, 'top_p': 0.9, 'top_k': None, 'seed': 42, 'quantization': 'Q4_K_M'}"
8354a92e153be754282566e167f1d34ee0f16a1b60df4aa5af7cfea87ea103a2,unimoral_026,C4_metric_neutral,qwen3:14b,version_j,p0_default,True,0,"{'model_name': 'qwen3:14b', 'temperature': 0.7, 'top_p': 0.9, 'top_k': None, 'seed': 42, 'quantization': 'Q4_K_M'}"
4fe9c660c27a15f8699040f69b0a4a246a9099c93bdb1ece16959f871f9fb67c,unimoral_026,P4_metric_pressure,qwen3:14b,version_j,p0_default,False,0,"{'model_name': 'qwen3:14b', 'temperature': 0.7, 'top_p': 0.9, 'top_k': None, 'seed': 42, 'quantization': 'Q4_K_M'}"
e77d752ae59d3e8513715e35f75e990bf884d2685b4ccd86f41d1ab7bde9fc5a,unimoral_026,P4_metric_pressure,qwen3:14b,version_j,p0_default,True,0,"{'model_name': 'qwen3:14b', 'temperature': 0.7, 'top_p': 0.9, 'top_k': None, 'seed': 42, 'quantization': 'Q4_K_M'}"
27be63aa2ee6043dcb77f19684dc91d9d92e6e2754e335ba42d26098bee06720,unimoral_027,B0_stripped_baseline,qwen3:14b,version_j,p0_default,False,0,"{'model_name': 'qwen3:14b', 'temperature': 0.7, 'top_p': 0.9, 'top_k': None, 'seed': 42, 'quantization': 'Q4_K_M'}"
02ddc6412b952b8c087e4d9ed59788e265360bae2af613b2d535340727634356,unimoral_027,B0_stripped_baseline,qwen3:14b,version_j,p0_default,True,0,"{'model_name': 'qwen3:14b', 'temperature': 0.7, 'top_p': 0.9, 'top_k': None, 'seed': 42, 'quantization': 'Q4_K_M'}"
a7728e89197be10f6c365a86d637fefae57e987a249c915490fa4c4d335b71cf,unimoral_027,C1_authority_neutral,qwen3:14b,version_j,p0_default,False,0,"{'model_name': 'qwen3:14b', 'temperature': 0.7, 'top_p': 0.9, 'top_k': None, 'seed': 42, 'quantization': 'Q4_K_M'}"
4790e841ea177c4e597a75382c41a3447e25750cfea3885bffebb0a2bd75618c,unimoral_027,C1_authority_neutral,qwen3:14b,version_j,p0_default,True,0,"{'model_name': 'qwen3:14b', 'temperature': 0.7, 'top_p': 0.9, 'top_k': None, 'seed': 42, 'quantization': 'Q4_K_M'}"
9d29cc1ea16b0d061d7efe36ac768ea3ca392dd572dbd0774b6df6b5c6ece98d,unimoral_027,P1_authority_pressure,qwen3:14b,version_j,p0_default,False,0,"{'model_name': 'qwen3:14b', 'temperature': 0.7, 'top_p': 0.9, 'top_k': None, 'seed': 42, 'quantization': 'Q4_K_M'}"
32edab6b1030fe67dd02e2d5c1cdf055f1116a163f3c713e9f69d96edd6bc399,unimoral_027,P1_authority_pressure,qwen3:14b,version_j,p0_default,True,0,"{'model_name': 'qwen3:14b', 'temperature': 0.7, 'top_p': 0.9, 'top_k': None, 'seed': 42, 'quantization': 'Q4_K_M'}"
4c7c4b78ec726d2d381f400af79735cc8dd29a14f1e4e0e45cfd79f8f37bae21,unimoral_027,C2_incentive_neutral,qwen3:14b,version_j,p0_default,False,0,"{'model_name': 'qwen3:14b', 'temperature': 0.7, 'top_p': 0.9, 'top_k': None, 'seed': 42, 'quantization': 'Q4_K_M'}"
d75ebcb2168c55f750782bb340f322021fc0296e736fc3206adaabbfea1a5758,unimoral_027,C2_incentive_neutral,qwen3:14b,version_j,p0_default,True,0,"{'model_name': 'qwen3:14b', 'temperature': 0.7, 'top_p': 0.9, 'top_k': None, 'seed': 42, 'quantization': 'Q4_K_M'}"
1546b0eae5ec24cc218a9327af3e65e75a14192f793bbb2974865c602d58d7ea,unimoral_027,P2_incentive_pressure,qwen3:14b,version_j,p0_default,False,0,"{'model_name': 'qwen3:14b', 'temperature': 0.7, 'top_p': 0.9, 'top_k': None, 'seed': 42, 'quantization': 'Q4_K_M'}"
0d94dfc1a2388a98fca621602aebf85ecb54e1230adfe308c0f9dafae2c9eb50,unimoral_027,P2_incentive_pressure,qwen3:14b,version_j,p0_default,True,0,"{'model_name': 'qwen3:14b', 'temperature': 0.7, 'top_p': 0.9, 'top_k': None, 'seed': 42, 'quantization': 'Q4_K_M'}"
d863e3cbe9cb41f7aab830abe76184308e4351cbddc63a1873b8197b5cb06145,unimoral_027,C3_social_neutral,qwen3:14b,version_j,p0_default,False,0,"{'model_name': 'qwen3:14b', 'temperature': 0.7, 'top_p': 0.9, 'top_k': None, 'seed': 42, 'quantization': 'Q4_K_M'}"
8dc431f95409f0f49eb5278827ee9dc64bc22f44c92964a7897756055e162e2d,unimoral_027,C3_social_neutral,qwen3:14b,version_j,p0_default,True,0,"{'model_name': 'qwen3:14b', 'temperature': 0.7, 'top_p': 0.9, 'top_k': None, 'seed': 42, 'quantization': 'Q4_K_M'}"
afb8410eb9bd6b742a5c4db116c0b3d6664543854ea4f92b06f61935ebb1ecb5,unimoral_027,P3_social_pressure,qwen3:14b,version_j,p0_default,False,0,"{'model_name': 'qwen3:14b', 'temperature': 0.7, 'top_p': 0.9, 'top_k': None, 'seed': 42, 'quantization': 'Q4_K_M'}"
b143af54c769b73fd168df2a8e0df3dca0e0b0ffd8216310acd8d6550efbedf4,unimoral_027,P3_social_pressure,qwen3:14b,version_j,p0_default,True,0,"{'model_name': 'qwen3:14b', 'temperature': 0.7, 'top_p': 0.9, 'top_k': None, 'seed': 42, 'quantization': 'Q4_K_M'}"
b71bced5eeaf041e761177718999939b10e3a07e186581b7d33e75d363cb9905,unimoral_027,C4_metric_neutral,qwen3:14b,version_j,p0_default,False,0,"{'model_name': 'qwen3:14b', 'temperature': 0.7, 'top_p': 0.9, 'top_k': None, 'seed': 42, 'quantization': 'Q4_K_M'}"
803cab2b32781d7b605e0fe0dc562841f675da854a9170ec88cfadd38a6fd0b3,unimoral_027,C4_metric_neutral,qwen3:14b,version_j,p0_default,True,0,"{'model_name': 'qwen3:14b', 'temperature': 0.7, 'top_p': 0.9, 'top_k': None, 'seed': 42, 'quantization': 'Q4_K_M'}"
0d2368a1dbe5a93e125602c1205a1a79df3f5e384cf1b7d3cf893235ea7fcf2f,unimoral_027,P4_metric_pressure,qwen3:14b,version_j,p0_default,False,0,"{'model_name': 'qwen3:14b', 'temperature': 0.7, 'top_p': 0.9, 'top_k': None, 'seed': 42, 'quantization': 'Q4_K_M'}"
7baf204186b6c9ca1b908fea4ff8a3aab5ba4776cd0aff5795c99680c03ab83b,unimoral_027,P4_metric_pressure,qwen3:14b,version_j,p0_default,True,0,"{'model_name': 'qwen3:14b', 'temperature': 0.7, 'top_p': 0.9, 'top_k': None, 'seed': 42, 'quantization': 'Q4_K_M'}"
3d236cb3f5e41cf255f55f83876bb6cbda37a73f7bfb591ce1ab5797d932b775,unimoral_028,B0_stripped_baseline,qwen3:14b,version_j,p0_default,False,0,"{'model_name': 'qwen3:14b', 'temperature': 0.7, 'top_p': 0.9, 'top_k': None, 'seed': 42, 'quantization': 'Q4_K_M'}"
d5758fcf555fa5707bc4b13474ca7d01376e239dbce4b6b617145e9591f4e6f3,unimoral_028,B0_stripped_baseline,qwen3:14b,version_j,p0_default,True,0,"{'model_name': 'qwen3:14b', 'temperature': 0.7, 'top_p': 0.9, 'top_k': None, 'seed': 42, 'quantization': 'Q4_K_M'}"
5c7a9291200d64d672e744fb6c3eaf8aa41b4e392214cee5888a2116d8970132,unimoral_028,C1_authority_neutral,qwen3:14b,version_j,p0_default,False,0,"{'model_name': 'qwen3:14b', 'temperature': 0.7, 'top_p': 0.9, 'top_k': None, 'seed': 42, 'quantization': 'Q4_K_M'}"
1a722f29b3954b64b90d9fbac1bf434e92dd73c512aaae88bc43e529a38fb970,unimoral_028,C1_authority_neutral,qwen3:14b,version_j,p0_default,True,0,"{'model_name': 'qwen3:14b', 'temperature': 0.7, 'top_p': 0.9, 'top_k': None, 'seed': 42, 'quantization': 'Q4_K_M'}"
fbab740f6f8aa431151f4d31966f15ec7ec891c93e17b0dfb980358bb5673ce0,unimoral_028,P1_authority_pressure,qwen3:14b,version_j,p0_default,False,0,"{'model_name': 'qwen3:14b', 'temperature': 0.7, 'top_p': 0.9, 'top_k': None, 'seed': 42, 'quantization': 'Q4_K_M'}"
82e3f04fa00220c2932a16db4d38608cc2b4d347bd1c62fe4c795be5c248a8e4,unimoral_028,P1_authority_pressure,qwen3:14b,version_j,p0_default,True,0,"{'model_name': 'qwen3:14b', 'temperature': 0.7, 'top_p': 0.9, 'top_k': None, 'seed': 42, 'quantization': 'Q4_K_M'}"
033a958e3b3f66fbe64acbc83d76c05a9b29f37319a95bde92a9f2e10250a13a,unimoral_028,C2_incentive_neutral,qwen3:14b,version_j,p0_default,False,0,"{'model_name': 'qwen3:14b', 'temperature': 0.7, 'top_p': 0.9, 'top_k': None, 'seed': 42, 'quantization': 'Q4_K_M'}"
9ec6f0cc35b93e36533ff32185411a1da6ce98ae5c1b515788c908ba8e6a436b,unimoral_028,C2_incentive_neutral,qwen3:14b,version_j,p0_default,True,0,"{'model_name': 'qwen3:14b', 'temperature': 0.7, 'top_p': 0.9, 'top_k': None, 'seed': 42, 'quantization': 'Q4_K_M'}"
ed67cb72d1755e656670cd9ca69901efe9518e20ee839669cbb5480a97e2b87b,unimoral_028,P2_incentive_pressure,qwen3:14b,version_j,p0_default,False,0,"{'model_name': 'qwen3:14b', 'temperature': 0.7, 'top_p': 0.9, 'top_k': None, 'seed': 42, 'quantization': 'Q4_K_M'}"
f30293089f5b6231dea68302fd1d0c1a85817f1f8b17eb92c5d4276f156ee2b9,unimoral_028,P2_incentive_pressure,qwen3:14b,version_j,p0_default,True,0,"{'model_name': 'qwen3:14b', 'temperature': 0.7, 'top_p': 0.9, 'top_k': None, 'seed': 42, 'quantization': 'Q4_K_M'}"
b723941ccd3645ba8ed7f5460a13b2df86d53ed822a5b24030b9010309d4c2e7,unimoral_028,C3_social_neutral,qwen3:14b,version_j,p0_default,False,0,"{'model_name': 'qwen3:14b', 'temperature': 0.7, 'top_p': 0.9, 'top_k': None, 'seed': 42, 'quantization': 'Q4_K_M'}"
a64144e75e1b67b69abac87aac197f94433c94822436266f09ab3d17e5df5776,unimoral_028,C3_social_neutral,qwen3:14b,version_j,p0_default,True,0,"{'model_name': 'qwen3:14b', 'temperature': 0.7, 'top_p': 0.9, 'top_k': None, 'seed': 42, 'quantization': 'Q4_K_M'}"
c47e99a6331d4fe6812588a63e60e5d67473b7200d6488cd9dad366145941f93,unimoral_028,P3_social_pressure,qwen3:14b,version_j,p0_default,False,0,"{'model_name': 'qwen3:14b', 'temperature': 0.7, 'top_p': 0.9, 'top_k': None, 'seed': 42, 'quantization': 'Q4_K_M'}"
73c693df21cb88636870e0bd8a46138027a2b53c40e250ce5e1c6173b53b5376,unimoral_028,P3_social_pressure,qwen3:14b,version_j,p0_default,True,0,"{'model_name': 'qwen3:14b', 'temperature': 0.7, 'top_p': 0.9, 'top_k': None, 'seed': 42, 'quantization': 'Q4_K_M'}"
74be089531cd37ed02094b6c3c50d348f2c13410f9114da5254fa0b30b669d72,unimoral_028,C4_metric_neutral,qwen3:14b,version_j,p0_default,False,0,"{'model_name': 'qwen3:14b', 'temperature': 0.7, 'top_p': 0.9, 'top_k': None, 'seed': 42, 'quantization': 'Q4_K_M'}"
ede2742102d6b49668db6c60cdd98c7cd74895812a6a22b238e74f37bbee5da7,unimoral_028,C4_metric_neutral,qwen3:14b,version_j,p0_default,True,0,"{'model_name': 'qwen3:14b', 'temperature': 0.7, 'top_p': 0.9, 'top_k': None, 'seed': 42, 'quantization': 'Q4_K_M'}"
05f95411b1fba034fbb708c62c4952a5b6cb90b52b5cadc69c767063c9ca5712,unimoral_028,P4_metric_pressure,qwen3:14b,version_j,p0_default,False,0,"{'model_name': 'qwen3:14b', 'temperature': 0.7, 'top_p': 0.9, 'top_k': None, 'seed': 42, 'quantization': 'Q4_K_M'}"
819e3297e7aee98f3fa4e5119ab225a73d7c5b2a27ea643662fe21a63d8235c8,unimoral_028,P4_metric_pressure,qwen3:14b,version_j,p0_default,True,0,"{'model_name': 'qwen3:14b', 'temperature': 0.7, 'top_p': 0.9, 'top_k': None, 'seed': 42, 'quantization': 'Q4_K_M'}"
4a3c230939d7d860640e17f4c382c7c4597180ffdafccd1332f7663da1cd1bad,unimoral_029,B0_stripped_baseline,qwen3:14b,version_j,p0_default,False,0,"{'model_name': 'qwen3:14b', 'temperature': 0.7, 'top_p': 0.9, 'top_k': None, 'seed': 42, 'quantization': 'Q4_K_M'}"
b7e9b59ef5cc5b0d85589a8682967cf357dc0e0583ed95e6a2a5dd167977ed7c,unimoral_029,B0_stripped_baseline,qwen3:14b,version_j,p0_default,True,0,"{'model_name': 'qwen3:14b', 'temperature': 0.7, 'top_p': 0.9, 'top_k': None, 'seed': 42, 'quantization': 'Q4_K_M'}"
6c8660aea2bdacc9a634e4c06fbcbf481684b3192752552c88e6466f0a1749ef,unimoral_029,C1_authority_neutral,qwen3:14b,version_j,p0_default,False,0,"{'model_name': 'qwen3:14b', 'temperature': 0.7, 'top_p': 0.9, 'top_k': None, 'seed': 42, 'quantization': 'Q4_K_M'}"
ee88a60590631d87ef13643e34d9111e73e724c80dc09425540864fbbf13f45e,unimoral_029,C1_authority_neutral,qwen3:14b,version_j,p0_default,True,0,"{'model_name': 'qwen3:14b', 'temperature': 0.7, 'top_p': 0.9, 'top_k': None, 'seed': 42, 'quantization': 'Q4_K_M'}"
e1d806da1d42e4e22eedae8aacce171e62ed88777e061e8b29ef7bdaf3bb1942,unimoral_029,P1_authority_pressure,qwen3:14b,version_j,p0_default,False,0,"{'model_name': 'qwen3:14b', 'temperature': 0.7, 'top_p': 0.9, 'top_k': None, 'seed': 42, 'quantization': 'Q4_K_M'}"
7dd466e058ef1c4004fb7f29c28c311ce697d238f170f86a42fe4e43871b2b9e,unimoral_029,P1_authority_pressure,qwen3:14b,version_j,p0_default,True,0,"{'model_name': 'qwen3:14b', 'temperature': 0.7, 'top_p': 0.9, 'top_k': None, 'seed': 42, 'quantization': 'Q4_K_M'}"
437fc880ba61de38fb1a7dcea8cf90e65f254fe6d98916365d2de1c73021a656,unimoral_029,C2_incentive_neutral,qwen3:14b,version_j,p0_default,False,0,"{'model_name': 'qwen3:14b', 'temperature': 0.7, 'top_p': 0.9, 'top_k': None, 'seed': 42, 'quantization': 'Q4_K_M'}"
b1ef5e9eb43906b367d2d544eef64926bd908bc325def119e53deb5da95a7a8f,unimoral_029,C2_incentive_neutral,qwen3:14b,version_j,p0_default,True,0,"{'model_name': 'qwen3:14b', 'temperature': 0.7, 'top_p': 0.9, 'top_k': None, 'seed': 42, 'quantization': 'Q4_K_M'}"
e9e11f17f7aa2616d140aed16e035c24e796d2f172b914cb51f2bae32d412569,unimoral_029,P2_incentive_pressure,qwen3:14b,version_j,p0_default,False,0,"{'model_name': 'qwen3:14b', 'temperature': 0.7, 'top_p': 0.9, 'top_k': None, 'seed': 42, 'quantization': 'Q4_K_M'}"
9e812a3e45b6e3c50285ddb2fabe33c5e7ad74e9b9879b951c78cdd981431137,unimoral_029,P2_incentive_pressure,qwen3:14b,version_j,p0_default,True,0,"{'model_name': 'qwen3:14b', 'temperature': 0.7, 'top_p': 0.9, 'top_k': None, 'seed': 42, 'quantization': 'Q4_K_M'}"
ff5a2653cb3ff184661283f3ddca9c98e685a8ed2fe7cf56e4827b01aea04c2a,unimoral_029,C3_social_neutral,qwen3:14b,version_j,p0_default,False,0,"{'model_name': 'qwen3:14b', 'temperature': 0.7, 'top_p': 0.9, 'top_k': None, 'seed': 42, 'quantization': 'Q4_K_M'}"
31294bd6cfc754b4675b4fcb814c69fcf85e58c5a3e749f1fe55ed9a44107f8e,unimoral_029,C3_social_neutral,qwen3:14b,version_j,p0_default,True,0,"{'model_name': 'qwen3:14b', 'temperature': 0.7, 'top_p': 0.9, 'top_k': None, 'seed': 42, 'quantization': 'Q4_K_M'}"
e784d01eac3b3542b201551bdf8a95b225e39efbcd6aba1543963a5336166fc6,unimoral_029,P3_social_pressure,qwen3:14b,version_j,p0_default,False,0,"{'model_name': 'qwen3:14b', 'temperature': 0.7, 'top_p': 0.9, 'top_k': None, 'seed': 42, 'quantization': 'Q4_K_M'}"
07724af557c91fe78341cf6c427aa4b556361c38ae107ef8b4e8bc557f6e8b12,unimoral_029,P3_social_pressure,qwen3:14b,version_j,p0_default,True,0,"{'model_name': 'qwen3:14b', 'temperature': 0.7, 'top_p': 0.9, 'top_k': None, 'seed': 42, 'quantization': 'Q4_K_M'}"
3fc8eb9c9f4fe1f6d79e825004b4414322f801fdabc86d9ea58c2db934033c98,unimoral_029,C4_metric_neutral,qwen3:14b,version_j,p0_default,False,0,"{'model_name': 'qwen3:14b', 'temperature': 0.7, 'top_p': 0.9, 'top_k': None, 'seed': 42, 'quantization': 'Q4_K_M'}"
b8bf0f77072e81e8cdc06e995488de71e18691d8e8004061ee8d8b2e2c9f4941,unimoral_029,C4_metric_neutral,qwen3:14b,version_j,p0_default,True,0,"{'model_name': 'qwen3:14b', 'temperature': 0.7, 'top_p': 0.9, 'top_k': None, 'seed': 42, 'quantization': 'Q4_K_M'}"
d4807881fea6e96b963e2bb2f480ee43b327290addd6229b8a80aa1d5c0e7304,unimoral_029,P4_metric_pressure,qwen3:14b,version_j,p0_default,False,0,"{'model_name': 'qwen3:14b', 'temperature': 0.7, 'top_p': 0.9, 'top_k': None, 'seed': 42, 'quantization': 'Q4_K_M'}"
d22c07bfeffb7da8ff9fed86eee178c8ac2c124824a2acc663108d39d6f4fb5c,unimoral_029,P4_metric_pressure,qwen3:14b,version_j,p0_default,True,0,"{'model_name': 'qwen3:14b', 'temperature': 0.7, 'top_p': 0.9, 'top_k': None, 'seed': 42, 'quantization': 'Q4_K_M'}"
172b18af75f1ab6ecefd7b695bdced2f2000d807c871512a93e5312c2614d7fe,unimoral_030,B0_stripped_baseline,qwen3:14b,version_j,p0_default,False,0,"{'model_name': 'qwen3:14b', 'temperature': 0.7, 'top_p': 0.9, 'top_k': None, 'seed': 42, 'quantization': 'Q4_K_M'}"
fa256ee4c20c016e87a1e0bfc7c7497e037adda093af7256c3014d24792c0557,unimoral_030,B0_stripped_baseline,qwen3:14b,version_j,p0_default,True,0,"{'model_name': 'qwen3:14b', 'temperature': 0.7, 'top_p': 0.9, 'top_k': None, 'seed': 42, 'quantization': 'Q4_K_M'}"
835b4cd716d34fe3d24efd4470893c599b4793e1b9f2427d87f1588fb2694a1e,unimoral_030,C1_authority_neutral,qwen3:14b,version_j,p0_default,False,0,"{'model_name': 'qwen3:14b', 'temperature': 0.7, 'top_p': 0.9, 'top_k': None, 'seed': 42, 'quantization': 'Q4_K_M'}"
c508047df86f2824888b75db6e1a9281e24d4e79e43bd16905ac400ad63c651e,unimoral_030,C1_authority_neutral,qwen3:14b,version_j,p0_default,True,0,"{'model_name': 'qwen3:14b', 'temperature': 0.7, 'top_p': 0.9, 'top_k': None, 'seed': 42, 'quantization': 'Q4_K_M'}"
cc5eee9518b485f4c0c946b878600ed7634f56457bc6aec0740263bfc4628655,unimoral_030,P1_authority_pressure,qwen3:14b,version_j,p0_default,False,0,"{'model_name': 'qwen3:14b', 'temperature': 0.7, 'top_p': 0.9, 'top_k': None, 'seed': 42, 'quantization': 'Q4_K_M'}"
9b768419a08374db451e0f4c7bf951b1bc68206248d2cfa9b59b2092d5e00e56,unimoral_030,P1_authority_pressure,qwen3:14b,version_j,p0_default,True,0,"{'model_name': 'qwen3:14b', 'temperature': 0.7, 'top_p': 0.9, 'top_k': None, 'seed': 42, 'quantization': 'Q4_K_M'}"
6ecee89ebdc23bf07d9e4b42bf044cc7d8d547906e8f963d9f84dce3ec7ef716,unimoral_030,C2_incentive_neutral,qwen3:14b,version_j,p0_default,False,0,"{'model_name': 'qwen3:14b', 'temperature': 0.7, 'top_p': 0.9, 'top_k': None, 'seed': 42, 'quantization': 'Q4_K_M'}"
51eea31e31d37a0e715add6a9d33f42e1aede55e938aa2c4e1622a5a912d7c42,unimoral_030,C2_incentive_neutral,qwen3:14b,version_j,p0_default,True,0,"{'model_name': 'qwen3:14b', 'temperature': 0.7, 'top_p': 0.9, 'top_k': None, 'seed': 42, 'quantization': 'Q4_K_M'}"
022a72cddebeb5a23745438899136c46006a964e57742555fa3bd7d5e180ae6e,unimoral_030,P2_incentive_pressure,qwen3:14b,version_j,p0_default,False,0,"{'model_name': 'qwen3:14b', 'temperature': 0.7, 'top_p': 0.9, 'top_k': None, 'seed': 42, 'quantization': 'Q4_K_M'}"
6d8ec023c47afc1b741f0c6841efd141d36fdf561efc4ad5ebdfee55c8b62596,unimoral_030,P2_incentive_pressure,qwen3:14b,version_j,p0_default,True,0,"{'model_name': 'qwen3:14b', 'temperature': 0.7, 'top_p': 0.9, 'top_k': None, 'seed': 42, 'quantization': 'Q4_K_M'}"
a5109e8d76d06d3fa4fcf14c2eabaacf9914f3f25fe53e2b18bb696df3dafebb,unimoral_030,C3_social_neutral,qwen3:14b,version_j,p0_default,False,0,"{'model_name': 'qwen3:14b', 'temperature': 0.7, 'top_p': 0.9, 'top_k': None, 'seed': 42, 'quantization': 'Q4_K_M'}"
3fa30794872e4574fd269bf1436949074ddbb624b2cf3061ce452df9fec7173e,unimoral_030,C3_social_neutral,qwen3:14b,version_j,p0_default,True,0,"{'model_name': 'qwen3:14b', 'temperature': 0.7, 'top_p': 0.9, 'top_k': None, 'seed': 42, 'quantization': 'Q4_K_M'}"
a9326848456d6bad9c82774621fd3aa548ca3a5682c0b10c3a79383adac86b77,unimoral_030,P3_social_pressure,qwen3:14b,version_j,p0_default,False,0,"{'model_name': 'qwen3:14b', 'temperature': 0.7, 'top_p': 0.9, 'top_k': None, 'seed': 42, 'quantization': 'Q4_K_M'}"
25bda67b1f815cfda6c35fe12f1437b855d17d04653c3d1d9607c13a83f81b1d,unimoral_030,P3_social_pressure,qwen3:14b,version_j,p0_default,True,0,"{'model_name': 'qwen3:14b', 'temperature': 0.7, 'top_p': 0.9, 'top_k': None, 'seed': 42, 'quantization': 'Q4_K_M'}"
755613233abc76f4f07223cc5ae15ba0096beddbac0c49a1dc592a4438f0dcd4,unimoral_030,C4_metric_neutral,qwen3:14b,version_j,p0_default,False,0,"{'model_name': 'qwen3:14b', 'temperature': 0.7, 'top_p': 0.9, 'top_k': None, 'seed': 42, 'quantization': 'Q4_K_M'}"
0e6922f7349a28eca9934285b155b18974f14cbb63fef30ea15a5a841d3a9262,unimoral_030,C4_metric_neutral,qwen3:14b,version_j,p0_default,True,0,"{'model_name': 'qwen3:14b', 'temperature': 0.7, 'top_p': 0.9, 'top_k': None, 'seed': 42, 'quantization': 'Q4_K_M'}"
784e1d9a27d2abc8aeb743540db5aae7103c8987cf53d376238ddcfb4ddc58d2,unimoral_030,P4_metric_pressure,qwen3:14b,version_j,p0_default,False,0,"{'model_name': 'qwen3:14b', 'temperature': 0.7, 'top_p': 0.9, 'top_k': None, 'seed': 42, 'quantization': 'Q4_K_M'}"
8c7b66fa1a7da0cec68c23752e9dd8e473e62688246f9fdcb308f38160cf8a48,unimoral_030,P4_metric_pressure,qwen3:14b,version_j,p0_default,True,0,"{'model_name': 'qwen3:14b', 'temperature': 0.7, 'top_p': 0.9, 'top_k': None, 'seed': 42, 'quantization': 'Q4_K_M'}"
498734fb157896c0adc9b82f8c0c6ab7253abe681f68aa77644cbd59a4e5074b,unimoral_031,B0_stripped_baseline,qwen3:14b,version_j,p0_default,False,0,"{'model_name': 'qwen3:14b', 'temperature': 0.7, 'top_p': 0.9, 'top_k': None, 'seed': 42, 'quantization': 'Q4_K_M'}"
2048c6efd0fd7e231ddae4cc5e3332d529b8b706d2d711657b19783c096ed049,unimoral_031,B0_stripped_baseline,qwen3:14b,version_j,p0_default,True,0,"{'model_name': 'qwen3:14b', 'temperature': 0.7, 'top_p': 0.9, 'top_k': None, 'seed': 42, 'quantization': 'Q4_K_M'}"
7583e73788c9107971aa3305e72a663eadd2301f488db9b9df6adc703f886a6f,unimoral_031,C1_authority_neutral,qwen3:14b,version_j,p0_default,False,0,"{'model_name': 'qwen3:14b', 'temperature': 0.7, 'top_p': 0.9, 'top_k': None, 'seed': 42, 'quantization': 'Q4_K_M'}"
8d100b2df3d3b2d32b91e88b8b608a304dd00607fcceb9bd2de8e747f28528c4,unimoral_031,C1_authority_neutral,qwen3:14b,version_j,p0_default,True,0,"{'model_name': 'qwen3:14b', 'temperature': 0.7, 'top_p': 0.9, 'top_k': None, 'seed': 42, 'quantization': 'Q4_K_M'}"
76b3a3b540c5a237ac3ad5c69f810a591da02161c8a9d6a8e28563354e792752,unimoral_031,P1_authority_pressure,qwen3:14b,version_j,p0_default,False,0,"{'model_name': 'qwen3:14b', 'temperature': 0.7, 'top_p': 0.9, 'top_k': None, 'seed': 42, 'quantization': 'Q4_K_M'}"
477e924f16311e1500e9c2d671b81c57e07ea4a9aba39e6cf871ed93192af687,unimoral_031,P1_authority_pressure,qwen3:14b,version_j,p0_default,True,0,"{'model_name': 'qwen3:14b', 'temperature': 0.7, 'top_p': 0.9, 'top_k': None, 'seed': 42, 'quantization': 'Q4_K_M'}"
b610c048d5771a832eb5f03e787899d9ee963ef6a2ffc0f85183fa137984f85e,unimoral_031,C2_incentive_neutral,qwen3:14b,version_j,p0_default,False,0,"{'model_name': 'qwen3:14b', 'temperature': 0.7, 'top_p': 0.9, 'top_k': None, 'seed': 42, 'quantization': 'Q4_K_M'}"
46fe7f3eb889c8d80a7d2ab77c4f17770392ea4b2cae6137ab1b923c7a86c158,unimoral_031,C2_incentive_neutral,qwen3:14b,version_j,p0_default,True,0,"{'model_name': 'qwen3:14b', 'temperature': 0.7, 'top_p': 0.9, 'top_k': None, 'seed': 42, 'quantization': 'Q4_K_M'}"
fc0a50ec2a8c52a6bd40a8b9a47d35575daf6b94c5d3fea57f6e9623c7b93942,unimoral_031,P2_incentive_pressure,qwen3:14b,version_j,p0_default,False,0,"{'model_name': 'qwen3:14b', 'temperature': 0.7, 'top_p': 0.9, 'top_k': None, 'seed': 42, 'quantization': 'Q4_K_M'}"
1867148902bc14c9441878a729ebe5f96559eea0d0833b1a0d7fc91c0a037f55,unimoral_031,P2_incentive_pressure,qwen3:14b,version_j,p0_default,True,0,"{'model_name': 'qwen3:14b', 'temperature': 0.7, 'top_p': 0.9, 'top_k': None, 'seed': 42, 'quantization': 'Q4_K_M'}"
8a029839c958708da11d409c4a56993f1ee13a592e09b5c35188045213313817,unimoral_031,C3_social_neutral,qwen3:14b,version_j,p0_default,False,0,"{'model_name': 'qwen3:14b', 'temperature': 0.7, 'top_p': 0.9, 'top_k': None, 'seed': 42, 'quantization': 'Q4_K_M'}"
576665e762c5343527ca6cc307c006236eccd563995a831f9e3e72526ea7f33a,unimoral_031,C3_social_neutral,qwen3:14b,version_j,p0_default,True,0,"{'model_name': 'qwen3:14b', 'temperature': 0.7, 'top_p': 0.9, 'top_k': None, 'seed': 42, 'quantization': 'Q4_K_M'}"
a239ec0aa2c244b28d89b7466d1c9a6e90f47cd56a82068531b164f2b3fbfe8c,unimoral_031,P3_social_pressure,qwen3:14b,version_j,p0_default,False,0,"{'model_name': 'qwen3:14b', 'temperature': 0.7, 'top_p': 0.9, 'top_k': None, 'seed': 42, 'quantization': 'Q4_K_M'}"
341c8ac52bc5f96bb96832af22a421be9b29d0299197c2f7622e023e9cfd1bd5,unimoral_031,P3_social_pressure,qwen3:14b,version_j,p0_default,True,0,"{'model_name': 'qwen3:14b', 'temperature': 0.7, 'top_p': 0.9, 'top_k': None, 'seed': 42, 'quantization': 'Q4_K_M'}"
c64e6596dc1d621beec850cf10aa6a407aaad77496bde7da0d0d607eeb7ee520,unimoral_031,C4_metric_neutral,qwen3:14b,version_j,p0_default,False,0,"{'model_name': 'qwen3:14b', 'temperature': 0.7, 'top_p': 0.9, 'top_k': None, 'seed': 42, 'quantization': 'Q4_K_M'}"
4ce3480024ef20bcfcdb351f5db818727bc550ff04fe4e87d72cf0b9251bd588,unimoral_031,C4_metric_neutral,qwen3:14b,version_j,p0_default,True,0,"{'model_name': 'qwen3:14b', 'temperature': 0.7, 'top_p': 0.9, 'top_k': None, 'seed': 42, 'quantization': 'Q4_K_M'}"
11044867a4521e92d586f64dece4c65b3d88f9db301288887bf1d5e7dfddcc7d,unimoral_031,P4_metric_pressure,qwen3:14b,version_j,p0_default,False,0,"{'model_name': 'qwen3:14b', 'temperature': 0.7, 'top_p': 0.9, 'top_k': None, 'seed': 42, 'quantization': 'Q4_K_M'}"
45677ead32b15514f6d21bc2ba94bd4cfcf63d6653958bf92f28ef8a98207e7d,unimoral_031,P4_metric_pressure,qwen3:14b,version_j,p0_default,True,0,"{'model_name': 'qwen3:14b', 'temperature': 0.7, 'top_p': 0.9, 'top_k': None, 'seed': 42, 'quantization': 'Q4_K_M'}"
572fc60bf59c2f6b24bcdba3767cae1436e6ae27eb39a46818908acb62ff5025,unimoral_032,B0_stripped_baseline,qwen3:14b,version_j,p0_default,False,0,"{'model_name': 'qwen3:14b', 'temperature': 0.7, 'top_p': 0.9, 'top_k': None, 'seed': 42, 'quantization': 'Q4_K_M'}"
46783f37635e7c9645e69446042ef2e4bd3ef2feff9f03018bd7bd28c3966930,unimoral_032,B0_stripped_baseline,qwen3:14b,version_j,p0_default,True,0,"{'model_name': 'qwen3:14b', 'temperature': 0.7, 'top_p': 0.9, 'top_k': None, 'seed': 42, 'quantization': 'Q4_K_M'}"
839b933975dae2b8c799529752ca7abe295b1c000023426f3732b0d37eafe397,unimoral_032,C1_authority_neutral,qwen3:14b,version_j,p0_default,False,0,"{'model_name': 'qwen3:14b', 'temperature': 0.7, 'top_p': 0.9, 'top_k': None, 'seed': 42, 'quantization': 'Q4_K_M'}"
e08907ae7e2e461f5948fc2ff2196e08ccd521163094fd1bf5a5baef8e42bc93,unimoral_032,C1_authority_neutral,qwen3:14b,version_j,p0_default,True,0,"{'model_name': 'qwen3:14b', 'temperature': 0.7, 'top_p': 0.9, 'top_k': None, 'seed': 42, 'quantization': 'Q4_K_M'}"
3ce33968266e1da9305e72ebe6d225ca726fee59d4a9b63dc669d65e10cb10fa,unimoral_032,P1_authority_pressure,qwen3:14b,version_j,p0_default,False,0,"{'model_name': 'qwen3:14b', 'temperature': 0.7, 'top_p': 0.9, 'top_k': None, 'seed': 42, 'quantization': 'Q4_K_M'}"
7287ad5639ce55a575c58e9e70557a4744b4820fa659812f2a62b704a3103620,unimoral_032,P1_authority_pressure,qwen3:14b,version_j,p0_default,True,0,"{'model_name': 'qwen3:14b', 'temperature': 0.7, 'top_p': 0.9, 'top_k': None, 'seed': 42, 'quantization': 'Q4_K_M'}"
9fe58a7a7f3f05dbfc12d60e87a8771547b81c457069c464a5bd0dcdd4088f23,unimoral_032,C2_incentive_neutral,qwen3:14b,version_j,p0_default,False,0,"{'model_name': 'qwen3:14b', 'temperature': 0.7, 'top_p': 0.9, 'top_k': None, 'seed': 42, 'quantization': 'Q4_K_M'}"
29e24757281cff81be77986eb8506f33edb6a06dab82527b46bc4a36c01aae9e,unimoral_032,C2_incentive_neutral,qwen3:14b,version_j,p0_default,True,0,"{'model_name': 'qwen3:14b', 'temperature': 0.7, 'top_p': 0.9, 'top_k': None, 'seed': 42, 'quantization': 'Q4_K_M'}"
3da05e38c610269efd081d311a6ec0998a2ef1d9817a606fb8613db9c06895d8,unimoral_032,P2_incentive_pressure,qwen3:14b,version_j,p0_default,False,0,"{'model_name': 'qwen3:14b', 'temperature': 0.7, 'top_p': 0.9, 'top_k': None, 'seed': 42, 'quantization': 'Q4_K_M'}"
6a1b632fa94e9a83ab00a49e416926984b25167647e0a3d4bab8c618a35c76c7,unimoral_032,P2_incentive_pressure,qwen3:14b,version_j,p0_default,True,0,"{'model_name': 'qwen3:14b', 'temperature': 0.7, 'top_p': 0.9, 'top_k': None, 'seed': 42, 'quantization': 'Q4_K_M'}"
f185c65d2a02050ec0004023567a9a011cd1e3337a65a1d5a2ce9c40388a66b0,unimoral_032,C3_social_neutral,qwen3:14b,version_j,p0_default,False,0,"{'model_name': 'qwen3:14b', 'temperature': 0.7, 'top_p': 0.9, 'top_k': None, 'seed': 42, 'quantization': 'Q4_K_M'}"
6b5593c98ec13611efaca5c09bd24a75e40362e1924122f2d2dcd6059727a848,unimoral_032,C3_social_neutral,qwen3:14b,version_j,p0_default,True,0,"{'model_name': 'qwen3:14b', 'temperature': 0.7, 'top_p': 0.9, 'top_k': None, 'seed': 42, 'quantization': 'Q4_K_M'}"
1c88c58793188c0d395b89f117f86a730aa87155b6dd593c64499bbf44257c7b,unimoral_032,P3_social_pressure,qwen3:14b,version_j,p0_default,False,0,"{'model_name': 'qwen3:14b', 'temperature': 0.7, 'top_p': 0.9, 'top_k': None, 'seed': 42, 'quantization': 'Q4_K_M'}"
f5452ec6f103912ed8a323e858bc67cbad132686cea5ecf5975106d5e45671d0,unimoral_032,P3_social_pressure,qwen3:14b,version_j,p0_default,True,0,"{'model_name': 'qwen3:14b', 'temperature': 0.7, 'top_p': 0.9, 'top_k': None, 'seed': 42, 'quantization': 'Q4_K_M'}"
1e4250d6817eddc4b17ea837bd66103c66b54cea43483f2073b5616d40e45df9,unimoral_032,C4_metric_neutral,qwen3:14b,version_j,p0_default,False,0,"{'model_name': 'qwen3:14b', 'temperature': 0.7, 'top_p': 0.9, 'top_k': None, 'seed': 42, 'quantization': 'Q4_K_M'}"
ba1fafc9277832390166f42e8ffe8ce882049fc8da4f8235e529d50c659f3fc6,unimoral_032,C4_metric_neutral,qwen3:14b,version_j,p0_default,True,0,"{'model_name': 'qwen3:14b', 'temperature': 0.7, 'top_p': 0.9, 'top_k': None, 'seed': 42, 'quantization': 'Q4_K_M'}"
65df2e68bb46b3680a42d37fb5c549a9cd61cafa5a3425bab60466f9ce14e664,unimoral_032,P4_metric_pressure,qwen3:14b,version_j,p0_default,False,0,"{'model_name': 'qwen3:14b', 'temperature': 0.7, 'top_p': 0.9, 'top_k': None, 'seed': 42, 'quantization': 'Q4_K_M'}"
d9529a7757e9b2ba8d19fad265f5cf886e24cf6bcd9f467cbd85567f9c30c0ec,unimoral_032,P4_metric_pressure,qwen3:14b,version_j,p0_default,True,0,"{'model_name': 'qwen3:14b', 'temperature': 0.7, 'top_p': 0.9, 'top_k': None, 'seed': 42, 'quantization': 'Q4_K_M'}"
f910d58266be30bd2cc09c8b8eb318ef13d34858d003b8eb53bd721220752cc1,unimoral_033,B0_stripped_baseline,qwen3:14b,version_j,p0_default,False,0,"{'model_name': 'qwen3:14b', 'temperature': 0.7, 'top_p': 0.9, 'top_k': None, 'seed': 42, 'quantization': 'Q4_K_M'}"
7bd66cc9e9955f0a62c62b4e34dc4bec97c5ba9300445b9e22b912c2fbb39f0d,unimoral_033,B0_stripped_baseline,qwen3:14b,version_j,p0_default,True,0,"{'model_name': 'qwen3:14b', 'temperature': 0.7, 'top_p': 0.9, 'top_k': None, 'seed': 42, 'quantization': 'Q4_K_M'}"
0d9260c79ee3d11c1688580c9b5332f6a18ef0cc7596aa312184ce9fc4915ea0,unimoral_033,C1_authority_neutral,qwen3:14b,version_j,p0_default,False,0,"{'model_name': 'qwen3:14b', 'temperature': 0.7, 'top_p': 0.9, 'top_k': None, 'seed': 42, 'quantization': 'Q4_K_M'}"
4d5a4dc00c819f720fcaeaaeed233eff64fcea39971d8b60f6a1898bc1a8306f,unimoral_033,C1_authority_neutral,qwen3:14b,version_j,p0_default,True,0,"{'model_name': 'qwen3:14b', 'temperature': 0.7, 'top_p': 0.9, 'top_k': None, 'seed': 42, 'quantization': 'Q4_K_M'}"
305dd95f50a4e3361bf9345f2127b9b547f8a0543f7a446c209f727a3ff0018f,unimoral_033,P1_authority_pressure,qwen3:14b,version_j,p0_default,False,0,"{'model_name': 'qwen3:14b', 'temperature': 0.7, 'top_p': 0.9, 'top_k': None, 'seed': 42, 'quantization': 'Q4_K_M'}"
f41961aa38f61ba4bdf1ef3eff2515b9e697b4ebf6fff3e5bd93ded7a2fe969d,unimoral_033,P1_authority_pressure,qwen3:14b,version_j,p0_default,True,0,"{'model_name': 'qwen3:14b', 'temperature': 0.7, 'top_p': 0.9, 'top_k': None, 'seed': 42, 'quantization': 'Q4_K_M'}"
ebdcb4aed0cb2ccf719d0cfe8059a00657fc0c40e7b2feee281a5030b646bfbd,unimoral_033,C2_incentive_neutral,qwen3:14b,version_j,p0_default,False,0,"{'model_name': 'qwen3:14b', 'temperature': 0.7, 'top_p': 0.9, 'top_k': None, 'seed': 42, 'quantization': 'Q4_K_M'}"
e0d871295f34d6fc686d16cbfd016423247417e17962f08ea791a2db63c75218,unimoral_033,C2_incentive_neutral,qwen3:14b,version_j,p0_default,True,0,"{'model_name': 'qwen3:14b', 'temperature': 0.7, 'top_p': 0.9, 'top_k': None, 'seed': 42, 'quantization': 'Q4_K_M'}"
db5955f0c599fd02f83fc8a82852c2e11343b314cb1a4a300ca57ed75bea55fb,unimoral_033,P2_incentive_pressure,qwen3:14b,version_j,p0_default,False,0,"{'model_name': 'qwen3:14b', 'temperature': 0.7, 'top_p': 0.9, 'top_k': None, 'seed': 42, 'quantization': 'Q4_K_M'}"
68ae83b73faddc63b6a306efe2dccc0699acc300320566c2533945237f68fed4,unimoral_033,P2_incentive_pressure,qwen3:14b,version_j,p0_default,True,0,"{'model_name': 'qwen3:14b', 'temperature': 0.7, 'top_p': 0.9, 'top_k': None, 'seed': 42, 'quantization': 'Q4_K_M'}"
5ea49cbbb0bcbce8e8a1a09bdaf75beff6a2f4794d0f7fbbc886256a688a7180,unimoral_033,C3_social_neutral,qwen3:14b,version_j,p0_default,False,0,"{'model_name': 'qwen3:14b', 'temperature': 0.7, 'top_p': 0.9, 'top_k': None, 'seed': 42, 'quantization': 'Q4_K_M'}"
2834ab9782cff443ca006cacfa5254d276fb245dd532e84044b6ad0119a4034d,unimoral_033,C3_social_neutral,qwen3:14b,version_j,p0_default,True,0,"{'model_name': 'qwen3:14b', 'temperature': 0.7, 'top_p': 0.9, 'top_k': None, 'seed': 42, 'quantization': 'Q4_K_M'}"
fea8c1d70be522756df63d2fae0ea2b008884614c4f208cdfcdc481efaf6f82a,unimoral_033,P3_social_pressure,qwen3:14b,version_j,p0_default,False,0,"{'model_name': 'qwen3:14b', 'temperature': 0.7, 'top_p': 0.9, 'top_k': None, 'seed': 42, 'quantization': 'Q4_K_M'}"
2de81653c51a87eff7e60160ac7896da3a46cbf73be9ecca703e3bb4a938d995,unimoral_033,P3_social_pressure,qwen3:14b,version_j,p0_default,True,0,"{'model_name': 'qwen3:14b', 'temperature': 0.7, 'top_p': 0.9, 'top_k': None, 'seed': 42, 'quantization': 'Q4_K_M'}"
992aa25e784398e9b10b61b59d77e773ca032f4e24aace140222442dc4c4a6b5,unimoral_033,C4_metric_neutral,qwen3:14b,version_j,p0_default,False,0,"{'model_name': 'qwen3:14b', 'temperature': 0.7, 'top_p': 0.9, 'top_k': None, 'seed': 42, 'quantization': 'Q4_K_M'}"
e27d97605bfde5b48bbb501f35b8d733da02780d2af7863b9d5a7ad5c12db1ae,unimoral_033,C4_metric_neutral,qwen3:14b,version_j,p0_default,True,0,"{'model_name': 'qwen3:14b', 'temperature': 0.7, 'top_p': 0.9, 'top_k': None, 'seed': 42, 'quantization': 'Q4_K_M'}"
8d2426468396646535b2d5cd9cc504eda7385df35806ca70e0b0eb8a90415448,unimoral_033,P4_metric_pressure,qwen3:14b,version_j,p0_default,False,0,"{'model_name': 'qwen3:14b', 'temperature': 0.7, 'top_p': 0.9, 'top_k': None, 'seed': 42, 'quantization': 'Q4_K_M'}"
666d969a1dff8e8c7464cac2ac9f34fb5396f2301a35659bcf2e7690212dbd79,unimoral_033,P4_metric_pressure,qwen3:14b,version_j,p0_default,True,0,"{'model_name': 'qwen3:14b', 'temperature': 0.7, 'top_p': 0.9, 'top_k': None, 'seed': 42, 'quantization': 'Q4_K_M'}"
cd03174e80290086dead19b4c79ed34db6ba132c821acf90b494c8bc0b61c7d4,unimoral_034,B0_stripped_baseline,qwen3:14b,version_j,p0_default,False,0,"{'model_name': 'qwen3:14b', 'temperature': 0.7, 'top_p': 0.9, 'top_k': None, 'seed': 42, 'quantization': 'Q4_K_M'}"
fcea12a3ba39c3e9246d61854f5566ed3f12886d525bc0e79f213821caee7425,unimoral_034,B0_stripped_baseline,qwen3:14b,version_j,p0_default,True,0,"{'model_name': 'qwen3:14b', 'temperature': 0.7, 'top_p': 0.9, 'top_k': None, 'seed': 42, 'quantization': 'Q4_K_M'}"
306831cb1b602f24468e91c908d3c655aace83d5a3a6ce50c6380596663de8ce,unimoral_034,C1_authority_neutral,qwen3:14b,version_j,p0_default,False,0,"{'model_name': 'qwen3:14b', 'temperature': 0.7, 'top_p': 0.9, 'top_k': None, 'seed': 42, 'quantization': 'Q4_K_M'}"
b741eb157d701ae735e877c887642abf81c0f0a8d0681c0e4994a49e377bfd54,unimoral_034,C1_authority_neutral,qwen3:14b,version_j,p0_default,True,0,"{'model_name': 'qwen3:14b', 'temperature': 0.7, 'top_p': 0.9, 'top_k': None, 'seed': 42, 'quantization': 'Q4_K_M'}"
d6150aa73f20740cb3300e0db7abceb28bd61db4c0f129099901f9c53107501d,unimoral_034,P1_authority_pressure,qwen3:14b,version_j,p0_default,False,0,"{'model_name': 'qwen3:14b', 'temperature': 0.7, 'top_p': 0.9, 'top_k': None, 'seed': 42, 'quantization': 'Q4_K_M'}"
c63d799bd72dddbb05adf30aa7d181ae27367dfa2c1b9d3ca4c2b2ea065b541f,unimoral_034,P1_authority_pressure,qwen3:14b,version_j,p0_default,True,0,"{'model_name': 'qwen3:14b', 'temperature': 0.7, 'top_p': 0.9, 'top_k': None, 'seed': 42, 'quantization': 'Q4_K_M'}"
334b6b2e25765bc60bf97a5831e220ec2741d7c99e5d5d628796a46d83a70aba,unimoral_034,C2_incentive_neutral,qwen3:14b,version_j,p0_default,False,0,"{'model_name': 'qwen3:14b', 'temperature': 0.7, 'top_p': 0.9, 'top_k': None, 'seed': 42, 'quantization': 'Q4_K_M'}"
d5a4ffa4984d8d409d6e6436a1274021310a4c1fe84c81999cdb85091e56ae56,unimoral_034,C2_incentive_neutral,qwen3:14b,version_j,p0_default,True,0,"{'model_name': 'qwen3:14b', 'temperature': 0.7, 'top_p': 0.9, 'top_k': None, 'seed': 42, 'quantization': 'Q4_K_M'}"
2ee1c64563492f9de26f99b83829424cdedab0d912b54d7ceb5d201468dbe786,unimoral_034,P2_incentive_pressure,qwen3:14b,version_j,p0_default,False,0,"{'model_name': 'qwen3:14b', 'temperature': 0.7, 'top_p': 0.9, 'top_k': None, 'seed': 42, 'quantization': 'Q4_K_M'}"
833b59d357561117793f36afa1287d4013485814e290aaa692577403a41c4011,unimoral_034,P2_incentive_pressure,qwen3:14b,version_j,p0_default,True,0,"{'model_name': 'qwen3:14b', 'temperature': 0.7, 'top_p': 0.9, 'top_k': None, 'seed': 42, 'quantization': 'Q4_K_M'}"
0b4cd08027fcf3f8e9464ba8c99dbb001b5eb34208a05df49837927028cf008d,unimoral_034,C3_social_neutral,qwen3:14b,version_j,p0_default,False,0,"{'model_name': 'qwen3:14b', 'temperature': 0.7, 'top_p': 0.9, 'top_k': None, 'seed': 42, 'quantization': 'Q4_K_M'}"
c38a1f62bab7541da4a296dbd8fca3924bd5d06856b0075046f4e6ee7bb6c9e6,unimoral_034,C3_social_neutral,qwen3:14b,version_j,p0_default,True,0,"{'model_name': 'qwen3:14b', 'temperature': 0.7, 'top_p': 0.9, 'top_k': None, 'seed': 42, 'quantization': 'Q4_K_M'}"
3bf43c5532bb85206000aa2d57e497287a348b968e40c7bc1b4963edc31c74f5,unimoral_034,P3_social_pressure,qwen3:14b,version_j,p0_default,False,0,"{'model_name': 'qwen3:14b', 'temperature': 0.7, 'top_p': 0.9, 'top_k': None, 'seed': 42, 'quantization': 'Q4_K_M'}"
7e5ffa9e3fad4a353b500d7ed7ba7611bb46bf92dd3b9596cec8c84d3babf82b,unimoral_034,P3_social_pressure,qwen3:14b,version_j,p0_default,True,0,"{'model_name': 'qwen3:14b', 'temperature': 0.7, 'top_p': 0.9, 'top_k': None, 'seed': 42, 'quantization': 'Q4_K_M'}"
05e4d9cc8b1d10bae1189bcbb8049d43afb096b769b8510f86cf77b33403243e,unimoral_034,C4_metric_neutral,qwen3:14b,version_j,p0_default,False,0,"{'model_name': 'qwen3:14b', 'temperature': 0.7, 'top_p': 0.9, 'top_k': None, 'seed': 42, 'quantization': 'Q4_K_M'}"
113c4a7e196d94d90b08aa0d8fc71f5b9b767ac884355185d47cb976f1d4e261,unimoral_034,C4_metric_neutral,qwen3:14b,version_j,p0_default,True,0,"{'model_name': 'qwen3:14b', 'temperature': 0.7, 'top_p': 0.9, 'top_k': None, 'seed': 42, 'quantization': 'Q4_K_M'}"
b511f14655899410f6f6901d9d35c31f392c1e394956272b189b7728d13e15e5,unimoral_034,P4_metric_pressure,qwen3:14b,version_j,p0_default,False,0,"{'model_name': 'qwen3:14b', 'temperature': 0.7, 'top_p': 0.9, 'top_k': None, 'seed': 42, 'quantization': 'Q4_K_M'}"
c1348af7e67800d147d4855f97550364ffbb70ab757d0fa59537f1ddfd55ed7e,unimoral_034,P4_metric_pressure,qwen3:14b,version_j,p0_default,True,0,"{'model_name': 'qwen3:14b', 'temperature': 0.7, 'top_p': 0.9, 'top_k': None, 'seed': 42, 'quantization': 'Q4_K_M'}"
4e8eb6cfce9e1de92b2e2563e6c30c40cad33ab67c814da23b43eca4f8794ce1,unimoral_035,B0_stripped_baseline,qwen3:14b,version_j,p0_default,False,0,"{'model_name': 'qwen3:14b', 'temperature': 0.7, 'top_p': 0.9, 'top_k': None, 'seed': 42, 'quantization': 'Q4_K_M'}"
10c473fab7642c561675ae41ac5d6bfb5a59f2618b7f75be97d7caa08c787f03,unimoral_035,B0_stripped_baseline,qwen3:14b,version_j,p0_default,True,0,"{'model_name': 'qwen3:14b', 'temperature': 0.7, 'top_p': 0.9, 'top_k': None, 'seed': 42, 'quantization': 'Q4_K_M'}"
3de851ce9b9e351208acaa6334883732480f750170e8831f9a3b338e4837f25e,unimoral_035,C1_authority_neutral,qwen3:14b,version_j,p0_default,False,0,"{'model_name': 'qwen3:14b', 'temperature': 0.7, 'top_p': 0.9, 'top_k': None, 'seed': 42, 'quantization': 'Q4_K_M'}"
5bf53b7a44223990be3b5bef54aabcc2c5b2b413ddc1af052125969cd406412b,unimoral_035,C1_authority_neutral,qwen3:14b,version_j,p0_default,True,0,"{'model_name': 'qwen3:14b', 'temperature': 0.7, 'top_p': 0.9, 'top_k': None, 'seed': 42, 'quantization': 'Q4_K_M'}"
09de31f7dfb543971e86b4c8ddef9778f8b8ec3500f2096b02a5d0da5af1f240,unimoral_035,P1_authority_pressure,qwen3:14b,version_j,p0_default,False,0,"{'model_name': 'qwen3:14b', 'temperature': 0.7, 'top_p': 0.9, 'top_k': None, 'seed': 42, 'quantization': 'Q4_K_M'}"
fb466b22707773f0c43d65bdc8f33a2b0c68219b0d7144e10557df386ce6cd10,unimoral_035,P1_authority_pressure,qwen3:14b,version_j,p0_default,True,0,"{'model_name': 'qwen3:14b', 'temperature': 0.7, 'top_p': 0.9, 'top_k': None, 'seed': 42, 'quantization': 'Q4_K_M'}"
27ed136a405ce4ed9beb36328b5c975042ca1919c449e95b2607973641835bdc,unimoral_035,C2_incentive_neutral,qwen3:14b,version_j,p0_default,False,0,"{'model_name': 'qwen3:14b', 'temperature': 0.7, 'top_p': 0.9, 'top_k': None, 'seed': 42, 'quantization': 'Q4_K_M'}"
954708c1d399a3e4da86882dd7dbc387f073dbe8c0901a20eaa864b15a1aae8b,unimoral_035,C2_incentive_neutral,qwen3:14b,version_j,p0_default,True,0,"{'model_name': 'qwen3:14b', 'temperature': 0.7, 'top_p': 0.9, 'top_k': None, 'seed': 42, 'quantization': 'Q4_K_M'}"
ebfac900fd9566f88d0da62915e2b8a555470248ecccce9824b176dfe9384fe1,unimoral_035,P2_incentive_pressure,qwen3:14b,version_j,p0_default,False,0,"{'model_name': 'qwen3:14b', 'temperature': 0.7, 'top_p': 0.9, 'top_k': None, 'seed': 42, 'quantization': 'Q4_K_M'}"
315bb4a3aa92f9ba066aab7da3c6e501fa6f842379dbd24138f7dff4d8075922,unimoral_035,P2_incentive_pressure,qwen3:14b,version_j,p0_default,True,0,"{'model_name': 'qwen3:14b', 'temperature': 0.7, 'top_p': 0.9, 'top_k': None, 'seed': 42, 'quantization': 'Q4_K_M'}"
18680ee0e86d29c4c94241e36d67793ba279596c52c4724762f9d4f4000f985a,unimoral_035,C3_social_neutral,qwen3:14b,version_j,p0_default,False,0,"{'model_name': 'qwen3:14b', 'temperature': 0.7, 'top_p': 0.9, 'top_k': None, 'seed': 42, 'quantization': 'Q4_K_M'}"
746e347059f2639e0d51cdf70f9610f6f24f46f40a60899c2000077a2faaf424,unimoral_035,C3_social_neutral,qwen3:14b,version_j,p0_default,True,0,"{'model_name': 'qwen3:14b', 'temperature': 0.7, 'top_p': 0.9, 'top_k': None, 'seed': 42, 'quantization': 'Q4_K_M'}"
2059a11dea5cd7ca7220e331e2ac54d89ea24a859ac2e076304a85250e038764,unimoral_035,P3_social_pressure,qwen3:14b,version_j,p0_default,False,0,"{'model_name': 'qwen3:14b', 'temperature': 0.7, 'top_p': 0.9, 'top_k': None, 'seed': 42, 'quantization': 'Q4_K_M'}"
f89d702dcb68436e89925b5ffe1cd88c942ee23e8e8a7097cedabeee0f50da9f,unimoral_035,P3_social_pressure,qwen3:14b,version_j,p0_default,True,0,"{'model_name': 'qwen3:14b', 'temperature': 0.7, 'top_p': 0.9, 'top_k': None, 'seed': 42, 'quantization': 'Q4_K_M'}"
7f7649850e277998f452444b2e2fe0df750c7421b5622b9c04abbd5ea2aab250,unimoral_035,C4_metric_neutral,qwen3:14b,version_j,p0_default,False,0,"{'model_name': 'qwen3:14b', 'temperature': 0.7, 'top_p': 0.9, 'top_k': None, 'seed': 42, 'quantization': 'Q4_K_M'}"
3d5d014e78a4932f8f75963e31ae7a33828e2c875b238b7f453b2332874aa69b,unimoral_035,C4_metric_neutral,qwen3:14b,version_j,p0_default,True,0,"{'model_name': 'qwen3:14b', 'temperature': 0.7, 'top_p': 0.9, 'top_k': None, 'seed': 42, 'quantization': 'Q4_K_M'}"
6dc9aa7d954803669a302819c3b30c72224a6f562f28b0883e2cbe3d72930645,unimoral_035,P4_metric_pressure,qwen3:14b,version_j,p0_default,False,0,"{'model_name': 'qwen3:14b', 'temperature': 0.7, 'top_p': 0.9, 'top_k': None, 'seed': 42, 'quantization': 'Q4_K_M'}"
06826ead301152112cce2b596456c14e5a0c4bd4e947a4a0b54ca673e5315dee,unimoral_035,P4_metric_pressure,qwen3:14b,version_j,p0_default,True,0,"{'model_name': 'qwen3:14b', 'temperature': 0.7, 'top_p': 0.9, 'top_k': None, 'seed': 42, 'quantization': 'Q4_K_M'}"
d90942d9409ae6ca4f9058ae50990f293bf7844c03c61b572de5a03021f6745a,unimoral_036,B0_stripped_baseline,qwen3:14b,version_j,p0_default,False,0,"{'model_name': 'qwen3:14b', 'temperature': 0.7, 'top_p': 0.9, 'top_k': None, 'seed': 42, 'quantization': 'Q4_K_M'}"
1cf4636cf078d26883f672201e1c2845ef0bcb9274b8ca413c1d3911870ec726,unimoral_036,B0_stripped_baseline,qwen3:14b,version_j,p0_default,True,0,"{'model_name': 'qwen3:14b', 'temperature': 0.7, 'top_p': 0.9, 'top_k': None, 'seed': 42, 'quantization': 'Q4_K_M'}"
b03f4417e460ae172999ddebd0e214ff4aabc5766b133696c943669050cb0325,unimoral_036,C1_authority_neutral,qwen3:14b,version_j,p0_default,False,0,"{'model_name': 'qwen3:14b', 'temperature': 0.7, 'top_p': 0.9, 'top_k': None, 'seed': 42, 'quantization': 'Q4_K_M'}"
4f9b2537260ed553ed35744333910da65d56302c80f6e46ce2c90688f3cc3242,unimoral_036,C1_authority_neutral,qwen3:14b,version_j,p0_default,True,0,"{'model_name': 'qwen3:14b', 'temperature': 0.7, 'top_p': 0.9, 'top_k': None, 'seed': 42, 'quantization': 'Q4_K_M'}"
31df50285d509af7fd2e0fba6231d57c998a51d9fe0bf3580bc1b2b55666650c,unimoral_036,P1_authority_pressure,qwen3:14b,version_j,p0_default,False,0,"{'model_name': 'qwen3:14b', 'temperature': 0.7, 'top_p': 0.9, 'top_k': None, 'seed': 42, 'quantization': 'Q4_K_M'}"
8307fb50fa93b2bf4be95fe71eb66e02ad291bac4be975e88d5eaaab24db0a65,unimoral_036,P1_authority_pressure,qwen3:14b,version_j,p0_default,True,0,"{'model_name': 'qwen3:14b', 'temperature': 0.7, 'top_p': 0.9, 'top_k': None, 'seed': 42, 'quantization': 'Q4_K_M'}"
a684a266589381c9df7a793131e9573578c28a2e99447be989283af672a7b002,unimoral_036,C2_incentive_neutral,qwen3:14b,version_j,p0_default,False,0,"{'model_name': 'qwen3:14b', 'temperature': 0.7, 'top_p': 0.9, 'top_k': None, 'seed': 42, 'quantization': 'Q4_K_M'}"
fc00015d2419d8923d58a3b41c33925d7e7a264406c11b44a9024b823da9a250,unimoral_036,C2_incentive_neutral,qwen3:14b,version_j,p0_default,True,0,"{'model_name': 'qwen3:14b', 'temperature': 0.7, 'top_p': 0.9, 'top_k': None, 'seed': 42, 'quantization': 'Q4_K_M'}"
5a4f58d7cb08095520af15bf6e8eaea778360a69df157f9e36d68131aa649809,unimoral_036,P2_incentive_pressure,qwen3:14b,version_j,p0_default,False,0,"{'model_name': 'qwen3:14b', 'temperature': 0.7, 'top_p': 0.9, 'top_k': None, 'seed': 42, 'quantization': 'Q4_K_M'}"
2cc0165f6e250214a7b59ade1df9e34c802d60d8b9bb6fc4029a1e135df49e77,unimoral_036,P2_incentive_pressure,qwen3:14b,version_j,p0_default,True,0,"{'model_name': 'qwen3:14b', 'temperature': 0.7, 'top_p': 0.9, 'top_k': None, 'seed': 42, 'quantization': 'Q4_K_M'}"
5ddb28ee0657e2c4b2ba8cdc72fa12a36b629d46237fc14feb01b501ac7d8ebb,unimoral_036,C3_social_neutral,qwen3:14b,version_j,p0_default,False,0,"{'model_name': 'qwen3:14b', 'temperature': 0.7, 'top_p': 0.9, 'top_k': None, 'seed': 42, 'quantization': 'Q4_K_M'}"
1dc64846c98719dbc0b45d3376b5d817026f8f1e951194ce4121f363f9183dff,unimoral_036,C3_social_neutral,qwen3:14b,version_j,p0_default,True,0,"{'model_name': 'qwen3:14b', 'temperature': 0.7, 'top_p': 0.9, 'top_k': None, 'seed': 42, 'quantization': 'Q4_K_M'}"
ac6e853498d776ad4ba0df20ef5fc3f92ff34bdcb1fd8a52c6c7b2980d618a05,unimoral_036,P3_social_pressure,qwen3:14b,version_j,p0_default,False,0,"{'model_name': 'qwen3:14b', 'temperature': 0.7, 'top_p': 0.9, 'top_k': None, 'seed': 42, 'quantization': 'Q4_K_M'}"
4bc64959d7f63fc0af83436321c1e2bc4d07276f7e6f449059a4c2845da5c134,unimoral_036,P3_social_pressure,qwen3:14b,version_j,p0_default,True,0,"{'model_name': 'qwen3:14b', 'temperature': 0.7, 'top_p': 0.9, 'top_k': None, 'seed': 42, 'quantization': 'Q4_K_M'}"
0434974c97171e7c6ba888dd1a44eba7f5b7cc5c6ff5563fa256870348dc3cd2,unimoral_036,C4_metric_neutral,qwen3:14b,version_j,p0_default,False,0,"{'model_name': 'qwen3:14b', 'temperature': 0.7, 'top_p': 0.9, 'top_k': None, 'seed': 42, 'quantization': 'Q4_K_M'}"
d5baf8e3ca2978a56bb3adb0ba1ef05caacdc36d8af1d48a09baa25bd2f13dbd,unimoral_036,C4_metric_neutral,qwen3:14b,version_j,p0_default,True,0,"{'model_name': 'qwen3:14b', 'temperature': 0.7, 'top_p': 0.9, 'top_k': None, 'seed': 42, 'quantization': 'Q4_K_M'}"
f289602d073e8b7c72d6a68230f182e5470fc044ae137ee3cc2b4faa078ecb34,unimoral_036,P4_metric_pressure,qwen3:14b,version_j,p0_default,False,0,"{'model_name': 'qwen3:14b', 'temperature': 0.7, 'top_p': 0.9, 'top_k': None, 'seed': 42, 'quantization': 'Q4_K_M'}"
9e896279fdff6f2d92ac970950178b3076f6b3c9b81bc5d761cc23bc3661a972,unimoral_036,P4_metric_pressure,qwen3:14b,version_j,p0_default,True,0,"{'model_name': 'qwen3:14b', 'temperature': 0.7, 'top_p': 0.9, 'top_k': None, 'seed': 42, 'quantization': 'Q4_K_M'}"
36f49bcab53011ce9164868685a9d81c8b00e7344f456c4a43646a719d98906e,unimoral_037,B0_stripped_baseline,qwen3:14b,version_j,p0_default,False,0,"{'model_name': 'qwen3:14b', 'temperature': 0.7, 'top_p': 0.9, 'top_k': None, 'seed': 42, 'quantization': 'Q4_K_M'}"
32f6ef5137d3519e971bbe7f7334473eae5899ecc219af534db2fd9061ed8406,unimoral_037,B0_stripped_baseline,qwen3:14b,version_j,p0_default,True,0,"{'model_name': 'qwen3:14b', 'temperature': 0.7, 'top_p': 0.9, 'top_k': None, 'seed': 42, 'quantization': 'Q4_K_M'}"
1e30efb1088d4f24e43a98698396b61cdbfe7a48855795f7c1c17e0707453cbd,unimoral_037,C1_authority_neutral,qwen3:14b,version_j,p0_default,False,0,"{'model_name': 'qwen3:14b', 'temperature': 0.7, 'top_p': 0.9, 'top_k': None, 'seed': 42, 'quantization': 'Q4_K_M'}"
8f96d95ea07193276e8e98cca4bf1ae0818131924da9ea9edcd3693892a6f0fb,unimoral_037,C1_authority_neutral,qwen3:14b,version_j,p0_default,True,0,"{'model_name': 'qwen3:14b', 'temperature': 0.7, 'top_p': 0.9, 'top_k': None, 'seed': 42, 'quantization': 'Q4_K_M'}"
8a54c59ae8397131584ccd1a83daf3ad69fed69de09361ad59b1962261535b55,unimoral_037,P1_authority_pressure,qwen3:14b,version_j,p0_default,False,0,"{'model_name': 'qwen3:14b', 'temperature': 0.7, 'top_p': 0.9, 'top_k': None, 'seed': 42, 'quantization': 'Q4_K_M'}"
e192246167dd15d82458243709c5e175580a2a78fd3a2e52504192abaa70ccc3,unimoral_037,P1_authority_pressure,qwen3:14b,version_j,p0_default,True,0,"{'model_name': 'qwen3:14b', 'temperature': 0.7, 'top_p': 0.9, 'top_k': None, 'seed': 42, 'quantization': 'Q4_K_M'}"
afa23208112b93a4d1b10ecb906c1b63be41f686c4c5f7e0410c4827e702f2ab,unimoral_037,C2_incentive_neutral,qwen3:14b,version_j,p0_default,False,0,"{'model_name': 'qwen3:14b', 'temperature': 0.7, 'top_p': 0.9, 'top_k': None, 'seed': 42, 'quantization': 'Q4_K_M'}"
b4a276ddaa9db4cf55da764edd09ad984cd0342c43812c2a9fec81bb8918992b,unimoral_037,C2_incentive_neutral,qwen3:14b,version_j,p0_default,True,0,"{'model_name': 'qwen3:14b', 'temperature': 0.7, 'top_p': 0.9, 'top_k': None, 'seed': 42, 'quantization': 'Q4_K_M'}"
df72955f6a5788ef3c452bc059b04f1b34942418697c3de56638c6f9f3c9fdbe,unimoral_037,P2_incentive_pressure,qwen3:14b,version_j,p0_default,False,0,"{'model_name': 'qwen3:14b', 'temperature': 0.7, 'top_p': 0.9, 'top_k': None, 'seed': 42, 'quantization': 'Q4_K_M'}"
5db03849506527b0adf445e920556fc1cbfb36e84c2f1d5d38950d95e349367d,unimoral_037,P2_incentive_pressure,qwen3:14b,version_j,p0_default,True,0,"{'model_name': 'qwen3:14b', 'temperature': 0.7, 'top_p': 0.9, 'top_k': None, 'seed': 42, 'quantization': 'Q4_K_M'}"
918dfb9402d1990ce671fc6073bfeb2d21060bd94f224e3ec91f61af38f70c16,unimoral_037,C3_social_neutral,qwen3:14b,version_j,p0_default,False,0,"{'model_name': 'qwen3:14b', 'temperature': 0.7, 'top_p': 0.9, 'top_k': None, 'seed': 42, 'quantization': 'Q4_K_M'}"
48f670e8d5609a0f311a7d53a42156ec7f49223eb7de57c7f856ea4630a124a6,unimoral_037,C3_social_neutral,qwen3:14b,version_j,p0_default,True,0,"{'model_name': 'qwen3:14b', 'temperature': 0.7, 'top_p': 0.9, 'top_k': None, 'seed': 42, 'quantization': 'Q4_K_M'}"
d64b7c678dfdb214ae2ba5a7d55fd488d6e1c1d63d4311d88c191a826a0e3521,unimoral_037,P3_social_pressure,qwen3:14b,version_j,p0_default,False,0,"{'model_name': 'qwen3:14b', 'temperature': 0.7, 'top_p': 0.9, 'top_k': None, 'seed': 42, 'quantization': 'Q4_K_M'}"
8f7cbb1475513d2dad91f1eb293d843edb204a6636eb6e12991d80697f0c713a,unimoral_037,P3_social_pressure,qwen3:14b,version_j,p0_default,True,0,"{'model_name': 'qwen3:14b', 'temperature': 0.7, 'top_p': 0.9, 'top_k': None, 'seed': 42, 'quantization': 'Q4_K_M'}"
723d46cee0a7c186b14a83135cadb2c0e71832548f29e8bc9b0827e60c8e445b,unimoral_037,C4_metric_neutral,qwen3:14b,version_j,p0_default,False,0,"{'model_name': 'qwen3:14b', 'temperature': 0.7, 'top_p': 0.9, 'top_k': None, 'seed': 42, 'quantization': 'Q4_K_M'}"
d4ceaabaf2da74da67a084e73c961bd7119220773a73235ac077fa40adba569c,unimoral_037,C4_metric_neutral,qwen3:14b,version_j,p0_default,True,0,"{'model_name': 'qwen3:14b', 'temperature': 0.7, 'top_p': 0.9, 'top_k': None, 'seed': 42, 'quantization': 'Q4_K_M'}"
1434ee84589763a9e8da866972d730dc7c044a5f169a6be532180f7b0889951a,unimoral_037,P4_metric_pressure,qwen3:14b,version_j,p0_default,False,0,"{'model_name': 'qwen3:14b', 'temperature': 0.7, 'top_p': 0.9, 'top_k': None, 'seed': 42, 'quantization': 'Q4_K_M'}"
cf1f708b2ce060d82d0c1fd80e4c05d3f310f5289feed3e6ef84cfc95a881406,unimoral_037,P4_metric_pressure,qwen3:14b,version_j,p0_default,True,0,"{'model_name': 'qwen3:14b', 'temperature': 0.7, 'top_p': 0.9, 'top_k': None, 'seed': 42, 'quantization': 'Q4_K_M'}"
3f90ccf42c26175a3a676040a395daa65df22f36194fd5c1309755539d6c41fb,unimoral_038,B0_stripped_baseline,qwen3:14b,version_j,p0_default,False,0,"{'model_name': 'qwen3:14b', 'temperature': 0.7, 'top_p': 0.9, 'top_k': None, 'seed': 42, 'quantization': 'Q4_K_M'}"
7382351ab99e6ca45a6ab8c3b2b865caa20a369b28555bfb83007f9c4be57960,unimoral_038,B0_stripped_baseline,qwen3:14b,version_j,p0_default,True,0,"{'model_name': 'qwen3:14b', 'temperature': 0.7, 'top_p': 0.9, 'top_k': None, 'seed': 42, 'quantization': 'Q4_K_M'}"
d3063321bb82268f7606303def29cc3f284d6d2b582a461d4c036044203f07fe,unimoral_038,C1_authority_neutral,qwen3:14b,version_j,p0_default,False,0,"{'model_name': 'qwen3:14b', 'temperature': 0.7, 'top_p': 0.9, 'top_k': None, 'seed': 42, 'quantization': 'Q4_K_M'}"
397f3cf2391f4a40e9b89c553b5fa0539e50451a4c9d5e79241c500763272fe1,unimoral_038,C1_authority_neutral,qwen3:14b,version_j,p0_default,True,0,"{'model_name': 'qwen3:14b', 'temperature': 0.7, 'top_p': 0.9, 'top_k': None, 'seed': 42, 'quantization': 'Q4_K_M'}"
974050b1589546ebaa523af0de3aa02ee4bb033a70278d7919376efcbf8af668,unimoral_038,P1_authority_pressure,qwen3:14b,version_j,p0_default,False,0,"{'model_name': 'qwen3:14b', 'temperature': 0.7, 'top_p': 0.9, 'top_k': None, 'seed': 42, 'quantization': 'Q4_K_M'}"
c33d808fc1376255a16a761ada7d20ff57e07bfe17316076df646aa4eb92ac29,unimoral_038,P1_authority_pressure,qwen3:14b,version_j,p0_default,True,0,"{'model_name': 'qwen3:14b', 'temperature': 0.7, 'top_p': 0.9, 'top_k': None, 'seed': 42, 'quantization': 'Q4_K_M'}"
5ad939531aa3022abb51115fdcdc09641d1a76636ac1e3df897b43ee7afe8dc3,unimoral_038,C2_incentive_neutral,qwen3:14b,version_j,p0_default,False,0,"{'model_name': 'qwen3:14b', 'temperature': 0.7, 'top_p': 0.9, 'top_k': None, 'seed': 42, 'quantization': 'Q4_K_M'}"
d8637d8cc3c2024c0d6a07b6a3032804c9a7daa978b6d4d4ae9f270eccdc618b,unimoral_038,C2_incentive_neutral,qwen3:14b,version_j,p0_default,True,0,"{'model_name': 'qwen3:14b', 'temperature': 0.7, 'top_p': 0.9, 'top_k': None, 'seed': 42, 'quantization': 'Q4_K_M'}"
52e13cfbd906b60aca61156611633be53b5bcf594433b5e695b18c3455efdbac,unimoral_038,P2_incentive_pressure,qwen3:14b,version_j,p0_default,False,0,"{'model_name': 'qwen3:14b', 'temperature': 0.7, 'top_p': 0.9, 'top_k': None, 'seed': 42, 'quantization': 'Q4_K_M'}"
08e9f109878513c24e70a0a1ac7221d3e6f8cc0c03ad825666d7deb2154f2cb7,unimoral_038,P2_incentive_pressure,qwen3:14b,version_j,p0_default,True,0,"{'model_name': 'qwen3:14b', 'temperature': 0.7, 'top_p': 0.9, 'top_k': None, 'seed': 42, 'quantization': 'Q4_K_M'}"
b68f8d87b3998d08ab7d03f717ef30f81f590f3634698e071618c0969b92e624,unimoral_038,C3_social_neutral,qwen3:14b,version_j,p0_default,False,0,"{'model_name': 'qwen3:14b', 'temperature': 0.7, 'top_p': 0.9, 'top_k': None, 'seed': 42, 'quantization': 'Q4_K_M'}"
50b67688cd2bef3aa9a8b1524e169eb4129516287f1794a7df6e4147507f27d9,unimoral_038,C3_social_neutral,qwen3:14b,version_j,p0_default,True,0,"{'model_name': 'qwen3:14b', 'temperature': 0.7, 'top_p': 0.9, 'top_k': None, 'seed': 42, 'quantization': 'Q4_K_M'}"
9dcde0d77a3cadeaf1a19eb41cf2f2741170e20a0a246c9e68808be8e6736e86,unimoral_038,P3_social_pressure,qwen3:14b,version_j,p0_default,False,0,"{'model_name': 'qwen3:14b', 'temperature': 0.7, 'top_p': 0.9, 'top_k': None, 'seed': 42, 'quantization': 'Q4_K_M'}"
7d841be9ba4fcf0adae54cae4ae87d3313eb8faa036b64045e1cc54aec47b131,unimoral_038,P3_social_pressure,qwen3:14b,version_j,p0_default,True,0,"{'model_name': 'qwen3:14b', 'temperature': 0.7, 'top_p': 0.9, 'top_k': None, 'seed': 42, 'quantization': 'Q4_K_M'}"
720f55683ce1053954aad38eab45506cd6888806609fcf6f55dce55569e48c9f,unimoral_038,C4_metric_neutral,qwen3:14b,version_j,p0_default,False,0,"{'model_name': 'qwen3:14b', 'temperature': 0.7, 'top_p': 0.9, 'top_k': None, 'seed': 42, 'quantization': 'Q4_K_M'}"
ab9d445de421704e4ce9a7e06510ba979a352651994ec5bb7ba77d125e620bf6,unimoral_038,C4_metric_neutral,qwen3:14b,version_j,p0_default,True,0,"{'model_name': 'qwen3:14b', 'temperature': 0.7, 'top_p': 0.9, 'top_k': None, 'seed': 42, 'quantization': 'Q4_K_M'}"
2d4e26f4f8d62af9d4efbe98363d4b65dfa64da848f200e23919b735e0a1c28b,unimoral_038,P4_metric_pressure,qwen3:14b,version_j,p0_default,False,0,"{'model_name': 'qwen3:14b', 'temperature': 0.7, 'top_p': 0.9, 'top_k': None, 'seed': 42, 'quantization': 'Q4_K_M'}"
053383bcf4e0d05fd10dd6a3594d755f78d612131d3947c071e1ec857d2aac83,unimoral_038,P4_metric_pressure,qwen3:14b,version_j,p0_default,True,0,"{'model_name': 'qwen3:14b', 'temperature': 0.7, 'top_p': 0.9, 'top_k': None, 'seed': 42, 'quantization': 'Q4_K_M'}"
5d647184bfb24ce6124921e6c736a65f97d0cfb18953e65c0b788b45038709ba,unimoral_039,B0_stripped_baseline,qwen3:14b,version_j,p0_default,False,0,"{'model_name': 'qwen3:14b', 'temperature': 0.7, 'top_p': 0.9, 'top_k': None, 'seed': 42, 'quantization': 'Q4_K_M'}"
040965a5b735f2cda42787d52191838093112e7dc0f642029903f616b354d7ad,unimoral_039,B0_stripped_baseline,qwen3:14b,version_j,p0_default,True,0,"{'model_name': 'qwen3:14b', 'temperature': 0.7, 'top_p': 0.9, 'top_k': None, 'seed': 42, 'quantization': 'Q4_K_M'}"
5f1820ef917681129af1d8fd8a77c33f96f58a5fbc200c5b7f1777f22511926d,unimoral_039,C1_authority_neutral,qwen3:14b,version_j,p0_default,False,0,"{'model_name': 'qwen3:14b', 'temperature': 0.7, 'top_p': 0.9, 'top_k': None, 'seed': 42, 'quantization': 'Q4_K_M'}"
e61d1797d78ce5c400a15dd69e156b3113027f336611fe5ae01a841f587806c7,unimoral_039,C1_authority_neutral,qwen3:14b,version_j,p0_default,True,0,"{'model_name': 'qwen3:14b', 'temperature': 0.7, 'top_p': 0.9, 'top_k': None, 'seed': 42, 'quantization': 'Q4_K_M'}"
9fc5ed615e03fa19f902917e3047dd7042dea50e2bd1c965be1e3961526db82d,unimoral_039,P1_authority_pressure,qwen3:14b,version_j,p0_default,False,0,"{'model_name': 'qwen3:14b', 'temperature': 0.7, 'top_p': 0.9, 'top_k': None, 'seed': 42, 'quantization': 'Q4_K_M'}"
eb597455e81f55e3891a5d061c18d298cadc48b55c3ab833161e85e640b25e39,unimoral_039,P1_authority_pressure,qwen3:14b,version_j,p0_default,True,0,"{'model_name': 'qwen3:14b', 'temperature': 0.7, 'top_p': 0.9, 'top_k': None, 'seed': 42, 'quantization': 'Q4_K_M'}"
a12b53e9dba32f67b065834f6ed243410827843055ddde48e0a80c5392e194e6,unimoral_039,C2_incentive_neutral,qwen3:14b,version_j,p0_default,False,0,"{'model_name': 'qwen3:14b', 'temperature': 0.7, 'top_p': 0.9, 'top_k': None, 'seed': 42, 'quantization': 'Q4_K_M'}"
4b4d2ee2f252a15d02837053d72d3f4f6b04899dea9057db750c0f80ecc01a00,unimoral_039,C2_incentive_neutral,qwen3:14b,version_j,p0_default,True,0,"{'model_name': 'qwen3:14b', 'temperature': 0.7, 'top_p': 0.9, 'top_k': None, 'seed': 42, 'quantization': 'Q4_K_M'}"
37b9b15aee4f728c9dd1ab6d452a7313cd2c41e51604a8bfbdb741e4d1ca310c,unimoral_039,P2_incentive_pressure,qwen3:14b,version_j,p0_default,False,0,"{'model_name': 'qwen3:14b', 'temperature': 0.7, 'top_p': 0.9, 'top_k': None, 'seed': 42, 'quantization': 'Q4_K_M'}"
fa8929a7c1d4596a4e08324c919eb952737f8559341eb10e8f1f18c014e1eb66,unimoral_039,P2_incentive_pressure,qwen3:14b,version_j,p0_default,True,0,"{'model_name': 'qwen3:14b', 'temperature': 0.7, 'top_p': 0.9, 'top_k': None, 'seed': 42, 'quantization': 'Q4_K_M'}"
a46c764343d250eaa420b205c2801bb1cf934a354544733b92fe70fcff99bdd8,unimoral_039,C3_social_neutral,qwen3:14b,version_j,p0_default,False,0,"{'model_name': 'qwen3:14b', 'temperature': 0.7, 'top_p': 0.9, 'top_k': None, 'seed': 42, 'quantization': 'Q4_K_M'}"
49916ba77905aeda156ef3d20e4a51b1cdc41bdc83fcdca57e45f1c54a1242ba,unimoral_039,C3_social_neutral,qwen3:14b,version_j,p0_default,True,0,"{'model_name': 'qwen3:14b', 'temperature': 0.7, 'top_p': 0.9, 'top_k': None, 'seed': 42, 'quantization': 'Q4_K_M'}"
ccc66713099b7f90ed939da428a0924bb80b0037c7590458ebc8e77a7cac597a,unimoral_039,P3_social_pressure,qwen3:14b,version_j,p0_default,False,0,"{'model_name': 'qwen3:14b', 'temperature': 0.7, 'top_p': 0.9, 'top_k': None, 'seed': 42, 'quantization': 'Q4_K_M'}"
7e80cc5acddef46a7b0d10ffa83177b39924af6985824cdc33d3698258811310,unimoral_039,P3_social_pressure,qwen3:14b,version_j,p0_default,True,0,"{'model_name': 'qwen3:14b', 'temperature': 0.7, 'top_p': 0.9, 'top_k': None, 'seed': 42, 'quantization': 'Q4_K_M'}"
392a8e4521cb619c307df6267af4f8b73e971efa6551bafc1108c83552ce7a0b,unimoral_039,C4_metric_neutral,qwen3:14b,version_j,p0_default,False,0,"{'model_name': 'qwen3:14b', 'temperature': 0.7, 'top_p': 0.9, 'top_k': None, 'seed': 42, 'quantization': 'Q4_K_M'}"
6892e526174059a5fbe5ade2605ff392fd400766dd4bac712eb74df60972d2c6,unimoral_039,C4_metric_neutral,qwen3:14b,version_j,p0_default,True,0,"{'model_name': 'qwen3:14b', 'temperature': 0.7, 'top_p': 0.9, 'top_k': None, 'seed': 42, 'quantization': 'Q4_K_M'}"
087d8d9ac2be7d34a757e62da959f9da8af262ad3c3d1a8b27dc5482571aca5c,unimoral_039,P4_metric_pressure,qwen3:14b,version_j,p0_default,False,0,"{'model_name': 'qwen3:14b', 'temperature': 0.7, 'top_p': 0.9, 'top_k': None, 'seed': 42, 'quantization': 'Q4_K_M'}"
465c3c99456a7254e02a05c8eba9a564182347bb85a21ec3537baddd9dd861d1,unimoral_039,P4_metric_pressure,qwen3:14b,version_j,p0_default,True,0,"{'model_name': 'qwen3:14b', 'temperature': 0.7, 'top_p': 0.9, 'top_k': None, 'seed': 42, 'quantization': 'Q4_K_M'}"
a68d8a6d7d52bcbfebb040c69b7aa4f83fda893fbed289e65ecbbdc97a573b1a,unimoral_040,B0_stripped_baseline,qwen3:14b,version_j,p0_default,False,0,"{'model_name': 'qwen3:14b', 'temperature': 0.7, 'top_p': 0.9, 'top_k': None, 'seed': 42, 'quantization': 'Q4_K_M'}"
54a80290e6639e5f2496d5cd44e19ec6ea8e0dac44c27652d48f1b47cafa1249,unimoral_040,B0_stripped_baseline,qwen3:14b,version_j,p0_default,True,0,"{'model_name': 'qwen3:14b', 'temperature': 0.7, 'top_p': 0.9, 'top_k': None, 'seed': 42, 'quantization': 'Q4_K_M'}"
457b52e7a843d423e77874ed4c805235af379c7df6bcfdd1428a7f3c2eb3409c,unimoral_040,C1_authority_neutral,qwen3:14b,version_j,p0_default,False,0,"{'model_name': 'qwen3:14b', 'temperature': 0.7, 'top_p': 0.9, 'top_k': None, 'seed': 42, 'quantization': 'Q4_K_M'}"
49ca9459a88d20eae3b4e0019ce9793e429e6215721055ea07fd0a76d4167e2a,unimoral_040,C1_authority_neutral,qwen3:14b,version_j,p0_default,True,0,"{'model_name': 'qwen3:14b', 'temperature': 0.7, 'top_p': 0.9, 'top_k': None, 'seed': 42, 'quantization': 'Q4_K_M'}"
0ec87a0ca23a25e8f579f874b76ccbded348771bc07e358b0ece50e9bb77d51e,unimoral_040,P1_authority_pressure,qwen3:14b,version_j,p0_default,False,0,"{'model_name': 'qwen3:14b', 'temperature': 0.7, 'top_p': 0.9, 'top_k': None, 'seed': 42, 'quantization': 'Q4_K_M'}"
38b228de4c41c11c6a6a138373d0d8e4e5f3056ae7f0065b622ba80b5f3d1de9,unimoral_040,P1_authority_pressure,qwen3:14b,version_j,p0_default,True,0,"{'model_name': 'qwen3:14b', 'temperature': 0.7, 'top_p': 0.9, 'top_k': None, 'seed': 42, 'quantization': 'Q4_K_M'}"
37b60962bccc76bdf9547f6654332d9c961f664697bf63da22b09b69fd0090ce,unimoral_040,C2_incentive_neutral,qwen3:14b,version_j,p0_default,False,0,"{'model_name': 'qwen3:14b', 'temperature': 0.7, 'top_p': 0.9, 'top_k': None, 'seed': 42, 'quantization': 'Q4_K_M'}"
0f92d7674f9bc262f1e0306900d3e97b072f5850bbbaaf865c7170e71cc77639,unimoral_040,C2_incentive_neutral,qwen3:14b,version_j,p0_default,True,0,"{'model_name': 'qwen3:14b', 'temperature': 0.7, 'top_p': 0.9, 'top_k': None, 'seed': 42, 'quantization': 'Q4_K_M'}"
5661a738ebc1d61db3bfe8d2dbcd7ba2084e1a91f1a819a896d25b8031ad558b,unimoral_040,P2_incentive_pressure,qwen3:14b,version_j,p0_default,False,0,"{'model_name': 'qwen3:14b', 'temperature': 0.7, 'top_p': 0.9, 'top_k': None, 'seed': 42, 'quantization': 'Q4_K_M'}"
b17d74f744dbbe6c0a46e6a9662019be4da40b5a65d40bea8f8533805839b65f,unimoral_040,P2_incentive_pressure,qwen3:14b,version_j,p0_default,True,0,"{'model_name': 'qwen3:14b', 'temperature': 0.7, 'top_p': 0.9, 'top_k': None, 'seed': 42, 'quantization': 'Q4_K_M'}"
42a3e9ceba680289c3d333ea82813f6fbf188c1e7cd61b9dfbace5ea3a12fca4,unimoral_040,C3_social_neutral,qwen3:14b,version_j,p0_default,False,0,"{'model_name': 'qwen3:14b', 'temperature': 0.7, 'top_p': 0.9, 'top_k': None, 'seed': 42, 'quantization': 'Q4_K_M'}"
b84fab6e5e291a358eafa49a1616163b4ba0b2887ec1fdad89d321e254622262,unimoral_040,C3_social_neutral,qwen3:14b,version_j,p0_default,True,0,"{'model_name': 'qwen3:14b', 'temperature': 0.7, 'top_p': 0.9, 'top_k': None, 'seed': 42, 'quantization': 'Q4_K_M'}"
0a0dd85f01f2c8c2b6a78fd52cdf2eabd187b31c27a6b0224784e7550816995b,unimoral_040,P3_social_pressure,qwen3:14b,version_j,p0_default,False,0,"{'model_name': 'qwen3:14b', 'temperature': 0.7, 'top_p': 0.9, 'top_k': None, 'seed': 42, 'quantization': 'Q4_K_M'}"
a1a0a27c2461550a6cc275c73130a076dd4119fe692bbf85c53c53bcc71701ca,unimoral_040,P3_social_pressure,qwen3:14b,version_j,p0_default,True,0,"{'model_name': 'qwen3:14b', 'temperature': 0.7, 'top_p': 0.9, 'top_k': None, 'seed': 42, 'quantization': 'Q4_K_M'}"
5604424ba89cf2a5bd290b2925cefd2a28717d032ed3593835d22b1f40215f99,unimoral_040,C4_metric_neutral,qwen3:14b,version_j,p0_default,False,0,"{'model_name': 'qwen3:14b', 'temperature': 0.7, 'top_p': 0.9, 'top_k': None, 'seed': 42, 'quantization': 'Q4_K_M'}"
3c73b8e80b4692c78b497ac5df179651d7aea6cfb614eec8bd7d51a84bf1a7c9,unimoral_040,C4_metric_neutral,qwen3:14b,version_j,p0_default,True,0,"{'model_name': 'qwen3:14b', 'temperature': 0.7, 'top_p': 0.9, 'top_k': None, 'seed': 42, 'quantization': 'Q4_K_M'}"
d847f03742cfbc341055104a054c1847b18f2413ae15d4927520f12b80f47fb6,unimoral_040,P4_metric_pressure,qwen3:14b,version_j,p0_default,False,0,"{'model_name': 'qwen3:14b', 'temperature': 0.7, 'top_p': 0.9, 'top_k': None, 'seed': 42, 'quantization': 'Q4_K_M'}"
f9c0d18bec0b35607bc5f4aca6de26fb907324964cf20fa16529b8587d7f3897,unimoral_040,P4_metric_pressure,qwen3:14b,version_j,p0_default,True,0,"{'model_name': 'qwen3:14b', 'temperature': 0.7, 'top_p': 0.9, 'top_k': None, 'seed': 42, 'quantization': 'Q4_K_M'}"
b15a6a1a74f6fa508b348d3ba205bbe5d8305bfd8740938646d6699c9479a5ef,unimoral_041,B0_stripped_baseline,qwen3:14b,version_j,p0_default,False,0,"{'model_name': 'qwen3:14b', 'temperature': 0.7, 'top_p': 0.9, 'top_k': None, 'seed': 42, 'quantization': 'Q4_K_M'}"
852787b3274e0bd5be91484dba0b77937ade794116ae9e6a9cb4e0b91d25ce3a,unimoral_041,B0_stripped_baseline,qwen3:14b,version_j,p0_default,True,0,"{'model_name': 'qwen3:14b', 'temperature': 0.7, 'top_p': 0.9, 'top_k': None, 'seed': 42, 'quantization': 'Q4_K_M'}"
d571c459f2a25a425b6ae876ebca6e9cd04a24abf6e2e31dbc5db9cd001b027d,unimoral_041,C1_authority_neutral,qwen3:14b,version_j,p0_default,False,0,"{'model_name': 'qwen3:14b', 'temperature': 0.7, 'top_p': 0.9, 'top_k': None, 'seed': 42, 'quantization': 'Q4_K_M'}"
0e9ed52eaae0fbe5b8d1e83756397b2c5efcd2c0a09888186b90ece3238ab4d7,unimoral_041,C1_authority_neutral,qwen3:14b,version_j,p0_default,True,0,"{'model_name': 'qwen3:14b', 'temperature': 0.7, 'top_p': 0.9, 'top_k': None, 'seed': 42, 'quantization': 'Q4_K_M'}"
c189f2fa92d381eeda2af602c08ea18bdd534f8597548b45a6c379a6775d2c95,unimoral_041,P1_authority_pressure,qwen3:14b,version_j,p0_default,False,0,"{'model_name': 'qwen3:14b', 'temperature': 0.7, 'top_p': 0.9, 'top_k': None, 'seed': 42, 'quantization': 'Q4_K_M'}"
c46a2ec78e8e5d3740446ef1b337965c28deb307e0f58a441f0e684a2a8f7c0b,unimoral_041,P1_authority_pressure,qwen3:14b,version_j,p0_default,True,0,"{'model_name': 'qwen3:14b', 'temperature': 0.7, 'top_p': 0.9, 'top_k': None, 'seed': 42, 'quantization': 'Q4_K_M'}"
9328cbeba453512831d9c75913588f191fd7c61c94dd1841810e0d19328227ce,unimoral_041,C2_incentive_neutral,qwen3:14b,version_j,p0_default,False,0,"{'model_name': 'qwen3:14b', 'temperature': 0.7, 'top_p': 0.9, 'top_k': None, 'seed': 42, 'quantization': 'Q4_K_M'}"
1356c2a278dc5677c6c291674ba18d8257542b07c55cc40256f3e14f043b1cb4,unimoral_041,C2_incentive_neutral,qwen3:14b,version_j,p0_default,True,0,"{'model_name': 'qwen3:14b', 'temperature': 0.7, 'top_p': 0.9, 'top_k': None, 'seed': 42, 'quantization': 'Q4_K_M'}"
413d0048af8cadda01235ebf8683b09564f18f6c00192216b911dc83989ae246,unimoral_041,P2_incentive_pressure,qwen3:14b,version_j,p0_default,False,0,"{'model_name': 'qwen3:14b', 'temperature': 0.7, 'top_p': 0.9, 'top_k': None, 'seed': 42, 'quantization': 'Q4_K_M'}"
f76d14b069e95c6f6bfa6490434d937f29be8c12b4613ad217d25dfdfeeb92d4,unimoral_041,P2_incentive_pressure,qwen3:14b,version_j,p0_default,True,0,"{'model_name': 'qwen3:14b', 'temperature': 0.7, 'top_p': 0.9, 'top_k': None, 'seed': 42, 'quantization': 'Q4_K_M'}"
18d4b7c50f3a183d34047a412b701118bedfd5d9d2f668194404b24e0d94c2ac,unimoral_041,C3_social_neutral,qwen3:14b,version_j,p0_default,False,0,"{'model_name': 'qwen3:14b', 'temperature': 0.7, 'top_p': 0.9, 'top_k': None, 'seed': 42, 'quantization': 'Q4_K_M'}"
63b0eab8e98bb397def16c8c38042c40017e5bdd6c5402503a8f424cd995234f,unimoral_041,C3_social_neutral,qwen3:14b,version_j,p0_default,True,0,"{'model_name': 'qwen3:14b', 'temperature': 0.7, 'top_p': 0.9, 'top_k': None, 'seed': 42, 'quantization': 'Q4_K_M'}"
8e33cac3dec4a8222a59984836f2c4c2857f9c9258a093da4c794871c2495556,unimoral_041,P3_social_pressure,qwen3:14b,version_j,p0_default,False,0,"{'model_name': 'qwen3:14b', 'temperature': 0.7, 'top_p': 0.9, 'top_k': None, 'seed': 42, 'quantization': 'Q4_K_M'}"
ecc35507db4eb8b5db19e325b73895c26bb23c109256c20098cd4431f27fe981,unimoral_041,P3_social_pressure,qwen3:14b,version_j,p0_default,True,0,"{'model_name': 'qwen3:14b', 'temperature': 0.7, 'top_p': 0.9, 'top_k': None, 'seed': 42, 'quantization': 'Q4_K_M'}"
65cbeeddee18245dddcf512b6b5aa20b408b564972bfe365743f70ce3676e673,unimoral_041,C4_metric_neutral,qwen3:14b,version_j,p0_default,False,0,"{'model_name': 'qwen3:14b', 'temperature': 0.7, 'top_p': 0.9, 'top_k': None, 'seed': 42, 'quantization': 'Q4_K_M'}"
bfcdf86f09b27a27113bd107e7d9a00bb67fa93375355b76778d066e0fb53c41,unimoral_041,C4_metric_neutral,qwen3:14b,version_j,p0_default,True,0,"{'model_name': 'qwen3:14b', 'temperature': 0.7, 'top_p': 0.9, 'top_k': None, 'seed': 42, 'quantization': 'Q4_K_M'}"
c0e2374f0676e591080d9172ac4de30215bc39804b83e0984f966a1a88b65314,unimoral_041,P4_metric_pressure,qwen3:14b,version_j,p0_default,False,0,"{'model_name': 'qwen3:14b', 'temperature': 0.7, 'top_p': 0.9, 'top_k': None, 'seed': 42, 'quantization': 'Q4_K_M'}"
d6ba52eb9fe788b1fe55ecc6b7a813f72f316214da8e0b1d955430bb18d1e60a,unimoral_041,P4_metric_pressure,qwen3:14b,version_j,p0_default,True,0,"{'model_name': 'qwen3:14b', 'temperature': 0.7, 'top_p': 0.9, 'top_k': None, 'seed': 42, 'quantization': 'Q4_K_M'}"
9b92ccaee982a1dd3149b5853ae847a3e5f90c656e9738f6432a067655034c58,unimoral_042,B0_stripped_baseline,qwen3:14b,version_j,p0_default,False,0,"{'model_name': 'qwen3:14b', 'temperature': 0.7, 'top_p': 0.9, 'top_k': None, 'seed': 42, 'quantization': 'Q4_K_M'}"
13afe7f1742117d796ffa8069a59430b0138d98362626f029a4e4191a0166729,unimoral_042,B0_stripped_baseline,qwen3:14b,version_j,p0_default,True,0,"{'model_name': 'qwen3:14b', 'temperature': 0.7, 'top_p': 0.9, 'top_k': None, 'seed': 42, 'quantization': 'Q4_K_M'}"
6ba91b72d5da4d465688dc45c9b133121e9396502cec1adf78a63f909c56fbe3,unimoral_042,C1_authority_neutral,qwen3:14b,version_j,p0_default,False,0,"{'model_name': 'qwen3:14b', 'temperature': 0.7, 'top_p': 0.9, 'top_k': None, 'seed': 42, 'quantization': 'Q4_K_M'}"
abd72aea8b8efbac1065458b0923a174dbd9b3e33a2a7cd3a2f314eadd56c444,unimoral_042,C1_authority_neutral,qwen3:14b,version_j,p0_default,True,0,"{'model_name': 'qwen3:14b', 'temperature': 0.7, 'top_p': 0.9, 'top_k': None, 'seed': 42, 'quantization': 'Q4_K_M'}"
0f9799fb5d10cb5aeb9bfefc94af26e90af5df9374b2fc5c525c0de017a546d0,unimoral_042,P1_authority_pressure,qwen3:14b,version_j,p0_default,False,0,"{'model_name': 'qwen3:14b', 'temperature': 0.7, 'top_p': 0.9, 'top_k': None, 'seed': 42, 'quantization': 'Q4_K_M'}"
15b0b5d238710bbe04d3682d1df35114a6c67ca815ff94c75dc0d787d2499601,unimoral_042,P1_authority_pressure,qwen3:14b,version_j,p0_default,True,0,"{'model_name': 'qwen3:14b', 'temperature': 0.7, 'top_p': 0.9, 'top_k': None, 'seed': 42, 'quantization': 'Q4_K_M'}"
27a30376e89cb49c2963142ad660d7acc7c38e550420424fbd0c424b0d2f4d24,unimoral_042,C2_incentive_neutral,qwen3:14b,version_j,p0_default,False,0,"{'model_name': 'qwen3:14b', 'temperature': 0.7, 'top_p': 0.9, 'top_k': None, 'seed': 42, 'quantization': 'Q4_K_M'}"
a28f18502adc12c9a2d22afad8ea176fb60a1f61eaa04795fba5e8da18f64c14,unimoral_042,C2_incentive_neutral,qwen3:14b,version_j,p0_default,True,0,"{'model_name': 'qwen3:14b', 'temperature': 0.7, 'top_p': 0.9, 'top_k': None, 'seed': 42, 'quantization': 'Q4_K_M'}"
2a694be27920cff9408f5b29f73ca52072ef46e8fb0905606c5aa9a7adbffdd2,unimoral_042,P2_incentive_pressure,qwen3:14b,version_j,p0_default,False,0,"{'model_name': 'qwen3:14b', 'temperature': 0.7, 'top_p': 0.9, 'top_k': None, 'seed': 42, 'quantization': 'Q4_K_M'}"
926ce88ab4f7249cae3a3113ed3888d056dd0eea9960343ada207168812407b2,unimoral_042,P2_incentive_pressure,qwen3:14b,version_j,p0_default,True,0,"{'model_name': 'qwen3:14b', 'temperature': 0.7, 'top_p': 0.9, 'top_k': None, 'seed': 42, 'quantization': 'Q4_K_M'}"
814f0224fa49adcefe64887b340925a7af87e06ebb872e4dea181a6d4fa56d4f,unimoral_042,C3_social_neutral,qwen3:14b,version_j,p0_default,False,0,"{'model_name': 'qwen3:14b', 'temperature': 0.7, 'top_p': 0.9, 'top_k': None, 'seed': 42, 'quantization': 'Q4_K_M'}"
574ecdd5ea7978e273e78ef11c60b620a4dfd11fdd46617dc090c773be576c6d,unimoral_042,C3_social_neutral,qwen3:14b,version_j,p0_default,True,0,"{'model_name': 'qwen3:14b', 'temperature': 0.7, 'top_p': 0.9, 'top_k': None, 'seed': 42, 'quantization': 'Q4_K_M'}"
71868890242433654f65e394940d181b77a64581630c55687f288217c0d1d4af,unimoral_042,P3_social_pressure,qwen3:14b,version_j,p0_default,False,0,"{'model_name': 'qwen3:14b', 'temperature': 0.7, 'top_p': 0.9, 'top_k': None, 'seed': 42, 'quantization': 'Q4_K_M'}"
a0fcc9b9d00a8f2c90e2f54c5244ea29d2085e857f8d125e968cde39459e1023,unimoral_042,P3_social_pressure,qwen3:14b,version_j,p0_default,True,0,"{'model_name': 'qwen3:14b', 'temperature': 0.7, 'top_p': 0.9, 'top_k': None, 'seed': 42, 'quantization': 'Q4_K_M'}"
c9e720d65a14be27601aed224d6d26ff6d7e2530c65f9ca45ac65413e753ca80,unimoral_042,C4_metric_neutral,qwen3:14b,version_j,p0_default,False,0,"{'model_name': 'qwen3:14b', 'temperature': 0.7, 'top_p': 0.9, 'top_k': None, 'seed': 42, 'quantization': 'Q4_K_M'}"
9b52fef93cd8835e3fcc2d3d1862a18f82f384c1b6fe333ce273bb792106c9c5,unimoral_042,C4_metric_neutral,qwen3:14b,version_j,p0_default,True,0,"{'model_name': 'qwen3:14b', 'temperature': 0.7, 'top_p': 0.9, 'top_k': None, 'seed': 42, 'quantization': 'Q4_K_M'}"
a90534547837b7c70411fa3b17456263a427be8cc17b967fc3c1ea5f766a1ac8,unimoral_042,P4_metric_pressure,qwen3:14b,version_j,p0_default,False,0,"{'model_name': 'qwen3:14b', 'temperature': 0.7, 'top_p': 0.9, 'top_k': None, 'seed': 42, 'quantization': 'Q4_K_M'}"
17a23ac7cf3cc5f76834f990d6d604b4e3cbbc448c193aa3668de4ee766fda43,unimoral_042,P4_metric_pressure,qwen3:14b,version_j,p0_default,True,0,"{'model_name': 'qwen3:14b', 'temperature': 0.7, 'top_p': 0.9, 'top_k': None, 'seed': 42, 'quantization': 'Q4_K_M'}"
4e9af36323f2f1f47404622475b3d67b884f191a022815de4afad386c79da3db,unimoral_043,B0_stripped_baseline,qwen3:14b,version_j,p0_default,False,0,"{'model_name': 'qwen3:14b', 'temperature': 0.7, 'top_p': 0.9, 'top_k': None, 'seed': 42, 'quantization': 'Q4_K_M'}"
51262a7e2db3d497d3306489709da647c5d35f30689ce80485b6cd90a63bd559,unimoral_043,B0_stripped_baseline,qwen3:14b,version_j,p0_default,True,0,"{'model_name': 'qwen3:14b', 'temperature': 0.7, 'top_p': 0.9, 'top_k': None, 'seed': 42, 'quantization': 'Q4_K_M'}"
f6226c9c34d627bf035c715cbf2335b6ebd8c15f4e35b7f9eccc03afa08ebebe,unimoral_043,C1_authority_neutral,qwen3:14b,version_j,p0_default,False,0,"{'model_name': 'qwen3:14b', 'temperature': 0.7, 'top_p': 0.9, 'top_k': None, 'seed': 42, 'quantization': 'Q4_K_M'}"
70820ece5572eeaa1ba6fdea92dbde08da3a64ed4b4c5d024f49d31c46e83f3c,unimoral_043,C1_authority_neutral,qwen3:14b,version_j,p0_default,True,0,"{'model_name': 'qwen3:14b', 'temperature': 0.7, 'top_p': 0.9, 'top_k': None, 'seed': 42, 'quantization': 'Q4_K_M'}"
c1898fcf921acb9c4d3a40d2b55ccfb879c9fbe99522e255a6ed793229796b2d,unimoral_043,P1_authority_pressure,qwen3:14b,version_j,p0_default,False,0,"{'model_name': 'qwen3:14b', 'temperature': 0.7, 'top_p': 0.9, 'top_k': None, 'seed': 42, 'quantization': 'Q4_K_M'}"
a16e05d9cd4a1676f2a89b13855e86e9368c725280c9df61e0079356e8c06cea,unimoral_043,P1_authority_pressure,qwen3:14b,version_j,p0_default,True,0,"{'model_name': 'qwen3:14b', 'temperature': 0.7, 'top_p': 0.9, 'top_k': None, 'seed': 42, 'quantization': 'Q4_K_M'}"
3fe2468b17c5731817369485ff1c820465fb3a0f3cb345514e30c060bdacd4bb,unimoral_043,C2_incentive_neutral,qwen3:14b,version_j,p0_default,False,0,"{'model_name': 'qwen3:14b', 'temperature': 0.7, 'top_p': 0.9, 'top_k': None, 'seed': 42, 'quantization': 'Q4_K_M'}"
78435330794c7ec91b5376a235884b3346ffb415d29dda69eff8055a50f868d8,unimoral_043,C2_incentive_neutral,qwen3:14b,version_j,p0_default,True,0,"{'model_name': 'qwen3:14b', 'temperature': 0.7, 'top_p': 0.9, 'top_k': None, 'seed': 42, 'quantization': 'Q4_K_M'}"
82efd8571fe5c1ec7f139a69f38ad277ae965ca2610d2edaea96853119241c20,unimoral_043,P2_incentive_pressure,qwen3:14b,version_j,p0_default,False,0,"{'model_name': 'qwen3:14b', 'temperature': 0.7, 'top_p': 0.9, 'top_k': None, 'seed': 42, 'quantization': 'Q4_K_M'}"
3ffd9ca5ebc28a9346f962669a08d442bfe5be6ac101d3d96135b1c28b42a0e4,unimoral_043,P2_incentive_pressure,qwen3:14b,version_j,p0_default,True,0,"{'model_name': 'qwen3:14b', 'temperature': 0.7, 'top_p': 0.9, 'top_k': None, 'seed': 42, 'quantization': 'Q4_K_M'}"
3c255c8626a2c2b844efa57cb774839a60d0044853c69e9e804c19600149823b,unimoral_043,C3_social_neutral,qwen3:14b,version_j,p0_default,False,0,"{'model_name': 'qwen3:14b', 'temperature': 0.7, 'top_p': 0.9, 'top_k': None, 'seed': 42, 'quantization': 'Q4_K_M'}"
d52acc5bea4312d75db59bc47f7723840f73880442920161469e6276848f32cb,unimoral_043,C3_social_neutral,qwen3:14b,version_j,p0_default,True,0,"{'model_name': 'qwen3:14b', 'temperature': 0.7, 'top_p': 0.9, 'top_k': None, 'seed': 42, 'quantization': 'Q4_K_M'}"
7fddd9e94bc2c0e8ecbc6f645b1facac9a3c21ece1f371a5ae3d7c0bb39252b4,unimoral_043,P3_social_pressure,qwen3:14b,version_j,p0_default,False,0,"{'model_name': 'qwen3:14b', 'temperature': 0.7, 'top_p': 0.9, 'top_k': None, 'seed': 42, 'quantization': 'Q4_K_M'}"
85ff10a72b1e98905e35a7962d91636c2c50f22fc3f347b6fce23e325568707f,unimoral_043,P3_social_pressure,qwen3:14b,version_j,p0_default,True,0,"{'model_name': 'qwen3:14b', 'temperature': 0.7, 'top_p': 0.9, 'top_k': None, 'seed': 42, 'quantization': 'Q4_K_M'}"
a01071990fcc520b02df9eca949b21919efd5fe53bf531ab3bc89bbbccf4f355,unimoral_043,C4_metric_neutral,qwen3:14b,version_j,p0_default,False,0,"{'model_name': 'qwen3:14b', 'temperature': 0.7, 'top_p': 0.9, 'top_k': None, 'seed': 42, 'quantization': 'Q4_K_M'}"
cc14cf2d0a7ac3895fdcf4f9fc5d8d8b1605dc5d0e0730189afe8f83b27df7bf,unimoral_043,C4_metric_neutral,qwen3:14b,version_j,p0_default,True,0,"{'model_name': 'qwen3:14b', 'temperature': 0.7, 'top_p': 0.9, 'top_k': None, 'seed': 42, 'quantization': 'Q4_K_M'}"
1dfa980fcdb28d019fd4d7f77465f816a2a61a0dbc364b99b97ce44c1afd2e1a,unimoral_043,P4_metric_pressure,qwen3:14b,version_j,p0_default,False,0,"{'model_name': 'qwen3:14b', 'temperature': 0.7, 'top_p': 0.9, 'top_k': None, 'seed': 42, 'quantization': 'Q4_K_M'}"
0342a5501b1e4be4a504b560fc0d7ce53b921f161de5c8130d694952c15154ca,unimoral_043,P4_metric_pressure,qwen3:14b,version_j,p0_default,True,0,"{'model_name': 'qwen3:14b', 'temperature': 0.7, 'top_p': 0.9, 'top_k': None, 'seed': 42, 'quantization': 'Q4_K_M'}"
852e7ca13bd5fdf83720ae51dc9a28f826b5d19e9b4f017d446e3b9d74516daa,unimoral_044,B0_stripped_baseline,qwen3:14b,version_j,p0_default,False,0,"{'model_name': 'qwen3:14b', 'temperature': 0.7, 'top_p': 0.9, 'top_k': None, 'seed': 42, 'quantization': 'Q4_K_M'}"
758c1f9630e242e6659732f40257780b8c03779ab19f4f10ccb1d843424ea404,unimoral_044,B0_stripped_baseline,qwen3:14b,version_j,p0_default,True,0,"{'model_name': 'qwen3:14b', 'temperature': 0.7, 'top_p': 0.9, 'top_k': None, 'seed': 42, 'quantization': 'Q4_K_M'}"
92fe3d7baf620c20cb62a27394f7a1b45ef9a9ff939b1c13b22d6d4180b3b44b,unimoral_044,C1_authority_neutral,qwen3:14b,version_j,p0_default,False,0,"{'model_name': 'qwen3:14b', 'temperature': 0.7, 'top_p': 0.9, 'top_k': None, 'seed': 42, 'quantization': 'Q4_K_M'}"
afbb0010fbaca07bf3ff7ddbb52c88f77c8ae44f11e08c227e19a0ad728204d9,unimoral_044,C1_authority_neutral,qwen3:14b,version_j,p0_default,True,0,"{'model_name': 'qwen3:14b', 'temperature': 0.7, 'top_p': 0.9, 'top_k': None, 'seed': 42, 'quantization': 'Q4_K_M'}"
43ae360b330e36f2730e15b7ea3ef1ea9b741dbdd1c1c32474415e1bc662666c,unimoral_044,P1_authority_pressure,qwen3:14b,version_j,p0_default,False,0,"{'model_name': 'qwen3:14b', 'temperature': 0.7, 'top_p': 0.9, 'top_k': None, 'seed': 42, 'quantization': 'Q4_K_M'}"
a2f20c1eb88cb2b7fd2de4d74f5f40b1dfccc8ead5cfdae927e84c9260a2dce0,unimoral_044,P1_authority_pressure,qwen3:14b,version_j,p0_default,True,0,"{'model_name': 'qwen3:14b', 'temperature': 0.7, 'top_p': 0.9, 'top_k': None, 'seed': 42, 'quantization': 'Q4_K_M'}"
063cb70f6df17c195084ea6035449ab41e803e6f62bddcfb35c57afc76fc05d3,unimoral_044,C2_incentive_neutral,qwen3:14b,version_j,p0_default,False,0,"{'model_name': 'qwen3:14b', 'temperature': 0.7, 'top_p': 0.9, 'top_k': None, 'seed': 42, 'quantization': 'Q4_K_M'}"
da8667506cbc45febcc9f713f190608fbad985d4ba92f2f88164414ae9c013cc,unimoral_044,C2_incentive_neutral,qwen3:14b,version_j,p0_default,True,0,"{'model_name': 'qwen3:14b', 'temperature': 0.7, 'top_p': 0.9, 'top_k': None, 'seed': 42, 'quantization': 'Q4_K_M'}"
dd6d2a183a2a43f76feef231191caf00c8dbbbbe96af76a56b98b1f3b4a921a4,unimoral_044,P2_incentive_pressure,qwen3:14b,version_j,p0_default,False,0,"{'model_name': 'qwen3:14b', 'temperature': 0.7, 'top_p': 0.9, 'top_k': None, 'seed': 42, 'quantization': 'Q4_K_M'}"
f21fb2bbc83599023d7c26ecdd51ed050511e3083f44dca7e00b151b00d34923,unimoral_044,P2_incentive_pressure,qwen3:14b,version_j,p0_default,True,0,"{'model_name': 'qwen3:14b', 'temperature': 0.7, 'top_p': 0.9, 'top_k': None, 'seed': 42, 'quantization': 'Q4_K_M'}"
9e977817cfbb666ab6c612a877f2a94381483b53adc3823a2948bc9f445f8f8c,unimoral_044,C3_social_neutral,qwen3:14b,version_j,p0_default,False,0,"{'model_name': 'qwen3:14b', 'temperature': 0.7, 'top_p': 0.9, 'top_k': None, 'seed': 42, 'quantization': 'Q4_K_M'}"
dbaac2d7f83792058630f61d479207ea883782d93b34853aafa4b632fbf287a3,unimoral_044,C3_social_neutral,qwen3:14b,version_j,p0_default,True,0,"{'model_name': 'qwen3:14b', 'temperature': 0.7, 'top_p': 0.9, 'top_k': None, 'seed': 42, 'quantization': 'Q4_K_M'}"
40f338d9414f6e7b7cc94d05ce81889ea07cb59060d1379ec5b9a4a2f3c74306,unimoral_044,P3_social_pressure,qwen3:14b,version_j,p0_default,False,0,"{'model_name': 'qwen3:14b', 'temperature': 0.7, 'top_p': 0.9, 'top_k': None, 'seed': 42, 'quantization': 'Q4_K_M'}"
35dc48a830104770cf5f75aeed308202b8f50c14879787a7aa93c4073031c668,unimoral_044,P3_social_pressure,qwen3:14b,version_j,p0_default,True,0,"{'model_name': 'qwen3:14b', 'temperature': 0.7, 'top_p': 0.9, 'top_k': None, 'seed': 42, 'quantization': 'Q4_K_M'}"
d806d661af2f7e0dc61002d23cc96e2edb55cf05dfe9792946ecee56722853dc,unimoral_044,C4_metric_neutral,qwen3:14b,version_j,p0_default,False,0,"{'model_name': 'qwen3:14b', 'temperature': 0.7, 'top_p': 0.9, 'top_k': None, 'seed': 42, 'quantization': 'Q4_K_M'}"
fa323f8b53c1333c5b53acff82cb0b6eb282f1b2700c7e368834f79584bf07cd,unimoral_044,C4_metric_neutral,qwen3:14b,version_j,p0_default,True,0,"{'model_name': 'qwen3:14b', 'temperature': 0.7, 'top_p': 0.9, 'top_k': None, 'seed': 42, 'quantization': 'Q4_K_M'}"
e1feb0382447a11099d4bf5d6865523e983caafe512e00d122b41168475fed66,unimoral_044,P4_metric_pressure,qwen3:14b,version_j,p0_default,False,0,"{'model_name': 'qwen3:14b', 'temperature': 0.7, 'top_p': 0.9, 'top_k': None, 'seed': 42, 'quantization': 'Q4_K_M'}"
d060860929242f80d8eabe0880cf0d57ad376ead4059379e2c397805da49ee4b,unimoral_044,P4_metric_pressure,qwen3:14b,version_j,p0_default,True,0,"{'model_name': 'qwen3:14b', 'temperature': 0.7, 'top_p': 0.9, 'top_k': None, 'seed': 42, 'quantization': 'Q4_K_M'}"
5b2262590ce6f26a5b07903b5be57d1e0f8482046d1c6205943b0396196df32e,unimoral_045,B0_stripped_baseline,qwen3:14b,version_j,p0_default,False,0,"{'model_name': 'qwen3:14b', 'temperature': 0.7, 'top_p': 0.9, 'top_k': None, 'seed': 42, 'quantization': 'Q4_K_M'}"
75e8acef0a0f91b107cac4fddd254a3badc1aac37641f35f269a8bff0c5797a7,unimoral_045,B0_stripped_baseline,qwen3:14b,version_j,p0_default,True,0,"{'model_name': 'qwen3:14b', 'temperature': 0.7, 'top_p': 0.9, 'top_k': None, 'seed': 42, 'quantization': 'Q4_K_M'}"
2b826ce056ba03501d9301a8c5099a171870aed714db89fbb114808f20a75208,unimoral_045,C1_authority_neutral,qwen3:14b,version_j,p0_default,False,0,"{'model_name': 'qwen3:14b', 'temperature': 0.7, 'top_p': 0.9, 'top_k': None, 'seed': 42, 'quantization': 'Q4_K_M'}"
a7f0e07885a3e45182db601e082fb6b904d6a904da33ec3ebb7d288fffcb4907,unimoral_045,C1_authority_neutral,qwen3:14b,version_j,p0_default,True,0,"{'model_name': 'qwen3:14b', 'temperature': 0.7, 'top_p': 0.9, 'top_k': None, 'seed': 42, 'quantization': 'Q4_K_M'}"
8f4c0ec46bdd97fed8327cf1d0ca226d4419f8d373d40b1c88a866b55004794f,unimoral_045,P1_authority_pressure,qwen3:14b,version_j,p0_default,False,0,"{'model_name': 'qwen3:14b', 'temperature': 0.7, 'top_p': 0.9, 'top_k': None, 'seed': 42, 'quantization': 'Q4_K_M'}"
ec27e210a17194d52977c8e14094cd859a9ef6951e6becdc9c8c8592f7d7d72d,unimoral_045,P1_authority_pressure,qwen3:14b,version_j,p0_default,True,0,"{'model_name': 'qwen3:14b', 'temperature': 0.7, 'top_p': 0.9, 'top_k': None, 'seed': 42, 'quantization': 'Q4_K_M'}"
784fefc83a9c3ab25d0130ed9cb6a5dbeb0e27851a5b5e71f77e85a1cc6c19b2,unimoral_045,C2_incentive_neutral,qwen3:14b,version_j,p0_default,False,0,"{'model_name': 'qwen3:14b', 'temperature': 0.7, 'top_p': 0.9, 'top_k': None, 'seed': 42, 'quantization': 'Q4_K_M'}"
6c97b56dd8b8b04dc9889a29a386df4673580e447bc795527cf1d1d5fddc5461,unimoral_045,C2_incentive_neutral,qwen3:14b,version_j,p0_default,True,0,"{'model_name': 'qwen3:14b', 'temperature': 0.7, 'top_p': 0.9, 'top_k': None, 'seed': 42, 'quantization': 'Q4_K_M'}"
3cfd5c4c4882c7b7fab621d95af779bde2e86914e8eff5fc5bd51b2c614071c4,unimoral_045,P2_incentive_pressure,qwen3:14b,version_j,p0_default,False,0,"{'model_name': 'qwen3:14b', 'temperature': 0.7, 'top_p': 0.9, 'top_k': None, 'seed': 42, 'quantization': 'Q4_K_M'}"
b59acb8e1ee8019eed24c47b98f3a1983d9148237b7a1a27e008852e761fff96,unimoral_045,P2_incentive_pressure,qwen3:14b,version_j,p0_default,True,0,"{'model_name': 'qwen3:14b', 'temperature': 0.7, 'top_p': 0.9, 'top_k': None, 'seed': 42, 'quantization': 'Q4_K_M'}"
3f27e9ba53134e2e4c83824db2e7ff48f7f49d73ca81875eae2f009303a89cd1,unimoral_045,C3_social_neutral,qwen3:14b,version_j,p0_default,False,0,"{'model_name': 'qwen3:14b', 'temperature': 0.7, 'top_p': 0.9, 'top_k': None, 'seed': 42, 'quantization': 'Q4_K_M'}"
2b2c46402f9684dfaf2e0ba500ce1a42d59c91f228b5239910f7862493b71a96,unimoral_045,C3_social_neutral,qwen3:14b,version_j,p0_default,True,0,"{'model_name': 'qwen3:14b', 'temperature': 0.7, 'top_p': 0.9, 'top_k': None, 'seed': 42, 'quantization': 'Q4_K_M'}"
ae508a716d205b791085bd7f83c783ac025d1997627eba4c89f3f482e8113b7e,unimoral_045,P3_social_pressure,qwen3:14b,version_j,p0_default,False,0,"{'model_name': 'qwen3:14b', 'temperature': 0.7, 'top_p': 0.9, 'top_k': None, 'seed': 42, 'quantization': 'Q4_K_M'}"
a7a2917f7ffe184ea832b0d12460d6d45c8e43db922254866e2ce17262c3efa2,unimoral_045,P3_social_pressure,qwen3:14b,version_j,p0_default,True,0,"{'model_name': 'qwen3:14b', 'temperature': 0.7, 'top_p': 0.9, 'top_k': None, 'seed': 42, 'quantization': 'Q4_K_M'}"
9bb761998068c0d235c7769797a34f6b70ebc1b375cc70058262c743a1b33de9,unimoral_045,C4_metric_neutral,qwen3:14b,version_j,p0_default,False,0,"{'model_name': 'qwen3:14b', 'temperature': 0.7, 'top_p': 0.9, 'top_k': None, 'seed': 42, 'quantization': 'Q4_K_M'}"
081c47c662c72bb77caab87914cbfd85d5a4e67d9364cd2be4cefb0c9a1b2487,unimoral_045,C4_metric_neutral,qwen3:14b,version_j,p0_default,True,0,"{'model_name': 'qwen3:14b', 'temperature': 0.7, 'top_p': 0.9, 'top_k': None, 'seed': 42, 'quantization': 'Q4_K_M'}"
9daee6748f8fbe07ac1a15b2e47fa735237647681ad191de1cd19dd430703132,unimoral_045,P4_metric_pressure,qwen3:14b,version_j,p0_default,False,0,"{'model_name': 'qwen3:14b', 'temperature': 0.7, 'top_p': 0.9, 'top_k': None, 'seed': 42, 'quantization': 'Q4_K_M'}"
9aa14d7d885a31bd75845d91dce90f073fc0f71ff994e8627c9accff0764c0c7,unimoral_045,P4_metric_pressure,qwen3:14b,version_j,p0_default,True,0,"{'model_name': 'qwen3:14b', 'temperature': 0.7, 'top_p': 0.9, 'top_k': None, 'seed': 42, 'quantization': 'Q4_K_M'}"
56d1c3249b7f62bd62d1a45f947d5ce2a069379e0abd545a4b1dd1f8f0d12c66,unimoral_046,B0_stripped_baseline,qwen3:14b,version_j,p0_default,False,0,"{'model_name': 'qwen3:14b', 'temperature': 0.7, 'top_p': 0.9, 'top_k': None, 'seed': 42, 'quantization': 'Q4_K_M'}"
90a89f3eb1b4d80913c208b4b536d80e2195cdca1b792bb5341030f4b5c2b362,unimoral_046,B0_stripped_baseline,qwen3:14b,version_j,p0_default,True,0,"{'model_name': 'qwen3:14b', 'temperature': 0.7, 'top_p': 0.9, 'top_k': None, 'seed': 42, 'quantization': 'Q4_K_M'}"
fe512b664624be49e7822d742248110de586937997dfbd8e6722c57a115008a5,unimoral_046,C1_authority_neutral,qwen3:14b,version_j,p0_default,False,0,"{'model_name': 'qwen3:14b', 'temperature': 0.7, 'top_p': 0.9, 'top_k': None, 'seed': 42, 'quantization': 'Q4_K_M'}"
ce0ca68481f99f39297b3cc92f1b2dd5754c6468d68e94415caaeb107c8e6749,unimoral_046,C1_authority_neutral,qwen3:14b,version_j,p0_default,True,0,"{'model_name': 'qwen3:14b', 'temperature': 0.7, 'top_p': 0.9, 'top_k': None, 'seed': 42, 'quantization': 'Q4_K_M'}"
e9c273a19e514d069d6d34866ea0fde1f0e68d8071a73db417111159e852ee6b,unimoral_046,P1_authority_pressure,qwen3:14b,version_j,p0_default,False,0,"{'model_name': 'qwen3:14b', 'temperature': 0.7, 'top_p': 0.9, 'top_k': None, 'seed': 42, 'quantization': 'Q4_K_M'}"
bf9f4986e61a56a8ba5431213461766ef8402ccad8502b32e1f2ac1a9d4e6a10,unimoral_046,P1_authority_pressure,qwen3:14b,version_j,p0_default,True,0,"{'model_name': 'qwen3:14b', 'temperature': 0.7, 'top_p': 0.9, 'top_k': None, 'seed': 42, 'quantization': 'Q4_K_M'}"
75cc742e062ec45072806253347b5896cfaa03ffaa03cf3249afe9c6f0707771,unimoral_046,C2_incentive_neutral,qwen3:14b,version_j,p0_default,False,0,"{'model_name': 'qwen3:14b', 'temperature': 0.7, 'top_p': 0.9, 'top_k': None, 'seed': 42, 'quantization': 'Q4_K_M'}"
afe8cce04c591614cc357b910ef986ccd5f76535c1481af3a52ecdb9c9ee308e,unimoral_046,C2_incentive_neutral,qwen3:14b,version_j,p0_default,True,0,"{'model_name': 'qwen3:14b', 'temperature': 0.7, 'top_p': 0.9, 'top_k': None, 'seed': 42, 'quantization': 'Q4_K_M'}"
84923741549f7637f64ab7f799fb39672b562b60aae329b5fe7f392a7806f31a,unimoral_046,P2_incentive_pressure,qwen3:14b,version_j,p0_default,False,0,"{'model_name': 'qwen3:14b', 'temperature': 0.7, 'top_p': 0.9, 'top_k': None, 'seed': 42, 'quantization': 'Q4_K_M'}"
8860804edd973627bd9a1f97be0ee0dd589931047dac91df08812910ae4a6b63,unimoral_046,P2_incentive_pressure,qwen3:14b,version_j,p0_default,True,0,"{'model_name': 'qwen3:14b', 'temperature': 0.7, 'top_p': 0.9, 'top_k': None, 'seed': 42, 'quantization': 'Q4_K_M'}"
fb4905c6a63c2a86c132b2fc3045c9926f581d5261ca3b9b9352ad51036a292f,unimoral_046,C3_social_neutral,qwen3:14b,version_j,p0_default,False,0,"{'model_name': 'qwen3:14b', 'temperature': 0.7, 'top_p': 0.9, 'top_k': None, 'seed': 42, 'quantization': 'Q4_K_M'}"
336fd77c4c8d2fea6e6c272588445dbbc93eb3cec8e061923d2b82281a72ca48,unimoral_046,C3_social_neutral,qwen3:14b,version_j,p0_default,True,0,"{'model_name': 'qwen3:14b', 'temperature': 0.7, 'top_p': 0.9, 'top_k': None, 'seed': 42, 'quantization': 'Q4_K_M'}"
d0996778d3973f2679d65fcb149f15d364728a0a9553c63de9ea22daa1d0dec6,unimoral_046,P3_social_pressure,qwen3:14b,version_j,p0_default,False,0,"{'model_name': 'qwen3:14b', 'temperature': 0.7, 'top_p': 0.9, 'top_k': None, 'seed': 42, 'quantization': 'Q4_K_M'}"
3829b5e6992f597aa39956015a6262157b8237ef68f5cfc294e5da59d8a9a61d,unimoral_046,P3_social_pressure,qwen3:14b,version_j,p0_default,True,0,"{'model_name': 'qwen3:14b', 'temperature': 0.7, 'top_p': 0.9, 'top_k': None, 'seed': 42, 'quantization': 'Q4_K_M'}"
2cdb754cbdcfbed2f2bddc04f5c16e8a059af5638e3363919e22c23dd255a01c,unimoral_046,C4_metric_neutral,qwen3:14b,version_j,p0_default,False,0,"{'model_name': 'qwen3:14b', 'temperature': 0.7, 'top_p': 0.9, 'top_k': None, 'seed': 42, 'quantization': 'Q4_K_M'}"
84b9f1f4c1bd2224f3012cc405cdf9ebd9b63c72629c1883a954be075d4bf3b1,unimoral_046,C4_metric_neutral,qwen3:14b,version_j,p0_default,True,0,"{'model_name': 'qwen3:14b', 'temperature': 0.7, 'top_p': 0.9, 'top_k': None, 'seed': 42, 'quantization': 'Q4_K_M'}"
3f1db05138b8727a1a4cd4c79d7a4132cf071afd9ee6e682238995f3290df89c,unimoral_046,P4_metric_pressure,qwen3:14b,version_j,p0_default,False,0,"{'model_name': 'qwen3:14b', 'temperature': 0.7, 'top_p': 0.9, 'top_k': None, 'seed': 42, 'quantization': 'Q4_K_M'}"
73d728816e8fe9dc5771a972d19a32982ef69f5c24c668675d4b4ba67fd9d2cc,unimoral_046,P4_metric_pressure,qwen3:14b,version_j,p0_default,True,0,"{'model_name': 'qwen3:14b', 'temperature': 0.7, 'top_p': 0.9, 'top_k': None, 'seed': 42, 'quantization': 'Q4_K_M'}"
46a93a646c3bb732171093e9e0790f4e169a65723f9577d7e28e017e017bd9e1,unimoral_047,B0_stripped_baseline,qwen3:14b,version_j,p0_default,False,0,"{'model_name': 'qwen3:14b', 'temperature': 0.7, 'top_p': 0.9, 'top_k': None, 'seed': 42, 'quantization': 'Q4_K_M'}"
854c884ca40d3040f0ebe5b1278da93ff7ea5b0bb77e712e60360f351a3d1d12,unimoral_047,B0_stripped_baseline,qwen3:14b,version_j,p0_default,True,0,"{'model_name': 'qwen3:14b', 'temperature': 0.7, 'top_p': 0.9, 'top_k': None, 'seed': 42, 'quantization': 'Q4_K_M'}"
c2dc1e7aa5cc0386e27e1338a95f9c120095857e7e904ff901eff9a3e15b4b6c,unimoral_047,C1_authority_neutral,qwen3:14b,version_j,p0_default,False,0,"{'model_name': 'qwen3:14b', 'temperature': 0.7, 'top_p': 0.9, 'top_k': None, 'seed': 42, 'quantization': 'Q4_K_M'}"
683094b79738bd64ffc35798f042f7af886b909055a116c2475b55ec10ee0ed4,unimoral_047,C1_authority_neutral,qwen3:14b,version_j,p0_default,True,0,"{'model_name': 'qwen3:14b', 'temperature': 0.7, 'top_p': 0.9, 'top_k': None, 'seed': 42, 'quantization': 'Q4_K_M'}"
e067663fa9e2186b3c7b5fca0f964fe6c4c747d2cfa1d9af4bd2828437e714b5,unimoral_047,P1_authority_pressure,qwen3:14b,version_j,p0_default,False,0,"{'model_name': 'qwen3:14b', 'temperature': 0.7, 'top_p': 0.9, 'top_k': None, 'seed': 42, 'quantization': 'Q4_K_M'}"
a5905965ccf5b44bcc9f40a71c8451b0f1d6f1f40ed967354dd085a926a886d0,unimoral_047,P1_authority_pressure,qwen3:14b,version_j,p0_default,True,0,"{'model_name': 'qwen3:14b', 'temperature': 0.7, 'top_p': 0.9, 'top_k': None, 'seed': 42, 'quantization': 'Q4_K_M'}"
cb2c3238bbc056fa6800be0d47490ae119bf71d26f34452654f65860983f626c,unimoral_047,C2_incentive_neutral,qwen3:14b,version_j,p0_default,False,0,"{'model_name': 'qwen3:14b', 'temperature': 0.7, 'top_p': 0.9, 'top_k': None, 'seed': 42, 'quantization': 'Q4_K_M'}"
1feb9d4e41f48c85dc2afb22458f46292ca51c32ab8bae181900e7653b45f560,unimoral_047,C2_incentive_neutral,qwen3:14b,version_j,p0_default,True,0,"{'model_name': 'qwen3:14b', 'temperature': 0.7, 'top_p': 0.9, 'top_k': None, 'seed': 42, 'quantization': 'Q4_K_M'}"
7e85986e9d654d1ca89dd6ffac42061583aa1d2601fb26bdd37b0911cb12118f,unimoral_047,P2_incentive_pressure,qwen3:14b,version_j,p0_default,False,0,"{'model_name': 'qwen3:14b', 'temperature': 0.7, 'top_p': 0.9, 'top_k': None, 'seed': 42, 'quantization': 'Q4_K_M'}"
cd37b99fc362457866ec4610ecb7348baa913233a4358cc494c5f2f3a69e9477,unimoral_047,P2_incentive_pressure,qwen3:14b,version_j,p0_default,True,0,"{'model_name': 'qwen3:14b', 'temperature': 0.7, 'top_p': 0.9, 'top_k': None, 'seed': 42, 'quantization': 'Q4_K_M'}"
95642425f1f439f56e055bc25a9c195a07a5f4a746d8f19f700c5b5680e47098,unimoral_047,C3_social_neutral,qwen3:14b,version_j,p0_default,False,0,"{'model_name': 'qwen3:14b', 'temperature': 0.7, 'top_p': 0.9, 'top_k': None, 'seed': 42, 'quantization': 'Q4_K_M'}"
bfd3d38ff7de567af077cf252131551447cef3bfbecce76c4a0e653b068af8b6,unimoral_047,C3_social_neutral,qwen3:14b,version_j,p0_default,True,0,"{'model_name': 'qwen3:14b', 'temperature': 0.7, 'top_p': 0.9, 'top_k': None, 'seed': 42, 'quantization': 'Q4_K_M'}"
5b0f38c84182ee851b1facba71dfb33b3dabea2af0f54f896daf5501585402b1,unimoral_047,P3_social_pressure,qwen3:14b,version_j,p0_default,False,0,"{'model_name': 'qwen3:14b', 'temperature': 0.7, 'top_p': 0.9, 'top_k': None, 'seed': 42, 'quantization': 'Q4_K_M'}"
82b1947c9ec72f4e34d8167478b1392d9146c11c778eab4b57e007dd116ab182,unimoral_047,P3_social_pressure,qwen3:14b,version_j,p0_default,True,0,"{'model_name': 'qwen3:14b', 'temperature': 0.7, 'top_p': 0.9, 'top_k': None, 'seed': 42, 'quantization': 'Q4_K_M'}"
665e7d3496b9158f65e4105d01bce7dee16039e52a9fa34952d5415bedf45c38,unimoral_047,C4_metric_neutral,qwen3:14b,version_j,p0_default,False,0,"{'model_name': 'qwen3:14b', 'temperature': 0.7, 'top_p': 0.9, 'top_k': None, 'seed': 42, 'quantization': 'Q4_K_M'}"
282d67826789a5ed6ea9f07afb736d2ccbf59cd818d20889855a9c8d5083c2bf,unimoral_047,C4_metric_neutral,qwen3:14b,version_j,p0_default,True,0,"{'model_name': 'qwen3:14b', 'temperature': 0.7, 'top_p': 0.9, 'top_k': None, 'seed': 42, 'quantization': 'Q4_K_M'}"
c3c7b2dd2c74ba3046b660e7ebc8bab71624709f73302cd7ae36c86190e3d25c,unimoral_047,P4_metric_pressure,qwen3:14b,version_j,p0_default,False,0,"{'model_name': 'qwen3:14b', 'temperature': 0.7, 'top_p': 0.9, 'top_k': None, 'seed': 42, 'quantization': 'Q4_K_M'}"
a14622ebf4f946774005db6d2f40e8603801065f9bce60d98613f41ca8d20868,unimoral_047,P4_metric_pressure,qwen3:14b,version_j,p0_default,True,0,"{'model_name': 'qwen3:14b', 'temperature': 0.7, 'top_p': 0.9, 'top_k': None, 'seed': 42, 'quantization': 'Q4_K_M'}"
4df9c86f220f25ccbb155007d1dcf3cd3aabe3a8a35e0821ed6ce2c1cdb12d2f,unimoral_048,B0_stripped_baseline,qwen3:14b,version_j,p0_default,False,0,"{'model_name': 'qwen3:14b', 'temperature': 0.7, 'top_p': 0.9, 'top_k': None, 'seed': 42, 'quantization': 'Q4_K_M'}"
317f6fd8a93bd99b542e1cefd273ebe86e3b682932f6d57b18864a6037718f02,unimoral_048,B0_stripped_baseline,qwen3:14b,version_j,p0_default,True,0,"{'model_name': 'qwen3:14b', 'temperature': 0.7, 'top_p': 0.9, 'top_k': None, 'seed': 42, 'quantization': 'Q4_K_M'}"
9b53ce217cf5a0ac29584bae35880be874896b5f46a6a0210f2ae4ac2ef95d60,unimoral_048,C1_authority_neutral,qwen3:14b,version_j,p0_default,False,0,"{'model_name': 'qwen3:14b', 'temperature': 0.7, 'top_p': 0.9, 'top_k': None, 'seed': 42, 'quantization': 'Q4_K_M'}"
5cb56dbe657fbfa5c70005065795b44a55be2d0cb8e398dba80761c59c55b1f8,unimoral_048,C1_authority_neutral,qwen3:14b,version_j,p0_default,True,0,"{'model_name': 'qwen3:14b', 'temperature': 0.7, 'top_p': 0.9, 'top_k': None, 'seed': 42, 'quantization': 'Q4_K_M'}"
0b9f3744fa992006b4a283a4eafdfc44708bad09c102b2cd2d98a3569016f5bf,unimoral_048,P1_authority_pressure,qwen3:14b,version_j,p0_default,False,0,"{'model_name': 'qwen3:14b', 'temperature': 0.7, 'top_p': 0.9, 'top_k': None, 'seed': 42, 'quantization': 'Q4_K_M'}"
7811588096638bb77b0a54755d6c1ce71198edc396e14badc6bc4d88c68769bb,unimoral_048,P1_authority_pressure,qwen3:14b,version_j,p0_default,True,0,"{'model_name': 'qwen3:14b', 'temperature': 0.7, 'top_p': 0.9, 'top_k': None, 'seed': 42, 'quantization': 'Q4_K_M'}"
1eaaf318ee4bf86de8f233f06f410a1af846786cd5e377bfed727cd7335400f3,unimoral_048,C2_incentive_neutral,qwen3:14b,version_j,p0_default,False,0,"{'model_name': 'qwen3:14b', 'temperature': 0.7, 'top_p': 0.9, 'top_k': None, 'seed': 42, 'quantization': 'Q4_K_M'}"
6ae477c4073c88a7aed52026627bd8c3878e1c84127306b94af61b222f034227,unimoral_048,C2_incentive_neutral,qwen3:14b,version_j,p0_default,True,0,"{'model_name': 'qwen3:14b', 'temperature': 0.7, 'top_p': 0.9, 'top_k': None, 'seed': 42, 'quantization': 'Q4_K_M'}"
550adff5d096104a34defdd498d31717db38a9f605bc0f7209c8fcced7cc77f5,unimoral_048,P2_incentive_pressure,qwen3:14b,version_j,p0_default,False,0,"{'model_name': 'qwen3:14b', 'temperature': 0.7, 'top_p': 0.9, 'top_k': None, 'seed': 42, 'quantization': 'Q4_K_M'}"
0f11477359e17a128df44eb0a0de025655edd51d28bc5465157ff2243ec754c0,unimoral_048,P2_incentive_pressure,qwen3:14b,version_j,p0_default,True,0,"{'model_name': 'qwen3:14b', 'temperature': 0.7, 'top_p': 0.9, 'top_k': None, 'seed': 42, 'quantization': 'Q4_K_M'}"
5562dbc8772f46076120ff557d279bfd442f5bf409b3e5a6ca73188c652a8800,unimoral_048,C3_social_neutral,qwen3:14b,version_j,p0_default,False,0,"{'model_name': 'qwen3:14b', 'temperature': 0.7, 'top_p': 0.9, 'top_k': None, 'seed': 42, 'quantization': 'Q4_K_M'}"
82d5b8d9c09102e7e66768b4654533eafa7a13e24885123b9130471baf7f54ff,unimoral_048,C3_social_neutral,qwen3:14b,version_j,p0_default,True,0,"{'model_name': 'qwen3:14b', 'temperature': 0.7, 'top_p': 0.9, 'top_k': None, 'seed': 42, 'quantization': 'Q4_K_M'}"
652f1d0d4bb144d6443929f28ff1ffa96f6830fd62f374dee9d52d21f23cb7ef,unimoral_048,P3_social_pressure,qwen3:14b,version_j,p0_default,False,0,"{'model_name': 'qwen3:14b', 'temperature': 0.7, 'top_p': 0.9, 'top_k': None, 'seed': 42, 'quantization': 'Q4_K_M'}"
efb93c97a447ce21f21a9aa35633b1da4397d66b57a5c396c8e00d4ab266d81d,unimoral_048,P3_social_pressure,qwen3:14b,version_j,p0_default,True,0,"{'model_name': 'qwen3:14b', 'temperature': 0.7, 'top_p': 0.9, 'top_k': None, 'seed': 42, 'quantization': 'Q4_K_M'}"
621c6daca5c576022e4afce7eba9b63ca9f46d80a6b542e75105a17347d428e3,unimoral_048,C4_metric_neutral,qwen3:14b,version_j,p0_default,False,0,"{'model_name': 'qwen3:14b', 'temperature': 0.7, 'top_p': 0.9, 'top_k': None, 'seed': 42, 'quantization': 'Q4_K_M'}"
1c237d8af205d2793a66af5066139f9aff793e1c080424b456efb37b6fb12d45,unimoral_048,C4_metric_neutral,qwen3:14b,version_j,p0_default,True,0,"{'model_name': 'qwen3:14b', 'temperature': 0.7, 'top_p': 0.9, 'top_k': None, 'seed': 42, 'quantization': 'Q4_K_M'}"
c03ecfb7e8b4df0152976be521fbd79c86f9aba6b34115da34e3d4b10b01d779,unimoral_048,P4_metric_pressure,qwen3:14b,version_j,p0_default,False,0,"{'model_name': 'qwen3:14b', 'temperature': 0.7, 'top_p': 0.9, 'top_k': None, 'seed': 42, 'quantization': 'Q4_K_M'}"
c38c60e14659515a6b0dc371eba44a428069717196f552868436d9d59c361e53,unimoral_048,P4_metric_pressure,qwen3:14b,version_j,p0_default,True,0,"{'model_name': 'qwen3:14b', 'temperature': 0.7, 'top_p': 0.9, 'top_k': None, 'seed': 42, 'quantization': 'Q4_K_M'}"
d90762141c497d051136529c1728d824d83e7823322cd27c78041e9748620fa4,unimoral_049,B0_stripped_baseline,qwen3:14b,version_j,p0_default,False,0,"{'model_name': 'qwen3:14b', 'temperature': 0.7, 'top_p': 0.9, 'top_k': None, 'seed': 42, 'quantization': 'Q4_K_M'}"
cf34ee5cdbfba6a0f4786497d44c60a04f56e394528e4e601b0153db79fe0d79,unimoral_049,B0_stripped_baseline,qwen3:14b,version_j,p0_default,True,0,"{'model_name': 'qwen3:14b', 'temperature': 0.7, 'top_p': 0.9, 'top_k': None, 'seed': 42, 'quantization': 'Q4_K_M'}"
9e97ca57027250f653a64cf34d4cd1b89e9318370bc4cd5b20aef0cb633b5dda,unimoral_049,C1_authority_neutral,qwen3:14b,version_j,p0_default,False,0,"{'model_name': 'qwen3:14b', 'temperature': 0.7, 'top_p': 0.9, 'top_k': None, 'seed': 42, 'quantization': 'Q4_K_M'}"
d53ead97d9d9e23b71394a25a2fd08e0bb8220d3cc94a60f3176c4841db0f8c1,unimoral_049,C1_authority_neutral,qwen3:14b,version_j,p0_default,True,0,"{'model_name': 'qwen3:14b', 'temperature': 0.7, 'top_p': 0.9, 'top_k': None, 'seed': 42, 'quantization': 'Q4_K_M'}"
35829cc6a7bcf9e2b72b1b5bbf191fb51c60459a59cc265652faee087ba1724d,unimoral_049,P1_authority_pressure,qwen3:14b,version_j,p0_default,False,0,"{'model_name': 'qwen3:14b', 'temperature': 0.7, 'top_p': 0.9, 'top_k': None, 'seed': 42, 'quantization': 'Q4_K_M'}"
96f898949e3cf2a77104940fa77ab6b240d251111761d36aa077d08a5d599532,unimoral_049,P1_authority_pressure,qwen3:14b,version_j,p0_default,True,0,"{'model_name': 'qwen3:14b', 'temperature': 0.7, 'top_p': 0.9, 'top_k': None, 'seed': 42, 'quantization': 'Q4_K_M'}"
0bbdaf11fe686eae505f4bbde28c1ca26d4f906684f8aa85d81942a2eb14ea0b,unimoral_049,C2_incentive_neutral,qwen3:14b,version_j,p0_default,False,0,"{'model_name': 'qwen3:14b', 'temperature': 0.7, 'top_p': 0.9, 'top_k': None, 'seed': 42, 'quantization': 'Q4_K_M'}"
a6253b552a44ca8047568b8ee04ce58df06a868a4ccf86957e9da9db8a04da86,unimoral_049,C2_incentive_neutral,qwen3:14b,version_j,p0_default,True,0,"{'model_name': 'qwen3:14b', 'temperature': 0.7, 'top_p': 0.9, 'top_k': None, 'seed': 42, 'quantization': 'Q4_K_M'}"
238e6891a2ac08db9b867df2e5e09338ca50f3d5e069c65e02744e3ce36cc67b,unimoral_049,P2_incentive_pressure,qwen3:14b,version_j,p0_default,False,0,"{'model_name': 'qwen3:14b', 'temperature': 0.7, 'top_p': 0.9, 'top_k': None, 'seed': 42, 'quantization': 'Q4_K_M'}"
9d56b84f8ac0e1851c3fb1542846ad95f5e561fdc82b8ae957aa02dcb365b996,unimoral_049,P2_incentive_pressure,qwen3:14b,version_j,p0_default,True,0,"{'model_name': 'qwen3:14b', 'temperature': 0.7, 'top_p': 0.9, 'top_k': None, 'seed': 42, 'quantization': 'Q4_K_M'}"
48d7c0058e279605bf361f59d9609def9cf5ed3806a897d432c75d4b5a69548b,unimoral_049,C3_social_neutral,qwen3:14b,version_j,p0_default,False,0,"{'model_name': 'qwen3:14b', 'temperature': 0.7, 'top_p': 0.9, 'top_k': None, 'seed': 42, 'quantization': 'Q4_K_M'}"
1e79892b818d836bd272362a3601f01b03715230dfa03395bfddc42c21a10d72,unimoral_049,C3_social_neutral,qwen3:14b,version_j,p0_default,True,0,"{'model_name': 'qwen3:14b', 'temperature': 0.7, 'top_p': 0.9, 'top_k': None, 'seed': 42, 'quantization': 'Q4_K_M'}"
9a6a243a79663b0fd4c2fb081281cd49ab8850945ffdc6e3925a03fa5d7e9feb,unimoral_049,P3_social_pressure,qwen3:14b,version_j,p0_default,False,0,"{'model_name': 'qwen3:14b', 'temperature': 0.7, 'top_p': 0.9, 'top_k': None, 'seed': 42, 'quantization': 'Q4_K_M'}"
8a935a526153405ec33e9b0273a03477b5892bff57ab4c6dc633707188d19d7a,unimoral_049,P3_social_pressure,qwen3:14b,version_j,p0_default,True,0,"{'model_name': 'qwen3:14b', 'temperature': 0.7, 'top_p': 0.9, 'top_k': None, 'seed': 42, 'quantization': 'Q4_K_M'}"
792a7e0cd57ce1380bbb10dbcd8ea6348607418604df518e115e4a63963c904b,unimoral_049,C4_metric_neutral,qwen3:14b,version_j,p0_default,False,0,"{'model_name': 'qwen3:14b', 'temperature': 0.7, 'top_p': 0.9, 'top_k': None, 'seed': 42, 'quantization': 'Q4_K_M'}"
bc313feb2a11f9552b3a4ce26b287ef562084497ba80aef43560a032354a4e7b,unimoral_049,C4_metric_neutral,qwen3:14b,version_j,p0_default,True,0,"{'model_name': 'qwen3:14b', 'temperature': 0.7, 'top_p': 0.9, 'top_k': None, 'seed': 42, 'quantization': 'Q4_K_M'}"
77b4de07038834b075b6afda0bf9ef99ab0f5bf92355c98f71fb7b9b147b7e34,unimoral_049,P4_metric_pressure,qwen3:14b,version_j,p0_default,False,0,"{'model_name': 'qwen3:14b', 'temperature': 0.7, 'top_p': 0.9, 'top_k': None, 'seed': 42, 'quantization': 'Q4_K_M'}"
bce1de5e23466fb5b91a7b50a85e61297e6c633c40657a301db1f5ddcee4dbbd,unimoral_049,P4_metric_pressure,qwen3:14b,version_j,p0_default,True,0,"{'model_name': 'qwen3:14b', 'temperature': 0.7, 'top_p': 0.9, 'top_k': None, 'seed': 42, 'quantization': 'Q4_K_M'}"
f396ce8a9eb037c3ac8ddead3c339575d9335684ca31e0ac5b295e239874f588,unimoral_050,B0_stripped_baseline,qwen3:14b,version_j,p0_default,False,0,"{'model_name': 'qwen3:14b', 'temperature': 0.7, 'top_p': 0.9, 'top_k': None, 'seed': 42, 'quantization': 'Q4_K_M'}"
c3951c078f5bbab2b0567d9c1f270fc5a2f52a0f161bc7b9d82e40a7373ad633,unimoral_050,B0_stripped_baseline,qwen3:14b,version_j,p0_default,True,0,"{'model_name': 'qwen3:14b', 'temperature': 0.7, 'top_p': 0.9, 'top_k': None, 'seed': 42, 'quantization': 'Q4_K_M'}"
42b071c9d1d9c218a20da4d77b5051af4c3958cdac7425a985f3c757051cb6e8,unimoral_050,C1_authority_neutral,qwen3:14b,version_j,p0_default,False,0,"{'model_name': 'qwen3:14b', 'temperature': 0.7, 'top_p': 0.9, 'top_k': None, 'seed': 42, 'quantization': 'Q4_K_M'}"
d8a6340c1ab7ce7698b6c7614380660ec5c232e4722bd668741c8cd4d13d6e9d,unimoral_050,C1_authority_neutral,qwen3:14b,version_j,p0_default,True,0,"{'model_name': 'qwen3:14b', 'temperature': 0.7, 'top_p': 0.9, 'top_k': None, 'seed': 42, 'quantization': 'Q4_K_M'}"
e4e9d8d7fc3b4d11e90034eced00f75a4ffca2847c910ce9f44c2805154ee0da,unimoral_050,P1_authority_pressure,qwen3:14b,version_j,p0_default,False,0,"{'model_name': 'qwen3:14b', 'temperature': 0.7, 'top_p': 0.9, 'top_k': None, 'seed': 42, 'quantization': 'Q4_K_M'}"
2ca98865908e42ce519fa08d73b27801c835218e8819670d06e2551e242881db,unimoral_050,P1_authority_pressure,qwen3:14b,version_j,p0_default,True,0,"{'model_name': 'qwen3:14b', 'temperature': 0.7, 'top_p': 0.9, 'top_k': None, 'seed': 42, 'quantization': 'Q4_K_M'}"
c8f79b58979a7acd2912a4bfa2bb50ec84288c4fd824117d0a14901478f513e9,unimoral_050,C2_incentive_neutral,qwen3:14b,version_j,p0_default,False,0,"{'model_name': 'qwen3:14b', 'temperature': 0.7, 'top_p': 0.9, 'top_k': None, 'seed': 42, 'quantization': 'Q4_K_M'}"
c3222b6a636a9314360b54936fad0b99b5e6036119572901d5a085dd09016e11,unimoral_050,C2_incentive_neutral,qwen3:14b,version_j,p0_default,True,0,"{'model_name': 'qwen3:14b', 'temperature': 0.7, 'top_p': 0.9, 'top_k': None, 'seed': 42, 'quantization': 'Q4_K_M'}"
d32a0e2c5d0e788964d788fa195771011f9d42a238784e55dd4b1cde04889f78,unimoral_050,P2_incentive_pressure,qwen3:14b,version_j,p0_default,False,0,"{'model_name': 'qwen3:14b', 'temperature': 0.7, 'top_p': 0.9, 'top_k': None, 'seed': 42, 'quantization': 'Q4_K_M'}"
4d0c248957d7c1922d57b127c09585749de17f0dbc5090cd78b5f8f1a47b221a,unimoral_050,P2_incentive_pressure,qwen3:14b,version_j,p0_default,True,0,"{'model_name': 'qwen3:14b', 'temperature': 0.7, 'top_p': 0.9, 'top_k': None, 'seed': 42, 'quantization': 'Q4_K_M'}"
6fca95c8410b45df65025ecafb2571a7c9ecb7e5e0e259a604e6549a816fecb6,unimoral_050,C3_social_neutral,qwen3:14b,version_j,p0_default,False,0,"{'model_name': 'qwen3:14b', 'temperature': 0.7, 'top_p': 0.9, 'top_k': None, 'seed': 42, 'quantization': 'Q4_K_M'}"
10c7d8370fc3744a98c6eeb519fd86cfdef3a7c6f7a9447dab755bbd81cd28e6,unimoral_050,C3_social_neutral,qwen3:14b,version_j,p0_default,True,0,"{'model_name': 'qwen3:14b', 'temperature': 0.7, 'top_p': 0.9, 'top_k': None, 'seed': 42, 'quantization': 'Q4_K_M'}"
4286148ff31065b03a38378b4386ece352af50f6c1d91b8a4b8d6e615334a42b,unimoral_050,P3_social_pressure,qwen3:14b,version_j,p0_default,False,0,"{'model_name': 'qwen3:14b', 'temperature': 0.7, 'top_p': 0.9, 'top_k': None, 'seed': 42, 'quantization': 'Q4_K_M'}"
1d246bca0d7ef64d1dab0127bac941230574ef78c2117931905bac1209bbf4e1,unimoral_050,P3_social_pressure,qwen3:14b,version_j,p0_default,True,0,"{'model_name': 'qwen3:14b', 'temperature': 0.7, 'top_p': 0.9, 'top_k': None, 'seed': 42, 'quantization': 'Q4_K_M'}"
8b7b606e8b7cb7fe70f392e44385c37b6c56d0cf48b4b55bad81d00a3add9398,unimoral_050,C4_metric_neutral,qwen3:14b,version_j,p0_default,False,0,"{'model_name': 'qwen3:14b', 'temperature': 0.7, 'top_p': 0.9, 'top_k': None, 'seed': 42, 'quantization': 'Q4_K_M'}"
67d79e1da599d7bdfaaf542a5826ddc833c3b9637b547e804be75e7fc39f3a5a,unimoral_050,C4_metric_neutral,qwen3:14b,version_j,p0_default,True,0,"{'model_name': 'qwen3:14b', 'temperature': 0.7, 'top_p': 0.9, 'top_k': None, 'seed': 42, 'quantization': 'Q4_K_M'}"
d27719a1d82c451c41f922986bb65d157b59f49c44f5efa5c88003f6278d1651,unimoral_050,P4_metric_pressure,qwen3:14b,version_j,p0_default,False,0,"{'model_name': 'qwen3:14b', 'temperature': 0.7, 'top_p': 0.9, 'top_k': None, 'seed': 42, 'quantization': 'Q4_K_M'}"
5e74bf33342af32b3f70f53d6711c383c3bcb4c14d864c3dc0e5734fbd5cb554,unimoral_050,P4_metric_pressure,qwen3:14b,version_j,p0_default,True,0,"{'model_name': 'qwen3:14b', 'temperature': 0.7, 'top_p': 0.9, 'top_k': None, 'seed': 42, 'quantization': 'Q4_K_M'}"
dc9c288c7b9a52116c1eba775b3fee500282fb4820db35be4c632d1bc850fdc8,unimoral_051,B0_stripped_baseline,qwen3:14b,version_j,p0_default,False,0,"{'model_name': 'qwen3:14b', 'temperature': 0.7, 'top_p': 0.9, 'top_k': None, 'seed': 42, 'quantization': 'Q4_K_M'}"
825f5aa5c1580a90e69fdda22d0ac50fb6d6dded319a61ceecb1333e786a613a,unimoral_051,B0_stripped_baseline,qwen3:14b,version_j,p0_default,True,0,"{'model_name': 'qwen3:14b', 'temperature': 0.7, 'top_p': 0.9, 'top_k': None, 'seed': 42, 'quantization': 'Q4_K_M'}"
cb35d4909d1735883c37bfee321a3131da26bf4105188cb2d6e01b5434ea53d5,unimoral_051,C1_authority_neutral,qwen3:14b,version_j,p0_default,False,0,"{'model_name': 'qwen3:14b', 'temperature': 0.7, 'top_p': 0.9, 'top_k': None, 'seed': 42, 'quantization': 'Q4_K_M'}"
2f74af6ee05ea4c0be5c04e83f968dce6da9d0bc3eef2ee6575acb908bfe0519,unimoral_051,C1_authority_neutral,qwen3:14b,version_j,p0_default,True,0,"{'model_name': 'qwen3:14b', 'temperature': 0.7, 'top_p': 0.9, 'top_k': None, 'seed': 42, 'quantization': 'Q4_K_M'}"
09cdff4df2673dadae98c3db9494b8fb8f8f19d82eda3c0ba4c669e4175fbf8e,unimoral_051,P1_authority_pressure,qwen3:14b,version_j,p0_default,False,0,"{'model_name': 'qwen3:14b', 'temperature': 0.7, 'top_p': 0.9, 'top_k': None, 'seed': 42, 'quantization': 'Q4_K_M'}"
b3a441415966da36a342760b71cf12e535288e8fc07f507450e23bacae674be9,unimoral_051,P1_authority_pressure,qwen3:14b,version_j,p0_default,True,0,"{'model_name': 'qwen3:14b', 'temperature': 0.7, 'top_p': 0.9, 'top_k': None, 'seed': 42, 'quantization': 'Q4_K_M'}"
269a5e28e9c8b828c465f4f06bbb0a7e3dab0be7c204407219cbadc3450aebe0,unimoral_051,C2_incentive_neutral,qwen3:14b,version_j,p0_default,False,0,"{'model_name': 'qwen3:14b', 'temperature': 0.7, 'top_p': 0.9, 'top_k': None, 'seed': 42, 'quantization': 'Q4_K_M'}"
60b1ed2a85f00c6ed84a94c95d5ef251ccb3bb34685c9256bd22a328f13b40ea,unimoral_051,C2_incentive_neutral,qwen3:14b,version_j,p0_default,True,0,"{'model_name': 'qwen3:14b', 'temperature': 0.7, 'top_p': 0.9, 'top_k': None, 'seed': 42, 'quantization': 'Q4_K_M'}"
7e2470140eebf71c4334aafcb300b6ed7c74be1c996d9e35e572528c47067436,unimoral_051,P2_incentive_pressure,qwen3:14b,version_j,p0_default,False,0,"{'model_name': 'qwen3:14b', 'temperature': 0.7, 'top_p': 0.9, 'top_k': None, 'seed': 42, 'quantization': 'Q4_K_M'}"
d2b550971703c2d40e01d3241122e10f7f0a037fd8a8da8e56b17b28b2e2d046,unimoral_051,P2_incentive_pressure,qwen3:14b,version_j,p0_default,True,0,"{'model_name': 'qwen3:14b', 'temperature': 0.7, 'top_p': 0.9, 'top_k': None, 'seed': 42, 'quantization': 'Q4_K_M'}"
a3fc9d005034670c23d6404bbd24e1b4db5a366efb066fb1754c60f1c078ff64,unimoral_051,C3_social_neutral,qwen3:14b,version_j,p0_default,False,0,"{'model_name': 'qwen3:14b', 'temperature': 0.7, 'top_p': 0.9, 'top_k': None, 'seed': 42, 'quantization': 'Q4_K_M'}"
d39e93ce661da615a800f0857b6833a44144f4b9cd091ad38ce9fb317199839c,unimoral_051,C3_social_neutral,qwen3:14b,version_j,p0_default,True,0,"{'model_name': 'qwen3:14b', 'temperature': 0.7, 'top_p': 0.9, 'top_k': None, 'seed': 42, 'quantization': 'Q4_K_M'}"
e2af1239e0d14e8f22b3bf0cf2b1cf0cf31636904e2e2473d9d44a2b1f325d48,unimoral_051,P3_social_pressure,qwen3:14b,version_j,p0_default,False,0,"{'model_name': 'qwen3:14b', 'temperature': 0.7, 'top_p': 0.9, 'top_k': None, 'seed': 42, 'quantization': 'Q4_K_M'}"
24b8248c319898b1dd1d77f027c5724a92de4cb091e9d2fcd799f32e6b701258,unimoral_051,P3_social_pressure,qwen3:14b,version_j,p0_default,True,0,"{'model_name': 'qwen3:14b', 'temperature': 0.7, 'top_p': 0.9, 'top_k': None, 'seed': 42, 'quantization': 'Q4_K_M'}"
babb5083f3c455c6f737460bebb9e733e15238868fe0290c2caf4a1d923f5036,unimoral_051,C4_metric_neutral,qwen3:14b,version_j,p0_default,False,0,"{'model_name': 'qwen3:14b', 'temperature': 0.7, 'top_p': 0.9, 'top_k': None, 'seed': 42, 'quantization': 'Q4_K_M'}"
530d4d1da6d29bca5dc0eb804b0fe7126b60404ccf33634c63b0268bd5a29d2c,unimoral_051,C4_metric_neutral,qwen3:14b,version_j,p0_default,True,0,"{'model_name': 'qwen3:14b', 'temperature': 0.7, 'top_p': 0.9, 'top_k': None, 'seed': 42, 'quantization': 'Q4_K_M'}"
02a2d205da553d310680301377da0bcc421b4d2801ee52aec315e39efbcebb2b,unimoral_051,P4_metric_pressure,qwen3:14b,version_j,p0_default,False,0,"{'model_name': 'qwen3:14b', 'temperature': 0.7, 'top_p': 0.9, 'top_k': None, 'seed': 42, 'quantization': 'Q4_K_M'}"
ba464a398efac312763e1a5f7a7757f99ad521fa55dfe46f031a410fb0e656ca,unimoral_051,P4_metric_pressure,qwen3:14b,version_j,p0_default,True,0,"{'model_name': 'qwen3:14b', 'temperature': 0.7, 'top_p': 0.9, 'top_k': None, 'seed': 42, 'quantization': 'Q4_K_M'}"
6ca00c4474e07aacfc5dbf5f740811ac522c1074cc71ddf63bb438040784d167,unimoral_052,B0_stripped_baseline,qwen3:14b,version_j,p0_default,False,0,"{'model_name': 'qwen3:14b', 'temperature': 0.7, 'top_p': 0.9, 'top_k': None, 'seed': 42, 'quantization': 'Q4_K_M'}"
d8e336ac710c3ea040926f40c80086f2193a93af6740517621a5bbc77f72167f,unimoral_052,B0_stripped_baseline,qwen3:14b,version_j,p0_default,True,0,"{'model_name': 'qwen3:14b', 'temperature': 0.7, 'top_p': 0.9, 'top_k': None, 'seed': 42, 'quantization': 'Q4_K_M'}"
0a3386c0a340cf3a75a53ae9ed326cffc6408ea8c86d167c0f7d999117fa6ba8,unimoral_052,C1_authority_neutral,qwen3:14b,version_j,p0_default,False,0,"{'model_name': 'qwen3:14b', 'temperature': 0.7, 'top_p': 0.9, 'top_k': None, 'seed': 42, 'quantization': 'Q4_K_M'}"
14c66b01c105d32bacd4956000f9f140b8b2fca5f4bbd9f9a811b38587e0aac7,unimoral_052,C1_authority_neutral,qwen3:14b,version_j,p0_default,True,0,"{'model_name': 'qwen3:14b', 'temperature': 0.7, 'top_p': 0.9, 'top_k': None, 'seed': 42, 'quantization': 'Q4_K_M'}"
5a4a7f85d1d5ffae088f3c6e7bb4708d7b49fb2ff00485cac1fd0d3b4a6950d4,unimoral_052,P1_authority_pressure,qwen3:14b,version_j,p0_default,False,0,"{'model_name': 'qwen3:14b', 'temperature': 0.7, 'top_p': 0.9, 'top_k': None, 'seed': 42, 'quantization': 'Q4_K_M'}"
9da168d8d2c1826502ed9122cf0e0e57e88003966f906d0b864618bf03c107fa,unimoral_052,P1_authority_pressure,qwen3:14b,version_j,p0_default,True,0,"{'model_name': 'qwen3:14b', 'temperature': 0.7, 'top_p': 0.9, 'top_k': None, 'seed': 42, 'quantization': 'Q4_K_M'}"
3c6008c21ad7fa24c628ccec8f9422c0016eb71186fc986d24d1cf19c5c3b1dc,unimoral_052,C2_incentive_neutral,qwen3:14b,version_j,p0_default,False,0,"{'model_name': 'qwen3:14b', 'temperature': 0.7, 'top_p': 0.9, 'top_k': None, 'seed': 42, 'quantization': 'Q4_K_M'}"
8e63e38d85860a1aa438ddd99e9f690a89c966ef74d4638e1e9c9ec86008685f,unimoral_052,C2_incentive_neutral,qwen3:14b,version_j,p0_default,True,0,"{'model_name': 'qwen3:14b', 'temperature': 0.7, 'top_p': 0.9, 'top_k': None, 'seed': 42, 'quantization': 'Q4_K_M'}"
9381e6fd0f781ba7bb8946d3af034d9e08973a5caa36cc333cc80aa9262a439c,unimoral_052,P2_incentive_pressure,qwen3:14b,version_j,p0_default,False,0,"{'model_name': 'qwen3:14b', 'temperature': 0.7, 'top_p': 0.9, 'top_k': None, 'seed': 42, 'quantization': 'Q4_K_M'}"
e770fd6a6f163005bbfc40607a3140716c5343b0899ead29c699ed748aab749e,unimoral_052,P2_incentive_pressure,qwen3:14b,version_j,p0_default,True,0,"{'model_name': 'qwen3:14b', 'temperature': 0.7, 'top_p': 0.9, 'top_k': None, 'seed': 42, 'quantization': 'Q4_K_M'}"
544c7e352baff56dc2a33ae11039d472ddff23a5737f46ac23c62b6354500557,unimoral_052,C3_social_neutral,qwen3:14b,version_j,p0_default,False,0,"{'model_name': 'qwen3:14b', 'temperature': 0.7, 'top_p': 0.9, 'top_k': None, 'seed': 42, 'quantization': 'Q4_K_M'}"
2badfad435e40f05ea3ffed13318e747b3363e398b703cbc031b3e776e46f1d5,unimoral_052,C3_social_neutral,qwen3:14b,version_j,p0_default,True,0,"{'model_name': 'qwen3:14b', 'temperature': 0.7, 'top_p': 0.9, 'top_k': None, 'seed': 42, 'quantization': 'Q4_K_M'}"
fec0477487bb05807e61c7f33f22637e379573f258ab6db2e3d1c2e345311db6,unimoral_052,P3_social_pressure,qwen3:14b,version_j,p0_default,False,0,"{'model_name': 'qwen3:14b', 'temperature': 0.7, 'top_p': 0.9, 'top_k': None, 'seed': 42, 'quantization': 'Q4_K_M'}"
244bc0a297b120a3e4bc738482b41e8963cf25f1ffe28378b24d382365f3c212,unimoral_052,P3_social_pressure,qwen3:14b,version_j,p0_default,True,0,"{'model_name': 'qwen3:14b', 'temperature': 0.7, 'top_p': 0.9, 'top_k': None, 'seed': 42, 'quantization': 'Q4_K_M'}"
aed391082ecf885150e30193e9b8e8c995eea8a1947c46eccdf66347f61e430c,unimoral_052,C4_metric_neutral,qwen3:14b,version_j,p0_default,False,0,"{'model_name': 'qwen3:14b', 'temperature': 0.7, 'top_p': 0.9, 'top_k': None, 'seed': 42, 'quantization': 'Q4_K_M'}"
d5a55b728e57057cf802f85cb1f677075fa7f69c6798eb16fe2491b4b9effd2d,unimoral_052,C4_metric_neutral,qwen3:14b,version_j,p0_default,True,0,"{'model_name': 'qwen3:14b', 'temperature': 0.7, 'top_p': 0.9, 'top_k': None, 'seed': 42, 'quantization': 'Q4_K_M'}"
230895eae9b91c8bafa3ed421935fd777c09d030c5a6cdbb211eb058ceb7dc29,unimoral_052,P4_metric_pressure,qwen3:14b,version_j,p0_default,False,0,"{'model_name': 'qwen3:14b', 'temperature': 0.7, 'top_p': 0.9, 'top_k': None, 'seed': 42, 'quantization': 'Q4_K_M'}"
f096b1fddfb04533a36e2d0c3113419056544a98769cae6b72613b50bc5b67b3,unimoral_052,P4_metric_pressure,qwen3:14b,version_j,p0_default,True,0,"{'model_name': 'qwen3:14b', 'temperature': 0.7, 'top_p': 0.9, 'top_k': None, 'seed': 42, 'quantization': 'Q4_K_M'}"
b2ea40c8f89f1f67b2fe9c1d6898e4172f2016348852f9f049713dcd2b29c00b,unimoral_053,B0_stripped_baseline,qwen3:14b,version_j,p0_default,False,0,"{'model_name': 'qwen3:14b', 'temperature': 0.7, 'top_p': 0.9, 'top_k': None, 'seed': 42, 'quantization': 'Q4_K_M'}"
ed8594508b879a59f07cbf20fc96c0134660b8ec3ec40dd9a97d2d71969e7a82,unimoral_053,B0_stripped_baseline,qwen3:14b,version_j,p0_default,True,0,"{'model_name': 'qwen3:14b', 'temperature': 0.7, 'top_p': 0.9, 'top_k': None, 'seed': 42, 'quantization': 'Q4_K_M'}"
c43f41ef73dfb9820db6475a77b5fff0d3c38a87884bfdc609bf92e60758d086,unimoral_053,C1_authority_neutral,qwen3:14b,version_j,p0_default,False,0,"{'model_name': 'qwen3:14b', 'temperature': 0.7, 'top_p': 0.9, 'top_k': None, 'seed': 42, 'quantization': 'Q4_K_M'}"
83f2907c8136bcaf8de7b32c9986a751517c6996c8b7d1525486336e7526d8a7,unimoral_053,C1_authority_neutral,qwen3:14b,version_j,p0_default,True,0,"{'model_name': 'qwen3:14b', 'temperature': 0.7, 'top_p': 0.9, 'top_k': None, 'seed': 42, 'quantization': 'Q4_K_M'}"
ccbc57a08b39efcc8b643ad6c9a6e3cedb49f4143d4a3452553e9352642ea4d1,unimoral_053,P1_authority_pressure,qwen3:14b,version_j,p0_default,False,0,"{'model_name': 'qwen3:14b', 'temperature': 0.7, 'top_p': 0.9, 'top_k': None, 'seed': 42, 'quantization': 'Q4_K_M'}"
2db4708ad0b345ce2fa4d2aa3712b6679adab1f65f4c626edfff702c2cb3ec4d,unimoral_053,P1_authority_pressure,qwen3:14b,version_j,p0_default,True,0,"{'model_name': 'qwen3:14b', 'temperature': 0.7, 'top_p': 0.9, 'top_k': None, 'seed': 42, 'quantization': 'Q4_K_M'}"
323d67fa89f1575e86857c893613a7e5fc9c823e2ba79748e68d77112281cb89,unimoral_053,C2_incentive_neutral,qwen3:14b,version_j,p0_default,False,0,"{'model_name': 'qwen3:14b', 'temperature': 0.7, 'top_p': 0.9, 'top_k': None, 'seed': 42, 'quantization': 'Q4_K_M'}"
18b905d39decbbee8fcae4674e3a9125e61f6b7e7ec98c4d22e887b0c33ff68d,unimoral_053,C2_incentive_neutral,qwen3:14b,version_j,p0_default,True,0,"{'model_name': 'qwen3:14b', 'temperature': 0.7, 'top_p': 0.9, 'top_k': None, 'seed': 42, 'quantization': 'Q4_K_M'}"
bf1c5004e619d4a3b60aa22dab5c1fd2b2750a1280aaa4010c1a6704547acddf,unimoral_053,P2_incentive_pressure,qwen3:14b,version_j,p0_default,False,0,"{'model_name': 'qwen3:14b', 'temperature': 0.7, 'top_p': 0.9, 'top_k': None, 'seed': 42, 'quantization': 'Q4_K_M'}"
a4250d508740a5ac086bdf9469edc8fd6cb5f766c759e725a21983bcdf9f6b78,unimoral_053,P2_incentive_pressure,qwen3:14b,version_j,p0_default,True,0,"{'model_name': 'qwen3:14b', 'temperature': 0.7, 'top_p': 0.9, 'top_k': None, 'seed': 42, 'quantization': 'Q4_K_M'}"
72222123d07a5fc81748ee8ab48bc22a7e4f9940c99fdb80ce516e46cf01aa68,unimoral_053,C3_social_neutral,qwen3:14b,version_j,p0_default,False,0,"{'model_name': 'qwen3:14b', 'temperature': 0.7, 'top_p': 0.9, 'top_k': None, 'seed': 42, 'quantization': 'Q4_K_M'}"
c0ed95a21a78719052fb8043bb109d862813cf2b590f1010614e1ab5c995b3d8,unimoral_053,C3_social_neutral,qwen3:14b,version_j,p0_default,True,0,"{'model_name': 'qwen3:14b', 'temperature': 0.7, 'top_p': 0.9, 'top_k': None, 'seed': 42, 'quantization': 'Q4_K_M'}"
f2be1e2d5fa7fd6a9e66fb4cbf809ed7621f4390a32f52c93efba10e39804c63,unimoral_053,P3_social_pressure,qwen3:14b,version_j,p0_default,False,0,"{'model_name': 'qwen3:14b', 'temperature': 0.7, 'top_p': 0.9, 'top_k': None, 'seed': 42, 'quantization': 'Q4_K_M'}"
3643475cb0a6d612908a576b389f7004c57f65ab620c2f4b12c334b21633f7fb,unimoral_053,P3_social_pressure,qwen3:14b,version_j,p0_default,True,0,"{'model_name': 'qwen3:14b', 'temperature': 0.7, 'top_p': 0.9, 'top_k': None, 'seed': 42, 'quantization': 'Q4_K_M'}"
207e17ddabddd4eb00910275b9e83b2db290e5445e745f4bd2505500a281af3c,unimoral_053,C4_metric_neutral,qwen3:14b,version_j,p0_default,False,0,"{'model_name': 'qwen3:14b', 'temperature': 0.7, 'top_p': 0.9, 'top_k': None, 'seed': 42, 'quantization': 'Q4_K_M'}"
ef299e0aad11645290085cc17e1d7d4c7e7401ef9b567226731051ad67eff68d,unimoral_053,C4_metric_neutral,qwen3:14b,version_j,p0_default,True,0,"{'model_name': 'qwen3:14b', 'temperature': 0.7, 'top_p': 0.9, 'top_k': None, 'seed': 42, 'quantization': 'Q4_K_M'}"
9921fdaba04fff613108596b2c21338066568e4bd89d56fa8a977b671b36253b,unimoral_053,P4_metric_pressure,qwen3:14b,version_j,p0_default,False,0,"{'model_name': 'qwen3:14b', 'temperature': 0.7, 'top_p': 0.9, 'top_k': None, 'seed': 42, 'quantization': 'Q4_K_M'}"
9d2af28cee069d30972b8a6acfb90ce06df2115af72b7b91ff55992619648780,unimoral_053,P4_metric_pressure,qwen3:14b,version_j,p0_default,True,0,"{'model_name': 'qwen3:14b', 'temperature': 0.7, 'top_p': 0.9, 'top_k': None, 'seed': 42, 'quantization': 'Q4_K_M'}"
1e6ceb5f856c8c85ff53b5a6fd174d5cc7e5238f350f96cfb3d35344a1507e08,unimoral_054,B0_stripped_baseline,qwen3:14b,version_j,p0_default,False,0,"{'model_name': 'qwen3:14b', 'temperature': 0.7, 'top_p': 0.9, 'top_k': None, 'seed': 42, 'quantization': 'Q4_K_M'}"
0e23dc6027d7b6a9ef6eeb0e18acdfc8a4387daec3397489accf8df8ba272356,unimoral_054,B0_stripped_baseline,qwen3:14b,version_j,p0_default,True,0,"{'model_name': 'qwen3:14b', 'temperature': 0.7, 'top_p': 0.9, 'top_k': None, 'seed': 42, 'quantization': 'Q4_K_M'}"
fa65ada9c41e74d01d312219b166ede2fb3f94fa664f71ba5f730c83a12a4e44,unimoral_054,C1_authority_neutral,qwen3:14b,version_j,p0_default,False,0,"{'model_name': 'qwen3:14b', 'temperature': 0.7, 'top_p': 0.9, 'top_k': None, 'seed': 42, 'quantization': 'Q4_K_M'}"
74918dd74a925aa35f291dc2f907c58b6d903b50bb368e3c9ed179f1c031a349,unimoral_054,C1_authority_neutral,qwen3:14b,version_j,p0_default,True,0,"{'model_name': 'qwen3:14b', 'temperature': 0.7, 'top_p': 0.9, 'top_k': None, 'seed': 42, 'quantization': 'Q4_K_M'}"
c9eb8378556cace170fb8b3c94b67ab2c2e397f9cac93383239f462e43bb21e2,unimoral_054,P1_authority_pressure,qwen3:14b,version_j,p0_default,False,0,"{'model_name': 'qwen3:14b', 'temperature': 0.7, 'top_p': 0.9, 'top_k': None, 'seed': 42, 'quantization': 'Q4_K_M'}"
5a53f098b28d245e4ed87c17726a63766ed2fda5a897d15ec180ba5653d05006,unimoral_054,P1_authority_pressure,qwen3:14b,version_j,p0_default,True,0,"{'model_name': 'qwen3:14b', 'temperature': 0.7, 'top_p': 0.9, 'top_k': None, 'seed': 42, 'quantization': 'Q4_K_M'}"
39c0d99b4391078c2b32792f11fe988bfc283998fbf49edd97897f97993e7c80,unimoral_054,C2_incentive_neutral,qwen3:14b,version_j,p0_default,False,0,"{'model_name': 'qwen3:14b', 'temperature': 0.7, 'top_p': 0.9, 'top_k': None, 'seed': 42, 'quantization': 'Q4_K_M'}"
88e79ac92e061b6685aa6c13f5e04fa0dd83efcf9897060c67684c30c835b6c9,unimoral_054,C2_incentive_neutral,qwen3:14b,version_j,p0_default,True,0,"{'model_name': 'qwen3:14b', 'temperature': 0.7, 'top_p': 0.9, 'top_k': None, 'seed': 42, 'quantization': 'Q4_K_M'}"
97f5791811927fac236b69473c9f92de496135ad3f7d3801bc29b209e1f3f5e0,unimoral_054,P2_incentive_pressure,qwen3:14b,version_j,p0_default,False,0,"{'model_name': 'qwen3:14b', 'temperature': 0.7, 'top_p': 0.9, 'top_k': None, 'seed': 42, 'quantization': 'Q4_K_M'}"
478b396f7010bb7c542ae08c37fb59028cd37fd20d55dad338306acb718602b4,unimoral_054,P2_incentive_pressure,qwen3:14b,version_j,p0_default,True,0,"{'model_name': 'qwen3:14b', 'temperature': 0.7, 'top_p': 0.9, 'top_k': None, 'seed': 42, 'quantization': 'Q4_K_M'}"
f07866fc1e72ada0abafcf838b0dc5fddd3875499e4b3b979e3cbe21565a66dd,unimoral_054,C3_social_neutral,qwen3:14b,version_j,p0_default,False,0,"{'model_name': 'qwen3:14b', 'temperature': 0.7, 'top_p': 0.9, 'top_k': None, 'seed': 42, 'quantization': 'Q4_K_M'}"
448e4c8851c7bebcd9311b24ffaafbb5bb42bb0453d2d7af0eca1d5619aa2c45,unimoral_054,C3_social_neutral,qwen3:14b,version_j,p0_default,True,0,"{'model_name': 'qwen3:14b', 'temperature': 0.7, 'top_p': 0.9, 'top_k': None, 'seed': 42, 'quantization': 'Q4_K_M'}"
b203f4e29f94209aac08ef05c2747cdd3bb699f27da6613dd861b50360a5d41b,unimoral_054,P3_social_pressure,qwen3:14b,version_j,p0_default,False,0,"{'model_name': 'qwen3:14b', 'temperature': 0.7, 'top_p': 0.9, 'top_k': None, 'seed': 42, 'quantization': 'Q4_K_M'}"
ac174cf2476424983910e610de5f4068c5646cbab6deba31629478566821d336,unimoral_054,P3_social_pressure,qwen3:14b,version_j,p0_default,True,0,"{'model_name': 'qwen3:14b', 'temperature': 0.7, 'top_p': 0.9, 'top_k': None, 'seed': 42, 'quantization': 'Q4_K_M'}"
5ca6ca11d6662faf24257d931dc202584ad7642c5bd39ed831138fd9449ef5f0,unimoral_054,C4_metric_neutral,qwen3:14b,version_j,p0_default,False,0,"{'model_name': 'qwen3:14b', 'temperature': 0.7, 'top_p': 0.9, 'top_k': None, 'seed': 42, 'quantization': 'Q4_K_M'}"
348964763fadc25905969ed5e933ce81227b647375e057fd5acbe2f23c6620eb,unimoral_054,C4_metric_neutral,qwen3:14b,version_j,p0_default,True,0,"{'model_name': 'qwen3:14b', 'temperature': 0.7, 'top_p': 0.9, 'top_k': None, 'seed': 42, 'quantization': 'Q4_K_M'}"
541ad5b708f4d180876c543a80e7d62589383fb05a20c50fc91204fe19b31f7f,unimoral_054,P4_metric_pressure,qwen3:14b,version_j,p0_default,False,0,"{'model_name': 'qwen3:14b', 'temperature': 0.7, 'top_p': 0.9, 'top_k': None, 'seed': 42, 'quantization': 'Q4_K_M'}"
2edad15e5dedd0f9cc53f445944ce0685011cea1e8dba332ed6a0e62b2885b25,unimoral_054,P4_metric_pressure,qwen3:14b,version_j,p0_default,True,0,"{'model_name': 'qwen3:14b', 'temperature': 0.7, 'top_p': 0.9, 'top_k': None, 'seed': 42, 'quantization': 'Q4_K_M'}"
9e4f23e33e83daf1cc0c1fefae25f60ad8f8b8e4082403162b5d7fc80c868c79,unimoral_055,B0_stripped_baseline,qwen3:14b,version_j,p0_default,False,0,"{'model_name': 'qwen3:14b', 'temperature': 0.7, 'top_p': 0.9, 'top_k': None, 'seed': 42, 'quantization': 'Q4_K_M'}"
862779a6dcb15bcbe8fb81aaf4d4dbf74a7bdd1a7819cf7906713650afe5573d,unimoral_055,B0_stripped_baseline,qwen3:14b,version_j,p0_default,True,0,"{'model_name': 'qwen3:14b', 'temperature': 0.7, 'top_p': 0.9, 'top_k': None, 'seed': 42, 'quantization': 'Q4_K_M'}"
95474c2060efd97b4e6ad98f646f463b6623cfc140c636614d7d668f16ec8018,unimoral_055,C1_authority_neutral,qwen3:14b,version_j,p0_default,False,0,"{'model_name': 'qwen3:14b', 'temperature': 0.7, 'top_p': 0.9, 'top_k': None, 'seed': 42, 'quantization': 'Q4_K_M'}"
b16bc90f07669b46e8c97b90f60c5def070b0d0b5da6bdeee526df411402db87,unimoral_055,C1_authority_neutral,qwen3:14b,version_j,p0_default,True,0,"{'model_name': 'qwen3:14b', 'temperature': 0.7, 'top_p': 0.9, 'top_k': None, 'seed': 42, 'quantization': 'Q4_K_M'}"
744a3bb0f4d8f900e93606907b1458330d6db03402d047e2b4f9639ac06db14c,unimoral_055,P1_authority_pressure,qwen3:14b,version_j,p0_default,False,0,"{'model_name': 'qwen3:14b', 'temperature': 0.7, 'top_p': 0.9, 'top_k': None, 'seed': 42, 'quantization': 'Q4_K_M'}"
36ecba1638b6cc791662991b128eeae3ab9b534f54c28c9915110087c5f230f0,unimoral_055,P1_authority_pressure,qwen3:14b,version_j,p0_default,True,0,"{'model_name': 'qwen3:14b', 'temperature': 0.7, 'top_p': 0.9, 'top_k': None, 'seed': 42, 'quantization': 'Q4_K_M'}"
99dccc867cf03b930125ddbfb3fa829dab9487d3812dcc3f24d85e4c70bcbd33,unimoral_055,C2_incentive_neutral,qwen3:14b,version_j,p0_default,False,0,"{'model_name': 'qwen3:14b', 'temperature': 0.7, 'top_p': 0.9, 'top_k': None, 'seed': 42, 'quantization': 'Q4_K_M'}"
82af1586f5e3e55ba8ef8e06628016a4b016387f9f3e11cc355b6bf137e7a18d,unimoral_055,C2_incentive_neutral,qwen3:14b,version_j,p0_default,True,0,"{'model_name': 'qwen3:14b', 'temperature': 0.7, 'top_p': 0.9, 'top_k': None, 'seed': 42, 'quantization': 'Q4_K_M'}"
c49b17d20ee94e1a8f4f55abb1ce103275bea0915140917a9d9f19abb4e903b3,unimoral_055,P2_incentive_pressure,qwen3:14b,version_j,p0_default,False,0,"{'model_name': 'qwen3:14b', 'temperature': 0.7, 'top_p': 0.9, 'top_k': None, 'seed': 42, 'quantization': 'Q4_K_M'}"
d6740ff80a59d3f7361580f256524a646808db4b7b3aaa73bfde43de0c590e3d,unimoral_055,P2_incentive_pressure,qwen3:14b,version_j,p0_default,True,0,"{'model_name': 'qwen3:14b', 'temperature': 0.7, 'top_p': 0.9, 'top_k': None, 'seed': 42, 'quantization': 'Q4_K_M'}"
6fcf0b3d8f9ec5707b0c7e464fd03472390ada0ebeb3d6df8e2dbd3387677270,unimoral_055,C3_social_neutral,qwen3:14b,version_j,p0_default,False,0,"{'model_name': 'qwen3:14b', 'temperature': 0.7, 'top_p': 0.9, 'top_k': None, 'seed': 42, 'quantization': 'Q4_K_M'}"
7a474a61f83d6fdda00171c32c929cc5b748ca759f46298f93cac63b8131fd66,unimoral_055,C3_social_neutral,qwen3:14b,version_j,p0_default,True,0,"{'model_name': 'qwen3:14b', 'temperature': 0.7, 'top_p': 0.9, 'top_k': None, 'seed': 42, 'quantization': 'Q4_K_M'}"
2afd64b2cbc3c20c1cb1ec836c4c6741db518756f2ea4f4411daa237f4ad85d6,unimoral_055,P3_social_pressure,qwen3:14b,version_j,p0_default,False,0,"{'model_name': 'qwen3:14b', 'temperature': 0.7, 'top_p': 0.9, 'top_k': None, 'seed': 42, 'quantization': 'Q4_K_M'}"
b76b3b98acd6c468cda80de7135d203a14d5e4f16a7af8a13aff3b4edc3c260f,unimoral_055,P3_social_pressure,qwen3:14b,version_j,p0_default,True,0,"{'model_name': 'qwen3:14b', 'temperature': 0.7, 'top_p': 0.9, 'top_k': None, 'seed': 42, 'quantization': 'Q4_K_M'}"
d01c6a9cce4c84514361fa0f88fa80306cfa1f617539c727f16c73e4fb31a097,unimoral_055,C4_metric_neutral,qwen3:14b,version_j,p0_default,False,0,"{'model_name': 'qwen3:14b', 'temperature': 0.7, 'top_p': 0.9, 'top_k': None, 'seed': 42, 'quantization': 'Q4_K_M'}"
8eac5311f9e176bde3b7e34a190d68e233142fadb5d81bec4dbd2c76295000a0,unimoral_055,C4_metric_neutral,qwen3:14b,version_j,p0_default,True,0,"{'model_name': 'qwen3:14b', 'temperature': 0.7, 'top_p': 0.9, 'top_k': None, 'seed': 42, 'quantization': 'Q4_K_M'}"
646dc687786c3da3a68fc1ee24783a774a5e4aa4ab58e66c3c0ab4b6a38156d4,unimoral_055,P4_metric_pressure,qwen3:14b,version_j,p0_default,False,0,"{'model_name': 'qwen3:14b', 'temperature': 0.7, 'top_p': 0.9, 'top_k': None, 'seed': 42, 'quantization': 'Q4_K_M'}"
eb2f65d5057ae417c1f8a4a6e11db43e39a6bdb327ffd9911ee199802fe325aa,unimoral_055,P4_metric_pressure,qwen3:14b,version_j,p0_default,True,0,"{'model_name': 'qwen3:14b', 'temperature': 0.7, 'top_p': 0.9, 'top_k': None, 'seed': 42, 'quantization': 'Q4_K_M'}"
c819e3bfa307cfb5543415bd37431cb5c88d00ef2909d239582bb300f76f3176,unimoral_056,B0_stripped_baseline,qwen3:14b,version_j,p0_default,False,0,"{'model_name': 'qwen3:14b', 'temperature': 0.7, 'top_p': 0.9, 'top_k': None, 'seed': 42, 'quantization': 'Q4_K_M'}"
a3787c0ebd4af88f2d1a3e6807e1ec3c0167173d7543e9db0c888fd57c1e12ff,unimoral_056,B0_stripped_baseline,qwen3:14b,version_j,p0_default,True,0,"{'model_name': 'qwen3:14b', 'temperature': 0.7, 'top_p': 0.9, 'top_k': None, 'seed': 42, 'quantization': 'Q4_K_M'}"
4ec35db41d82364960caf3863b5127b81d30578759bd4fba9908cc99c63cedc2,unimoral_056,C1_authority_neutral,qwen3:14b,version_j,p0_default,False,0,"{'model_name': 'qwen3:14b', 'temperature': 0.7, 'top_p': 0.9, 'top_k': None, 'seed': 42, 'quantization': 'Q4_K_M'}"
7f3beaaab22f792393453c1a29e9ce8b1beaa95eee973ba4c23a5940e4f8d989,unimoral_056,C1_authority_neutral,qwen3:14b,version_j,p0_default,True,0,"{'model_name': 'qwen3:14b', 'temperature': 0.7, 'top_p': 0.9, 'top_k': None, 'seed': 42, 'quantization': 'Q4_K_M'}"
9abf6cd285c069b4b8f3ff8481b7781583b45a650607db45b6fd54daf9af3250,unimoral_056,P1_authority_pressure,qwen3:14b,version_j,p0_default,False,0,"{'model_name': 'qwen3:14b', 'temperature': 0.7, 'top_p': 0.9, 'top_k': None, 'seed': 42, 'quantization': 'Q4_K_M'}"
ce5787fd24510c5bff70c609781d88dcf20a702a121d1c5fb2d7ac5c25665cb5,unimoral_056,P1_authority_pressure,qwen3:14b,version_j,p0_default,True,0,"{'model_name': 'qwen3:14b', 'temperature': 0.7, 'top_p': 0.9, 'top_k': None, 'seed': 42, 'quantization': 'Q4_K_M'}"
e2ff08fc6242a1b866477fc513dfc29f1d873676a3b23b476a4e6f6128c05e7d,unimoral_056,C2_incentive_neutral,qwen3:14b,version_j,p0_default,False,0,"{'model_name': 'qwen3:14b', 'temperature': 0.7, 'top_p': 0.9, 'top_k': None, 'seed': 42, 'quantization': 'Q4_K_M'}"
b6e8786446e9d224685107ec51d7e50a3610384cbe7f24cb49b85afc4ba41a3a,unimoral_056,C2_incentive_neutral,qwen3:14b,version_j,p0_default,True,0,"{'model_name': 'qwen3:14b', 'temperature': 0.7, 'top_p': 0.9, 'top_k': None, 'seed': 42, 'quantization': 'Q4_K_M'}"
4687ce3588889c90c7b7341a989bb67b1fec9d32aefd41a8acfec839d8419b4f,unimoral_056,P2_incentive_pressure,qwen3:14b,version_j,p0_default,False,0,"{'model_name': 'qwen3:14b', 'temperature': 0.7, 'top_p': 0.9, 'top_k': None, 'seed': 42, 'quantization': 'Q4_K_M'}"
a82bd8e628c4a3297d26fc53a545f80c7cf2903189be66fb87438c6ca4ab5aa3,unimoral_056,P2_incentive_pressure,qwen3:14b,version_j,p0_default,True,0,"{'model_name': 'qwen3:14b', 'temperature': 0.7, 'top_p': 0.9, 'top_k': None, 'seed': 42, 'quantization': 'Q4_K_M'}"
c361bdd20f45d85d15344afbbe70256e9099804145eee7d8659ad5a41f4db516,unimoral_056,C3_social_neutral,qwen3:14b,version_j,p0_default,False,0,"{'model_name': 'qwen3:14b', 'temperature': 0.7, 'top_p': 0.9, 'top_k': None, 'seed': 42, 'quantization': 'Q4_K_M'}"
f4a55b824226e4f4dda6450f764f5f81f2f62a45ceb65a03581fa38e043732d5,unimoral_056,C3_social_neutral,qwen3:14b,version_j,p0_default,True,0,"{'model_name': 'qwen3:14b', 'temperature': 0.7, 'top_p': 0.9, 'top_k': None, 'seed': 42, 'quantization': 'Q4_K_M'}"
f2b6b4c691c6b40f21275eda484efa7faf31ebe188a5f41c7ad5593fc6d7e4aa,unimoral_056,P3_social_pressure,qwen3:14b,version_j,p0_default,False,0,"{'model_name': 'qwen3:14b', 'temperature': 0.7, 'top_p': 0.9, 'top_k': None, 'seed': 42, 'quantization': 'Q4_K_M'}"
7d07cb724ba1691016f83feab160c1c76f64e8c7579d87ef7e1e4dbba18288e9,unimoral_056,P3_social_pressure,qwen3:14b,version_j,p0_default,True,0,"{'model_name': 'qwen3:14b', 'temperature': 0.7, 'top_p': 0.9, 'top_k': None, 'seed': 42, 'quantization': 'Q4_K_M'}"
dc6221b297ad17fe84ce7973c1fffacf0304827a2bacdf0d146609cccb992287,unimoral_056,C4_metric_neutral,qwen3:14b,version_j,p0_default,False,0,"{'model_name': 'qwen3:14b', 'temperature': 0.7, 'top_p': 0.9, 'top_k': None, 'seed': 42, 'quantization': 'Q4_K_M'}"
2a7b0cba81c2275e31d505b9991aa775476a6ef8dad3ef09192b5f50e9c7a71f,unimoral_056,C4_metric_neutral,qwen3:14b,version_j,p0_default,True,0,"{'model_name': 'qwen3:14b', 'temperature': 0.7, 'top_p': 0.9, 'top_k': None, 'seed': 42, 'quantization': 'Q4_K_M'}"
e4f267bf9e1289ddeddfaba7f182d57795c86c2cafd2274d862cbbda3c58637e,unimoral_056,P4_metric_pressure,qwen3:14b,version_j,p0_default,False,0,"{'model_name': 'qwen3:14b', 'temperature': 0.7, 'top_p': 0.9, 'top_k': None, 'seed': 42, 'quantization': 'Q4_K_M'}"
0f764eaf7f197f75006a9993afbedc58d3ef9c22cbb676849000853ffedd0b2f,unimoral_056,P4_metric_pressure,qwen3:14b,version_j,p0_default,True,0,"{'model_name': 'qwen3:14b', 'temperature': 0.7, 'top_p': 0.9, 'top_k': None, 'seed': 42, 'quantization': 'Q4_K_M'}"
989ca66c08a17323bb38440e7c19211c94a8305a312b82fc03116c3f16473cfb,unimoral_057,B0_stripped_baseline,qwen3:14b,version_j,p0_default,False,0,"{'model_name': 'qwen3:14b', 'temperature': 0.7, 'top_p': 0.9, 'top_k': None, 'seed': 42, 'quantization': 'Q4_K_M'}"
07185d7fdf9e0746796c074d9ef0bc2ac9b40e7380dcf806e2a7d7b32b94fb69,unimoral_057,B0_stripped_baseline,qwen3:14b,version_j,p0_default,True,0,"{'model_name': 'qwen3:14b', 'temperature': 0.7, 'top_p': 0.9, 'top_k': None, 'seed': 42, 'quantization': 'Q4_K_M'}"
f318775602fe0a2d71c8ad325e26511e534fe87f15062755532d8a60e321253f,unimoral_057,C1_authority_neutral,qwen3:14b,version_j,p0_default,False,0,"{'model_name': 'qwen3:14b', 'temperature': 0.7, 'top_p': 0.9, 'top_k': None, 'seed': 42, 'quantization': 'Q4_K_M'}"
7c5783818f908908ac5f1d4221981db668e15219cf4ea5796a1e991659e2d5a1,unimoral_057,C1_authority_neutral,qwen3:14b,version_j,p0_default,True,0,"{'model_name': 'qwen3:14b', 'temperature': 0.7, 'top_p': 0.9, 'top_k': None, 'seed': 42, 'quantization': 'Q4_K_M'}"
5ee03cba37cd9ca0c0d3c5fff88eba8d816c5b277e5c6cdbe1abddd04f77b31c,unimoral_057,P1_authority_pressure,qwen3:14b,version_j,p0_default,False,0,"{'model_name': 'qwen3:14b', 'temperature': 0.7, 'top_p': 0.9, 'top_k': None, 'seed': 42, 'quantization': 'Q4_K_M'}"
789f25dccd41ef962c7ffa8535e2f8b31f00bdb2f70208ef1e548cc3a0a42438,unimoral_057,P1_authority_pressure,qwen3:14b,version_j,p0_default,True,0,"{'model_name': 'qwen3:14b', 'temperature': 0.7, 'top_p': 0.9, 'top_k': None, 'seed': 42, 'quantization': 'Q4_K_M'}"
1248c5d79489707b95bcd10b67c5d7fab0030ad41596b8e74714d270a1c55319,unimoral_057,C2_incentive_neutral,qwen3:14b,version_j,p0_default,False,0,"{'model_name': 'qwen3:14b', 'temperature': 0.7, 'top_p': 0.9, 'top_k': None, 'seed': 42, 'quantization': 'Q4_K_M'}"
aee2c26570ff35b4b247491c453cc338242b2f9e28ccd86b4eae11ce559edbb9,unimoral_057,C2_incentive_neutral,qwen3:14b,version_j,p0_default,True,0,"{'model_name': 'qwen3:14b', 'temperature': 0.7, 'top_p': 0.9, 'top_k': None, 'seed': 42, 'quantization': 'Q4_K_M'}"
5852a275aba0381b9ce9df0fc95ebf72f41e85435795c22dd2acf05cfa1a14ce,unimoral_057,P2_incentive_pressure,qwen3:14b,version_j,p0_default,False,0,"{'model_name': 'qwen3:14b', 'temperature': 0.7, 'top_p': 0.9, 'top_k': None, 'seed': 42, 'quantization': 'Q4_K_M'}"
966b3874b6b8fe3bbfc0a162cf56075cb4356b58283462963850967959458e64,unimoral_057,P2_incentive_pressure,qwen3:14b,version_j,p0_default,True,0,"{'model_name': 'qwen3:14b', 'temperature': 0.7, 'top_p': 0.9, 'top_k': None, 'seed': 42, 'quantization': 'Q4_K_M'}"
7d6015cc3cb791aec4670097db62306e202c79fb79d0d8cd4a463bd4711e4bfc,unimoral_057,C3_social_neutral,qwen3:14b,version_j,p0_default,False,0,"{'model_name': 'qwen3:14b', 'temperature': 0.7, 'top_p': 0.9, 'top_k': None, 'seed': 42, 'quantization': 'Q4_K_M'}"
e23314c6359d73b60a4f81efa51b3a574c4d9c6e85b20232b8011b293494f30b,unimoral_057,C3_social_neutral,qwen3:14b,version_j,p0_default,True,0,"{'model_name': 'qwen3:14b', 'temperature': 0.7, 'top_p': 0.9, 'top_k': None, 'seed': 42, 'quantization': 'Q4_K_M'}"
13c331dfd3c3f8b3212e3acaab01062562068ff75814f7ca7748d8359cae4949,unimoral_057,P3_social_pressure,qwen3:14b,version_j,p0_default,False,0,"{'model_name': 'qwen3:14b', 'temperature': 0.7, 'top_p': 0.9, 'top_k': None, 'seed': 42, 'quantization': 'Q4_K_M'}"
b599e206d185a123099c7d83de64e482cb17a7d9e80c26e58bd4d51d8a20bc07,unimoral_057,P3_social_pressure,qwen3:14b,version_j,p0_default,True,0,"{'model_name': 'qwen3:14b', 'temperature': 0.7, 'top_p': 0.9, 'top_k': None, 'seed': 42, 'quantization': 'Q4_K_M'}"
e1e3e35f9b0d3867a46aee88bc756a246206e0860a4df157d8f6e19d1032cc52,unimoral_057,C4_metric_neutral,qwen3:14b,version_j,p0_default,False,0,"{'model_name': 'qwen3:14b', 'temperature': 0.7, 'top_p': 0.9, 'top_k': None, 'seed': 42, 'quantization': 'Q4_K_M'}"
f0820bd0291b57bef69e0939f81c2e6a9455e23815f3f888d919b61e0181f9f2,unimoral_057,C4_metric_neutral,qwen3:14b,version_j,p0_default,True,0,"{'model_name': 'qwen3:14b', 'temperature': 0.7, 'top_p': 0.9, 'top_k': None, 'seed': 42, 'quantization': 'Q4_K_M'}"
f75d7f17260358b3874296feaf10ec6c054c7eaaf7d4e235e1c2f669ca79c6b7,unimoral_057,P4_metric_pressure,qwen3:14b,version_j,p0_default,False,0,"{'model_name': 'qwen3:14b', 'temperature': 0.7, 'top_p': 0.9, 'top_k': None, 'seed': 42, 'quantization': 'Q4_K_M'}"
810a9e9a20c3d668ba292b35edc9ae7b3892302efcf40807afce43eb3495fdc2,unimoral_057,P4_metric_pressure,qwen3:14b,version_j,p0_default,True,0,"{'model_name': 'qwen3:14b', 'temperature': 0.7, 'top_p': 0.9, 'top_k': None, 'seed': 42, 'quantization': 'Q4_K_M'}"
1428daa0237baa8c9ca45c0eca58e3c3517422695818f7ddf2a998f063f5ddee,unimoral_058,B0_stripped_baseline,qwen3:14b,version_j,p0_default,False,0,"{'model_name': 'qwen3:14b', 'temperature': 0.7, 'top_p': 0.9, 'top_k': None, 'seed': 42, 'quantization': 'Q4_K_M'}"
d4f002bfc0c454620d3a6aa859bc0ee277d95b77276dc7d1f2956f145fcc0331,unimoral_058,B0_stripped_baseline,qwen3:14b,version_j,p0_default,True,0,"{'model_name': 'qwen3:14b', 'temperature': 0.7, 'top_p': 0.9, 'top_k': None, 'seed': 42, 'quantization': 'Q4_K_M'}"
ec01bfe07170afd44821c2f7e078588284283b9848a77c1a2653a77cfdc21416,unimoral_058,C1_authority_neutral,qwen3:14b,version_j,p0_default,False,0,"{'model_name': 'qwen3:14b', 'temperature': 0.7, 'top_p': 0.9, 'top_k': None, 'seed': 42, 'quantization': 'Q4_K_M'}"
336f9a64aadb131266524e761070270837e2437450c6941d12295af74c3f5b45,unimoral_058,C1_authority_neutral,qwen3:14b,version_j,p0_default,True,0,"{'model_name': 'qwen3:14b', 'temperature': 0.7, 'top_p': 0.9, 'top_k': None, 'seed': 42, 'quantization': 'Q4_K_M'}"
3973ce7e8438ff737a2c1d18564ccb56a078d2371e9f011bf0cd46854ca21a4e,unimoral_058,P1_authority_pressure,qwen3:14b,version_j,p0_default,False,0,"{'model_name': 'qwen3:14b', 'temperature': 0.7, 'top_p': 0.9, 'top_k': None, 'seed': 42, 'quantization': 'Q4_K_M'}"
2c0fa62de2f7de426e7b2fbdc9a6cc0cb7d65d8b08020747b4555d5ee11dd470,unimoral_058,P1_authority_pressure,qwen3:14b,version_j,p0_default,True,0,"{'model_name': 'qwen3:14b', 'temperature': 0.7, 'top_p': 0.9, 'top_k': None, 'seed': 42, 'quantization': 'Q4_K_M'}"
2b7d0e0f862319d0d56ae59c9dd7a8865698c093527ca2f75141d3c6b341d52b,unimoral_058,C2_incentive_neutral,qwen3:14b,version_j,p0_default,False,0,"{'model_name': 'qwen3:14b', 'temperature': 0.7, 'top_p': 0.9, 'top_k': None, 'seed': 42, 'quantization': 'Q4_K_M'}"
b901a4e468a3f784787fcaee08ee926b38ba9bdfb1c67503bbf5c04ca7de59bf,unimoral_058,C2_incentive_neutral,qwen3:14b,version_j,p0_default,True,0,"{'model_name': 'qwen3:14b', 'temperature': 0.7, 'top_p': 0.9, 'top_k': None, 'seed': 42, 'quantization': 'Q4_K_M'}"
e28e9c45932a0ef33a73a29067dc57af515938384b5b0df6ccc62e0067369eee,unimoral_058,P2_incentive_pressure,qwen3:14b,version_j,p0_default,False,0,"{'model_name': 'qwen3:14b', 'temperature': 0.7, 'top_p': 0.9, 'top_k': None, 'seed': 42, 'quantization': 'Q4_K_M'}"
cf8dd87e682beba8d9228fd1ed070995a486a9e86dd2fec8f64f28c28f4ad70d,unimoral_058,P2_incentive_pressure,qwen3:14b,version_j,p0_default,True,0,"{'model_name': 'qwen3:14b', 'temperature': 0.7, 'top_p': 0.9, 'top_k': None, 'seed': 42, 'quantization': 'Q4_K_M'}"
d8cd12e033ad379ca9ad3ec383ae40230ef9a745da30bbab2c545672d9b47e69,unimoral_058,C3_social_neutral,qwen3:14b,version_j,p0_default,False,0,"{'model_name': 'qwen3:14b', 'temperature': 0.7, 'top_p': 0.9, 'top_k': None, 'seed': 42, 'quantization': 'Q4_K_M'}"
c6779bf0864b48d51d7cc53a7118b04d21343b36f0f3402872db527d53d0d498,unimoral_058,C3_social_neutral,qwen3:14b,version_j,p0_default,True,0,"{'model_name': 'qwen3:14b', 'temperature': 0.7, 'top_p': 0.9, 'top_k': None, 'seed': 42, 'quantization': 'Q4_K_M'}"
6c5aa95b5188716baea133b68716397eb28305d1286894550cc14ccfb2bb5cf6,unimoral_058,P3_social_pressure,qwen3:14b,version_j,p0_default,False,0,"{'model_name': 'qwen3:14b', 'temperature': 0.7, 'top_p': 0.9, 'top_k': None, 'seed': 42, 'quantization': 'Q4_K_M'}"
c61f8fdafad0233fbfbd00e0b3b4f472bdebf6d3fb1535528225f9230ae33162,unimoral_058,P3_social_pressure,qwen3:14b,version_j,p0_default,True,0,"{'model_name': 'qwen3:14b', 'temperature': 0.7, 'top_p': 0.9, 'top_k': None, 'seed': 42, 'quantization': 'Q4_K_M'}"
b9f9f801ee44201a9628604c808905829e49dd937dc3db9f168b95aa4325ec0a,unimoral_058,C4_metric_neutral,qwen3:14b,version_j,p0_default,False,0,"{'model_name': 'qwen3:14b', 'temperature': 0.7, 'top_p': 0.9, 'top_k': None, 'seed': 42, 'quantization': 'Q4_K_M'}"
024216c0da475c2ebc80b5990ca9d94549d142b57133c3802582cdad3ac2b987,unimoral_058,C4_metric_neutral,qwen3:14b,version_j,p0_default,True,0,"{'model_name': 'qwen3:14b', 'temperature': 0.7, 'top_p': 0.9, 'top_k': None, 'seed': 42, 'quantization': 'Q4_K_M'}"
b46ff63f15ff584b5d9f56b82645be8e7b3fca5d552fcd133d13b051aabdc416,unimoral_058,P4_metric_pressure,qwen3:14b,version_j,p0_default,False,0,"{'model_name': 'qwen3:14b', 'temperature': 0.7, 'top_p': 0.9, 'top_k': None, 'seed': 42, 'quantization': 'Q4_K_M'}"
60c57f5830fe3a593e10da25253f89f1da1adf16c60c492aa060406835a4e4ed,unimoral_058,P4_metric_pressure,qwen3:14b,version_j,p0_default,True,0,"{'model_name': 'qwen3:14b', 'temperature': 0.7, 'top_p': 0.9, 'top_k': None, 'seed': 42, 'quantization': 'Q4_K_M'}"
8bbcfe3ce1532a0c72765cdce6920e8c1e5a163ae5f2be3312dea96d0c3a9c81,unimoral_059,B0_stripped_baseline,qwen3:14b,version_j,p0_default,False,0,"{'model_name': 'qwen3:14b', 'temperature': 0.7, 'top_p': 0.9, 'top_k': None, 'seed': 42, 'quantization': 'Q4_K_M'}"
87c5380393437ecb710bee1359dee0eba4df2db8a81e15660c845978ff7d36f4,unimoral_059,B0_stripped_baseline,qwen3:14b,version_j,p0_default,True,0,"{'model_name': 'qwen3:14b', 'temperature': 0.7, 'top_p': 0.9, 'top_k': None, 'seed': 42, 'quantization': 'Q4_K_M'}"
45db48764fb4974910c8c657c05ad9a7782ba4319c690b2d929a414d23790f84,unimoral_059,C1_authority_neutral,qwen3:14b,version_j,p0_default,False,0,"{'model_name': 'qwen3:14b', 'temperature': 0.7, 'top_p': 0.9, 'top_k': None, 'seed': 42, 'quantization': 'Q4_K_M'}"
a067bbc29772b5a91f4e3be7a1119e920cb5eca167aba9d833f4c6d0f766b723,unimoral_059,C1_authority_neutral,qwen3:14b,version_j,p0_default,True,0,"{'model_name': 'qwen3:14b', 'temperature': 0.7, 'top_p': 0.9, 'top_k': None, 'seed': 42, 'quantization': 'Q4_K_M'}"
b34e5946a0e7a0d53b50d86e794947d346e9bfc039eff92852657b3577b1b704,unimoral_059,P1_authority_pressure,qwen3:14b,version_j,p0_default,False,0,"{'model_name': 'qwen3:14b', 'temperature': 0.7, 'top_p': 0.9, 'top_k': None, 'seed': 42, 'quantization': 'Q4_K_M'}"
e154849d1125a30d6aae76d3db5f79f5f358263069f321b45995e1d99ae24699,unimoral_059,P1_authority_pressure,qwen3:14b,version_j,p0_default,True,0,"{'model_name': 'qwen3:14b', 'temperature': 0.7, 'top_p': 0.9, 'top_k': None, 'seed': 42, 'quantization': 'Q4_K_M'}"
db248f1fa5ce3811613dcf64541c3c1c7efed05358633a971673291e43ee4fbc,unimoral_059,C2_incentive_neutral,qwen3:14b,version_j,p0_default,False,0,"{'model_name': 'qwen3:14b', 'temperature': 0.7, 'top_p': 0.9, 'top_k': None, 'seed': 42, 'quantization': 'Q4_K_M'}"
d0b9a604752199051d92949f70760e4b8448c629f3907fcc5b015f479c064dfb,unimoral_059,C2_incentive_neutral,qwen3:14b,version_j,p0_default,True,0,"{'model_name': 'qwen3:14b', 'temperature': 0.7, 'top_p': 0.9, 'top_k': None, 'seed': 42, 'quantization': 'Q4_K_M'}"
b9e1b60bc189cccd1861c382c04bb75e67e95fad2e03bf6dc188a78b7a5bb7f5,unimoral_059,P2_incentive_pressure,qwen3:14b,version_j,p0_default,False,0,"{'model_name': 'qwen3:14b', 'temperature': 0.7, 'top_p': 0.9, 'top_k': None, 'seed': 42, 'quantization': 'Q4_K_M'}"
28c31d0ab2ede616603ed55be1c4650e9c05690edf07c8ca886746488a21bca2,unimoral_059,P2_incentive_pressure,qwen3:14b,version_j,p0_default,True,0,"{'model_name': 'qwen3:14b', 'temperature': 0.7, 'top_p': 0.9, 'top_k': None, 'seed': 42, 'quantization': 'Q4_K_M'}"
8f97d90f0a28dec8f60797cfa63219f5ef1c720b1e5e4a1e836fd09cb9f8bf5c,unimoral_059,C3_social_neutral,qwen3:14b,version_j,p0_default,False,0,"{'model_name': 'qwen3:14b', 'temperature': 0.7, 'top_p': 0.9, 'top_k': None, 'seed': 42, 'quantization': 'Q4_K_M'}"
3a0d93b9dfe5b13bd7c797b21417ed546344f8b21fa00b05a917a03c49e57fd3,unimoral_059,C3_social_neutral,qwen3:14b,version_j,p0_default,True,0,"{'model_name': 'qwen3:14b', 'temperature': 0.7, 'top_p': 0.9, 'top_k': None, 'seed': 42, 'quantization': 'Q4_K_M'}"
07dd059b8ae89d7f903b3e434487ed2dcb415701afa6a24e9b5438eb79f99d3c,unimoral_059,P3_social_pressure,qwen3:14b,version_j,p0_default,False,0,"{'model_name': 'qwen3:14b', 'temperature': 0.7, 'top_p': 0.9, 'top_k': None, 'seed': 42, 'quantization': 'Q4_K_M'}"
37fb2617ef20f3c2ab904c99cf460e733601dfe46d5d333a97d7efe6bb08910a,unimoral_059,P3_social_pressure,qwen3:14b,version_j,p0_default,True,0,"{'model_name': 'qwen3:14b', 'temperature': 0.7, 'top_p': 0.9, 'top_k': None, 'seed': 42, 'quantization': 'Q4_K_M'}"
36686c89e595d1606068e0661d52ed4a2b891c562767f2fecc4696dd4fc2fdfe,unimoral_059,C4_metric_neutral,qwen3:14b,version_j,p0_default,False,0,"{'model_name': 'qwen3:14b', 'temperature': 0.7, 'top_p': 0.9, 'top_k': None, 'seed': 42, 'quantization': 'Q4_K_M'}"
ec599c3573fcb9695b3c54ac2740291d2c5dc50145f7b4867fc036beefca7ff7,unimoral_059,C4_metric_neutral,qwen3:14b,version_j,p0_default,True,0,"{'model_name': 'qwen3:14b', 'temperature': 0.7, 'top_p': 0.9, 'top_k': None, 'seed': 42, 'quantization': 'Q4_K_M'}"
1ef7da11911b0040b36c7c8ffd851b9f7315f8fd3a114579e65ef6678486af25,unimoral_059,P4_metric_pressure,qwen3:14b,version_j,p0_default,False,0,"{'model_name': 'qwen3:14b', 'temperature': 0.7, 'top_p': 0.9, 'top_k': None, 'seed': 42, 'quantization': 'Q4_K_M'}"
8d6070e88f1b66f7b31ab9fff582422fec304af653c89b486550f868b0d76f7f,unimoral_059,P4_metric_pressure,qwen3:14b,version_j,p0_default,True,0,"{'model_name': 'qwen3:14b', 'temperature': 0.7, 'top_p': 0.9, 'top_k': None, 'seed': 42, 'quantization': 'Q4_K_M'}"
531cae5ba942c9658568fa3aa53dbfbfd744a49a7f1f514b56da01074e8313b1,unimoral_060,B0_stripped_baseline,qwen3:14b,version_j,p0_default,False,0,"{'model_name': 'qwen3:14b', 'temperature': 0.7, 'top_p': 0.9, 'top_k': None, 'seed': 42, 'quantization': 'Q4_K_M'}"
0a3e6ba03b0333cf424fecc307a81c78eb3ae609f29b9928a3b376857caf6ae1,unimoral_060,B0_stripped_baseline,qwen3:14b,version_j,p0_default,True,0,"{'model_name': 'qwen3:14b', 'temperature': 0.7, 'top_p': 0.9, 'top_k': None, 'seed': 42, 'quantization': 'Q4_K_M'}"
6ab81129236af8b54ea71176825ef13613e33de6879d59af857af86754586625,unimoral_060,C1_authority_neutral,qwen3:14b,version_j,p0_default,False,0,"{'model_name': 'qwen3:14b', 'temperature': 0.7, 'top_p': 0.9, 'top_k': None, 'seed': 42, 'quantization': 'Q4_K_M'}"
e74c950769c1b4666630b359be57bd90b178eb56e4605ab3ea2556939f453b11,unimoral_060,C1_authority_neutral,qwen3:14b,version_j,p0_default,True,0,"{'model_name': 'qwen3:14b', 'temperature': 0.7, 'top_p': 0.9, 'top_k': None, 'seed': 42, 'quantization': 'Q4_K_M'}"
0fdcfc214309c17deedbda0d028d8a3ef4b7088b388ea1598a1e654f3b5d13ea,unimoral_060,P1_authority_pressure,qwen3:14b,version_j,p0_default,False,0,"{'model_name': 'qwen3:14b', 'temperature': 0.7, 'top_p': 0.9, 'top_k': None, 'seed': 42, 'quantization': 'Q4_K_M'}"
4a2efc420546135e897f96626eef081be0a158e12dbd0d6583a5a80f93bcb931,unimoral_060,P1_authority_pressure,qwen3:14b,version_j,p0_default,True,0,"{'model_name': 'qwen3:14b', 'temperature': 0.7, 'top_p': 0.9, 'top_k': None, 'seed': 42, 'quantization': 'Q4_K_M'}"
7848cb11cf56f8743a7eb559e53182967e2baeff95692612753cc5770bff25e2,unimoral_060,C2_incentive_neutral,qwen3:14b,version_j,p0_default,False,0,"{'model_name': 'qwen3:14b', 'temperature': 0.7, 'top_p': 0.9, 'top_k': None, 'seed': 42, 'quantization': 'Q4_K_M'}"
d0f6b2da1f55cda5bfbb821ccb7b018abedcd37d95864a585b3cf58206bf5f1f,unimoral_060,C2_incentive_neutral,qwen3:14b,version_j,p0_default,True,0,"{'model_name': 'qwen3:14b', 'temperature': 0.7, 'top_p': 0.9, 'top_k': None, 'seed': 42, 'quantization': 'Q4_K_M'}"
a66812898d30864f5f81109e2da9eceb9350fab1b860f6736cbf20114433f54b,unimoral_060,P2_incentive_pressure,qwen3:14b,version_j,p0_default,False,0,"{'model_name': 'qwen3:14b', 'temperature': 0.7, 'top_p': 0.9, 'top_k': None, 'seed': 42, 'quantization': 'Q4_K_M'}"
420fc6fc4811a8ff29ff525e54144fb069c03ec061ad884bb2948f2bd1f7c3ba,unimoral_060,P2_incentive_pressure,qwen3:14b,version_j,p0_default,True,0,"{'model_name': 'qwen3:14b', 'temperature': 0.7, 'top_p': 0.9, 'top_k': None, 'seed': 42, 'quantization': 'Q4_K_M'}"
3432a1f2a429dbc71837e0190ad4ee99fdfdab90569f092d86c94423b409acef,unimoral_060,C3_social_neutral,qwen3:14b,version_j,p0_default,False,0,"{'model_name': 'qwen3:14b', 'temperature': 0.7, 'top_p': 0.9, 'top_k': None, 'seed': 42, 'quantization': 'Q4_K_M'}"
0301016594865cfa091f23488249c00ae2997e82f80b027375e99152e045aeda,unimoral_060,C3_social_neutral,qwen3:14b,version_j,p0_default,True,0,"{'model_name': 'qwen3:14b', 'temperature': 0.7, 'top_p': 0.9, 'top_k': None, 'seed': 42, 'quantization': 'Q4_K_M'}"
e54b446d42d18bd89d31dea686b5335fd97c24a93413122f6511b29c733faa37,unimoral_060,P3_social_pressure,qwen3:14b,version_j,p0_default,False,0,"{'model_name': 'qwen3:14b', 'temperature': 0.7, 'top_p': 0.9, 'top_k': None, 'seed': 42, 'quantization': 'Q4_K_M'}"
4e0138668eac80de1c891c1da99c494534b5973311e56a2763d01bb784453db0,unimoral_060,P3_social_pressure,qwen3:14b,version_j,p0_default,True,0,"{'model_name': 'qwen3:14b', 'temperature': 0.7, 'top_p': 0.9, 'top_k': None, 'seed': 42, 'quantization': 'Q4_K_M'}"
b1cf8aabf01c6b6000aed3089c309727e42841bdb1abb4a67c938bd7859fdd5c,unimoral_060,C4_metric_neutral,qwen3:14b,version_j,p0_default,False,0,"{'model_name': 'qwen3:14b', 'temperature': 0.7, 'top_p': 0.9, 'top_k': None, 'seed': 42, 'quantization': 'Q4_K_M'}"
aec77990f96a77d906868270e6787b3a19fc241ee4226a0d812c56ee4d1761de,unimoral_060,C4_metric_neutral,qwen3:14b,version_j,p0_default,True,0,"{'model_name': 'qwen3:14b', 'temperature': 0.7, 'top_p': 0.9, 'top_k': None, 'seed': 42, 'quantization': 'Q4_K_M'}"
44673c364b49c9ea7a36bab31f639209ebb66d149194fde702fc1d9301bf8a86,unimoral_060,P4_metric_pressure,qwen3:14b,version_j,p0_default,False,0,"{'model_name': 'qwen3:14b', 'temperature': 0.7, 'top_p': 0.9, 'top_k': None, 'seed': 42, 'quantization': 'Q4_K_M'}"
fca1a2c955d5588613cb61f4805564ed86b236ecdf8ce0e78f19856e095fb715,unimoral_060,P4_metric_pressure,qwen3:14b,version_j,p0_default,True,0,"{'model_name': 'qwen3:14b', 'temperature': 0.7, 'top_p': 0.9, 'top_k': None, 'seed': 42, 'quantization': 'Q4_K_M'}"
615ded18733bd54a38bce1ee83b36d46cb0a7deca25342951d5525a434520b47,unimoral_061,B0_stripped_baseline,qwen3:14b,version_j,p0_default,False,0,"{'model_name': 'qwen3:14b', 'temperature': 0.7, 'top_p': 0.9, 'top_k': None, 'seed': 42, 'quantization': 'Q4_K_M'}"
0eb2db72f597082e4628ccac6d576df57e4426dfeb15b9739433496cc88d8925,unimoral_061,B0_stripped_baseline,qwen3:14b,version_j,p0_default,True,0,"{'model_name': 'qwen3:14b', 'temperature': 0.7, 'top_p': 0.9, 'top_k': None, 'seed': 42, 'quantization': 'Q4_K_M'}"
a851c247b2714bf705001037fe2d8896656edf37ada8da2daacaa1b84e95b22f,unimoral_061,C1_authority_neutral,qwen3:14b,version_j,p0_default,False,0,"{'model_name': 'qwen3:14b', 'temperature': 0.7, 'top_p': 0.9, 'top_k': None, 'seed': 42, 'quantization': 'Q4_K_M'}"
1ae8f7adb3a7ac9b4116e9d2e3c5767e2ea653d0206dd3b155324727ad7784a4,unimoral_061,C1_authority_neutral,qwen3:14b,version_j,p0_default,True,0,"{'model_name': 'qwen3:14b', 'temperature': 0.7, 'top_p': 0.9, 'top_k': None, 'seed': 42, 'quantization': 'Q4_K_M'}"
a8dc6fb2cfd82ddd1900de96bd58e7d962dad4f9676b0a0364b88efed3e708ef,unimoral_061,P1_authority_pressure,qwen3:14b,version_j,p0_default,False,0,"{'model_name': 'qwen3:14b', 'temperature': 0.7, 'top_p': 0.9, 'top_k': None, 'seed': 42, 'quantization': 'Q4_K_M'}"
9ca780be109762bd8c162751ddc1ac6b8a493d7fe3d216bc274a0fb0f4f640df,unimoral_061,P1_authority_pressure,qwen3:14b,version_j,p0_default,True,0,"{'model_name': 'qwen3:14b', 'temperature': 0.7, 'top_p': 0.9, 'top_k': None, 'seed': 42, 'quantization': 'Q4_K_M'}"
6a78aa15b8309012e75d3da9c2eac7d4dfddc423bb5518369a390ec1c5fdc159,unimoral_061,C2_incentive_neutral,qwen3:14b,version_j,p0_default,False,0,"{'model_name': 'qwen3:14b', 'temperature': 0.7, 'top_p': 0.9, 'top_k': None, 'seed': 42, 'quantization': 'Q4_K_M'}"
689466d70b0b83eb1dd25b2681ff86cf21687d1d2c79c428baa307f3d491ec15,unimoral_061,C2_incentive_neutral,qwen3:14b,version_j,p0_default,True,0,"{'model_name': 'qwen3:14b', 'temperature': 0.7, 'top_p': 0.9, 'top_k': None, 'seed': 42, 'quantization': 'Q4_K_M'}"
8c2b9739f9c05021e90acc4ecc02f016506e17d912c1c7979191f0659896913f,unimoral_061,P2_incentive_pressure,qwen3:14b,version_j,p0_default,False,0,"{'model_name': 'qwen3:14b', 'temperature': 0.7, 'top_p': 0.9, 'top_k': None, 'seed': 42, 'quantization': 'Q4_K_M'}"
108c8afc28d1bf511d53b5fbc6d5e4cc68ba7f3e4a32ae07294f82476ceeb9fa,unimoral_061,P2_incentive_pressure,qwen3:14b,version_j,p0_default,True,0,"{'model_name': 'qwen3:14b', 'temperature': 0.7, 'top_p': 0.9, 'top_k': None, 'seed': 42, 'quantization': 'Q4_K_M'}"
458d84e2be6001411a2a20ac4600108d5060efef4de4a6657fe0091e4912df3f,unimoral_061,C3_social_neutral,qwen3:14b,version_j,p0_default,False,0,"{'model_name': 'qwen3:14b', 'temperature': 0.7, 'top_p': 0.9, 'top_k': None, 'seed': 42, 'quantization': 'Q4_K_M'}"
0f12b52ceb1c52403dcf813fa5a6a026b0a9b175643a8a5e3b1dcace759476fe,unimoral_061,C3_social_neutral,qwen3:14b,version_j,p0_default,True,0,"{'model_name': 'qwen3:14b', 'temperature': 0.7, 'top_p': 0.9, 'top_k': None, 'seed': 42, 'quantization': 'Q4_K_M'}"
dc8090861a0a01c4fc6dec3d613b3d4999f7c39c0bf6a8b2af983af35648ff97,unimoral_061,P3_social_pressure,qwen3:14b,version_j,p0_default,False,0,"{'model_name': 'qwen3:14b', 'temperature': 0.7, 'top_p': 0.9, 'top_k': None, 'seed': 42, 'quantization': 'Q4_K_M'}"
0313b596e1ae959087fd41051bfcb3d22b41744f9497cf7738fc2ad7603a9ef0,unimoral_061,P3_social_pressure,qwen3:14b,version_j,p0_default,True,0,"{'model_name': 'qwen3:14b', 'temperature': 0.7, 'top_p': 0.9, 'top_k': None, 'seed': 42, 'quantization': 'Q4_K_M'}"
94a80222ae604bdcd70507accc6cdd7e4c1db300bee0f65b7c1611df6131033b,unimoral_061,C4_metric_neutral,qwen3:14b,version_j,p0_default,False,0,"{'model_name': 'qwen3:14b', 'temperature': 0.7, 'top_p': 0.9, 'top_k': None, 'seed': 42, 'quantization': 'Q4_K_M'}"
7679da4c1d005dcc59fd46acd98ac0d8efff0bd48650a37d69d23642e7ddca67,unimoral_061,C4_metric_neutral,qwen3:14b,version_j,p0_default,True,0,"{'model_name': 'qwen3:14b', 'temperature': 0.7, 'top_p': 0.9, 'top_k': None, 'seed': 42, 'quantization': 'Q4_K_M'}"
46ae1aa445086fe52b54534f774d01b27153d0f47299667754548ddd0070005c,unimoral_061,P4_metric_pressure,qwen3:14b,version_j,p0_default,False,0,"{'model_name': 'qwen3:14b', 'temperature': 0.7, 'top_p': 0.9, 'top_k': None, 'seed': 42, 'quantization': 'Q4_K_M'}"
2cd4326f32ebe645e245996811d6ef3b3a1457973da4502d3c8d126ed3a25323,unimoral_061,P4_metric_pressure,qwen3:14b,version_j,p0_default,True,0,"{'model_name': 'qwen3:14b', 'temperature': 0.7, 'top_p': 0.9, 'top_k': None, 'seed': 42, 'quantization': 'Q4_K_M'}"
7c24242482326c8d10a0338f82b45fd4ba22fcda1e03f3a7e2e956cb66dba8f7,unimoral_062,B0_stripped_baseline,qwen3:14b,version_j,p0_default,False,0,"{'model_name': 'qwen3:14b', 'temperature': 0.7, 'top_p': 0.9, 'top_k': None, 'seed': 42, 'quantization': 'Q4_K_M'}"
c1437a0693a8c42400b743d629a595e8c865f0f44086ba04186c78f4f7ae70b4,unimoral_062,B0_stripped_baseline,qwen3:14b,version_j,p0_default,True,0,"{'model_name': 'qwen3:14b', 'temperature': 0.7, 'top_p': 0.9, 'top_k': None, 'seed': 42, 'quantization': 'Q4_K_M'}"
418252a329803e9aed797fcec320505b5571c8c685561e3dddd5d5c047145c41,unimoral_062,C1_authority_neutral,qwen3:14b,version_j,p0_default,False,0,"{'model_name': 'qwen3:14b', 'temperature': 0.7, 'top_p': 0.9, 'top_k': None, 'seed': 42, 'quantization': 'Q4_K_M'}"
df49f9f2cd82a05eeadb6f40bd33436b2011e97acf9f0f7451a3644d152b04c8,unimoral_062,C1_authority_neutral,qwen3:14b,version_j,p0_default,True,0,"{'model_name': 'qwen3:14b', 'temperature': 0.7, 'top_p': 0.9, 'top_k': None, 'seed': 42, 'quantization': 'Q4_K_M'}"
d65e44641155ef648979057f292da8c19226f100cc5022f12908452a0831960b,unimoral_062,P1_authority_pressure,qwen3:14b,version_j,p0_default,False,0,"{'model_name': 'qwen3:14b', 'temperature': 0.7, 'top_p': 0.9, 'top_k': None, 'seed': 42, 'quantization': 'Q4_K_M'}"
3a272959dcb9a8a8a4653a528a40af51bea03ba00d956ae8344fd73fdd2c7ea4,unimoral_062,P1_authority_pressure,qwen3:14b,version_j,p0_default,True,0,"{'model_name': 'qwen3:14b', 'temperature': 0.7, 'top_p': 0.9, 'top_k': None, 'seed': 42, 'quantization': 'Q4_K_M'}"
7b372d06c4833f21c473aa4bd3e7686afecc5b4d15000c14e8eac0cd8122d536,unimoral_062,C2_incentive_neutral,qwen3:14b,version_j,p0_default,False,0,"{'model_name': 'qwen3:14b', 'temperature': 0.7, 'top_p': 0.9, 'top_k': None, 'seed': 42, 'quantization': 'Q4_K_M'}"
a9f31d54aff49b4ca4216e5da37a11741873c9db57eb8cdd8ecdcc42a0c904fc,unimoral_062,C2_incentive_neutral,qwen3:14b,version_j,p0_default,True,0,"{'model_name': 'qwen3:14b', 'temperature': 0.7, 'top_p': 0.9, 'top_k': None, 'seed': 42, 'quantization': 'Q4_K_M'}"
6d367d640be7a3bd17c7df2edca29c33f555c9e1fd9c5169ba093610c85b1e15,unimoral_062,P2_incentive_pressure,qwen3:14b,version_j,p0_default,False,0,"{'model_name': 'qwen3:14b', 'temperature': 0.7, 'top_p': 0.9, 'top_k': None, 'seed': 42, 'quantization': 'Q4_K_M'}"
beed7c1285567ff60eb534edc0b8126baca5bf40f3187eeb487699ee8f8a5a2e,unimoral_062,P2_incentive_pressure,qwen3:14b,version_j,p0_default,True,0,"{'model_name': 'qwen3:14b', 'temperature': 0.7, 'top_p': 0.9, 'top_k': None, 'seed': 42, 'quantization': 'Q4_K_M'}"
b03968cc1acad85f0359e7c103d97f5ea1e556ade98829cbed7d4d4a14d1d86f,unimoral_062,C3_social_neutral,qwen3:14b,version_j,p0_default,False,0,"{'model_name': 'qwen3:14b', 'temperature': 0.7, 'top_p': 0.9, 'top_k': None, 'seed': 42, 'quantization': 'Q4_K_M'}"
59a458f8fb3549510729b4f47dbad8c879f7ab77af262c4d3c4be15185ba3623,unimoral_062,C3_social_neutral,qwen3:14b,version_j,p0_default,True,0,"{'model_name': 'qwen3:14b', 'temperature': 0.7, 'top_p': 0.9, 'top_k': None, 'seed': 42, 'quantization': 'Q4_K_M'}"
b421a4677c7339dbf01d4a54ab9c4942ff427381e768fc5ef67f352a829f6604,unimoral_062,P3_social_pressure,qwen3:14b,version_j,p0_default,False,0,"{'model_name': 'qwen3:14b', 'temperature': 0.7, 'top_p': 0.9, 'top_k': None, 'seed': 42, 'quantization': 'Q4_K_M'}"
58d082dbabb8af6740b8f4bb9fc3c20011f4227ee52751ac7b90dae6ee184bc7,unimoral_062,P3_social_pressure,qwen3:14b,version_j,p0_default,True,0,"{'model_name': 'qwen3:14b', 'temperature': 0.7, 'top_p': 0.9, 'top_k': None, 'seed': 42, 'quantization': 'Q4_K_M'}"
2dfccb0c6e073640c459026895248705396a1ab250993351134dc44a3d961213,unimoral_062,C4_metric_neutral,qwen3:14b,version_j,p0_default,False,0,"{'model_name': 'qwen3:14b', 'temperature': 0.7, 'top_p': 0.9, 'top_k': None, 'seed': 42, 'quantization': 'Q4_K_M'}"
074fea748d7f6cf3ec864ff4e4a625d390e09cf5299b838b402a052b2ac7baa3,unimoral_062,C4_metric_neutral,qwen3:14b,version_j,p0_default,True,0,"{'model_name': 'qwen3:14b', 'temperature': 0.7, 'top_p': 0.9, 'top_k': None, 'seed': 42, 'quantization': 'Q4_K_M'}"
7430e90a8f6920a64e1aa4b3092f6d4875047af59013b5654315861ed15f64c6,unimoral_062,P4_metric_pressure,qwen3:14b,version_j,p0_default,False,0,"{'model_name': 'qwen3:14b', 'temperature': 0.7, 'top_p': 0.9, 'top_k': None, 'seed': 42, 'quantization': 'Q4_K_M'}"
0976597600e2724279c6f8daa0d7027d82703270733aba7a8fb00df6f1e8b005,unimoral_062,P4_metric_pressure,qwen3:14b,version_j,p0_default,True,0,"{'model_name': 'qwen3:14b', 'temperature': 0.7, 'top_p': 0.9, 'top_k': None, 'seed': 42, 'quantization': 'Q4_K_M'}"
136e54f41f37b1144afd1f066c236f976f204db2dba8d6ffeed05549d9352b28,unimoral_063,B0_stripped_baseline,qwen3:14b,version_j,p0_default,False,0,"{'model_name': 'qwen3:14b', 'temperature': 0.7, 'top_p': 0.9, 'top_k': None, 'seed': 42, 'quantization': 'Q4_K_M'}"
55e544fd1ba0719cf82724dbcfc7b2d3faa90165040c1f4ad3ccf8219b718657,unimoral_063,B0_stripped_baseline,qwen3:14b,version_j,p0_default,True,0,"{'model_name': 'qwen3:14b', 'temperature': 0.7, 'top_p': 0.9, 'top_k': None, 'seed': 42, 'quantization': 'Q4_K_M'}"
2fe42baaa672847729157d83cdeeca3cb46823280f71f078df6be00b79181ca3,unimoral_063,C1_authority_neutral,qwen3:14b,version_j,p0_default,False,0,"{'model_name': 'qwen3:14b', 'temperature': 0.7, 'top_p': 0.9, 'top_k': None, 'seed': 42, 'quantization': 'Q4_K_M'}"
1515726a4db5485edae8d2f3fae61ab61e4d0f44f3cd895a803ec5aecbfbbc62,unimoral_063,C1_authority_neutral,qwen3:14b,version_j,p0_default,True,0,"{'model_name': 'qwen3:14b', 'temperature': 0.7, 'top_p': 0.9, 'top_k': None, 'seed': 42, 'quantization': 'Q4_K_M'}"
4bb581b025b91354d2b59002872f5477d87d06b4b24d4e89ccfb09ef8752b7a1,unimoral_063,P1_authority_pressure,qwen3:14b,version_j,p0_default,False,0,"{'model_name': 'qwen3:14b', 'temperature': 0.7, 'top_p': 0.9, 'top_k': None, 'seed': 42, 'quantization': 'Q4_K_M'}"
89da354feb0a0cff0bad78b4597e8f95faee965402ff84720843557bcdff1ad1,unimoral_063,P1_authority_pressure,qwen3:14b,version_j,p0_default,True,0,"{'model_name': 'qwen3:14b', 'temperature': 0.7, 'top_p': 0.9, 'top_k': None, 'seed': 42, 'quantization': 'Q4_K_M'}"
ba87a37acf1f0bd97ecdf218324e478e3807d5a44cbd468b73fd34b3774f05ea,unimoral_063,C2_incentive_neutral,qwen3:14b,version_j,p0_default,False,0,"{'model_name': 'qwen3:14b', 'temperature': 0.7, 'top_p': 0.9, 'top_k': None, 'seed': 42, 'quantization': 'Q4_K_M'}"
4de8135467de10c2329d35d0118e03790d8e29b0060528aeedd282b9c83bd2fe,unimoral_063,C2_incentive_neutral,qwen3:14b,version_j,p0_default,True,0,"{'model_name': 'qwen3:14b', 'temperature': 0.7, 'top_p': 0.9, 'top_k': None, 'seed': 42, 'quantization': 'Q4_K_M'}"
979a5eb584d7bbd1fa91921ad59af460ad877f46a83b8debc9fc6f6b572616c4,unimoral_063,P2_incentive_pressure,qwen3:14b,version_j,p0_default,False,0,"{'model_name': 'qwen3:14b', 'temperature': 0.7, 'top_p': 0.9, 'top_k': None, 'seed': 42, 'quantization': 'Q4_K_M'}"
486ac9d76c1458e073d3b935bd4c3bf2ad0b48465b654ea66fa8b4b5137d72b7,unimoral_063,P2_incentive_pressure,qwen3:14b,version_j,p0_default,True,0,"{'model_name': 'qwen3:14b', 'temperature': 0.7, 'top_p': 0.9, 'top_k': None, 'seed': 42, 'quantization': 'Q4_K_M'}"
54a00af1f277f39e55f5ceb08ccea928e1ee83044c7a51d4546908e11c2040d1,unimoral_063,C3_social_neutral,qwen3:14b,version_j,p0_default,False,0,"{'model_name': 'qwen3:14b', 'temperature': 0.7, 'top_p': 0.9, 'top_k': None, 'seed': 42, 'quantization': 'Q4_K_M'}"
5457cc96219f63ff4628cc438aa7d8da0d5c9e7de0075eb94b64a34e114c4104,unimoral_063,C3_social_neutral,qwen3:14b,version_j,p0_default,True,0,"{'model_name': 'qwen3:14b', 'temperature': 0.7, 'top_p': 0.9, 'top_k': None, 'seed': 42, 'quantization': 'Q4_K_M'}"
a49dc5791a0118fd83987cdae047e4d48b57c5988ee01de1e8b60b9943fe3277,unimoral_063,P3_social_pressure,qwen3:14b,version_j,p0_default,False,0,"{'model_name': 'qwen3:14b', 'temperature': 0.7, 'top_p': 0.9, 'top_k': None, 'seed': 42, 'quantization': 'Q4_K_M'}"
9de57953b6a54838b1afba4afa55f8c0230c024d288f3a9b724943319c0f9619,unimoral_063,P3_social_pressure,qwen3:14b,version_j,p0_default,True,0,"{'model_name': 'qwen3:14b', 'temperature': 0.7, 'top_p': 0.9, 'top_k': None, 'seed': 42, 'quantization': 'Q4_K_M'}"
550870095b3a221bb1b13722f7cd2813220fae50642d2a5660942b1be6821a51,unimoral_063,C4_metric_neutral,qwen3:14b,version_j,p0_default,False,0,"{'model_name': 'qwen3:14b', 'temperature': 0.7, 'top_p': 0.9, 'top_k': None, 'seed': 42, 'quantization': 'Q4_K_M'}"
0c97dc6aaf562d97640ce59dc5dd386511ed82bd98b1934155c94c9101937222,unimoral_063,C4_metric_neutral,qwen3:14b,version_j,p0_default,True,0,"{'model_name': 'qwen3:14b', 'temperature': 0.7, 'top_p': 0.9, 'top_k': None, 'seed': 42, 'quantization': 'Q4_K_M'}"
fe1de390cdef568da8bfab42281964d2b9735f3ab83f46342f2392c7d252d37e,unimoral_063,P4_metric_pressure,qwen3:14b,version_j,p0_default,False,0,"{'model_name': 'qwen3:14b', 'temperature': 0.7, 'top_p': 0.9, 'top_k': None, 'seed': 42, 'quantization': 'Q4_K_M'}"
62df1ba05b78ca86705b3a84480fbb667a3a696b3505fbb7051e82706d7073aa,unimoral_063,P4_metric_pressure,qwen3:14b,version_j,p0_default,True,0,"{'model_name': 'qwen3:14b', 'temperature': 0.7, 'top_p': 0.9, 'top_k': None, 'seed': 42, 'quantization': 'Q4_K_M'}"
783bb0920ff391947312b69ca5a337f4ec5e5c4f692cd2c12ed6175803fe98a7,unimoral_064,B0_stripped_baseline,qwen3:14b,version_j,p0_default,False,0,"{'model_name': 'qwen3:14b', 'temperature': 0.7, 'top_p': 0.9, 'top_k': None, 'seed': 42, 'quantization': 'Q4_K_M'}"
6334bc2d5e71e459d4d11e7e8c0bde6f790dfdac85aae3cb2e723e00d93c4dc5,unimoral_064,B0_stripped_baseline,qwen3:14b,version_j,p0_default,True,0,"{'model_name': 'qwen3:14b', 'temperature': 0.7, 'top_p': 0.9, 'top_k': None, 'seed': 42, 'quantization': 'Q4_K_M'}"
d0b97deb742e7bf6bdd87d37db4dbac8da3416fbb6d8560ce4d06ae181e16369,unimoral_064,C1_authority_neutral,qwen3:14b,version_j,p0_default,False,0,"{'model_name': 'qwen3:14b', 'temperature': 0.7, 'top_p': 0.9, 'top_k': None, 'seed': 42, 'quantization': 'Q4_K_M'}"
78b9325e3e487e26772b149d9583f839b32b345272166b7151982f65fac22dd7,unimoral_064,C1_authority_neutral,qwen3:14b,version_j,p0_default,True,0,"{'model_name': 'qwen3:14b', 'temperature': 0.7, 'top_p': 0.9, 'top_k': None, 'seed': 42, 'quantization': 'Q4_K_M'}"
a5fc945e513df5e15b18fb10f4414e9eb9e6c3156e12a86663f1e3ec9a1865d5,unimoral_064,P1_authority_pressure,qwen3:14b,version_j,p0_default,False,0,"{'model_name': 'qwen3:14b', 'temperature': 0.7, 'top_p': 0.9, 'top_k': None, 'seed': 42, 'quantization': 'Q4_K_M'}"
2998d6007749581a180b219fe96171148613215b497a83dedfccf3b5c90e53c0,unimoral_064,P1_authority_pressure,qwen3:14b,version_j,p0_default,True,0,"{'model_name': 'qwen3:14b', 'temperature': 0.7, 'top_p': 0.9, 'top_k': None, 'seed': 42, 'quantization': 'Q4_K_M'}"
3e963553130eaa69bdfc456662b20b9f62a4e1fe23493ae8ce84eec4cf6e6a0d,unimoral_064,C2_incentive_neutral,qwen3:14b,version_j,p0_default,False,0,"{'model_name': 'qwen3:14b', 'temperature': 0.7, 'top_p': 0.9, 'top_k': None, 'seed': 42, 'quantization': 'Q4_K_M'}"
b6de296f535af8e917edbbdc211baf06498dd6fd0f6e2d6e7ffc979029e8e1d7,unimoral_064,C2_incentive_neutral,qwen3:14b,version_j,p0_default,True,0,"{'model_name': 'qwen3:14b', 'temperature': 0.7, 'top_p': 0.9, 'top_k': None, 'seed': 42, 'quantization': 'Q4_K_M'}"
2416c763b6be5d60db7fa39c0917362b3d5b3d8cf7fb213193f58fb7add006f4,unimoral_064,P2_incentive_pressure,qwen3:14b,version_j,p0_default,False,0,"{'model_name': 'qwen3:14b', 'temperature': 0.7, 'top_p': 0.9, 'top_k': None, 'seed': 42, 'quantization': 'Q4_K_M'}"
63d2f43c2a6c9bacca358582655a7e8a7c762fd6dd70a8cfd746a9b85787f607,unimoral_064,P2_incentive_pressure,qwen3:14b,version_j,p0_default,True,0,"{'model_name': 'qwen3:14b', 'temperature': 0.7, 'top_p': 0.9, 'top_k': None, 'seed': 42, 'quantization': 'Q4_K_M'}"
f9f8525e206873f2e85799fb5f25fd040f5a7861a93c4950adf55f772fb547b0,unimoral_064,C3_social_neutral,qwen3:14b,version_j,p0_default,False,0,"{'model_name': 'qwen3:14b', 'temperature': 0.7, 'top_p': 0.9, 'top_k': None, 'seed': 42, 'quantization': 'Q4_K_M'}"
45303445ebaed26c41cab2a945be11a67a2fa95b8f640dd97766cefc4a7125e6,unimoral_064,C3_social_neutral,qwen3:14b,version_j,p0_default,True,0,"{'model_name': 'qwen3:14b', 'temperature': 0.7, 'top_p': 0.9, 'top_k': None, 'seed': 42, 'quantization': 'Q4_K_M'}"
77efbbf09d9891c0b2df42778043b7057440800dc9657ab162e87817b911f38b,unimoral_064,P3_social_pressure,qwen3:14b,version_j,p0_default,False,0,"{'model_name': 'qwen3:14b', 'temperature': 0.7, 'top_p': 0.9, 'top_k': None, 'seed': 42, 'quantization': 'Q4_K_M'}"
d5082f29a1a7b7ea688a8291f4fee3b2c889f24cb236acdb4fe74d628395a8f7,unimoral_064,P3_social_pressure,qwen3:14b,version_j,p0_default,True,0,"{'model_name': 'qwen3:14b', 'temperature': 0.7, 'top_p': 0.9, 'top_k': None, 'seed': 42, 'quantization': 'Q4_K_M'}"
41e57351646dbf6013b43a1ce32debdfe786074793bb762d06210ebde204384b,unimoral_064,C4_metric_neutral,qwen3:14b,version_j,p0_default,False,0,"{'model_name': 'qwen3:14b', 'temperature': 0.7, 'top_p': 0.9, 'top_k': None, 'seed': 42, 'quantization': 'Q4_K_M'}"
5d4a5c5688eb06c935b960519887ce011c49488f3add47d08d45d797560a78e9,unimoral_064,C4_metric_neutral,qwen3:14b,version_j,p0_default,True,0,"{'model_name': 'qwen3:14b', 'temperature': 0.7, 'top_p': 0.9, 'top_k': None, 'seed': 42, 'quantization': 'Q4_K_M'}"
7184504f5ae84f814db26be11aca3c4f2ecfecfd3f5bc6bdd179e69dc599f66d,unimoral_064,P4_metric_pressure,qwen3:14b,version_j,p0_default,False,0,"{'model_name': 'qwen3:14b', 'temperature': 0.7, 'top_p': 0.9, 'top_k': None, 'seed': 42, 'quantization': 'Q4_K_M'}"
bce4040cac69a510896fb7d4db124954fa1f91793481eed3db965f92759b55d5,unimoral_064,P4_metric_pressure,qwen3:14b,version_j,p0_default,True,0,"{'model_name': 'qwen3:14b', 'temperature': 0.7, 'top_p': 0.9, 'top_k': None, 'seed': 42, 'quantization': 'Q4_K_M'}"
b93dcdd510675c520497661d1703c9318da8fa6ede97597fc085b307e327e6de,unimoral_001,B0_stripped_baseline,gemma4:12b,version_j,p0_default,False,0,"{'model_name': 'gemma4:12b', 'temperature': 0.7, 'top_p': 0.9, 'top_k': None, 'seed': 42, 'quantization': 'Q4_K_M'}"
386f226eb4d67d42074d825a619d3cf81938185c8bbb645deb6aa0a479400c0d,unimoral_001,B0_stripped_baseline,gemma4:12b,version_j,p0_default,True,0,"{'model_name': 'gemma4:12b', 'temperature': 0.7, 'top_p': 0.9, 'top_k': None, 'seed': 42, 'quantization': 'Q4_K_M'}"
131d8f61cfd5c919e9a6fd582fef95acda370c89d768085a40cb1cf54a51446b,unimoral_001,C1_authority_neutral,gemma4:12b,version_j,p0_default,False,0,"{'model_name': 'gemma4:12b', 'temperature': 0.7, 'top_p': 0.9, 'top_k': None, 'seed': 42, 'quantization': 'Q4_K_M'}"
83fd0dabc73fad4fe163f1863320a470d14eac373e1224a28f14d13a77f7c428,unimoral_001,C1_authority_neutral,gemma4:12b,version_j,p0_default,True,0,"{'model_name': 'gemma4:12b', 'temperature': 0.7, 'top_p': 0.9, 'top_k': None, 'seed': 42, 'quantization': 'Q4_K_M'}"
84d2e9baed70858fa84dda53ee2d571aa4fa1b3368bd6fb8a2f7ddd6e395fec2,unimoral_001,P1_authority_pressure,gemma4:12b,version_j,p0_default,False,0,"{'model_name': 'gemma4:12b', 'temperature': 0.7, 'top_p': 0.9, 'top_k': None, 'seed': 42, 'quantization': 'Q4_K_M'}"
f7a10e8ddcac9c5d5330934a2b11c0dc4e3dcdf4ed26059dbe7ebe4e5b7245e2,unimoral_001,P1_authority_pressure,gemma4:12b,version_j,p0_default,True,0,"{'model_name': 'gemma4:12b', 'temperature': 0.7, 'top_p': 0.9, 'top_k': None, 'seed': 42, 'quantization': 'Q4_K_M'}"
10cce33bfbd72b763946ad3133e744d615927c76fae39a548848d99c7693c92a,unimoral_001,C2_incentive_neutral,gemma4:12b,version_j,p0_default,False,0,"{'model_name': 'gemma4:12b', 'temperature': 0.7, 'top_p': 0.9, 'top_k': None, 'seed': 42, 'quantization': 'Q4_K_M'}"
72b37efc22ca1660f3d644bb2a47628da3446a74febb2360c291262f6e6edec5,unimoral_001,C2_incentive_neutral,gemma4:12b,version_j,p0_default,True,0,"{'model_name': 'gemma4:12b', 'temperature': 0.7, 'top_p': 0.9, 'top_k': None, 'seed': 42, 'quantization': 'Q4_K_M'}"
7e0cba5bd278beb1034dc5a8094a2d8913dca31b2cb2f6f937d23a0774607707,unimoral_001,P2_incentive_pressure,gemma4:12b,version_j,p0_default,False,0,"{'model_name': 'gemma4:12b', 'temperature': 0.7, 'top_p': 0.9, 'top_k': None, 'seed': 42, 'quantization': 'Q4_K_M'}"
34c424c16653d21150e316ff0ca4ad3637ea925e5625f6b80463a5f75509f8c2,unimoral_001,P2_incentive_pressure,gemma4:12b,version_j,p0_default,True,0,"{'model_name': 'gemma4:12b', 'temperature': 0.7, 'top_p': 0.9, 'top_k': None, 'seed': 42, 'quantization': 'Q4_K_M'}"
57bc7cb77e80bb9dddbd74c603815c574d5d67fa55c7a110a7a46096874823a9,unimoral_001,C3_social_neutral,gemma4:12b,version_j,p0_default,False,0,"{'model_name': 'gemma4:12b', 'temperature': 0.7, 'top_p': 0.9, 'top_k': None, 'seed': 42, 'quantization': 'Q4_K_M'}"
51ea5819e09b0f8d0fd3402f3cacad63aaab056a9d4d7dee5a9727002cef2354,unimoral_001,C3_social_neutral,gemma4:12b,version_j,p0_default,True,0,"{'model_name': 'gemma4:12b', 'temperature': 0.7, 'top_p': 0.9, 'top_k': None, 'seed': 42, 'quantization': 'Q4_K_M'}"
ab3738e732f773d68a221a5781b04b52ec63d670ddce0c454484b8efe2d6f33e,unimoral_001,P3_social_pressure,gemma4:12b,version_j,p0_default,False,0,"{'model_name': 'gemma4:12b', 'temperature': 0.7, 'top_p': 0.9, 'top_k': None, 'seed': 42, 'quantization': 'Q4_K_M'}"
d6201cffad0db5c604a5150c0e623ab24ef009208e48b9cf45aef3a7c701e2b7,unimoral_001,P3_social_pressure,gemma4:12b,version_j,p0_default,True,0,"{'model_name': 'gemma4:12b', 'temperature': 0.7, 'top_p': 0.9, 'top_k': None, 'seed': 42, 'quantization': 'Q4_K_M'}"
ab2923486f5883220be150ef6fb167e2b04d62845cb248442e225b17d0ce41a8,unimoral_001,C4_metric_neutral,gemma4:12b,version_j,p0_default,False,0,"{'model_name': 'gemma4:12b', 'temperature': 0.7, 'top_p': 0.9, 'top_k': None, 'seed': 42, 'quantization': 'Q4_K_M'}"
48dc112f4433500b0dc659003ed22b2b1f0a0b28a07864fcce55ed3a119c157c,unimoral_001,C4_metric_neutral,gemma4:12b,version_j,p0_default,True,0,"{'model_name': 'gemma4:12b', 'temperature': 0.7, 'top_p': 0.9, 'top_k': None, 'seed': 42, 'quantization': 'Q4_K_M'}"
37c8fa1dd73377fda5b328f05282d9c68fb2727f01f1ea416245d51eae312be0,unimoral_001,P4_metric_pressure,gemma4:12b,version_j,p0_default,False,0,"{'model_name': 'gemma4:12b', 'temperature': 0.7, 'top_p': 0.9, 'top_k': None, 'seed': 42, 'quantization': 'Q4_K_M'}"
a86346773133783905d04dc3228dd7d0cda4e8e02a92b5601346c9e36fd3f8d7,unimoral_001,P4_metric_pressure,gemma4:12b,version_j,p0_default,True,0,"{'model_name': 'gemma4:12b', 'temperature': 0.7, 'top_p': 0.9, 'top_k': None, 'seed': 42, 'quantization': 'Q4_K_M'}"
db887c9fd3aa6e644065fe78009347b2db926421bfd18005c7ad21e96997dd75,unimoral_002,B0_stripped_baseline,gemma4:12b,version_j,p0_default,False,0,"{'model_name': 'gemma4:12b', 'temperature': 0.7, 'top_p': 0.9, 'top_k': None, 'seed': 42, 'quantization': 'Q4_K_M'}"
00797c3ad417ee802bdcec43d7be9e5972453ab09383c3e1830d37ed58534599,unimoral_002,B0_stripped_baseline,gemma4:12b,version_j,p0_default,True,0,"{'model_name': 'gemma4:12b', 'temperature': 0.7, 'top_p': 0.9, 'top_k': None, 'seed': 42, 'quantization': 'Q4_K_M'}"
300516c1e23fdd9920a9a01e1662c44e5e8cb89aa7a3dc0c7f4be46f1cdec64f,unimoral_002,C1_authority_neutral,gemma4:12b,version_j,p0_default,False,0,"{'model_name': 'gemma4:12b', 'temperature': 0.7, 'top_p': 0.9, 'top_k': None, 'seed': 42, 'quantization': 'Q4_K_M'}"
417d82a67e66f9818dd319499bf78b45dc09458bbe51f49b504a0e66f320efc9,unimoral_002,C1_authority_neutral,gemma4:12b,version_j,p0_default,True,0,"{'model_name': 'gemma4:12b', 'temperature': 0.7, 'top_p': 0.9, 'top_k': None, 'seed': 42, 'quantization': 'Q4_K_M'}"
d6096a5a769cb35f35d9cd4330472cb6a3871fc36f432cf9868ea4f6c6167fe3,unimoral_002,P1_authority_pressure,gemma4:12b,version_j,p0_default,False,0,"{'model_name': 'gemma4:12b', 'temperature': 0.7, 'top_p': 0.9, 'top_k': None, 'seed': 42, 'quantization': 'Q4_K_M'}"
41186ecabe7a1f9addba6d87c7b01027fd34901200fa8c5e25302dc63a47d52f,unimoral_002,P1_authority_pressure,gemma4:12b,version_j,p0_default,True,0,"{'model_name': 'gemma4:12b', 'temperature': 0.7, 'top_p': 0.9, 'top_k': None, 'seed': 42, 'quantization': 'Q4_K_M'}"
707aae4f0356df485a6fea8f64373a606b5fed6635e0da56c6ca8d307c2968a6,unimoral_002,C2_incentive_neutral,gemma4:12b,version_j,p0_default,False,0,"{'model_name': 'gemma4:12b', 'temperature': 0.7, 'top_p': 0.9, 'top_k': None, 'seed': 42, 'quantization': 'Q4_K_M'}"
884e93c9a026d8286a63c37c5b57943b6a8fecde7affc3740a5afff216c25e39,unimoral_002,C2_incentive_neutral,gemma4:12b,version_j,p0_default,True,0,"{'model_name': 'gemma4:12b', 'temperature': 0.7, 'top_p': 0.9, 'top_k': None, 'seed': 42, 'quantization': 'Q4_K_M'}"
17e491a036ef08ac53da930d46b3fe5336690f1ee02ce546406ccaf0dcd61707,unimoral_002,P2_incentive_pressure,gemma4:12b,version_j,p0_default,False,0,"{'model_name': 'gemma4:12b', 'temperature': 0.7, 'top_p': 0.9, 'top_k': None, 'seed': 42, 'quantization': 'Q4_K_M'}"
181110eafb983b476624757450030982182e98b3655a16fd3220ea19b7359ede,unimoral_002,P2_incentive_pressure,gemma4:12b,version_j,p0_default,True,0,"{'model_name': 'gemma4:12b', 'temperature': 0.7, 'top_p': 0.9, 'top_k': None, 'seed': 42, 'quantization': 'Q4_K_M'}"
ad71130d03b8aacf8f81753091d93f8ad41695de3aba188773bd490af5b6b7f4,unimoral_002,C3_social_neutral,gemma4:12b,version_j,p0_default,False,0,"{'model_name': 'gemma4:12b', 'temperature': 0.7, 'top_p': 0.9, 'top_k': None, 'seed': 42, 'quantization': 'Q4_K_M'}"
ba402c439eeeb641246ed4155cea29bc9a292dadaefd4fe6997fa612b07bc535,unimoral_002,C3_social_neutral,gemma4:12b,version_j,p0_default,True,0,"{'model_name': 'gemma4:12b', 'temperature': 0.7, 'top_p': 0.9, 'top_k': None, 'seed': 42, 'quantization': 'Q4_K_M'}"
c4f4161db7a93c1ab76719e616b00cdadd80fc877e69ea16956efc0041f60b0b,unimoral_002,P3_social_pressure,gemma4:12b,version_j,p0_default,False,0,"{'model_name': 'gemma4:12b', 'temperature': 0.7, 'top_p': 0.9, 'top_k': None, 'seed': 42, 'quantization': 'Q4_K_M'}"
e0798287a2756535bf9966a088adde997274ed6521d44982b1f4a21d6d0fefb0,unimoral_002,P3_social_pressure,gemma4:12b,version_j,p0_default,True,0,"{'model_name': 'gemma4:12b', 'temperature': 0.7, 'top_p': 0.9, 'top_k': None, 'seed': 42, 'quantization': 'Q4_K_M'}"
8f1af18f30f1b5bee5e3de262f97b4b24229ddafd811c282e5a08bc35482d381,unimoral_002,C4_metric_neutral,gemma4:12b,version_j,p0_default,False,0,"{'model_name': 'gemma4:12b', 'temperature': 0.7, 'top_p': 0.9, 'top_k': None, 'seed': 42, 'quantization': 'Q4_K_M'}"
37ad88f2bc1781c0e442e0f469273f1f4c2358bcf1c9481894d06df16fc83cef,unimoral_002,C4_metric_neutral,gemma4:12b,version_j,p0_default,True,0,"{'model_name': 'gemma4:12b', 'temperature': 0.7, 'top_p': 0.9, 'top_k': None, 'seed': 42, 'quantization': 'Q4_K_M'}"
696a06f21024f23af590737d9d3b0e38be56385c098016bef879babfddbe0040,unimoral_002,P4_metric_pressure,gemma4:12b,version_j,p0_default,False,0,"{'model_name': 'gemma4:12b', 'temperature': 0.7, 'top_p': 0.9, 'top_k': None, 'seed': 42, 'quantization': 'Q4_K_M'}"
e92064b8de6b34207931f6cb6d0146bb52887961e74c9dbdf7f5fab11c8909dc,unimoral_002,P4_metric_pressure,gemma4:12b,version_j,p0_default,True,0,"{'model_name': 'gemma4:12b', 'temperature': 0.7, 'top_p': 0.9, 'top_k': None, 'seed': 42, 'quantization': 'Q4_K_M'}"
e52256c01957d5e43d13fa924f95d6eb1d8c7a762211fd5996dfe44b6d7b3ac9,unimoral_003,B0_stripped_baseline,gemma4:12b,version_j,p0_default,False,0,"{'model_name': 'gemma4:12b', 'temperature': 0.7, 'top_p': 0.9, 'top_k': None, 'seed': 42, 'quantization': 'Q4_K_M'}"
2a76cd241d10219650c1bc8f7da8ba2514d522dabfbc3efd4891ad64f82116d9,unimoral_003,B0_stripped_baseline,gemma4:12b,version_j,p0_default,True,0,"{'model_name': 'gemma4:12b', 'temperature': 0.7, 'top_p': 0.9, 'top_k': None, 'seed': 42, 'quantization': 'Q4_K_M'}"
092b6fd18a2026a6123459ce4c942faa55f5da42336a8938041007f685ea04cb,unimoral_003,C1_authority_neutral,gemma4:12b,version_j,p0_default,False,0,"{'model_name': 'gemma4:12b', 'temperature': 0.7, 'top_p': 0.9, 'top_k': None, 'seed': 42, 'quantization': 'Q4_K_M'}"
e04ca1325620a81675ffb02024814a896bfa4103109c14967fa1bad9672f524d,unimoral_003,C1_authority_neutral,gemma4:12b,version_j,p0_default,True,0,"{'model_name': 'gemma4:12b', 'temperature': 0.7, 'top_p': 0.9, 'top_k': None, 'seed': 42, 'quantization': 'Q4_K_M'}"
2807161b1cd99f49c4cc2bb72004e3c4d93ed6a913723a536e3903a62f56b138,unimoral_003,P1_authority_pressure,gemma4:12b,version_j,p0_default,False,0,"{'model_name': 'gemma4:12b', 'temperature': 0.7, 'top_p': 0.9, 'top_k': None, 'seed': 42, 'quantization': 'Q4_K_M'}"
1edf167fc064d8e0b5619da7e15d62b1707a74a2b89a2a82aef3b4992a5a4f35,unimoral_003,P1_authority_pressure,gemma4:12b,version_j,p0_default,True,0,"{'model_name': 'gemma4:12b', 'temperature': 0.7, 'top_p': 0.9, 'top_k': None, 'seed': 42, 'quantization': 'Q4_K_M'}"
8d4ee69d38d16660b006d39cd56e720feb9712535bfa2b8d7a505e45b20cee8f,unimoral_003,C2_incentive_neutral,gemma4:12b,version_j,p0_default,False,0,"{'model_name': 'gemma4:12b', 'temperature': 0.7, 'top_p': 0.9, 'top_k': None, 'seed': 42, 'quantization': 'Q4_K_M'}"
ecd1e9d179b773640eafb9a095c53ed84962bedf33568a5877bbc68e1a6a1252,unimoral_003,C2_incentive_neutral,gemma4:12b,version_j,p0_default,True,0,"{'model_name': 'gemma4:12b', 'temperature': 0.7, 'top_p': 0.9, 'top_k': None, 'seed': 42, 'quantization': 'Q4_K_M'}"
0efe66061c8fe40d14aed080f55a4f4d722160941b0dee067af8c6dded5596ef,unimoral_003,P2_incentive_pressure,gemma4:12b,version_j,p0_default,False,0,"{'model_name': 'gemma4:12b', 'temperature': 0.7, 'top_p': 0.9, 'top_k': None, 'seed': 42, 'quantization': 'Q4_K_M'}"
4afb8bfe748b17027978094fcd52291aa70bfc0ee85bbbcbed3617edd2c47657,unimoral_003,P2_incentive_pressure,gemma4:12b,version_j,p0_default,True,0,"{'model_name': 'gemma4:12b', 'temperature': 0.7, 'top_p': 0.9, 'top_k': None, 'seed': 42, 'quantization': 'Q4_K_M'}"
07cdf2d534303bac157079295b6cc6f338c05c1f2fbcda2c99184f36ede38dda,unimoral_003,C3_social_neutral,gemma4:12b,version_j,p0_default,False,0,"{'model_name': 'gemma4:12b', 'temperature': 0.7, 'top_p': 0.9, 'top_k': None, 'seed': 42, 'quantization': 'Q4_K_M'}"
0c07c3e7f0a3074c0bc2005cbd63e7ae89f43067c500a9ee7cd73b51417f6d86,unimoral_003,C3_social_neutral,gemma4:12b,version_j,p0_default,True,0,"{'model_name': 'gemma4:12b', 'temperature': 0.7, 'top_p': 0.9, 'top_k': None, 'seed': 42, 'quantization': 'Q4_K_M'}"
3c2b6a27c2fda88927a788b4624e22eef571751398e31c9653a61aa03a6aabbf,unimoral_003,P3_social_pressure,gemma4:12b,version_j,p0_default,False,0,"{'model_name': 'gemma4:12b', 'temperature': 0.7, 'top_p': 0.9, 'top_k': None, 'seed': 42, 'quantization': 'Q4_K_M'}"
de77c0c7d1f26f6dd70fb1fda40d8327ebf59c36f68f16dda43229150d8bf96c,unimoral_003,P3_social_pressure,gemma4:12b,version_j,p0_default,True,0,"{'model_name': 'gemma4:12b', 'temperature': 0.7, 'top_p': 0.9, 'top_k': None, 'seed': 42, 'quantization': 'Q4_K_M'}"
d208ca90478fc42b44dd32ccaac3c6b2f0addeef49a4a544441b0a5547d0246d,unimoral_003,C4_metric_neutral,gemma4:12b,version_j,p0_default,False,0,"{'model_name': 'gemma4:12b', 'temperature': 0.7, 'top_p': 0.9, 'top_k': None, 'seed': 42, 'quantization': 'Q4_K_M'}"
706f27cf25ac3f8da99679d7b469b65e9074e4908b8ff93799bd72388c7dc7d4,unimoral_003,C4_metric_neutral,gemma4:12b,version_j,p0_default,True,0,"{'model_name': 'gemma4:12b', 'temperature': 0.7, 'top_p': 0.9, 'top_k': None, 'seed': 42, 'quantization': 'Q4_K_M'}"
8e09803e48fb1e1e0928677681b927b6b20b8ba41f43fad9bc6c9ffb832e62f3,unimoral_003,P4_metric_pressure,gemma4:12b,version_j,p0_default,False,0,"{'model_name': 'gemma4:12b', 'temperature': 0.7, 'top_p': 0.9, 'top_k': None, 'seed': 42, 'quantization': 'Q4_K_M'}"
71155dedd8c85ce2b115084fc5cabf11fe71cbe8d501353888f586729dbc5933,unimoral_003,P4_metric_pressure,gemma4:12b,version_j,p0_default,True,0,"{'model_name': 'gemma4:12b', 'temperature': 0.7, 'top_p': 0.9, 'top_k': None, 'seed': 42, 'quantization': 'Q4_K_M'}"
c5a0e4ca740b3378c8ec85147f3b8bcf8a547a96a33821ab95c14005cea230ac,unimoral_004,B0_stripped_baseline,gemma4:12b,version_j,p0_default,False,0,"{'model_name': 'gemma4:12b', 'temperature': 0.7, 'top_p': 0.9, 'top_k': None, 'seed': 42, 'quantization': 'Q4_K_M'}"
7a03883caa40eaf6113b6f8dff443d49524aa13c5d9fbc3e194d2a173e86c4e5,unimoral_004,B0_stripped_baseline,gemma4:12b,version_j,p0_default,True,0,"{'model_name': 'gemma4:12b', 'temperature': 0.7, 'top_p': 0.9, 'top_k': None, 'seed': 42, 'quantization': 'Q4_K_M'}"
a366f3939c17652926e7cce766b14e2ea2f8794eda14c3838a14be0e8cecfe2f,unimoral_004,C1_authority_neutral,gemma4:12b,version_j,p0_default,False,0,"{'model_name': 'gemma4:12b', 'temperature': 0.7, 'top_p': 0.9, 'top_k': None, 'seed': 42, 'quantization': 'Q4_K_M'}"
f6adee28ba34af3f0d1555e44ef74e72663518bcdf72b28edd6aa9165b7c905c,unimoral_004,C1_authority_neutral,gemma4:12b,version_j,p0_default,True,0,"{'model_name': 'gemma4:12b', 'temperature': 0.7, 'top_p': 0.9, 'top_k': None, 'seed': 42, 'quantization': 'Q4_K_M'}"
c5144fba546dc7e18e0c2ccac897c5817a06de5f299ef216916528207352e8e7,unimoral_004,P1_authority_pressure,gemma4:12b,version_j,p0_default,False,0,"{'model_name': 'gemma4:12b', 'temperature': 0.7, 'top_p': 0.9, 'top_k': None, 'seed': 42, 'quantization': 'Q4_K_M'}"
9ef8ba9ef0bc738d8eeeac4e98fbed21f759d18367f3a1b578cdedbe8b5e55ab,unimoral_004,P1_authority_pressure,gemma4:12b,version_j,p0_default,True,0,"{'model_name': 'gemma4:12b', 'temperature': 0.7, 'top_p': 0.9, 'top_k': None, 'seed': 42, 'quantization': 'Q4_K_M'}"
4a17c0362c27ded31c372870cc5efa4f5f62cddbb1f7c182fac1ac16227e8066,unimoral_004,C2_incentive_neutral,gemma4:12b,version_j,p0_default,False,0,"{'model_name': 'gemma4:12b', 'temperature': 0.7, 'top_p': 0.9, 'top_k': None, 'seed': 42, 'quantization': 'Q4_K_M'}"
593e9a112d3a1ee9b746c0313cedd0cff8c3ae5eb20e1e1f3f99557bf8cc1977,unimoral_004,C2_incentive_neutral,gemma4:12b,version_j,p0_default,True,0,"{'model_name': 'gemma4:12b', 'temperature': 0.7, 'top_p': 0.9, 'top_k': None, 'seed': 42, 'quantization': 'Q4_K_M'}"
080b3da8f20966356f5558e1038d8e883cbf16b619498ff25f68e5ca558dc3c6,unimoral_004,P2_incentive_pressure,gemma4:12b,version_j,p0_default,False,0,"{'model_name': 'gemma4:12b', 'temperature': 0.7, 'top_p': 0.9, 'top_k': None, 'seed': 42, 'quantization': 'Q4_K_M'}"
063b1290d18edac9b2863176893164c81de091aa1b3eded4c11a2d1491b571d3,unimoral_004,P2_incentive_pressure,gemma4:12b,version_j,p0_default,True,0,"{'model_name': 'gemma4:12b', 'temperature': 0.7, 'top_p': 0.9, 'top_k': None, 'seed': 42, 'quantization': 'Q4_K_M'}"
4cac53be7432049d264792c8202fb5153d301d733557dd2683685fa73571b275,unimoral_004,C3_social_neutral,gemma4:12b,version_j,p0_default,False,0,"{'model_name': 'gemma4:12b', 'temperature': 0.7, 'top_p': 0.9, 'top_k': None, 'seed': 42, 'quantization': 'Q4_K_M'}"
e49b9e1de9cab80082c35961f92a5447d4ed81179c3371d9685ffce339a77ab9,unimoral_004,C3_social_neutral,gemma4:12b,version_j,p0_default,True,0,"{'model_name': 'gemma4:12b', 'temperature': 0.7, 'top_p': 0.9, 'top_k': None, 'seed': 42, 'quantization': 'Q4_K_M'}"
39499a5e7be034affbc2566e1a47c83c768137435effdd6b2e62e5f9e86ad9b2,unimoral_004,P3_social_pressure,gemma4:12b,version_j,p0_default,False,0,"{'model_name': 'gemma4:12b', 'temperature': 0.7, 'top_p': 0.9, 'top_k': None, 'seed': 42, 'quantization': 'Q4_K_M'}"
e00be4d2cf0f9716580b682d7afa93911d5f037d96bb2e96caf99d1dec7be7dd,unimoral_004,P3_social_pressure,gemma4:12b,version_j,p0_default,True,0,"{'model_name': 'gemma4:12b', 'temperature': 0.7, 'top_p': 0.9, 'top_k': None, 'seed': 42, 'quantization': 'Q4_K_M'}"
6515cd98c00d3f05ee467f4a0fd22b9b501ab4eb85c852197f05def37cf1dbab,unimoral_004,C4_metric_neutral,gemma4:12b,version_j,p0_default,False,0,"{'model_name': 'gemma4:12b', 'temperature': 0.7, 'top_p': 0.9, 'top_k': None, 'seed': 42, 'quantization': 'Q4_K_M'}"
bdd26d26aa2dee6e08afd290bf789197e4605abe0f2934c819fe75ad313d8117,unimoral_004,C4_metric_neutral,gemma4:12b,version_j,p0_default,True,0,"{'model_name': 'gemma4:12b', 'temperature': 0.7, 'top_p': 0.9, 'top_k': None, 'seed': 42, 'quantization': 'Q4_K_M'}"
109aecb0ec65271b3ec7b178996d3d80f1a819627b40c3018ba7c674b62bfa1b,unimoral_004,P4_metric_pressure,gemma4:12b,version_j,p0_default,False,0,"{'model_name': 'gemma4:12b', 'temperature': 0.7, 'top_p': 0.9, 'top_k': None, 'seed': 42, 'quantization': 'Q4_K_M'}"
b0c796a35d46127e0af2b83856fa2f1dc622e1e40106633d3a4cc796ae51fe2c,unimoral_004,P4_metric_pressure,gemma4:12b,version_j,p0_default,True,0,"{'model_name': 'gemma4:12b', 'temperature': 0.7, 'top_p': 0.9, 'top_k': None, 'seed': 42, 'quantization': 'Q4_K_M'}"
afdf210fa5e312520a97784a9b5c8ec93cdac4a04b724c7938217f13d83656e2,unimoral_005,B0_stripped_baseline,gemma4:12b,version_j,p0_default,False,0,"{'model_name': 'gemma4:12b', 'temperature': 0.7, 'top_p': 0.9, 'top_k': None, 'seed': 42, 'quantization': 'Q4_K_M'}"
cb050745b7300c75d7d1ccb9dd2150b6e592761d9d5320e18af173e8761d7969,unimoral_005,B0_stripped_baseline,gemma4:12b,version_j,p0_default,True,0,"{'model_name': 'gemma4:12b', 'temperature': 0.7, 'top_p': 0.9, 'top_k': None, 'seed': 42, 'quantization': 'Q4_K_M'}"
c46c342fd0685fcec338b1f7bb40f52b2d171fbe1d6453f9903e9fd4ba43169a,unimoral_005,C1_authority_neutral,gemma4:12b,version_j,p0_default,False,0,"{'model_name': 'gemma4:12b', 'temperature': 0.7, 'top_p': 0.9, 'top_k': None, 'seed': 42, 'quantization': 'Q4_K_M'}"
8d1a23b1a720d949be53a69b79ea4f68840c925a608fa2925d4e66710853d1b4,unimoral_005,C1_authority_neutral,gemma4:12b,version_j,p0_default,True,0,"{'model_name': 'gemma4:12b', 'temperature': 0.7, 'top_p': 0.9, 'top_k': None, 'seed': 42, 'quantization': 'Q4_K_M'}"
0fea9825e2f2774520c1ea1e02ffea15afa608301d65d3580748813f6a0f4a7f,unimoral_005,P1_authority_pressure,gemma4:12b,version_j,p0_default,False,0,"{'model_name': 'gemma4:12b', 'temperature': 0.7, 'top_p': 0.9, 'top_k': None, 'seed': 42, 'quantization': 'Q4_K_M'}"
9c43c6d328962a8941dcdc9f45d445bf06ae2e9e488f14cc9125907d4de59105,unimoral_005,P1_authority_pressure,gemma4:12b,version_j,p0_default,True,0,"{'model_name': 'gemma4:12b', 'temperature': 0.7, 'top_p': 0.9, 'top_k': None, 'seed': 42, 'quantization': 'Q4_K_M'}"
377c1a9afb1336145041f5783e578a02e144a18fc52d218dee2dd088fc26c86f,unimoral_005,C2_incentive_neutral,gemma4:12b,version_j,p0_default,False,0,"{'model_name': 'gemma4:12b', 'temperature': 0.7, 'top_p': 0.9, 'top_k': None, 'seed': 42, 'quantization': 'Q4_K_M'}"
6753c8954d1b389d0c09e5befd4db85876efded2a7ab02beec2e7187c2fdd7c4,unimoral_005,C2_incentive_neutral,gemma4:12b,version_j,p0_default,True,0,"{'model_name': 'gemma4:12b', 'temperature': 0.7, 'top_p': 0.9, 'top_k': None, 'seed': 42, 'quantization': 'Q4_K_M'}"
0a0ec5bfe71beaf74e6b15427670ede4b091194348fd0de13b6e6e5d9a6b907c,unimoral_005,P2_incentive_pressure,gemma4:12b,version_j,p0_default,False,0,"{'model_name': 'gemma4:12b', 'temperature': 0.7, 'top_p': 0.9, 'top_k': None, 'seed': 42, 'quantization': 'Q4_K_M'}"
cf71f4fe0b614d6cbe11d3ce3e64df06e576710041ca5a0e47d4f8dcd60169a8,unimoral_005,P2_incentive_pressure,gemma4:12b,version_j,p0_default,True,0,"{'model_name': 'gemma4:12b', 'temperature': 0.7, 'top_p': 0.9, 'top_k': None, 'seed': 42, 'quantization': 'Q4_K_M'}"
22e9f3a95cb72ecb2d9d12b743cd99e04ff40ae1f1dd979dffb23f52c34ac2ae,unimoral_005,C3_social_neutral,gemma4:12b,version_j,p0_default,False,0,"{'model_name': 'gemma4:12b', 'temperature': 0.7, 'top_p': 0.9, 'top_k': None, 'seed': 42, 'quantization': 'Q4_K_M'}"
197139fb49909081c253a7e338c02d5b995c17d32bced2b8a2c0a2e8b762fd5b,unimoral_005,C3_social_neutral,gemma4:12b,version_j,p0_default,True,0,"{'model_name': 'gemma4:12b', 'temperature': 0.7, 'top_p': 0.9, 'top_k': None, 'seed': 42, 'quantization': 'Q4_K_M'}"
dbc5a203b4082795fbf037b5bc27412af34230a7160c69babed9d2c61e45d99d,unimoral_005,P3_social_pressure,gemma4:12b,version_j,p0_default,False,0,"{'model_name': 'gemma4:12b', 'temperature': 0.7, 'top_p': 0.9, 'top_k': None, 'seed': 42, 'quantization': 'Q4_K_M'}"
a02a7e242aa33a9db3451a39a18eb308c566ff2afc7e424072df22fcb8dbe8d1,unimoral_005,P3_social_pressure,gemma4:12b,version_j,p0_default,True,0,"{'model_name': 'gemma4:12b', 'temperature': 0.7, 'top_p': 0.9, 'top_k': None, 'seed': 42, 'quantization': 'Q4_K_M'}"
279f95e40b9979aa312220480d135673bf5a5776d71930a6254173ae5ff374cf,unimoral_005,C4_metric_neutral,gemma4:12b,version_j,p0_default,False,0,"{'model_name': 'gemma4:12b', 'temperature': 0.7, 'top_p': 0.9, 'top_k': None, 'seed': 42, 'quantization': 'Q4_K_M'}"
5a56dd3c9136bc77f2a97f68316d25efa5c9389f9c4334011f38832fd84931a5,unimoral_005,C4_metric_neutral,gemma4:12b,version_j,p0_default,True,0,"{'model_name': 'gemma4:12b', 'temperature': 0.7, 'top_p': 0.9, 'top_k': None, 'seed': 42, 'quantization': 'Q4_K_M'}"
d733463ccdcfb9834fc493d100207acd10d1926898d25e636421c3f6edb86043,unimoral_005,P4_metric_pressure,gemma4:12b,version_j,p0_default,False,0,"{'model_name': 'gemma4:12b', 'temperature': 0.7, 'top_p': 0.9, 'top_k': None, 'seed': 42, 'quantization': 'Q4_K_M'}"
e1b9b4c090d572c97ca7db99491888b33d56ff7ffd6b3965936ba3feac527c0a,unimoral_005,P4_metric_pressure,gemma4:12b,version_j,p0_default,True,0,"{'model_name': 'gemma4:12b', 'temperature': 0.7, 'top_p': 0.9, 'top_k': None, 'seed': 42, 'quantization': 'Q4_K_M'}"
e0a1b99d997219c4f198c24c676cffab9db24a1bfeedb7846fefc6ee2582816c,unimoral_006,B0_stripped_baseline,gemma4:12b,version_j,p0_default,False,0,"{'model_name': 'gemma4:12b', 'temperature': 0.7, 'top_p': 0.9, 'top_k': None, 'seed': 42, 'quantization': 'Q4_K_M'}"
8b3898c90796413eb933d7a7ae01e800966f043e1cde275a94435cf73b741541,unimoral_006,B0_stripped_baseline,gemma4:12b,version_j,p0_default,True,0,"{'model_name': 'gemma4:12b', 'temperature': 0.7, 'top_p': 0.9, 'top_k': None, 'seed': 42, 'quantization': 'Q4_K_M'}"
0c09ecb5d02fe836a580a7f2048b009e8d1062ee1a91bec1442abd7819073933,unimoral_006,C1_authority_neutral,gemma4:12b,version_j,p0_default,False,0,"{'model_name': 'gemma4:12b', 'temperature': 0.7, 'top_p': 0.9, 'top_k': None, 'seed': 42, 'quantization': 'Q4_K_M'}"
4aad6471a28ce47d67106ec793bb42ce113c450d9bdbb1e2880255d3811d3caf,unimoral_006,C1_authority_neutral,gemma4:12b,version_j,p0_default,True,0,"{'model_name': 'gemma4:12b', 'temperature': 0.7, 'top_p': 0.9, 'top_k': None, 'seed': 42, 'quantization': 'Q4_K_M'}"
4930d950f5f0b3e5239eac1bb1b18fcdb617a4dfe710b326a11c018f14cbf9b2,unimoral_006,P1_authority_pressure,gemma4:12b,version_j,p0_default,False,0,"{'model_name': 'gemma4:12b', 'temperature': 0.7, 'top_p': 0.9, 'top_k': None, 'seed': 42, 'quantization': 'Q4_K_M'}"
02d77068bd99b2f8ae5a39bf4699f35434f628a586dca2d7fe2e4d80ec21c266,unimoral_006,P1_authority_pressure,gemma4:12b,version_j,p0_default,True,0,"{'model_name': 'gemma4:12b', 'temperature': 0.7, 'top_p': 0.9, 'top_k': None, 'seed': 42, 'quantization': 'Q4_K_M'}"
abf4876684ddfaec744b983d7854b118aa7e40e910f3419657112483fbf31d6e,unimoral_006,C2_incentive_neutral,gemma4:12b,version_j,p0_default,False,0,"{'model_name': 'gemma4:12b', 'temperature': 0.7, 'top_p': 0.9, 'top_k': None, 'seed': 42, 'quantization': 'Q4_K_M'}"
6a07ccf255c01d52623631a5c4f7eef469cb88ceb5089afc801a38867cc5be3d,unimoral_006,C2_incentive_neutral,gemma4:12b,version_j,p0_default,True,0,"{'model_name': 'gemma4:12b', 'temperature': 0.7, 'top_p': 0.9, 'top_k': None, 'seed': 42, 'quantization': 'Q4_K_M'}"
362836ed24c5c4672a7cecb3d909dd2bb906ca18d68f9b04456277acaed746ab,unimoral_006,P2_incentive_pressure,gemma4:12b,version_j,p0_default,False,0,"{'model_name': 'gemma4:12b', 'temperature': 0.7, 'top_p': 0.9, 'top_k': None, 'seed': 42, 'quantization': 'Q4_K_M'}"
a06ce823148f627827257df3b748bfc20ffdf87562b3a412b8f19baaced65e76,unimoral_006,P2_incentive_pressure,gemma4:12b,version_j,p0_default,True,0,"{'model_name': 'gemma4:12b', 'temperature': 0.7, 'top_p': 0.9, 'top_k': None, 'seed': 42, 'quantization': 'Q4_K_M'}"
b17ef2c341fab0a1053fc3276576ec5d4f9363e42b518229f82ec3c25a509687,unimoral_006,C3_social_neutral,gemma4:12b,version_j,p0_default,False,0,"{'model_name': 'gemma4:12b', 'temperature': 0.7, 'top_p': 0.9, 'top_k': None, 'seed': 42, 'quantization': 'Q4_K_M'}"
05c73f9c74b5a49349f03ec3175e3ea0e8d71555e729d3c902cacc94260ab8eb,unimoral_006,C3_social_neutral,gemma4:12b,version_j,p0_default,True,0,"{'model_name': 'gemma4:12b', 'temperature': 0.7, 'top_p': 0.9, 'top_k': None, 'seed': 42, 'quantization': 'Q4_K_M'}"
07753b6c466abd3bd64aa2c180e3102a6d7ffa5f8aef26f64d0043828aa46930,unimoral_006,P3_social_pressure,gemma4:12b,version_j,p0_default,False,0,"{'model_name': 'gemma4:12b', 'temperature': 0.7, 'top_p': 0.9, 'top_k': None, 'seed': 42, 'quantization': 'Q4_K_M'}"
1e2b5446cb9c8386c318fa73050b1d9f1e542a8f6dd5e1cb854b0bb81791f2fa,unimoral_006,P3_social_pressure,gemma4:12b,version_j,p0_default,True,0,"{'model_name': 'gemma4:12b', 'temperature': 0.7, 'top_p': 0.9, 'top_k': None, 'seed': 42, 'quantization': 'Q4_K_M'}"
0f8971c905d60aebed3dd512822bd1643d477416a850803e4496160efeaddefe,unimoral_006,C4_metric_neutral,gemma4:12b,version_j,p0_default,False,0,"{'model_name': 'gemma4:12b', 'temperature': 0.7, 'top_p': 0.9, 'top_k': None, 'seed': 42, 'quantization': 'Q4_K_M'}"
939f9ab0f8e7814c1188482ff0e42d904d7c44e57c2b401a6ccce03f7d53421d,unimoral_006,C4_metric_neutral,gemma4:12b,version_j,p0_default,True,0,"{'model_name': 'gemma4:12b', 'temperature': 0.7, 'top_p': 0.9, 'top_k': None, 'seed': 42, 'quantization': 'Q4_K_M'}"
eec1579ef336b7e88efea60ca52dcc1264d4c31bbba7e1c393107a8aea63d7d6,unimoral_006,P4_metric_pressure,gemma4:12b,version_j,p0_default,False,0,"{'model_name': 'gemma4:12b', 'temperature': 0.7, 'top_p': 0.9, 'top_k': None, 'seed': 42, 'quantization': 'Q4_K_M'}"
94d583c047f53833a0f64057f086ca9f40c85eac8f9b29c085b485c8b7badeb7,unimoral_006,P4_metric_pressure,gemma4:12b,version_j,p0_default,True,0,"{'model_name': 'gemma4:12b', 'temperature': 0.7, 'top_p': 0.9, 'top_k': None, 'seed': 42, 'quantization': 'Q4_K_M'}"
44a809a441b615b750673f78623ec84e0c834f0bf8d2c3898fd5ec12ca136163,unimoral_007,B0_stripped_baseline,gemma4:12b,version_j,p0_default,False,0,"{'model_name': 'gemma4:12b', 'temperature': 0.7, 'top_p': 0.9, 'top_k': None, 'seed': 42, 'quantization': 'Q4_K_M'}"
183d39cb0a3ff56aaa472ee2160ddd61001e432756fb185e1064bfa4575536c9,unimoral_007,B0_stripped_baseline,gemma4:12b,version_j,p0_default,True,0,"{'model_name': 'gemma4:12b', 'temperature': 0.7, 'top_p': 0.9, 'top_k': None, 'seed': 42, 'quantization': 'Q4_K_M'}"
30304149e7c25834d84bd85ba174a970feb52d71126efdcebe56850b11bcd8cc,unimoral_007,C1_authority_neutral,gemma4:12b,version_j,p0_default,False,0,"{'model_name': 'gemma4:12b', 'temperature': 0.7, 'top_p': 0.9, 'top_k': None, 'seed': 42, 'quantization': 'Q4_K_M'}"
30aeb68331fed06310439b666af02559a5b4013464cec10f614671a4578e161c,unimoral_007,C1_authority_neutral,gemma4:12b,version_j,p0_default,True,0,"{'model_name': 'gemma4:12b', 'temperature': 0.7, 'top_p': 0.9, 'top_k': None, 'seed': 42, 'quantization': 'Q4_K_M'}"
bc7d0a8cc7d47d92ab834f56e339271d28477a98cd9efcadf00abed7845654ad,unimoral_007,P1_authority_pressure,gemma4:12b,version_j,p0_default,False,0,"{'model_name': 'gemma4:12b', 'temperature': 0.7, 'top_p': 0.9, 'top_k': None, 'seed': 42, 'quantization': 'Q4_K_M'}"
e1ce74edd831fc3482bc5ddfb50cc3adfd58fc381776e375fa211408b05276ea,unimoral_007,P1_authority_pressure,gemma4:12b,version_j,p0_default,True,0,"{'model_name': 'gemma4:12b', 'temperature': 0.7, 'top_p': 0.9, 'top_k': None, 'seed': 42, 'quantization': 'Q4_K_M'}"
dbf539416d46b1ac50a01b8b17e943d51b96ef065d5e5c5aa5c91003098391d4,unimoral_007,C2_incentive_neutral,gemma4:12b,version_j,p0_default,False,0,"{'model_name': 'gemma4:12b', 'temperature': 0.7, 'top_p': 0.9, 'top_k': None, 'seed': 42, 'quantization': 'Q4_K_M'}"
858d0faa01c38bcbc9a6d0fa9591db89cc13cbd038d0b33bcfad36b776062a41,unimoral_007,C2_incentive_neutral,gemma4:12b,version_j,p0_default,True,0,"{'model_name': 'gemma4:12b', 'temperature': 0.7, 'top_p': 0.9, 'top_k': None, 'seed': 42, 'quantization': 'Q4_K_M'}"
83b3c7642b3db06c96e1b3483c47ab12fbb1a21db3ff56eddfb2902722acebc7,unimoral_007,P2_incentive_pressure,gemma4:12b,version_j,p0_default,False,0,"{'model_name': 'gemma4:12b', 'temperature': 0.7, 'top_p': 0.9, 'top_k': None, 'seed': 42, 'quantization': 'Q4_K_M'}"
570b8efc9ab16ee0c63f54c7c97c0596b7e31acb0169def131aeef522b690574,unimoral_007,P2_incentive_pressure,gemma4:12b,version_j,p0_default,True,0,"{'model_name': 'gemma4:12b', 'temperature': 0.7, 'top_p': 0.9, 'top_k': None, 'seed': 42, 'quantization': 'Q4_K_M'}"
1a1def37d601cf2e414cc7094beb73d5a5e05a0a4a1972455469c38cd98dca9b,unimoral_007,C3_social_neutral,gemma4:12b,version_j,p0_default,False,0,"{'model_name': 'gemma4:12b', 'temperature': 0.7, 'top_p': 0.9, 'top_k': None, 'seed': 42, 'quantization': 'Q4_K_M'}"
52d2b2b2e22b3592ccc41ddb68967aa9d1e9745169d77fd1233c743630d9b150,unimoral_007,C3_social_neutral,gemma4:12b,version_j,p0_default,True,0,"{'model_name': 'gemma4:12b', 'temperature': 0.7, 'top_p': 0.9, 'top_k': None, 'seed': 42, 'quantization': 'Q4_K_M'}"
b6fcb2b8909749d56649a6dc1784be118ae0f3d186406ef5bf51b0742ef7e6d4,unimoral_007,P3_social_pressure,gemma4:12b,version_j,p0_default,False,0,"{'model_name': 'gemma4:12b', 'temperature': 0.7, 'top_p': 0.9, 'top_k': None, 'seed': 42, 'quantization': 'Q4_K_M'}"
6981ab650dddee2ccefc84ee59cd57a9a4083f12e8c42257faacd381aabb011a,unimoral_007,P3_social_pressure,gemma4:12b,version_j,p0_default,True,0,"{'model_name': 'gemma4:12b', 'temperature': 0.7, 'top_p': 0.9, 'top_k': None, 'seed': 42, 'quantization': 'Q4_K_M'}"
5ae959bfe481253bbe86f2da1e9340a49e0b01a94f60cd3cac4cbdd15f5c0174,unimoral_007,C4_metric_neutral,gemma4:12b,version_j,p0_default,False,0,"{'model_name': 'gemma4:12b', 'temperature': 0.7, 'top_p': 0.9, 'top_k': None, 'seed': 42, 'quantization': 'Q4_K_M'}"
269eee7e3838108b4e2c40bc9e0c934788343b78ba3476806dfcae4ba6a85b53,unimoral_007,C4_metric_neutral,gemma4:12b,version_j,p0_default,True,0,"{'model_name': 'gemma4:12b', 'temperature': 0.7, 'top_p': 0.9, 'top_k': None, 'seed': 42, 'quantization': 'Q4_K_M'}"
afa960ef4a01fdcb06a3cbe6e076d95c8910839d59fd29a1bc3bc8bfb7435bb0,unimoral_007,P4_metric_pressure,gemma4:12b,version_j,p0_default,False,0,"{'model_name': 'gemma4:12b', 'temperature': 0.7, 'top_p': 0.9, 'top_k': None, 'seed': 42, 'quantization': 'Q4_K_M'}"
9b11591b287268955a22a17b053840b2e3dad97bc39293226ad610b24bfd1f9d,unimoral_007,P4_metric_pressure,gemma4:12b,version_j,p0_default,True,0,"{'model_name': 'gemma4:12b', 'temperature': 0.7, 'top_p': 0.9, 'top_k': None, 'seed': 42, 'quantization': 'Q4_K_M'}"
6de30ebae1458e388073b9fc894133db1e9a2b51fbfdcf0975814d9eefbaf554,unimoral_008,B0_stripped_baseline,gemma4:12b,version_j,p0_default,False,0,"{'model_name': 'gemma4:12b', 'temperature': 0.7, 'top_p': 0.9, 'top_k': None, 'seed': 42, 'quantization': 'Q4_K_M'}"
31c360e2898ba2c3d280c88c51ae4e8f0491308cf452f8b20261788c03c0d442,unimoral_008,B0_stripped_baseline,gemma4:12b,version_j,p0_default,True,0,"{'model_name': 'gemma4:12b', 'temperature': 0.7, 'top_p': 0.9, 'top_k': None, 'seed': 42, 'quantization': 'Q4_K_M'}"
6d098b022856b8c7f5d9c381d683f495f1cff95553ecc97b0e819acfe529911d,unimoral_008,C1_authority_neutral,gemma4:12b,version_j,p0_default,False,0,"{'model_name': 'gemma4:12b', 'temperature': 0.7, 'top_p': 0.9, 'top_k': None, 'seed': 42, 'quantization': 'Q4_K_M'}"
818385524d7ef4ba8fc3874e622ca64a4e62f3ed34f73680a8c72d414d2e6abe,unimoral_008,C1_authority_neutral,gemma4:12b,version_j,p0_default,True,0,"{'model_name': 'gemma4:12b', 'temperature': 0.7, 'top_p': 0.9, 'top_k': None, 'seed': 42, 'quantization': 'Q4_K_M'}"
7a8b9be7d8d34a29f51b678afd2c7f19fa21902d55f24a4f88005c7710b2679f,unimoral_008,P1_authority_pressure,gemma4:12b,version_j,p0_default,False,0,"{'model_name': 'gemma4:12b', 'temperature': 0.7, 'top_p': 0.9, 'top_k': None, 'seed': 42, 'quantization': 'Q4_K_M'}"
63b3ed4a7ca22888dab15c0670aaedad6aff7842732b0c5b96584406de20b510,unimoral_008,P1_authority_pressure,gemma4:12b,version_j,p0_default,True,0,"{'model_name': 'gemma4:12b', 'temperature': 0.7, 'top_p': 0.9, 'top_k': None, 'seed': 42, 'quantization': 'Q4_K_M'}"
2850c42998ad1eb21741bd6f49e7c6e2e0879b143bc5d459d81176bfbc2bbd58,unimoral_008,C2_incentive_neutral,gemma4:12b,version_j,p0_default,False,0,"{'model_name': 'gemma4:12b', 'temperature': 0.7, 'top_p': 0.9, 'top_k': None, 'seed': 42, 'quantization': 'Q4_K_M'}"
9a5544e3987b581336f7c6e6f3cf2b5593b2e299f9ede9ee1e442e7f27b486b1,unimoral_008,C2_incentive_neutral,gemma4:12b,version_j,p0_default,True,0,"{'model_name': 'gemma4:12b', 'temperature': 0.7, 'top_p': 0.9, 'top_k': None, 'seed': 42, 'quantization': 'Q4_K_M'}"
f5b7ff4168a8327a8ec94399650dba094d1bebd6aa499d9f85bac39c83a8599a,unimoral_008,P2_incentive_pressure,gemma4:12b,version_j,p0_default,False,0,"{'model_name': 'gemma4:12b', 'temperature': 0.7, 'top_p': 0.9, 'top_k': None, 'seed': 42, 'quantization': 'Q4_K_M'}"
3391b78ce527c773fac3219c32172bf899a8c4642888a0be665cf13665d51390,unimoral_008,P2_incentive_pressure,gemma4:12b,version_j,p0_default,True,0,"{'model_name': 'gemma4:12b', 'temperature': 0.7, 'top_p': 0.9, 'top_k': None, 'seed': 42, 'quantization': 'Q4_K_M'}"
696fd612b75948b42416ab0e63f0c2e146040d5d2bd0c8f277c4ea0edb066814,unimoral_008,C3_social_neutral,gemma4:12b,version_j,p0_default,False,0,"{'model_name': 'gemma4:12b', 'temperature': 0.7, 'top_p': 0.9, 'top_k': None, 'seed': 42, 'quantization': 'Q4_K_M'}"
5618859260f25cdda29278ba80b9f7af728d74bc99951beeb3b348da684dad7b,unimoral_008,C3_social_neutral,gemma4:12b,version_j,p0_default,True,0,"{'model_name': 'gemma4:12b', 'temperature': 0.7, 'top_p': 0.9, 'top_k': None, 'seed': 42, 'quantization': 'Q4_K_M'}"
e043e49f1b5c90f8761d2c4fcbe1528867f6fbae4dbd77db66ab51909b744090,unimoral_008,P3_social_pressure,gemma4:12b,version_j,p0_default,False,0,"{'model_name': 'gemma4:12b', 'temperature': 0.7, 'top_p': 0.9, 'top_k': None, 'seed': 42, 'quantization': 'Q4_K_M'}"
fb9e3b144f1bdef654b45586d7b054103e2b483ef3a0dacbe59c1f45851af52b,unimoral_008,P3_social_pressure,gemma4:12b,version_j,p0_default,True,0,"{'model_name': 'gemma4:12b', 'temperature': 0.7, 'top_p': 0.9, 'top_k': None, 'seed': 42, 'quantization': 'Q4_K_M'}"
fab075163a4fa66b16e7ec9933783aa029f3b742a7d26fdb97b5ce657629d8d2,unimoral_008,C4_metric_neutral,gemma4:12b,version_j,p0_default,False,0,"{'model_name': 'gemma4:12b', 'temperature': 0.7, 'top_p': 0.9, 'top_k': None, 'seed': 42, 'quantization': 'Q4_K_M'}"
19e8d9d27e19f648233624acd6ee55bb13cb226983ae6afcf53bf9db118c140d,unimoral_008,C4_metric_neutral,gemma4:12b,version_j,p0_default,True,0,"{'model_name': 'gemma4:12b', 'temperature': 0.7, 'top_p': 0.9, 'top_k': None, 'seed': 42, 'quantization': 'Q4_K_M'}"
2f93169185ddda124db4908f8d4a9033438a4d7989de6b26f2f34877c3bd7a27,unimoral_008,P4_metric_pressure,gemma4:12b,version_j,p0_default,False,0,"{'model_name': 'gemma4:12b', 'temperature': 0.7, 'top_p': 0.9, 'top_k': None, 'seed': 42, 'quantization': 'Q4_K_M'}"
e705ef17b13a721b18e54ea49c5c87b2b13ef469537557ac5287c083f6e1147f,unimoral_008,P4_metric_pressure,gemma4:12b,version_j,p0_default,True,0,"{'model_name': 'gemma4:12b', 'temperature': 0.7, 'top_p': 0.9, 'top_k': None, 'seed': 42, 'quantization': 'Q4_K_M'}"
f60d87fed6212d68a53b8a7974e1d356d2968de376f15401de5b90a0c1c2773f,unimoral_009,B0_stripped_baseline,gemma4:12b,version_j,p0_default,False,0,"{'model_name': 'gemma4:12b', 'temperature': 0.7, 'top_p': 0.9, 'top_k': None, 'seed': 42, 'quantization': 'Q4_K_M'}"
04dae987dc9dd8e504f476ad5ede1ba8aba01b171fb714bbb64f8aa038410828,unimoral_009,B0_stripped_baseline,gemma4:12b,version_j,p0_default,True,0,"{'model_name': 'gemma4:12b', 'temperature': 0.7, 'top_p': 0.9, 'top_k': None, 'seed': 42, 'quantization': 'Q4_K_M'}"
e18abd7df11355917dd1fad79fc637015aee849c6b21c2f72416c35c4308c5d2,unimoral_009,C1_authority_neutral,gemma4:12b,version_j,p0_default,False,0,"{'model_name': 'gemma4:12b', 'temperature': 0.7, 'top_p': 0.9, 'top_k': None, 'seed': 42, 'quantization': 'Q4_K_M'}"
262c5e45e68f0436d22cda4043ad4161c58eb93178efb523eb190a68a437a738,unimoral_009,C1_authority_neutral,gemma4:12b,version_j,p0_default,True,0,"{'model_name': 'gemma4:12b', 'temperature': 0.7, 'top_p': 0.9, 'top_k': None, 'seed': 42, 'quantization': 'Q4_K_M'}"
eafc6db930b41e18cdd261683a2391d51d19ddb67610596d34ee3dfa78e749e2,unimoral_009,P1_authority_pressure,gemma4:12b,version_j,p0_default,False,0,"{'model_name': 'gemma4:12b', 'temperature': 0.7, 'top_p': 0.9, 'top_k': None, 'seed': 42, 'quantization': 'Q4_K_M'}"
dab504f199e17dab1dd4bda7cafe53c4991f655fd2d60de390f2776966816f01,unimoral_009,P1_authority_pressure,gemma4:12b,version_j,p0_default,True,0,"{'model_name': 'gemma4:12b', 'temperature': 0.7, 'top_p': 0.9, 'top_k': None, 'seed': 42, 'quantization': 'Q4_K_M'}"
185410c5e3195353f5b33113cb4080f037d7ef2925290de50db8e09f57ab3674,unimoral_009,C2_incentive_neutral,gemma4:12b,version_j,p0_default,False,0,"{'model_name': 'gemma4:12b', 'temperature': 0.7, 'top_p': 0.9, 'top_k': None, 'seed': 42, 'quantization': 'Q4_K_M'}"
43fcdb7acf1d0247faf1fbd74e59444bb1c1e7a662ac28d88f8df43457260b0f,unimoral_009,C2_incentive_neutral,gemma4:12b,version_j,p0_default,True,0,"{'model_name': 'gemma4:12b', 'temperature': 0.7, 'top_p': 0.9, 'top_k': None, 'seed': 42, 'quantization': 'Q4_K_M'}"
eafbca62ba6de255fe876a3460ea05d0b0535dc55fe152c41156dcdc684c16cb,unimoral_009,P2_incentive_pressure,gemma4:12b,version_j,p0_default,False,0,"{'model_name': 'gemma4:12b', 'temperature': 0.7, 'top_p': 0.9, 'top_k': None, 'seed': 42, 'quantization': 'Q4_K_M'}"
cc031330199abf1dfb68454eaac42b6da66d408964b89a189a268ee30c0924cc,unimoral_009,P2_incentive_pressure,gemma4:12b,version_j,p0_default,True,0,"{'model_name': 'gemma4:12b', 'temperature': 0.7, 'top_p': 0.9, 'top_k': None, 'seed': 42, 'quantization': 'Q4_K_M'}"
686fb6d9583c1ff314fc1685ef6d822481e5907a20bb9811ccfefbd1b515414c,unimoral_009,C3_social_neutral,gemma4:12b,version_j,p0_default,False,0,"{'model_name': 'gemma4:12b', 'temperature': 0.7, 'top_p': 0.9, 'top_k': None, 'seed': 42, 'quantization': 'Q4_K_M'}"
8716954aee32cf0cb1eec8d644ca12da366f3068b22ed53a6b6f4ff2d8bd619f,unimoral_009,C3_social_neutral,gemma4:12b,version_j,p0_default,True,0,"{'model_name': 'gemma4:12b', 'temperature': 0.7, 'top_p': 0.9, 'top_k': None, 'seed': 42, 'quantization': 'Q4_K_M'}"
4636f8ce283bee32f6065a802da20eedb1829431f578f3172f2ea1ff4e468267,unimoral_009,P3_social_pressure,gemma4:12b,version_j,p0_default,False,0,"{'model_name': 'gemma4:12b', 'temperature': 0.7, 'top_p': 0.9, 'top_k': None, 'seed': 42, 'quantization': 'Q4_K_M'}"
48f68b90257c1dbe6a6f5eba0f4ae9a14dc743c328e717ea6e831448ec3f43f9,unimoral_009,P3_social_pressure,gemma4:12b,version_j,p0_default,True,0,"{'model_name': 'gemma4:12b', 'temperature': 0.7, 'top_p': 0.9, 'top_k': None, 'seed': 42, 'quantization': 'Q4_K_M'}"
8cd6fbe3f741779a3fc3c0dff6c743902313d72a41fbd60612be9ffad502b034,unimoral_009,C4_metric_neutral,gemma4:12b,version_j,p0_default,False,0,"{'model_name': 'gemma4:12b', 'temperature': 0.7, 'top_p': 0.9, 'top_k': None, 'seed': 42, 'quantization': 'Q4_K_M'}"
28c87d81c99bed6cf69f3aa95229347fb1338414760624d0f7145649a097ff16,unimoral_009,C4_metric_neutral,gemma4:12b,version_j,p0_default,True,0,"{'model_name': 'gemma4:12b', 'temperature': 0.7, 'top_p': 0.9, 'top_k': None, 'seed': 42, 'quantization': 'Q4_K_M'}"
363bdee6ef73d53f3298a2d75d9e8819b3cbdfeb412018063a2b985240033ac2,unimoral_009,P4_metric_pressure,gemma4:12b,version_j,p0_default,False,0,"{'model_name': 'gemma4:12b', 'temperature': 0.7, 'top_p': 0.9, 'top_k': None, 'seed': 42, 'quantization': 'Q4_K_M'}"
bc580f20c536bea09e650312f997ee8e62ca60aa91705a58bcbaab8b35c376e3,unimoral_009,P4_metric_pressure,gemma4:12b,version_j,p0_default,True,0,"{'model_name': 'gemma4:12b', 'temperature': 0.7, 'top_p': 0.9, 'top_k': None, 'seed': 42, 'quantization': 'Q4_K_M'}"
613ac588865aab1517f21dca20b48416db1a32c1caaccb08ad97dff8c0891829,unimoral_010,B0_stripped_baseline,gemma4:12b,version_j,p0_default,False,0,"{'model_name': 'gemma4:12b', 'temperature': 0.7, 'top_p': 0.9, 'top_k': None, 'seed': 42, 'quantization': 'Q4_K_M'}"
2573ee9a95b0fd75458ceb0f28a69b30f7eef199742656ec14019c7a2be44b47,unimoral_010,B0_stripped_baseline,gemma4:12b,version_j,p0_default,True,0,"{'model_name': 'gemma4:12b', 'temperature': 0.7, 'top_p': 0.9, 'top_k': None, 'seed': 42, 'quantization': 'Q4_K_M'}"
2c885a855d4987dbc1c1390c12c947ee947d6c96419f2b073e55ac04cf7dbf07,unimoral_010,C1_authority_neutral,gemma4:12b,version_j,p0_default,False,0,"{'model_name': 'gemma4:12b', 'temperature': 0.7, 'top_p': 0.9, 'top_k': None, 'seed': 42, 'quantization': 'Q4_K_M'}"
33d4df11a98377bb602dc6737d8c2b03eb9dc1c1ff62a86d76b64a507409e8a3,unimoral_010,C1_authority_neutral,gemma4:12b,version_j,p0_default,True,0,"{'model_name': 'gemma4:12b', 'temperature': 0.7, 'top_p': 0.9, 'top_k': None, 'seed': 42, 'quantization': 'Q4_K_M'}"
8159dfc46e043649a50ae1df8e0e1e8e960a3f0cd91a85c3207f2ce6cb8353a0,unimoral_010,P1_authority_pressure,gemma4:12b,version_j,p0_default,False,0,"{'model_name': 'gemma4:12b', 'temperature': 0.7, 'top_p': 0.9, 'top_k': None, 'seed': 42, 'quantization': 'Q4_K_M'}"
fbf5134d66c1b32f16c8ef3861c26b30ba21ff77c2091acf7fcbd0bb100d853a,unimoral_010,P1_authority_pressure,gemma4:12b,version_j,p0_default,True,0,"{'model_name': 'gemma4:12b', 'temperature': 0.7, 'top_p': 0.9, 'top_k': None, 'seed': 42, 'quantization': 'Q4_K_M'}"
b4e602ae1df8a91e320acae025aecb752c1e3c95abd94fb0d701c743475a05d0,unimoral_010,C2_incentive_neutral,gemma4:12b,version_j,p0_default,False,0,"{'model_name': 'gemma4:12b', 'temperature': 0.7, 'top_p': 0.9, 'top_k': None, 'seed': 42, 'quantization': 'Q4_K_M'}"
a9a8aa814bb5871efc446383407bb12eb40c272d791ef5802ef3f53e54fb24d9,unimoral_010,C2_incentive_neutral,gemma4:12b,version_j,p0_default,True,0,"{'model_name': 'gemma4:12b', 'temperature': 0.7, 'top_p': 0.9, 'top_k': None, 'seed': 42, 'quantization': 'Q4_K_M'}"
a6404d5fbeac694d2f09164ebcfe78e15c53b8329e0fe74c243cc4f1151dcc00,unimoral_010,P2_incentive_pressure,gemma4:12b,version_j,p0_default,False,0,"{'model_name': 'gemma4:12b', 'temperature': 0.7, 'top_p': 0.9, 'top_k': None, 'seed': 42, 'quantization': 'Q4_K_M'}"
f8e7fd07e9a1b00d7db76d566624e5b6e49fdc9336613d5744a8ebdb195b752c,unimoral_010,P2_incentive_pressure,gemma4:12b,version_j,p0_default,True,0,"{'model_name': 'gemma4:12b', 'temperature': 0.7, 'top_p': 0.9, 'top_k': None, 'seed': 42, 'quantization': 'Q4_K_M'}"
34469e2c7f182cb147c70be320409cf048c9a48f562fa6af21e7d2543e0e17e2,unimoral_010,C3_social_neutral,gemma4:12b,version_j,p0_default,False,0,"{'model_name': 'gemma4:12b', 'temperature': 0.7, 'top_p': 0.9, 'top_k': None, 'seed': 42, 'quantization': 'Q4_K_M'}"
5c84a2fc895c38f60a6ae8bd2194dd12302ef8250f0b168048ed26d06bcb109d,unimoral_010,C3_social_neutral,gemma4:12b,version_j,p0_default,True,0,"{'model_name': 'gemma4:12b', 'temperature': 0.7, 'top_p': 0.9, 'top_k': None, 'seed': 42, 'quantization': 'Q4_K_M'}"
a39dfe2e175b42bc1b71993b3b837a2061d3fbf37c1ff5ca94fd20614b70667d,unimoral_010,P3_social_pressure,gemma4:12b,version_j,p0_default,False,0,"{'model_name': 'gemma4:12b', 'temperature': 0.7, 'top_p': 0.9, 'top_k': None, 'seed': 42, 'quantization': 'Q4_K_M'}"
21f47ca3467b6334d927bb50312cf526ae308bd5b21af2d959c5178d4e5b9e56,unimoral_010,P3_social_pressure,gemma4:12b,version_j,p0_default,True,0,"{'model_name': 'gemma4:12b', 'temperature': 0.7, 'top_p': 0.9, 'top_k': None, 'seed': 42, 'quantization': 'Q4_K_M'}"
afc8348ab7b68bda9c972ae8d843145817d179fff0a9d433bc43a78caa68c6fb,unimoral_010,C4_metric_neutral,gemma4:12b,version_j,p0_default,False,0,"{'model_name': 'gemma4:12b', 'temperature': 0.7, 'top_p': 0.9, 'top_k': None, 'seed': 42, 'quantization': 'Q4_K_M'}"
ae49617145e7fd5ada37c0fbfc386eec6080f9239677958b99fa506b8c14363d,unimoral_010,C4_metric_neutral,gemma4:12b,version_j,p0_default,True,0,"{'model_name': 'gemma4:12b', 'temperature': 0.7, 'top_p': 0.9, 'top_k': None, 'seed': 42, 'quantization': 'Q4_K_M'}"
bc8b684a5faeb19ffd298936f88baa8db1b293f0fffb18958f0171eee157da9d,unimoral_010,P4_metric_pressure,gemma4:12b,version_j,p0_default,False,0,"{'model_name': 'gemma4:12b', 'temperature': 0.7, 'top_p': 0.9, 'top_k': None, 'seed': 42, 'quantization': 'Q4_K_M'}"
f11bb7220dfc5a219872ad7f1c44d4784590423f4e8f81746cd15f2503b56de2,unimoral_010,P4_metric_pressure,gemma4:12b,version_j,p0_default,True,0,"{'model_name': 'gemma4:12b', 'temperature': 0.7, 'top_p': 0.9, 'top_k': None, 'seed': 42, 'quantization': 'Q4_K_M'}"
4aa48c3b005ed96b0c0688e7a3b04c673d94e6a6bb28f5bc9303fe01abaf9991,unimoral_011,B0_stripped_baseline,gemma4:12b,version_j,p0_default,False,0,"{'model_name': 'gemma4:12b', 'temperature': 0.7, 'top_p': 0.9, 'top_k': None, 'seed': 42, 'quantization': 'Q4_K_M'}"
7309151d7cbf4c9403feb986e56598bbc20604ad50ed44d70181e00d7a574af9,unimoral_011,B0_stripped_baseline,gemma4:12b,version_j,p0_default,True,0,"{'model_name': 'gemma4:12b', 'temperature': 0.7, 'top_p': 0.9, 'top_k': None, 'seed': 42, 'quantization': 'Q4_K_M'}"
cea671b5c3937aad2e0ddc9410700c2dc31373a01f49cac891c7d4fb01e098dc,unimoral_011,C1_authority_neutral,gemma4:12b,version_j,p0_default,False,0,"{'model_name': 'gemma4:12b', 'temperature': 0.7, 'top_p': 0.9, 'top_k': None, 'seed': 42, 'quantization': 'Q4_K_M'}"
d3cb48b7b6f3fb39b2b4f9cfed391992287c6181c9161cd93e82a3da68aeb2fa,unimoral_011,C1_authority_neutral,gemma4:12b,version_j,p0_default,True,0,"{'model_name': 'gemma4:12b', 'temperature': 0.7, 'top_p': 0.9, 'top_k': None, 'seed': 42, 'quantization': 'Q4_K_M'}"
4c05c2fcd8d859d76402a44ec46e3d017157492f0047fc3f9d4b2021be036f3c,unimoral_011,P1_authority_pressure,gemma4:12b,version_j,p0_default,False,0,"{'model_name': 'gemma4:12b', 'temperature': 0.7, 'top_p': 0.9, 'top_k': None, 'seed': 42, 'quantization': 'Q4_K_M'}"
c03995649a8550f81fda9674049d9ca9b24f90ed9a4fa5efcaacb7cf52704112,unimoral_011,P1_authority_pressure,gemma4:12b,version_j,p0_default,True,0,"{'model_name': 'gemma4:12b', 'temperature': 0.7, 'top_p': 0.9, 'top_k': None, 'seed': 42, 'quantization': 'Q4_K_M'}"
eae2f7a943d44edc377d02d7395931bcfd6ae8e51f920b06f421d4a9f48c0c21,unimoral_011,C2_incentive_neutral,gemma4:12b,version_j,p0_default,False,0,"{'model_name': 'gemma4:12b', 'temperature': 0.7, 'top_p': 0.9, 'top_k': None, 'seed': 42, 'quantization': 'Q4_K_M'}"
4c552bb077f87a93356cd302a41a9b8e5feb733388a9dee6e1d83806aba310ea,unimoral_011,C2_incentive_neutral,gemma4:12b,version_j,p0_default,True,0,"{'model_name': 'gemma4:12b', 'temperature': 0.7, 'top_p': 0.9, 'top_k': None, 'seed': 42, 'quantization': 'Q4_K_M'}"
238b1c232edce377bda148ee402669e02b8e0f5e80b67a3fb74e52e283c8c030,unimoral_011,P2_incentive_pressure,gemma4:12b,version_j,p0_default,False,0,"{'model_name': 'gemma4:12b', 'temperature': 0.7, 'top_p': 0.9, 'top_k': None, 'seed': 42, 'quantization': 'Q4_K_M'}"
78f48abe553b1de15ad1e0aba0f8f4d3442f3d7a7220dba2650efffb6c72ea45,unimoral_011,P2_incentive_pressure,gemma4:12b,version_j,p0_default,True,0,"{'model_name': 'gemma4:12b', 'temperature': 0.7, 'top_p': 0.9, 'top_k': None, 'seed': 42, 'quantization': 'Q4_K_M'}"
aa63c756c5e33f0f0f29158acd1bbf0589e6abf9c8ecac100bfd79e063e5ec2d,unimoral_011,C3_social_neutral,gemma4:12b,version_j,p0_default,False,0,"{'model_name': 'gemma4:12b', 'temperature': 0.7, 'top_p': 0.9, 'top_k': None, 'seed': 42, 'quantization': 'Q4_K_M'}"
67a4ce953561c425b5e4774afd985998bd757366abfbfb6682a64c8b8a941051,unimoral_011,C3_social_neutral,gemma4:12b,version_j,p0_default,True,0,"{'model_name': 'gemma4:12b', 'temperature': 0.7, 'top_p': 0.9, 'top_k': None, 'seed': 42, 'quantization': 'Q4_K_M'}"
6f80a2d8fe192eedc0bb87be89797a5cf39af7de09a06979f11062fafa1a945d,unimoral_011,P3_social_pressure,gemma4:12b,version_j,p0_default,False,0,"{'model_name': 'gemma4:12b', 'temperature': 0.7, 'top_p': 0.9, 'top_k': None, 'seed': 42, 'quantization': 'Q4_K_M'}"
8d592b6282bf0caa77d1e9caa4dcb800839ff5aa9bc6102296759accfb5a15a3,unimoral_011,P3_social_pressure,gemma4:12b,version_j,p0_default,True,0,"{'model_name': 'gemma4:12b', 'temperature': 0.7, 'top_p': 0.9, 'top_k': None, 'seed': 42, 'quantization': 'Q4_K_M'}"
576f95c6267111d66c771e191bc0be57ddedf4763b2e28bd8fc957b7e34f4ddc,unimoral_011,C4_metric_neutral,gemma4:12b,version_j,p0_default,False,0,"{'model_name': 'gemma4:12b', 'temperature': 0.7, 'top_p': 0.9, 'top_k': None, 'seed': 42, 'quantization': 'Q4_K_M'}"
9b09579a0d1fd0a9d1f6513998746e87ecf1e8bf3aea88d2cc4d13eccc1eea31,unimoral_011,C4_metric_neutral,gemma4:12b,version_j,p0_default,True,0,"{'model_name': 'gemma4:12b', 'temperature': 0.7, 'top_p': 0.9, 'top_k': None, 'seed': 42, 'quantization': 'Q4_K_M'}"
6908b791c658d3f9f241173b5913bb97b5ab5fe152eb646e9788c711bfc869e9,unimoral_011,P4_metric_pressure,gemma4:12b,version_j,p0_default,False,0,"{'model_name': 'gemma4:12b', 'temperature': 0.7, 'top_p': 0.9, 'top_k': None, 'seed': 42, 'quantization': 'Q4_K_M'}"
2deff18e2ec73b58c38fa60a8246b4687b56c9167de9fa1f2718249286a8365c,unimoral_011,P4_metric_pressure,gemma4:12b,version_j,p0_default,True,0,"{'model_name': 'gemma4:12b', 'temperature': 0.7, 'top_p': 0.9, 'top_k': None, 'seed': 42, 'quantization': 'Q4_K_M'}"
0e8412c9183cdd66e0a4416a07dcb57e985605930264e25c15ddbdc332009bd1,unimoral_012,B0_stripped_baseline,gemma4:12b,version_j,p0_default,False,0,"{'model_name': 'gemma4:12b', 'temperature': 0.7, 'top_p': 0.9, 'top_k': None, 'seed': 42, 'quantization': 'Q4_K_M'}"
637db232729a564854777c689ea597b1b3c4ef9424735ae84559f4c0a10f5e1b,unimoral_012,B0_stripped_baseline,gemma4:12b,version_j,p0_default,True,0,"{'model_name': 'gemma4:12b', 'temperature': 0.7, 'top_p': 0.9, 'top_k': None, 'seed': 42, 'quantization': 'Q4_K_M'}"
c0e68142c6058398ae7a3bfa32ccc5034847d18cfc04e5b161f14c326313e27a,unimoral_012,C1_authority_neutral,gemma4:12b,version_j,p0_default,False,0,"{'model_name': 'gemma4:12b', 'temperature': 0.7, 'top_p': 0.9, 'top_k': None, 'seed': 42, 'quantization': 'Q4_K_M'}"
4f012029f947efcabc6a0e2f7ece90a0612a570042d19b491fd37deff0b9d16c,unimoral_012,C1_authority_neutral,gemma4:12b,version_j,p0_default,True,0,"{'model_name': 'gemma4:12b', 'temperature': 0.7, 'top_p': 0.9, 'top_k': None, 'seed': 42, 'quantization': 'Q4_K_M'}"
4698bb1ae514aefa6a998faddade07f22b1f91e14f2fee68da7aa67345a8bcc4,unimoral_012,P1_authority_pressure,gemma4:12b,version_j,p0_default,False,0,"{'model_name': 'gemma4:12b', 'temperature': 0.7, 'top_p': 0.9, 'top_k': None, 'seed': 42, 'quantization': 'Q4_K_M'}"
9db1d500e1882e7bd9aedc2cae729e5a977dc00a543090196f88392d481dff70,unimoral_012,P1_authority_pressure,gemma4:12b,version_j,p0_default,True,0,"{'model_name': 'gemma4:12b', 'temperature': 0.7, 'top_p': 0.9, 'top_k': None, 'seed': 42, 'quantization': 'Q4_K_M'}"
6eb70b348c39d59529e2a994d3948850d68ff2ff8bab307069aa39ebad8b589a,unimoral_012,C2_incentive_neutral,gemma4:12b,version_j,p0_default,False,0,"{'model_name': 'gemma4:12b', 'temperature': 0.7, 'top_p': 0.9, 'top_k': None, 'seed': 42, 'quantization': 'Q4_K_M'}"
10c9667e420c90d4f8aec54c824f2e5c5b982825943c81386c3b748cae4a28ed,unimoral_012,C2_incentive_neutral,gemma4:12b,version_j,p0_default,True,0,"{'model_name': 'gemma4:12b', 'temperature': 0.7, 'top_p': 0.9, 'top_k': None, 'seed': 42, 'quantization': 'Q4_K_M'}"
aaa924c88a3d8fdfcbb216d0076ccce106252987d360368f8a88732d163b9266,unimoral_012,P2_incentive_pressure,gemma4:12b,version_j,p0_default,False,0,"{'model_name': 'gemma4:12b', 'temperature': 0.7, 'top_p': 0.9, 'top_k': None, 'seed': 42, 'quantization': 'Q4_K_M'}"
39e959b144273b68ae883f357ede930fbe304e2b1d475f4213543bf4663ace0f,unimoral_012,P2_incentive_pressure,gemma4:12b,version_j,p0_default,True,0,"{'model_name': 'gemma4:12b', 'temperature': 0.7, 'top_p': 0.9, 'top_k': None, 'seed': 42, 'quantization': 'Q4_K_M'}"
ff57d4856c1e47ff7fea7c400bb63fbe0f66cf00b125668c2d4bf7ec33b324a1,unimoral_012,C3_social_neutral,gemma4:12b,version_j,p0_default,False,0,"{'model_name': 'gemma4:12b', 'temperature': 0.7, 'top_p': 0.9, 'top_k': None, 'seed': 42, 'quantization': 'Q4_K_M'}"
f7a030b859c06f50acccb25c0ccb84ac129aab4053938e8edfbb3487c7b47d4f,unimoral_012,C3_social_neutral,gemma4:12b,version_j,p0_default,True,0,"{'model_name': 'gemma4:12b', 'temperature': 0.7, 'top_p': 0.9, 'top_k': None, 'seed': 42, 'quantization': 'Q4_K_M'}"
96d4d5dd183233e330629255acd0d9365ddd1695927bfe7e34f2238fdb1d2c62,unimoral_012,P3_social_pressure,gemma4:12b,version_j,p0_default,False,0,"{'model_name': 'gemma4:12b', 'temperature': 0.7, 'top_p': 0.9, 'top_k': None, 'seed': 42, 'quantization': 'Q4_K_M'}"
5414f9022daa759ba5fb265ed7fc52937e9ae47cba7ab8fa7d9b5dd862610588,unimoral_012,P3_social_pressure,gemma4:12b,version_j,p0_default,True,0,"{'model_name': 'gemma4:12b', 'temperature': 0.7, 'top_p': 0.9, 'top_k': None, 'seed': 42, 'quantization': 'Q4_K_M'}"
22324aa41aff43c81c455b86c51c9a569443599335d72dc22dfe3044b84333ee,unimoral_012,C4_metric_neutral,gemma4:12b,version_j,p0_default,False,0,"{'model_name': 'gemma4:12b', 'temperature': 0.7, 'top_p': 0.9, 'top_k': None, 'seed': 42, 'quantization': 'Q4_K_M'}"
23becfe1f15e32a76c75f0ef45de37c3753d7f7f5f7b1c595ff3a96c3ef16475,unimoral_012,C4_metric_neutral,gemma4:12b,version_j,p0_default,True,0,"{'model_name': 'gemma4:12b', 'temperature': 0.7, 'top_p': 0.9, 'top_k': None, 'seed': 42, 'quantization': 'Q4_K_M'}"
051d75bfed0cccaad66bf46ab66500b05da9ae224984e863ffd8cc36e10e362e,unimoral_012,P4_metric_pressure,gemma4:12b,version_j,p0_default,False,0,"{'model_name': 'gemma4:12b', 'temperature': 0.7, 'top_p': 0.9, 'top_k': None, 'seed': 42, 'quantization': 'Q4_K_M'}"
e375a2f287dbd33b5cfac783a78b0a9b1bc790b845f0c509a78a60541f30f7d7,unimoral_012,P4_metric_pressure,gemma4:12b,version_j,p0_default,True,0,"{'model_name': 'gemma4:12b', 'temperature': 0.7, 'top_p': 0.9, 'top_k': None, 'seed': 42, 'quantization': 'Q4_K_M'}"
0211a2431de6004e405f2e8b125f3b73b806732d36e59943eee58d634d63e71a,unimoral_013,B0_stripped_baseline,gemma4:12b,version_j,p0_default,False,0,"{'model_name': 'gemma4:12b', 'temperature': 0.7, 'top_p': 0.9, 'top_k': None, 'seed': 42, 'quantization': 'Q4_K_M'}"
0fbda0cb7480f6a330b1f19f919c7a525706af5ab726596e7b7609d62980e511,unimoral_013,B0_stripped_baseline,gemma4:12b,version_j,p0_default,True,0,"{'model_name': 'gemma4:12b', 'temperature': 0.7, 'top_p': 0.9, 'top_k': None, 'seed': 42, 'quantization': 'Q4_K_M'}"
889e25c9877e5d92ab3c0a5df732d102bdeb581be4e2bab791b35dc8bed6ff73,unimoral_013,C1_authority_neutral,gemma4:12b,version_j,p0_default,False,0,"{'model_name': 'gemma4:12b', 'temperature': 0.7, 'top_p': 0.9, 'top_k': None, 'seed': 42, 'quantization': 'Q4_K_M'}"
82a783450d9382861915a3253dccdf79876e7af773354a89be0fec3e8f543d9f,unimoral_013,C1_authority_neutral,gemma4:12b,version_j,p0_default,True,0,"{'model_name': 'gemma4:12b', 'temperature': 0.7, 'top_p': 0.9, 'top_k': None, 'seed': 42, 'quantization': 'Q4_K_M'}"
ff8fd0c7fa1ee22a342b9a690ecc82807a1d85044bc423313535ec863f610315,unimoral_013,P1_authority_pressure,gemma4:12b,version_j,p0_default,False,0,"{'model_name': 'gemma4:12b', 'temperature': 0.7, 'top_p': 0.9, 'top_k': None, 'seed': 42, 'quantization': 'Q4_K_M'}"
33aaf2fa4fd6a00fcfd5e822db273a4c5c7069211b8ad60c40d5ea8da91fe146,unimoral_013,P1_authority_pressure,gemma4:12b,version_j,p0_default,True,0,"{'model_name': 'gemma4:12b', 'temperature': 0.7, 'top_p': 0.9, 'top_k': None, 'seed': 42, 'quantization': 'Q4_K_M'}"
1b2dbdcc103c17c7c33d14360342a3ea87334b43e520d148bf0b17c0e6591217,unimoral_013,C2_incentive_neutral,gemma4:12b,version_j,p0_default,False,0,"{'model_name': 'gemma4:12b', 'temperature': 0.7, 'top_p': 0.9, 'top_k': None, 'seed': 42, 'quantization': 'Q4_K_M'}"
3da766d2c16a511ad80a78c1cf729da3b3cc0b3c6cccfecea038f5afc42bbb85,unimoral_013,C2_incentive_neutral,gemma4:12b,version_j,p0_default,True,0,"{'model_name': 'gemma4:12b', 'temperature': 0.7, 'top_p': 0.9, 'top_k': None, 'seed': 42, 'quantization': 'Q4_K_M'}"
e33f4ea3fc1f417495421d683f0223d624fda43cca128bd62c54d8df1b1c853c,unimoral_013,P2_incentive_pressure,gemma4:12b,version_j,p0_default,False,0,"{'model_name': 'gemma4:12b', 'temperature': 0.7, 'top_p': 0.9, 'top_k': None, 'seed': 42, 'quantization': 'Q4_K_M'}"
9fc14d633bf8700b8ff2a6614d2e5c5d464057e3e9bc47b6d87bfc6850ee6134,unimoral_013,P2_incentive_pressure,gemma4:12b,version_j,p0_default,True,0,"{'model_name': 'gemma4:12b', 'temperature': 0.7, 'top_p': 0.9, 'top_k': None, 'seed': 42, 'quantization': 'Q4_K_M'}"
3a374f77309ebf3de26876fd47bcf973b440a84bc605e91c4c0b0b5630c2e4a9,unimoral_013,C3_social_neutral,gemma4:12b,version_j,p0_default,False,0,"{'model_name': 'gemma4:12b', 'temperature': 0.7, 'top_p': 0.9, 'top_k': None, 'seed': 42, 'quantization': 'Q4_K_M'}"
c8cb7607e2ad6dab75608303a89415f781131ee863b098e2a2a54c88669762ec,unimoral_013,C3_social_neutral,gemma4:12b,version_j,p0_default,True,0,"{'model_name': 'gemma4:12b', 'temperature': 0.7, 'top_p': 0.9, 'top_k': None, 'seed': 42, 'quantization': 'Q4_K_M'}"
d63ca475b0b8b036bd5bf4ebc64bb1b57e23e936a6a43adee384380e69362635,unimoral_013,P3_social_pressure,gemma4:12b,version_j,p0_default,False,0,"{'model_name': 'gemma4:12b', 'temperature': 0.7, 'top_p': 0.9, 'top_k': None, 'seed': 42, 'quantization': 'Q4_K_M'}"
19d4a76541ce42f90b177df4b3b248e69140b730083480e28c8abfbb1148d1d7,unimoral_013,P3_social_pressure,gemma4:12b,version_j,p0_default,True,0,"{'model_name': 'gemma4:12b', 'temperature': 0.7, 'top_p': 0.9, 'top_k': None, 'seed': 42, 'quantization': 'Q4_K_M'}"
7daa94508c1f29f9e1c2b9f49c2c16d846cc585a75474dccd2faad6c918259c6,unimoral_013,C4_metric_neutral,gemma4:12b,version_j,p0_default,False,0,"{'model_name': 'gemma4:12b', 'temperature': 0.7, 'top_p': 0.9, 'top_k': None, 'seed': 42, 'quantization': 'Q4_K_M'}"
86e8fa7c467c3ebc8d6b1f8b52ebf5702f283b1155823263d65e2d47eb3e4396,unimoral_013,C4_metric_neutral,gemma4:12b,version_j,p0_default,True,0,"{'model_name': 'gemma4:12b', 'temperature': 0.7, 'top_p': 0.9, 'top_k': None, 'seed': 42, 'quantization': 'Q4_K_M'}"
31ac19bc06b349cd3b14cf995486066c7d2fd415845fbf33529a26ace495f131,unimoral_013,P4_metric_pressure,gemma4:12b,version_j,p0_default,False,0,"{'model_name': 'gemma4:12b', 'temperature': 0.7, 'top_p': 0.9, 'top_k': None, 'seed': 42, 'quantization': 'Q4_K_M'}"
4e41e135675573bd1be5681576ce0d8b36d02a800d90e4879cc03136dbf2b6cd,unimoral_013,P4_metric_pressure,gemma4:12b,version_j,p0_default,True,0,"{'model_name': 'gemma4:12b', 'temperature': 0.7, 'top_p': 0.9, 'top_k': None, 'seed': 42, 'quantization': 'Q4_K_M'}"
9a2ccf63369718d5e22c06a264a3e8c41efe3a9c70cbae7a8d96b47e67f8f743,unimoral_014,B0_stripped_baseline,gemma4:12b,version_j,p0_default,False,0,"{'model_name': 'gemma4:12b', 'temperature': 0.7, 'top_p': 0.9, 'top_k': None, 'seed': 42, 'quantization': 'Q4_K_M'}"
93c99735da20d54960d3056b47a9162b954db82d678b888f83515419857c5d7f,unimoral_014,B0_stripped_baseline,gemma4:12b,version_j,p0_default,True,0,"{'model_name': 'gemma4:12b', 'temperature': 0.7, 'top_p': 0.9, 'top_k': None, 'seed': 42, 'quantization': 'Q4_K_M'}"
ec082e39619325a14ff2bd4cbb98ceabeff1d32f85e7cd37e743d5cf00be0a1d,unimoral_014,C1_authority_neutral,gemma4:12b,version_j,p0_default,False,0,"{'model_name': 'gemma4:12b', 'temperature': 0.7, 'top_p': 0.9, 'top_k': None, 'seed': 42, 'quantization': 'Q4_K_M'}"
7aa1bd24708a2a1ff4fe397ee0ef1eabd6b0822ff4c7e96934e43830ceee2b58,unimoral_014,C1_authority_neutral,gemma4:12b,version_j,p0_default,True,0,"{'model_name': 'gemma4:12b', 'temperature': 0.7, 'top_p': 0.9, 'top_k': None, 'seed': 42, 'quantization': 'Q4_K_M'}"
ebf912ad580cda07f131c080bb81a945d746609c60ec492dabbe903a64631dc3,unimoral_014,P1_authority_pressure,gemma4:12b,version_j,p0_default,False,0,"{'model_name': 'gemma4:12b', 'temperature': 0.7, 'top_p': 0.9, 'top_k': None, 'seed': 42, 'quantization': 'Q4_K_M'}"
dcbb117706ef15a11602733e77a86977826496d1760c2ac25666ce8ce37bbf10,unimoral_014,P1_authority_pressure,gemma4:12b,version_j,p0_default,True,0,"{'model_name': 'gemma4:12b', 'temperature': 0.7, 'top_p': 0.9, 'top_k': None, 'seed': 42, 'quantization': 'Q4_K_M'}"
1c09be40d8ee2a880a48ca6812e99ba8a97cbd8997dabf5de498f184fcfacf5e,unimoral_014,C2_incentive_neutral,gemma4:12b,version_j,p0_default,False,0,"{'model_name': 'gemma4:12b', 'temperature': 0.7, 'top_p': 0.9, 'top_k': None, 'seed': 42, 'quantization': 'Q4_K_M'}"
b4948cbc0291fc9d3b28d32203c3e09b3e1a18fd140474ed120d6be194fb7c33,unimoral_014,C2_incentive_neutral,gemma4:12b,version_j,p0_default,True,0,"{'model_name': 'gemma4:12b', 'temperature': 0.7, 'top_p': 0.9, 'top_k': None, 'seed': 42, 'quantization': 'Q4_K_M'}"
5c7b6955e5e38327001ccbb418a8522cf09831b4b3169837ca4f539445b7b527,unimoral_014,P2_incentive_pressure,gemma4:12b,version_j,p0_default,False,0,"{'model_name': 'gemma4:12b', 'temperature': 0.7, 'top_p': 0.9, 'top_k': None, 'seed': 42, 'quantization': 'Q4_K_M'}"
e338404a693550d253e91766a0c30d89b026c017a4d7ea6a7a21de4bac58c721,unimoral_014,P2_incentive_pressure,gemma4:12b,version_j,p0_default,True,0,"{'model_name': 'gemma4:12b', 'temperature': 0.7, 'top_p': 0.9, 'top_k': None, 'seed': 42, 'quantization': 'Q4_K_M'}"
9b533e5cbc5806d59ffed9aa031c326054babed4623dea72947484b1ad1ee86e,unimoral_014,C3_social_neutral,gemma4:12b,version_j,p0_default,False,0,"{'model_name': 'gemma4:12b', 'temperature': 0.7, 'top_p': 0.9, 'top_k': None, 'seed': 42, 'quantization': 'Q4_K_M'}"
06ed6c89bcbe9ceb2982282f50a91dc2b1371fecaa6e5085ba671b5ae5e292a1,unimoral_014,C3_social_neutral,gemma4:12b,version_j,p0_default,True,0,"{'model_name': 'gemma4:12b', 'temperature': 0.7, 'top_p': 0.9, 'top_k': None, 'seed': 42, 'quantization': 'Q4_K_M'}"
b8ada0664ed0aa635ab964d9b5e34fe8b1930ac7a04dbcb0333f9c3a282b2d19,unimoral_014,P3_social_pressure,gemma4:12b,version_j,p0_default,False,0,"{'model_name': 'gemma4:12b', 'temperature': 0.7, 'top_p': 0.9, 'top_k': None, 'seed': 42, 'quantization': 'Q4_K_M'}"
882abb51e2a6fd58fcf4ee1f48228273eb98ff1819c6352fa567f278f252ec12,unimoral_014,P3_social_pressure,gemma4:12b,version_j,p0_default,True,0,"{'model_name': 'gemma4:12b', 'temperature': 0.7, 'top_p': 0.9, 'top_k': None, 'seed': 42, 'quantization': 'Q4_K_M'}"
04e39564dfc01c8fffb6f9342bb1e65f62eea961c6f3fe33e70f0b51d5dac123,unimoral_014,C4_metric_neutral,gemma4:12b,version_j,p0_default,False,0,"{'model_name': 'gemma4:12b', 'temperature': 0.7, 'top_p': 0.9, 'top_k': None, 'seed': 42, 'quantization': 'Q4_K_M'}"
704db65d1674b12b03874f6c0907d3216b8aeaa24bd72d646609672e58bc73a7,unimoral_014,C4_metric_neutral,gemma4:12b,version_j,p0_default,True,0,"{'model_name': 'gemma4:12b', 'temperature': 0.7, 'top_p': 0.9, 'top_k': None, 'seed': 42, 'quantization': 'Q4_K_M'}"
1935be230194c7ef2d1765cca61a15daeec2b1bfa664b70274930972c7ab68d4,unimoral_014,P4_metric_pressure,gemma4:12b,version_j,p0_default,False,0,"{'model_name': 'gemma4:12b', 'temperature': 0.7, 'top_p': 0.9, 'top_k': None, 'seed': 42, 'quantization': 'Q4_K_M'}"
f10b9e3e7197fa366db19825152228e5b8e21d3c8cbb5cba5ae41fa57ad62897,unimoral_014,P4_metric_pressure,gemma4:12b,version_j,p0_default,True,0,"{'model_name': 'gemma4:12b', 'temperature': 0.7, 'top_p': 0.9, 'top_k': None, 'seed': 42, 'quantization': 'Q4_K_M'}"
67a528ae609b9765bd4a3af0a26486a9e30dee94ea8bdcc17eb80bb13f96541f,unimoral_015,B0_stripped_baseline,gemma4:12b,version_j,p0_default,False,0,"{'model_name': 'gemma4:12b', 'temperature': 0.7, 'top_p': 0.9, 'top_k': None, 'seed': 42, 'quantization': 'Q4_K_M'}"
f21ebc2053ec2d289f0575fb29544bc53de71c1ae1d96e1877ce2918db15a11e,unimoral_015,B0_stripped_baseline,gemma4:12b,version_j,p0_default,True,0,"{'model_name': 'gemma4:12b', 'temperature': 0.7, 'top_p': 0.9, 'top_k': None, 'seed': 42, 'quantization': 'Q4_K_M'}"
c8c27b9500911d5d8ac011a9a289a8142aa4568c60979b9c8ccbfee219a6c3a8,unimoral_015,C1_authority_neutral,gemma4:12b,version_j,p0_default,False,0,"{'model_name': 'gemma4:12b', 'temperature': 0.7, 'top_p': 0.9, 'top_k': None, 'seed': 42, 'quantization': 'Q4_K_M'}"
ff9ff84bbceeab6884a18279a5790ab2cc1e947447f58b3926e12f4bcca614c3,unimoral_015,C1_authority_neutral,gemma4:12b,version_j,p0_default,True,0,"{'model_name': 'gemma4:12b', 'temperature': 0.7, 'top_p': 0.9, 'top_k': None, 'seed': 42, 'quantization': 'Q4_K_M'}"
b65ed98de643adc4f392fd81a215c65ac204ea50c96c5101a263db2073a07fe4,unimoral_015,P1_authority_pressure,gemma4:12b,version_j,p0_default,False,0,"{'model_name': 'gemma4:12b', 'temperature': 0.7, 'top_p': 0.9, 'top_k': None, 'seed': 42, 'quantization': 'Q4_K_M'}"
ff010f648d142e53e6de412630f05060d69373861dd34744fef5d1b4c761a1e8,unimoral_015,P1_authority_pressure,gemma4:12b,version_j,p0_default,True,0,"{'model_name': 'gemma4:12b', 'temperature': 0.7, 'top_p': 0.9, 'top_k': None, 'seed': 42, 'quantization': 'Q4_K_M'}"
b969218b7ba22e2a60d0e987b446f256b04e6acc4eff0f8b730405ac3f91339b,unimoral_015,C2_incentive_neutral,gemma4:12b,version_j,p0_default,False,0,"{'model_name': 'gemma4:12b', 'temperature': 0.7, 'top_p': 0.9, 'top_k': None, 'seed': 42, 'quantization': 'Q4_K_M'}"
640950a35d8f0ff57f08b3512e05c4b02eda0610330c1be060bdcec5052451a5,unimoral_015,C2_incentive_neutral,gemma4:12b,version_j,p0_default,True,0,"{'model_name': 'gemma4:12b', 'temperature': 0.7, 'top_p': 0.9, 'top_k': None, 'seed': 42, 'quantization': 'Q4_K_M'}"
42da1881deed9377c85f212eae94cab7ac1b4aad6f0c19f6079602bf82566550,unimoral_015,P2_incentive_pressure,gemma4:12b,version_j,p0_default,False,0,"{'model_name': 'gemma4:12b', 'temperature': 0.7, 'top_p': 0.9, 'top_k': None, 'seed': 42, 'quantization': 'Q4_K_M'}"
b87cd8b908ce36a6a47df96ac8e162be02b3ee5939f7ec83af4c9f90ab59c87a,unimoral_015,P2_incentive_pressure,gemma4:12b,version_j,p0_default,True,0,"{'model_name': 'gemma4:12b', 'temperature': 0.7, 'top_p': 0.9, 'top_k': None, 'seed': 42, 'quantization': 'Q4_K_M'}"
21bca13fe3f02e7bfef5d4fe6efa49934382854a91aba56f30c6c1dd4ef2f431,unimoral_015,C3_social_neutral,gemma4:12b,version_j,p0_default,False,0,"{'model_name': 'gemma4:12b', 'temperature': 0.7, 'top_p': 0.9, 'top_k': None, 'seed': 42, 'quantization': 'Q4_K_M'}"
d26c74baf6ec6527c5ca12a62ff87c3e8c9b304a45f40491805a82f105ff3508,unimoral_015,C3_social_neutral,gemma4:12b,version_j,p0_default,True,0,"{'model_name': 'gemma4:12b', 'temperature': 0.7, 'top_p': 0.9, 'top_k': None, 'seed': 42, 'quantization': 'Q4_K_M'}"
ff9defb7ba75b9fe29a479a04df498dde47ea9590834a39cb0aab2d0163087e7,unimoral_015,P3_social_pressure,gemma4:12b,version_j,p0_default,False,0,"{'model_name': 'gemma4:12b', 'temperature': 0.7, 'top_p': 0.9, 'top_k': None, 'seed': 42, 'quantization': 'Q4_K_M'}"
fa1cadec3461b143e221e210fb61ed3ae8df926e278a6ac9e6c43dcf30ca6354,unimoral_015,P3_social_pressure,gemma4:12b,version_j,p0_default,True,0,"{'model_name': 'gemma4:12b', 'temperature': 0.7, 'top_p': 0.9, 'top_k': None, 'seed': 42, 'quantization': 'Q4_K_M'}"
8dd45b86a19028bfd00e44586ad962e3c05b51b31f462e96b410e89d34a1a395,unimoral_015,C4_metric_neutral,gemma4:12b,version_j,p0_default,False,0,"{'model_name': 'gemma4:12b', 'temperature': 0.7, 'top_p': 0.9, 'top_k': None, 'seed': 42, 'quantization': 'Q4_K_M'}"
a8a1404525a84a4037a166cf75965fcfa1cd1de594fe347f96efebaba90a8fa6,unimoral_015,C4_metric_neutral,gemma4:12b,version_j,p0_default,True,0,"{'model_name': 'gemma4:12b', 'temperature': 0.7, 'top_p': 0.9, 'top_k': None, 'seed': 42, 'quantization': 'Q4_K_M'}"
3c9c7828ebfa855061ad240a83fbd591848a380c7f08cdf5f58900b16b1c320b,unimoral_015,P4_metric_pressure,gemma4:12b,version_j,p0_default,False,0,"{'model_name': 'gemma4:12b', 'temperature': 0.7, 'top_p': 0.9, 'top_k': None, 'seed': 42, 'quantization': 'Q4_K_M'}"
8638bc2b32b1750c0aa62518930c4cbd22b1760816703d9ad16bad7783533498,unimoral_015,P4_metric_pressure,gemma4:12b,version_j,p0_default,True,0,"{'model_name': 'gemma4:12b', 'temperature': 0.7, 'top_p': 0.9, 'top_k': None, 'seed': 42, 'quantization': 'Q4_K_M'}"
e4bc15affd903f7135c645b6fdebcc2ce47c8430cdd3acf862acd74312ae906c,unimoral_016,B0_stripped_baseline,gemma4:12b,version_j,p0_default,False,0,"{'model_name': 'gemma4:12b', 'temperature': 0.7, 'top_p': 0.9, 'top_k': None, 'seed': 42, 'quantization': 'Q4_K_M'}"
bdcb5201030575029dd8950fe2cc0c5c048967bc90a9762ced6caa25f8fc01a2,unimoral_016,B0_stripped_baseline,gemma4:12b,version_j,p0_default,True,0,"{'model_name': 'gemma4:12b', 'temperature': 0.7, 'top_p': 0.9, 'top_k': None, 'seed': 42, 'quantization': 'Q4_K_M'}"
2cd5dae32529f354e061ccfa4f7e289112c97c653b7be0fca2f7b9d22f285ee7,unimoral_016,C1_authority_neutral,gemma4:12b,version_j,p0_default,False,0,"{'model_name': 'gemma4:12b', 'temperature': 0.7, 'top_p': 0.9, 'top_k': None, 'seed': 42, 'quantization': 'Q4_K_M'}"
b39e2b31de388f3781cb53525ecf557672a819dd472c57e96d9a46eaefebf6cc,unimoral_016,C1_authority_neutral,gemma4:12b,version_j,p0_default,True,0,"{'model_name': 'gemma4:12b', 'temperature': 0.7, 'top_p': 0.9, 'top_k': None, 'seed': 42, 'quantization': 'Q4_K_M'}"
f23fe33f1a05bc41b5a2e70e12778cdd9326181abfc1ff18680295d8b2329d9e,unimoral_016,P1_authority_pressure,gemma4:12b,version_j,p0_default,False,0,"{'model_name': 'gemma4:12b', 'temperature': 0.7, 'top_p': 0.9, 'top_k': None, 'seed': 42, 'quantization': 'Q4_K_M'}"
c33a4a9dbb10729450bdc90442414a1abd159e6f6b6616c3a7abf9e77c55d4cb,unimoral_016,P1_authority_pressure,gemma4:12b,version_j,p0_default,True,0,"{'model_name': 'gemma4:12b', 'temperature': 0.7, 'top_p': 0.9, 'top_k': None, 'seed': 42, 'quantization': 'Q4_K_M'}"
0e7f2e54270ba4a72a1aeaa5b886b0b5d216cb78ebeb854b2bec95f8415d012c,unimoral_016,C2_incentive_neutral,gemma4:12b,version_j,p0_default,False,0,"{'model_name': 'gemma4:12b', 'temperature': 0.7, 'top_p': 0.9, 'top_k': None, 'seed': 42, 'quantization': 'Q4_K_M'}"
1619808203c37f49abae934abaf2c7cd4802e7f1bf57c80ede8982d74483cdfe,unimoral_016,C2_incentive_neutral,gemma4:12b,version_j,p0_default,True,0,"{'model_name': 'gemma4:12b', 'temperature': 0.7, 'top_p': 0.9, 'top_k': None, 'seed': 42, 'quantization': 'Q4_K_M'}"
6a35dd0b0c97f869ff98eaf50da67dd2bd7ec23adb622d77692cd563f78c8259,unimoral_016,P2_incentive_pressure,gemma4:12b,version_j,p0_default,False,0,"{'model_name': 'gemma4:12b', 'temperature': 0.7, 'top_p': 0.9, 'top_k': None, 'seed': 42, 'quantization': 'Q4_K_M'}"
9142c5fe9b5a0d95fe0b67fd1a848d6624d79f5e9fa7f231a46b958f8692a940,unimoral_016,P2_incentive_pressure,gemma4:12b,version_j,p0_default,True,0,"{'model_name': 'gemma4:12b', 'temperature': 0.7, 'top_p': 0.9, 'top_k': None, 'seed': 42, 'quantization': 'Q4_K_M'}"
4c65f3c7d90e78a75adefc4e5146cfbf7923b56aeb456f636f4a99141585f8ac,unimoral_016,C3_social_neutral,gemma4:12b,version_j,p0_default,False,0,"{'model_name': 'gemma4:12b', 'temperature': 0.7, 'top_p': 0.9, 'top_k': None, 'seed': 42, 'quantization': 'Q4_K_M'}"
93f5216ab1843624bd01c75c8a43248dfaafc860492ddd4f5c64a5d1fb57bb5b,unimoral_016,C3_social_neutral,gemma4:12b,version_j,p0_default,True,0,"{'model_name': 'gemma4:12b', 'temperature': 0.7, 'top_p': 0.9, 'top_k': None, 'seed': 42, 'quantization': 'Q4_K_M'}"
31992cca2a404273646e258311431afa119dbf7494cd2762ebd2d4598311d675,unimoral_016,P3_social_pressure,gemma4:12b,version_j,p0_default,False,0,"{'model_name': 'gemma4:12b', 'temperature': 0.7, 'top_p': 0.9, 'top_k': None, 'seed': 42, 'quantization': 'Q4_K_M'}"
f6742b6a1fd82b60c05325951bcdcc562a4a88fee5483b6ffbe460501bb4dbc7,unimoral_016,P3_social_pressure,gemma4:12b,version_j,p0_default,True,0,"{'model_name': 'gemma4:12b', 'temperature': 0.7, 'top_p': 0.9, 'top_k': None, 'seed': 42, 'quantization': 'Q4_K_M'}"
e23d4c82de511dd26054acf8e0b61356375b2412088e4dc2fbcb92dba4e783a3,unimoral_016,C4_metric_neutral,gemma4:12b,version_j,p0_default,False,0,"{'model_name': 'gemma4:12b', 'temperature': 0.7, 'top_p': 0.9, 'top_k': None, 'seed': 42, 'quantization': 'Q4_K_M'}"
c3c68cd2a8301ce975f419f23b4f7260d8f650e928316d1e6e0de00844ad6a2a,unimoral_016,C4_metric_neutral,gemma4:12b,version_j,p0_default,True,0,"{'model_name': 'gemma4:12b', 'temperature': 0.7, 'top_p': 0.9, 'top_k': None, 'seed': 42, 'quantization': 'Q4_K_M'}"
8f5cf76a0aa2c018d08acffde3ee69f2d872a7c6fdb650d8c1d5be919eb69d17,unimoral_016,P4_metric_pressure,gemma4:12b,version_j,p0_default,False,0,"{'model_name': 'gemma4:12b', 'temperature': 0.7, 'top_p': 0.9, 'top_k': None, 'seed': 42, 'quantization': 'Q4_K_M'}"
502ffd9d8246f4c02a43ac3cc4d9a408e93cdbba35307cc650a990147aa13333,unimoral_016,P4_metric_pressure,gemma4:12b,version_j,p0_default,True,0,"{'model_name': 'gemma4:12b', 'temperature': 0.7, 'top_p': 0.9, 'top_k': None, 'seed': 42, 'quantization': 'Q4_K_M'}"
ed0a7fefcefb98184e0cc2f72ed89825588951016770afbe3e59c4aab755e7ec,unimoral_017,B0_stripped_baseline,gemma4:12b,version_j,p0_default,False,0,"{'model_name': 'gemma4:12b', 'temperature': 0.7, 'top_p': 0.9, 'top_k': None, 'seed': 42, 'quantization': 'Q4_K_M'}"
f2886152cb56ad321456ccd641e2f766698c1e6dc9eb43386c9a639b0ef3869e,unimoral_017,B0_stripped_baseline,gemma4:12b,version_j,p0_default,True,0,"{'model_name': 'gemma4:12b', 'temperature': 0.7, 'top_p': 0.9, 'top_k': None, 'seed': 42, 'quantization': 'Q4_K_M'}"
3fdc9660220f3cfd2ff382ddef45acdbf97ac0454fcd18e0015f410099d6c1d1,unimoral_017,C1_authority_neutral,gemma4:12b,version_j,p0_default,False,0,"{'model_name': 'gemma4:12b', 'temperature': 0.7, 'top_p': 0.9, 'top_k': None, 'seed': 42, 'quantization': 'Q4_K_M'}"
06bc03e9b994b4cfaa97e190aac2c3024ff087f375bbf952319fd05ef6dbcca2,unimoral_017,C1_authority_neutral,gemma4:12b,version_j,p0_default,True,0,"{'model_name': 'gemma4:12b', 'temperature': 0.7, 'top_p': 0.9, 'top_k': None, 'seed': 42, 'quantization': 'Q4_K_M'}"
108b582b934a122e97d4e1097a535e890d383695171f81b6fde54d89401e0f25,unimoral_017,P1_authority_pressure,gemma4:12b,version_j,p0_default,False,0,"{'model_name': 'gemma4:12b', 'temperature': 0.7, 'top_p': 0.9, 'top_k': None, 'seed': 42, 'quantization': 'Q4_K_M'}"
16086fcd89726e7daaf151ebdbfa4f7e428d2ba406cb19d50930f589fb05b0c1,unimoral_017,P1_authority_pressure,gemma4:12b,version_j,p0_default,True,0,"{'model_name': 'gemma4:12b', 'temperature': 0.7, 'top_p': 0.9, 'top_k': None, 'seed': 42, 'quantization': 'Q4_K_M'}"
8cb8eea8b84bb938ae657e3cb4864e47024b820125343a46ff2b95f440a002d5,unimoral_017,C2_incentive_neutral,gemma4:12b,version_j,p0_default,False,0,"{'model_name': 'gemma4:12b', 'temperature': 0.7, 'top_p': 0.9, 'top_k': None, 'seed': 42, 'quantization': 'Q4_K_M'}"
74a900559f0c8bc99d8b52a891520dbf1a03e5b5dd1bd6fe3749adb076de77ab,unimoral_017,C2_incentive_neutral,gemma4:12b,version_j,p0_default,True,0,"{'model_name': 'gemma4:12b', 'temperature': 0.7, 'top_p': 0.9, 'top_k': None, 'seed': 42, 'quantization': 'Q4_K_M'}"
6f795802e4e626e7af23165527b3d691b17aad87c8ff4dffc1cbb27a962927e4,unimoral_017,P2_incentive_pressure,gemma4:12b,version_j,p0_default,False,0,"{'model_name': 'gemma4:12b', 'temperature': 0.7, 'top_p': 0.9, 'top_k': None, 'seed': 42, 'quantization': 'Q4_K_M'}"
aef146bf49ab65c54b6ecc62448d5498eb7be92820f65040933b3356731f18a7,unimoral_017,P2_incentive_pressure,gemma4:12b,version_j,p0_default,True,0,"{'model_name': 'gemma4:12b', 'temperature': 0.7, 'top_p': 0.9, 'top_k': None, 'seed': 42, 'quantization': 'Q4_K_M'}"
78fab8dcfa2902f83b1da833552fe3ce54301c51a66a4cedbec3103d4bac0766,unimoral_017,C3_social_neutral,gemma4:12b,version_j,p0_default,False,0,"{'model_name': 'gemma4:12b', 'temperature': 0.7, 'top_p': 0.9, 'top_k': None, 'seed': 42, 'quantization': 'Q4_K_M'}"
637c4d04c2856d9eefe07d0d3507a02bf45dc4b61cacdef77c7027415e4617a7,unimoral_017,C3_social_neutral,gemma4:12b,version_j,p0_default,True,0,"{'model_name': 'gemma4:12b', 'temperature': 0.7, 'top_p': 0.9, 'top_k': None, 'seed': 42, 'quantization': 'Q4_K_M'}"
d645ebdbbabb179cc686df250c2704c953173ae307aa17d96bb8883983f59b85,unimoral_017,P3_social_pressure,gemma4:12b,version_j,p0_default,False,0,"{'model_name': 'gemma4:12b', 'temperature': 0.7, 'top_p': 0.9, 'top_k': None, 'seed': 42, 'quantization': 'Q4_K_M'}"
772a833f4a822a6c3a8f07e666703d9c899078fdff3f3bedb91b6f5b5120e736,unimoral_017,P3_social_pressure,gemma4:12b,version_j,p0_default,True,0,"{'model_name': 'gemma4:12b', 'temperature': 0.7, 'top_p': 0.9, 'top_k': None, 'seed': 42, 'quantization': 'Q4_K_M'}"
6afa2329862870dea6f48e7bf3515923c12233287c42c1b718801ee093dab0dd,unimoral_017,C4_metric_neutral,gemma4:12b,version_j,p0_default,False,0,"{'model_name': 'gemma4:12b', 'temperature': 0.7, 'top_p': 0.9, 'top_k': None, 'seed': 42, 'quantization': 'Q4_K_M'}"
19bd1fa282106c344483a72f4e4103a36c721145927e6ae21113b4b1679b4475,unimoral_017,C4_metric_neutral,gemma4:12b,version_j,p0_default,True,0,"{'model_name': 'gemma4:12b', 'temperature': 0.7, 'top_p': 0.9, 'top_k': None, 'seed': 42, 'quantization': 'Q4_K_M'}"
8b517323f9b3edcda02ebd62de2e648654263a49ff7dda84dca17084ad059a5f,unimoral_017,P4_metric_pressure,gemma4:12b,version_j,p0_default,False,0,"{'model_name': 'gemma4:12b', 'temperature': 0.7, 'top_p': 0.9, 'top_k': None, 'seed': 42, 'quantization': 'Q4_K_M'}"
ac2796a8690410abbf74a930b4737dc2ed5460d1951483e261e6b9a0a2f2121d,unimoral_017,P4_metric_pressure,gemma4:12b,version_j,p0_default,True,0,"{'model_name': 'gemma4:12b', 'temperature': 0.7, 'top_p': 0.9, 'top_k': None, 'seed': 42, 'quantization': 'Q4_K_M'}"
b4c1b0d9c687f61a0d27034facb7b5a859260accdf6a9f724702e14e842a569d,unimoral_018,B0_stripped_baseline,gemma4:12b,version_j,p0_default,False,0,"{'model_name': 'gemma4:12b', 'temperature': 0.7, 'top_p': 0.9, 'top_k': None, 'seed': 42, 'quantization': 'Q4_K_M'}"
782c7a412cfb897e9ca2d7569233fb5c07d0b8e029c114aba7057ed58f0f3ebf,unimoral_018,B0_stripped_baseline,gemma4:12b,version_j,p0_default,True,0,"{'model_name': 'gemma4:12b', 'temperature': 0.7, 'top_p': 0.9, 'top_k': None, 'seed': 42, 'quantization': 'Q4_K_M'}"
7335fc1a1e51b313605de1432917222283bbbb211a35618736cadf604a9e33d7,unimoral_018,C1_authority_neutral,gemma4:12b,version_j,p0_default,False,0,"{'model_name': 'gemma4:12b', 'temperature': 0.7, 'top_p': 0.9, 'top_k': None, 'seed': 42, 'quantization': 'Q4_K_M'}"
ba20044c74c4b6ac4014a74b2e60cf706437cb2aeb8f9520c3f893e1d975fd0f,unimoral_018,C1_authority_neutral,gemma4:12b,version_j,p0_default,True,0,"{'model_name': 'gemma4:12b', 'temperature': 0.7, 'top_p': 0.9, 'top_k': None, 'seed': 42, 'quantization': 'Q4_K_M'}"
798db7301113c4ae8eb9481d0b7a5eabdd552bffbc8a18af1e1660f141382a2a,unimoral_018,P1_authority_pressure,gemma4:12b,version_j,p0_default,False,0,"{'model_name': 'gemma4:12b', 'temperature': 0.7, 'top_p': 0.9, 'top_k': None, 'seed': 42, 'quantization': 'Q4_K_M'}"
3f36a6df2a141c9412123788cd83ff474e4a5545e6243ce148a86624401d6c54,unimoral_018,P1_authority_pressure,gemma4:12b,version_j,p0_default,True,0,"{'model_name': 'gemma4:12b', 'temperature': 0.7, 'top_p': 0.9, 'top_k': None, 'seed': 42, 'quantization': 'Q4_K_M'}"
2fcedb62224681883bb8d627595db46ecd429550f365999cf56e975102698154,unimoral_018,C2_incentive_neutral,gemma4:12b,version_j,p0_default,False,0,"{'model_name': 'gemma4:12b', 'temperature': 0.7, 'top_p': 0.9, 'top_k': None, 'seed': 42, 'quantization': 'Q4_K_M'}"
d92cba72fbcef6dd69d148e975aab0789f540d77767638b6543e455bddaff950,unimoral_018,C2_incentive_neutral,gemma4:12b,version_j,p0_default,True,0,"{'model_name': 'gemma4:12b', 'temperature': 0.7, 'top_p': 0.9, 'top_k': None, 'seed': 42, 'quantization': 'Q4_K_M'}"
f7e2048eb1f1738a07b99ae6e4694d951fe9796fffb69ab3898ff36faf8d6db5,unimoral_018,P2_incentive_pressure,gemma4:12b,version_j,p0_default,False,0,"{'model_name': 'gemma4:12b', 'temperature': 0.7, 'top_p': 0.9, 'top_k': None, 'seed': 42, 'quantization': 'Q4_K_M'}"
c1f258b2f9e0baa870e2b1f13e5598c86d8be8b52308a797d0a9ce993cf35c44,unimoral_018,P2_incentive_pressure,gemma4:12b,version_j,p0_default,True,0,"{'model_name': 'gemma4:12b', 'temperature': 0.7, 'top_p': 0.9, 'top_k': None, 'seed': 42, 'quantization': 'Q4_K_M'}"
fec1271ea506475fcfeee4a92445f149b508e3e5de0146e164eefde036ef99cc,unimoral_018,C3_social_neutral,gemma4:12b,version_j,p0_default,False,0,"{'model_name': 'gemma4:12b', 'temperature': 0.7, 'top_p': 0.9, 'top_k': None, 'seed': 42, 'quantization': 'Q4_K_M'}"
ec3f0c53bf5735a14a20c0c1180caba4d0eb3f7f2a7ace204a896587733afa41,unimoral_018,C3_social_neutral,gemma4:12b,version_j,p0_default,True,0,"{'model_name': 'gemma4:12b', 'temperature': 0.7, 'top_p': 0.9, 'top_k': None, 'seed': 42, 'quantization': 'Q4_K_M'}"
cc31d482d3e2faa56c378a6bcc80ebcda0c6aaf458620a580d614c3967292aec,unimoral_018,P3_social_pressure,gemma4:12b,version_j,p0_default,False,0,"{'model_name': 'gemma4:12b', 'temperature': 0.7, 'top_p': 0.9, 'top_k': None, 'seed': 42, 'quantization': 'Q4_K_M'}"
0edd9c5ab9087a39b04776447bb3bb01689a32806ade62048dfea4165ff2d9fd,unimoral_018,P3_social_pressure,gemma4:12b,version_j,p0_default,True,0,"{'model_name': 'gemma4:12b', 'temperature': 0.7, 'top_p': 0.9, 'top_k': None, 'seed': 42, 'quantization': 'Q4_K_M'}"
7fbf9aa40916283414b6b5712185319408163d4576ca87b51d60121bef0f255c,unimoral_018,C4_metric_neutral,gemma4:12b,version_j,p0_default,False,0,"{'model_name': 'gemma4:12b', 'temperature': 0.7, 'top_p': 0.9, 'top_k': None, 'seed': 42, 'quantization': 'Q4_K_M'}"
070e52a7be1e462f9503cbd2d02b77b3d087ac2aee688ce10bf70d8493d9c423,unimoral_018,C4_metric_neutral,gemma4:12b,version_j,p0_default,True,0,"{'model_name': 'gemma4:12b', 'temperature': 0.7, 'top_p': 0.9, 'top_k': None, 'seed': 42, 'quantization': 'Q4_K_M'}"
b61eab095abe9a5f1f25a190d33762299badee7739b0858250314a6803a67190,unimoral_018,P4_metric_pressure,gemma4:12b,version_j,p0_default,False,0,"{'model_name': 'gemma4:12b', 'temperature': 0.7, 'top_p': 0.9, 'top_k': None, 'seed': 42, 'quantization': 'Q4_K_M'}"
78b37fde911f3ec39f25defb8795c3435669177c657dd7a043223f0d476f45f7,unimoral_018,P4_metric_pressure,gemma4:12b,version_j,p0_default,True,0,"{'model_name': 'gemma4:12b', 'temperature': 0.7, 'top_p': 0.9, 'top_k': None, 'seed': 42, 'quantization': 'Q4_K_M'}"
fdc4a4ec632253021fc3489097be34d4834413be9855addb47bb4648b33d5f3c,unimoral_019,B0_stripped_baseline,gemma4:12b,version_j,p0_default,False,0,"{'model_name': 'gemma4:12b', 'temperature': 0.7, 'top_p': 0.9, 'top_k': None, 'seed': 42, 'quantization': 'Q4_K_M'}"
90c8539513345017e1a87d13b892965a30158757ae77dc9df3572c6cae13c06f,unimoral_019,B0_stripped_baseline,gemma4:12b,version_j,p0_default,True,0,"{'model_name': 'gemma4:12b', 'temperature': 0.7, 'top_p': 0.9, 'top_k': None, 'seed': 42, 'quantization': 'Q4_K_M'}"
9326a19dcfb169c476688cc0234d22102557f9653648d765e8fea95a0c08bb5d,unimoral_019,C1_authority_neutral,gemma4:12b,version_j,p0_default,False,0,"{'model_name': 'gemma4:12b', 'temperature': 0.7, 'top_p': 0.9, 'top_k': None, 'seed': 42, 'quantization': 'Q4_K_M'}"
c037acac0f9858310ad61d9618cbd3f409061b30b707519a4371b4de915411cc,unimoral_019,C1_authority_neutral,gemma4:12b,version_j,p0_default,True,0,"{'model_name': 'gemma4:12b', 'temperature': 0.7, 'top_p': 0.9, 'top_k': None, 'seed': 42, 'quantization': 'Q4_K_M'}"
59feaa5cd30c2a809892e2a6429ef414a4db324825f97ee3e426310a328dcd9f,unimoral_019,P1_authority_pressure,gemma4:12b,version_j,p0_default,False,0,"{'model_name': 'gemma4:12b', 'temperature': 0.7, 'top_p': 0.9, 'top_k': None, 'seed': 42, 'quantization': 'Q4_K_M'}"
2e1a2810488bdb77a5ffe2f5a6cd0d652be4b652aaca65e60b159e53fa569cf9,unimoral_019,P1_authority_pressure,gemma4:12b,version_j,p0_default,True,0,"{'model_name': 'gemma4:12b', 'temperature': 0.7, 'top_p': 0.9, 'top_k': None, 'seed': 42, 'quantization': 'Q4_K_M'}"
4efad7fae434875535592b12ed0d5e498cf26b97c7aeb1baed9084dd21bd90ac,unimoral_019,C2_incentive_neutral,gemma4:12b,version_j,p0_default,False,0,"{'model_name': 'gemma4:12b', 'temperature': 0.7, 'top_p': 0.9, 'top_k': None, 'seed': 42, 'quantization': 'Q4_K_M'}"
203cbced5296d3f7dc5739107a9160133897b54c4a3e21a9485b4ab6ea27bf9c,unimoral_019,C2_incentive_neutral,gemma4:12b,version_j,p0_default,True,0,"{'model_name': 'gemma4:12b', 'temperature': 0.7, 'top_p': 0.9, 'top_k': None, 'seed': 42, 'quantization': 'Q4_K_M'}"
1b40466d18cb65fe6773aa5a7c7a35cfac4f39020d9d91fe2b71cccb0b997bbe,unimoral_019,P2_incentive_pressure,gemma4:12b,version_j,p0_default,False,0,"{'model_name': 'gemma4:12b', 'temperature': 0.7, 'top_p': 0.9, 'top_k': None, 'seed': 42, 'quantization': 'Q4_K_M'}"
2135c840febf3a8c1109efb34c80bc115903e5b928970a58162fa80f296c6eff,unimoral_019,P2_incentive_pressure,gemma4:12b,version_j,p0_default,True,0,"{'model_name': 'gemma4:12b', 'temperature': 0.7, 'top_p': 0.9, 'top_k': None, 'seed': 42, 'quantization': 'Q4_K_M'}"
b13fb56df91eed18ff7edce2f3a381f4e17d75510aaf73fb3b463b799990079f,unimoral_019,C3_social_neutral,gemma4:12b,version_j,p0_default,False,0,"{'model_name': 'gemma4:12b', 'temperature': 0.7, 'top_p': 0.9, 'top_k': None, 'seed': 42, 'quantization': 'Q4_K_M'}"
e3998c468a05b0e163dc1fd59e54ecd850ad1c718c95091966063c7eb1334934,unimoral_019,C3_social_neutral,gemma4:12b,version_j,p0_default,True,0,"{'model_name': 'gemma4:12b', 'temperature': 0.7, 'top_p': 0.9, 'top_k': None, 'seed': 42, 'quantization': 'Q4_K_M'}"
1c9aef7f59dab2c4e4b1b9197fa0e0d011dff45d0f91123a2a43d51c6b137da3,unimoral_019,P3_social_pressure,gemma4:12b,version_j,p0_default,False,0,"{'model_name': 'gemma4:12b', 'temperature': 0.7, 'top_p': 0.9, 'top_k': None, 'seed': 42, 'quantization': 'Q4_K_M'}"
f99dac4de40bdffe6ef1540bdb415ee054eb672efeb133ce41f45ec9822f9121,unimoral_019,P3_social_pressure,gemma4:12b,version_j,p0_default,True,0,"{'model_name': 'gemma4:12b', 'temperature': 0.7, 'top_p': 0.9, 'top_k': None, 'seed': 42, 'quantization': 'Q4_K_M'}"
70157126797ea94c5cc15bed33331e2362b4fae5ecf21b20bce822e66effa486,unimoral_019,C4_metric_neutral,gemma4:12b,version_j,p0_default,False,0,"{'model_name': 'gemma4:12b', 'temperature': 0.7, 'top_p': 0.9, 'top_k': None, 'seed': 42, 'quantization': 'Q4_K_M'}"
db479227d26ec24b884b5b0eb45144f61d17c1917bc1c2bfa94486e557e6123f,unimoral_019,C4_metric_neutral,gemma4:12b,version_j,p0_default,True,0,"{'model_name': 'gemma4:12b', 'temperature': 0.7, 'top_p': 0.9, 'top_k': None, 'seed': 42, 'quantization': 'Q4_K_M'}"
10de58e417063684ec473028deb7ab3603fefaea114a089cda560b4cd2606434,unimoral_019,P4_metric_pressure,gemma4:12b,version_j,p0_default,False,0,"{'model_name': 'gemma4:12b', 'temperature': 0.7, 'top_p': 0.9, 'top_k': None, 'seed': 42, 'quantization': 'Q4_K_M'}"
1f615b6466714b77cd851aaee80dd0f0b8ecbf31fe87d928c2bee19d4bba3b16,unimoral_019,P4_metric_pressure,gemma4:12b,version_j,p0_default,True,0,"{'model_name': 'gemma4:12b', 'temperature': 0.7, 'top_p': 0.9, 'top_k': None, 'seed': 42, 'quantization': 'Q4_K_M'}"
e0aba0c5614b27e2b09277f95bc2214e516cf3a7e6846605deafad98303bfc11,unimoral_020,B0_stripped_baseline,gemma4:12b,version_j,p0_default,False,0,"{'model_name': 'gemma4:12b', 'temperature': 0.7, 'top_p': 0.9, 'top_k': None, 'seed': 42, 'quantization': 'Q4_K_M'}"
b3c6ed3af9a8715b473bc1b7fdab319a90780835b4e909b39ea25261b2e2a7fd,unimoral_020,B0_stripped_baseline,gemma4:12b,version_j,p0_default,True,0,"{'model_name': 'gemma4:12b', 'temperature': 0.7, 'top_p': 0.9, 'top_k': None, 'seed': 42, 'quantization': 'Q4_K_M'}"
fc487b65b456e97f2f75ee068b43e5ad5924c4528ef76bd22e2d4d9fef4d5d22,unimoral_020,C1_authority_neutral,gemma4:12b,version_j,p0_default,False,0,"{'model_name': 'gemma4:12b', 'temperature': 0.7, 'top_p': 0.9, 'top_k': None, 'seed': 42, 'quantization': 'Q4_K_M'}"
4ed3695766c16479991cdb29e2a769d24be4d64668e5d20244a6038576875d04,unimoral_020,C1_authority_neutral,gemma4:12b,version_j,p0_default,True,0,"{'model_name': 'gemma4:12b', 'temperature': 0.7, 'top_p': 0.9, 'top_k': None, 'seed': 42, 'quantization': 'Q4_K_M'}"
d2ada2e8b2fa6389eaa794a6f7ffbd958ed48b76f5da8d535ccb4f02804ce941,unimoral_020,P1_authority_pressure,gemma4:12b,version_j,p0_default,False,0,"{'model_name': 'gemma4:12b', 'temperature': 0.7, 'top_p': 0.9, 'top_k': None, 'seed': 42, 'quantization': 'Q4_K_M'}"
19f0112d42631f446d7794557f77bc5244e5b2c5cf41c49d5c01e41917db9397,unimoral_020,P1_authority_pressure,gemma4:12b,version_j,p0_default,True,0,"{'model_name': 'gemma4:12b', 'temperature': 0.7, 'top_p': 0.9, 'top_k': None, 'seed': 42, 'quantization': 'Q4_K_M'}"
9f3b503e0c97b35505e65879511a2ff3f96293cd4c345711a1611893fb896a86,unimoral_020,C2_incentive_neutral,gemma4:12b,version_j,p0_default,False,0,"{'model_name': 'gemma4:12b', 'temperature': 0.7, 'top_p': 0.9, 'top_k': None, 'seed': 42, 'quantization': 'Q4_K_M'}"
d86ec2e5a68482ace451cee57ddfd78b7026b752851647d85ada2af803249ef9,unimoral_020,C2_incentive_neutral,gemma4:12b,version_j,p0_default,True,0,"{'model_name': 'gemma4:12b', 'temperature': 0.7, 'top_p': 0.9, 'top_k': None, 'seed': 42, 'quantization': 'Q4_K_M'}"
bce1f2bb817581aa82274f7d008e3b2afb2861dbc1ca0c2d4b050a86ede2a7ec,unimoral_020,P2_incentive_pressure,gemma4:12b,version_j,p0_default,False,0,"{'model_name': 'gemma4:12b', 'temperature': 0.7, 'top_p': 0.9, 'top_k': None, 'seed': 42, 'quantization': 'Q4_K_M'}"
b7847a8c9c20cee48f9d38d66bf31ea15b6461c1d01b4bc44575cb001b95e843,unimoral_020,P2_incentive_pressure,gemma4:12b,version_j,p0_default,True,0,"{'model_name': 'gemma4:12b', 'temperature': 0.7, 'top_p': 0.9, 'top_k': None, 'seed': 42, 'quantization': 'Q4_K_M'}"
95dc2def8c1a8c2f3d2567aa2c04093ff872bb6c3905c36d0ba12191101577c9,unimoral_020,C3_social_neutral,gemma4:12b,version_j,p0_default,False,0,"{'model_name': 'gemma4:12b', 'temperature': 0.7, 'top_p': 0.9, 'top_k': None, 'seed': 42, 'quantization': 'Q4_K_M'}"
f9c278ed41c34aeecaa4089b8dcd41b0df94848d66ce659889123f8b05363887,unimoral_020,C3_social_neutral,gemma4:12b,version_j,p0_default,True,0,"{'model_name': 'gemma4:12b', 'temperature': 0.7, 'top_p': 0.9, 'top_k': None, 'seed': 42, 'quantization': 'Q4_K_M'}"
2764a838cebce01b4240b5c967b5a2065c95d8fcc4f16a4f4cdefb60707974e1,unimoral_020,P3_social_pressure,gemma4:12b,version_j,p0_default,False,0,"{'model_name': 'gemma4:12b', 'temperature': 0.7, 'top_p': 0.9, 'top_k': None, 'seed': 42, 'quantization': 'Q4_K_M'}"
7916417cdab12eb04e4f486e77a32e42253d8c4c598ceef1165d12d1cb633ec2,unimoral_020,P3_social_pressure,gemma4:12b,version_j,p0_default,True,0,"{'model_name': 'gemma4:12b', 'temperature': 0.7, 'top_p': 0.9, 'top_k': None, 'seed': 42, 'quantization': 'Q4_K_M'}"
50c1ce3644564ad0276e16bdfd76ff4c7785ecb620d040298a784c1ff80d5aec,unimoral_020,C4_metric_neutral,gemma4:12b,version_j,p0_default,False,0,"{'model_name': 'gemma4:12b', 'temperature': 0.7, 'top_p': 0.9, 'top_k': None, 'seed': 42, 'quantization': 'Q4_K_M'}"
59ab5530ea2a262b0b0bf113057f3189b34638d6ad667332855fd464fb394981,unimoral_020,C4_metric_neutral,gemma4:12b,version_j,p0_default,True,0,"{'model_name': 'gemma4:12b', 'temperature': 0.7, 'top_p': 0.9, 'top_k': None, 'seed': 42, 'quantization': 'Q4_K_M'}"
05284d17134e095f39d49148b43db205aba8419ef21993d05e76fedba06513ab,unimoral_020,P4_metric_pressure,gemma4:12b,version_j,p0_default,False,0,"{'model_name': 'gemma4:12b', 'temperature': 0.7, 'top_p': 0.9, 'top_k': None, 'seed': 42, 'quantization': 'Q4_K_M'}"
77ec460b4b3da72258aceab5351d8c6eb34664427fea2a720d2f087af2c0749b,unimoral_020,P4_metric_pressure,gemma4:12b,version_j,p0_default,True,0,"{'model_name': 'gemma4:12b', 'temperature': 0.7, 'top_p': 0.9, 'top_k': None, 'seed': 42, 'quantization': 'Q4_K_M'}"
5720217eebe98ea14c11a45d82ee99b5edbd722a57ecb0d055037bd46a71d0ee,unimoral_021,B0_stripped_baseline,gemma4:12b,version_j,p0_default,False,0,"{'model_name': 'gemma4:12b', 'temperature': 0.7, 'top_p': 0.9, 'top_k': None, 'seed': 42, 'quantization': 'Q4_K_M'}"
92fc28a65aca3a9dbc19ad5dcbec7ece7bef532abb374591099d69bba266a60a,unimoral_021,B0_stripped_baseline,gemma4:12b,version_j,p0_default,True,0,"{'model_name': 'gemma4:12b', 'temperature': 0.7, 'top_p': 0.9, 'top_k': None, 'seed': 42, 'quantization': 'Q4_K_M'}"
9db39d72b55d2978a45b4feba5639471c2ddef3c00e0edd7a21f6b870cd426cd,unimoral_021,C1_authority_neutral,gemma4:12b,version_j,p0_default,False,0,"{'model_name': 'gemma4:12b', 'temperature': 0.7, 'top_p': 0.9, 'top_k': None, 'seed': 42, 'quantization': 'Q4_K_M'}"
e0aab0d1023f71a5e84fc399d31767d0bcc699c63c5c7407bf10402b62eab131,unimoral_021,C1_authority_neutral,gemma4:12b,version_j,p0_default,True,0,"{'model_name': 'gemma4:12b', 'temperature': 0.7, 'top_p': 0.9, 'top_k': None, 'seed': 42, 'quantization': 'Q4_K_M'}"
369ad6881695ccff59cfa4eb6f1677cf534776ffef93860c0c5ea8cac24284f5,unimoral_021,P1_authority_pressure,gemma4:12b,version_j,p0_default,False,0,"{'model_name': 'gemma4:12b', 'temperature': 0.7, 'top_p': 0.9, 'top_k': None, 'seed': 42, 'quantization': 'Q4_K_M'}"
02265637c7fda6cf83ee788ebe3b014de2280873e933204de931267558118513,unimoral_021,P1_authority_pressure,gemma4:12b,version_j,p0_default,True,0,"{'model_name': 'gemma4:12b', 'temperature': 0.7, 'top_p': 0.9, 'top_k': None, 'seed': 42, 'quantization': 'Q4_K_M'}"
26eaefb683acd1707e6f53cec6b755db37660e5679d1b132638c72ad61e687dc,unimoral_021,C2_incentive_neutral,gemma4:12b,version_j,p0_default,False,0,"{'model_name': 'gemma4:12b', 'temperature': 0.7, 'top_p': 0.9, 'top_k': None, 'seed': 42, 'quantization': 'Q4_K_M'}"
739101ac6808f4aab08cafa406b0e13c250aa1ac09393d5254bfefedebb9d132,unimoral_021,C2_incentive_neutral,gemma4:12b,version_j,p0_default,True,0,"{'model_name': 'gemma4:12b', 'temperature': 0.7, 'top_p': 0.9, 'top_k': None, 'seed': 42, 'quantization': 'Q4_K_M'}"
49170a8c09fdb7d60de50d63654f8d2bec216da9cd9a41015c6a2e3113b5b101,unimoral_021,P2_incentive_pressure,gemma4:12b,version_j,p0_default,False,0,"{'model_name': 'gemma4:12b', 'temperature': 0.7, 'top_p': 0.9, 'top_k': None, 'seed': 42, 'quantization': 'Q4_K_M'}"
6bf7552576daa752da675cd45413f3510483485d7f476df43f9bdb21f1580ffc,unimoral_021,P2_incentive_pressure,gemma4:12b,version_j,p0_default,True,0,"{'model_name': 'gemma4:12b', 'temperature': 0.7, 'top_p': 0.9, 'top_k': None, 'seed': 42, 'quantization': 'Q4_K_M'}"
584bf4f23875cd7004fb7a6facef2e4b97e9fd9ad574eb8574189190e615c533,unimoral_021,C3_social_neutral,gemma4:12b,version_j,p0_default,False,0,"{'model_name': 'gemma4:12b', 'temperature': 0.7, 'top_p': 0.9, 'top_k': None, 'seed': 42, 'quantization': 'Q4_K_M'}"
9d0b26eb4ecef4e97e41c1b2c027a29d93e7ab0accb6a44e33c74ab041bdd647,unimoral_021,C3_social_neutral,gemma4:12b,version_j,p0_default,True,0,"{'model_name': 'gemma4:12b', 'temperature': 0.7, 'top_p': 0.9, 'top_k': None, 'seed': 42, 'quantization': 'Q4_K_M'}"
e6afafeb6d3ae9bf8ed171fe6b58cef13633adc6fca0ac7c9ebbcc80670fc408,unimoral_021,P3_social_pressure,gemma4:12b,version_j,p0_default,False,0,"{'model_name': 'gemma4:12b', 'temperature': 0.7, 'top_p': 0.9, 'top_k': None, 'seed': 42, 'quantization': 'Q4_K_M'}"
937eb5efe834fcd65d4e52c7f2dfc69c7f27e8de65d29cd532386ecbaeeedb69,unimoral_021,P3_social_pressure,gemma4:12b,version_j,p0_default,True,0,"{'model_name': 'gemma4:12b', 'temperature': 0.7, 'top_p': 0.9, 'top_k': None, 'seed': 42, 'quantization': 'Q4_K_M'}"
002e3aefc9a0459db0853770e1d80f4c65747c379541c445d74d64193c7ad1b6,unimoral_021,C4_metric_neutral,gemma4:12b,version_j,p0_default,False,0,"{'model_name': 'gemma4:12b', 'temperature': 0.7, 'top_p': 0.9, 'top_k': None, 'seed': 42, 'quantization': 'Q4_K_M'}"
07fb423fa0a3dad2047666d0260b508619d5199a7e33805541ab842cd9e90da2,unimoral_021,C4_metric_neutral,gemma4:12b,version_j,p0_default,True,0,"{'model_name': 'gemma4:12b', 'temperature': 0.7, 'top_p': 0.9, 'top_k': None, 'seed': 42, 'quantization': 'Q4_K_M'}"
e16f638453cd9173e809421e6703bb5b0697e167437fba24a6b30dcfed319971,unimoral_021,P4_metric_pressure,gemma4:12b,version_j,p0_default,False,0,"{'model_name': 'gemma4:12b', 'temperature': 0.7, 'top_p': 0.9, 'top_k': None, 'seed': 42, 'quantization': 'Q4_K_M'}"
30fdb99d3c2ee8404070525a02ce2cd0b23066f74fe82d1dfc79d52315518584,unimoral_021,P4_metric_pressure,gemma4:12b,version_j,p0_default,True,0,"{'model_name': 'gemma4:12b', 'temperature': 0.7, 'top_p': 0.9, 'top_k': None, 'seed': 42, 'quantization': 'Q4_K_M'}"
03ce3ca3fca52b9d0bb96765a53b130a6f82977831a4a01d620b64ff6ee79b44,unimoral_022,B0_stripped_baseline,gemma4:12b,version_j,p0_default,False,0,"{'model_name': 'gemma4:12b', 'temperature': 0.7, 'top_p': 0.9, 'top_k': None, 'seed': 42, 'quantization': 'Q4_K_M'}"
c4792043df3432fae6026b5fd402f8ce3050c40b0426f64a0b65bf0aa19572ae,unimoral_022,B0_stripped_baseline,gemma4:12b,version_j,p0_default,True,0,"{'model_name': 'gemma4:12b', 'temperature': 0.7, 'top_p': 0.9, 'top_k': None, 'seed': 42, 'quantization': 'Q4_K_M'}"
addb55468ae5c392c2a28ae281c8f0def725130b4021fb66acbc56323a9d6be7,unimoral_022,C1_authority_neutral,gemma4:12b,version_j,p0_default,False,0,"{'model_name': 'gemma4:12b', 'temperature': 0.7, 'top_p': 0.9, 'top_k': None, 'seed': 42, 'quantization': 'Q4_K_M'}"
a9221e42675b4635fa481b48d0ee777a4280ba125c236beed302f5ab0635b7f0,unimoral_022,C1_authority_neutral,gemma4:12b,version_j,p0_default,True,0,"{'model_name': 'gemma4:12b', 'temperature': 0.7, 'top_p': 0.9, 'top_k': None, 'seed': 42, 'quantization': 'Q4_K_M'}"
8cf4d973492616e133d73341312f1f3fd93d1b79b6600b3f342b8d0bd7d2ca8b,unimoral_022,P1_authority_pressure,gemma4:12b,version_j,p0_default,False,0,"{'model_name': 'gemma4:12b', 'temperature': 0.7, 'top_p': 0.9, 'top_k': None, 'seed': 42, 'quantization': 'Q4_K_M'}"
030b248db890c1c16bb8ea1c6922afe7b65f32d5a2562ae71efb1e92c9dc0978,unimoral_022,P1_authority_pressure,gemma4:12b,version_j,p0_default,True,0,"{'model_name': 'gemma4:12b', 'temperature': 0.7, 'top_p': 0.9, 'top_k': None, 'seed': 42, 'quantization': 'Q4_K_M'}"
3ea8e5b09be9d5ddf30b4314aa1c4cfb61731517bccfae99dfcacf62ffeb6123,unimoral_022,C2_incentive_neutral,gemma4:12b,version_j,p0_default,False,0,"{'model_name': 'gemma4:12b', 'temperature': 0.7, 'top_p': 0.9, 'top_k': None, 'seed': 42, 'quantization': 'Q4_K_M'}"
ef8e1138850e0bb393e9ced81eaa155f836f0ceff0ec7c88df196520c33e97b8,unimoral_022,C2_incentive_neutral,gemma4:12b,version_j,p0_default,True,0,"{'model_name': 'gemma4:12b', 'temperature': 0.7, 'top_p': 0.9, 'top_k': None, 'seed': 42, 'quantization': 'Q4_K_M'}"
b37f6932904ddb6d0674ba9cda48c0e5c5857fb9d4eef87a7eb39c50ad477008,unimoral_022,P2_incentive_pressure,gemma4:12b,version_j,p0_default,False,0,"{'model_name': 'gemma4:12b', 'temperature': 0.7, 'top_p': 0.9, 'top_k': None, 'seed': 42, 'quantization': 'Q4_K_M'}"
91e82fd6306467ff5ea149dcfe05013e254a0a8e309f7e45826405417461b1d4,unimoral_022,P2_incentive_pressure,gemma4:12b,version_j,p0_default,True,0,"{'model_name': 'gemma4:12b', 'temperature': 0.7, 'top_p': 0.9, 'top_k': None, 'seed': 42, 'quantization': 'Q4_K_M'}"
8dc7dc11aa129fa6725e8adf2c56b139912f346014033d34b33bf8749ec7f928,unimoral_022,C3_social_neutral,gemma4:12b,version_j,p0_default,False,0,"{'model_name': 'gemma4:12b', 'temperature': 0.7, 'top_p': 0.9, 'top_k': None, 'seed': 42, 'quantization': 'Q4_K_M'}"
631422f0a9e7eed25b51ff543fe34dcdc0a6806f00f351c4c8f942bca73ad999,unimoral_022,C3_social_neutral,gemma4:12b,version_j,p0_default,True,0,"{'model_name': 'gemma4:12b', 'temperature': 0.7, 'top_p': 0.9, 'top_k': None, 'seed': 42, 'quantization': 'Q4_K_M'}"
7e37a771f15c1acf7881cc07530ee08a281d726ba605bc5db21d00d7ebd79bbe,unimoral_022,P3_social_pressure,gemma4:12b,version_j,p0_default,False,0,"{'model_name': 'gemma4:12b', 'temperature': 0.7, 'top_p': 0.9, 'top_k': None, 'seed': 42, 'quantization': 'Q4_K_M'}"
cae9dedfba7a038ee04ee269789bebd1232614013e79a9e45664f59054a1ebad,unimoral_022,P3_social_pressure,gemma4:12b,version_j,p0_default,True,0,"{'model_name': 'gemma4:12b', 'temperature': 0.7, 'top_p': 0.9, 'top_k': None, 'seed': 42, 'quantization': 'Q4_K_M'}"
f329e292b2045f40b4705f8cc98866aea1ebd64d70b19671b0bdba8b414d1c72,unimoral_022,C4_metric_neutral,gemma4:12b,version_j,p0_default,False,0,"{'model_name': 'gemma4:12b', 'temperature': 0.7, 'top_p': 0.9, 'top_k': None, 'seed': 42, 'quantization': 'Q4_K_M'}"
2182f69e1e335a350199cf4f9f609e9c4f03682dc428914b7934742926bc9d71,unimoral_022,C4_metric_neutral,gemma4:12b,version_j,p0_default,True,0,"{'model_name': 'gemma4:12b', 'temperature': 0.7, 'top_p': 0.9, 'top_k': None, 'seed': 42, 'quantization': 'Q4_K_M'}"
c6ed2208ea94ed3ce60517465d47f5bb56b697c386f5b3c828d20b0e4259dffb,unimoral_022,P4_metric_pressure,gemma4:12b,version_j,p0_default,False,0,"{'model_name': 'gemma4:12b', 'temperature': 0.7, 'top_p': 0.9, 'top_k': None, 'seed': 42, 'quantization': 'Q4_K_M'}"
b51c00b5f653d6454a62e72ce537688027e83568fd9fe81c6d3caf515097f7eb,unimoral_022,P4_metric_pressure,gemma4:12b,version_j,p0_default,True,0,"{'model_name': 'gemma4:12b', 'temperature': 0.7, 'top_p': 0.9, 'top_k': None, 'seed': 42, 'quantization': 'Q4_K_M'}"
d69aec2ca11f52f654f3a6553392b00fd18fb4aba48de04ac50568c095ae04e9,unimoral_023,B0_stripped_baseline,gemma4:12b,version_j,p0_default,False,0,"{'model_name': 'gemma4:12b', 'temperature': 0.7, 'top_p': 0.9, 'top_k': None, 'seed': 42, 'quantization': 'Q4_K_M'}"
111d816d84f87c097139d74e61f96b1a82641a687b8092febb0be79c041acf86,unimoral_023,B0_stripped_baseline,gemma4:12b,version_j,p0_default,True,0,"{'model_name': 'gemma4:12b', 'temperature': 0.7, 'top_p': 0.9, 'top_k': None, 'seed': 42, 'quantization': 'Q4_K_M'}"
9cb7b9aad66d3b87b07daeac984148534542e2c8dc80ff547934c11eb549f930,unimoral_023,C1_authority_neutral,gemma4:12b,version_j,p0_default,False,0,"{'model_name': 'gemma4:12b', 'temperature': 0.7, 'top_p': 0.9, 'top_k': None, 'seed': 42, 'quantization': 'Q4_K_M'}"
2e819a42a6d400ae93bd5c6d2d1b962a50170d51e109e5f695951a94687ee814,unimoral_023,C1_authority_neutral,gemma4:12b,version_j,p0_default,True,0,"{'model_name': 'gemma4:12b', 'temperature': 0.7, 'top_p': 0.9, 'top_k': None, 'seed': 42, 'quantization': 'Q4_K_M'}"
abd0a0438d56904a0e955ca9ceff3f906c5e8d313e659f2de40496e559e0e472,unimoral_023,P1_authority_pressure,gemma4:12b,version_j,p0_default,False,0,"{'model_name': 'gemma4:12b', 'temperature': 0.7, 'top_p': 0.9, 'top_k': None, 'seed': 42, 'quantization': 'Q4_K_M'}"
f05ebf16675b874b8b079e804f54ed3af5ef73f75607280cacff8b3536bd98eb,unimoral_023,P1_authority_pressure,gemma4:12b,version_j,p0_default,True,0,"{'model_name': 'gemma4:12b', 'temperature': 0.7, 'top_p': 0.9, 'top_k': None, 'seed': 42, 'quantization': 'Q4_K_M'}"
f7b1329268e7f9d26c58e73b49859848db81431017ec917e6bf55af395fb97fc,unimoral_023,C2_incentive_neutral,gemma4:12b,version_j,p0_default,False,0,"{'model_name': 'gemma4:12b', 'temperature': 0.7, 'top_p': 0.9, 'top_k': None, 'seed': 42, 'quantization': 'Q4_K_M'}"
0c4369a0c5141b11b48d03035c73ef6cac5c170c8ec171bbca022a93c4e87c59,unimoral_023,C2_incentive_neutral,gemma4:12b,version_j,p0_default,True,0,"{'model_name': 'gemma4:12b', 'temperature': 0.7, 'top_p': 0.9, 'top_k': None, 'seed': 42, 'quantization': 'Q4_K_M'}"
55e9b805b84273e1d76dc57d86cb7f959ce17f4a53a40746b49f08c2a36ca67c,unimoral_023,P2_incentive_pressure,gemma4:12b,version_j,p0_default,False,0,"{'model_name': 'gemma4:12b', 'temperature': 0.7, 'top_p': 0.9, 'top_k': None, 'seed': 42, 'quantization': 'Q4_K_M'}"
ba9ab694de83190a707d1ce125078be5d30a4c80f1540d6a96ae0613742b4471,unimoral_023,P2_incentive_pressure,gemma4:12b,version_j,p0_default,True,0,"{'model_name': 'gemma4:12b', 'temperature': 0.7, 'top_p': 0.9, 'top_k': None, 'seed': 42, 'quantization': 'Q4_K_M'}"
6828ee855b81b26ed62dcbefd57d983b2437e015b0078761e282885fe4792591,unimoral_023,C3_social_neutral,gemma4:12b,version_j,p0_default,False,0,"{'model_name': 'gemma4:12b', 'temperature': 0.7, 'top_p': 0.9, 'top_k': None, 'seed': 42, 'quantization': 'Q4_K_M'}"
2c9d67f2b40f0bb842df7f035fa172a6fcc3aa1771bf7513e8c72a3f794b203e,unimoral_023,C3_social_neutral,gemma4:12b,version_j,p0_default,True,0,"{'model_name': 'gemma4:12b', 'temperature': 0.7, 'top_p': 0.9, 'top_k': None, 'seed': 42, 'quantization': 'Q4_K_M'}"
e6e9eb8fb6981f89c85977f00c03cdfb77c8132fb02e437c7719141b3309e82d,unimoral_023,P3_social_pressure,gemma4:12b,version_j,p0_default,False,0,"{'model_name': 'gemma4:12b', 'temperature': 0.7, 'top_p': 0.9, 'top_k': None, 'seed': 42, 'quantization': 'Q4_K_M'}"
75de5616d7ea278b4a033e744e7d0a16720502be0aabe0348ec94b592713bc8c,unimoral_023,P3_social_pressure,gemma4:12b,version_j,p0_default,True,0,"{'model_name': 'gemma4:12b', 'temperature': 0.7, 'top_p': 0.9, 'top_k': None, 'seed': 42, 'quantization': 'Q4_K_M'}"
7ee524e899dcb94c26a8e654ac6728f999aea3a6f7b77b315c6012e198b3835b,unimoral_023,C4_metric_neutral,gemma4:12b,version_j,p0_default,False,0,"{'model_name': 'gemma4:12b', 'temperature': 0.7, 'top_p': 0.9, 'top_k': None, 'seed': 42, 'quantization': 'Q4_K_M'}"
a1e7f4b7692c49af814e2ed9dc0af1a3e98c3273884864ec736bdcf928d5a677,unimoral_023,C4_metric_neutral,gemma4:12b,version_j,p0_default,True,0,"{'model_name': 'gemma4:12b', 'temperature': 0.7, 'top_p': 0.9, 'top_k': None, 'seed': 42, 'quantization': 'Q4_K_M'}"
5fb7f45fc11ac02df0bfa692720f51874be72dffd991ab7fff570c1b04917e04,unimoral_023,P4_metric_pressure,gemma4:12b,version_j,p0_default,False,0,"{'model_name': 'gemma4:12b', 'temperature': 0.7, 'top_p': 0.9, 'top_k': None, 'seed': 42, 'quantization': 'Q4_K_M'}"
2ddfb164b07daee349d3c7846ff3a781947ec1ba8e73482d726e2c43ce061e94,unimoral_023,P4_metric_pressure,gemma4:12b,version_j,p0_default,True,0,"{'model_name': 'gemma4:12b', 'temperature': 0.7, 'top_p': 0.9, 'top_k': None, 'seed': 42, 'quantization': 'Q4_K_M'}"
4948075f05e9089fabb190372a64a1349ccc97b1c1dbfdd861a6a6d470b101ff,unimoral_024,B0_stripped_baseline,gemma4:12b,version_j,p0_default,False,0,"{'model_name': 'gemma4:12b', 'temperature': 0.7, 'top_p': 0.9, 'top_k': None, 'seed': 42, 'quantization': 'Q4_K_M'}"
eebacd02a64aaf3b0d6830758305490258082f226fac2cf44a64a7fa661a0a8d,unimoral_024,B0_stripped_baseline,gemma4:12b,version_j,p0_default,True,0,"{'model_name': 'gemma4:12b', 'temperature': 0.7, 'top_p': 0.9, 'top_k': None, 'seed': 42, 'quantization': 'Q4_K_M'}"
06f37df05016ba652c408cb29703172f8256760e334ca7831a21bd3bfe21c92d,unimoral_024,C1_authority_neutral,gemma4:12b,version_j,p0_default,False,0,"{'model_name': 'gemma4:12b', 'temperature': 0.7, 'top_p': 0.9, 'top_k': None, 'seed': 42, 'quantization': 'Q4_K_M'}"
825ebd60c101af7610d2b2900537d38df9d1d8a1a44122af801464ff7f29f0d0,unimoral_024,C1_authority_neutral,gemma4:12b,version_j,p0_default,True,0,"{'model_name': 'gemma4:12b', 'temperature': 0.7, 'top_p': 0.9, 'top_k': None, 'seed': 42, 'quantization': 'Q4_K_M'}"
00f3488e6c203b45723a3f13dd18ee8cafc19fc260b83ff92264ef09d283cc62,unimoral_024,P1_authority_pressure,gemma4:12b,version_j,p0_default,False,0,"{'model_name': 'gemma4:12b', 'temperature': 0.7, 'top_p': 0.9, 'top_k': None, 'seed': 42, 'quantization': 'Q4_K_M'}"
b0393b9d517384d8b57d57a692a788c9e5cf8e82f194be0507cb06aa6cb6c38d,unimoral_024,P1_authority_pressure,gemma4:12b,version_j,p0_default,True,0,"{'model_name': 'gemma4:12b', 'temperature': 0.7, 'top_p': 0.9, 'top_k': None, 'seed': 42, 'quantization': 'Q4_K_M'}"
fd42ba046754c46372f6d48d225169b7d8e36ba9fb267676c27ece8f808a0f4c,unimoral_024,C2_incentive_neutral,gemma4:12b,version_j,p0_default,False,0,"{'model_name': 'gemma4:12b', 'temperature': 0.7, 'top_p': 0.9, 'top_k': None, 'seed': 42, 'quantization': 'Q4_K_M'}"
b861bdc862e852cd5f7e5f977f3600de05752a195dffd89e9671ca318d180bc8,unimoral_024,C2_incentive_neutral,gemma4:12b,version_j,p0_default,True,0,"{'model_name': 'gemma4:12b', 'temperature': 0.7, 'top_p': 0.9, 'top_k': None, 'seed': 42, 'quantization': 'Q4_K_M'}"
899ddbbdeb08e530b3354fb6cccc0f2c8925b4693a5e38eb0dd0044c45290213,unimoral_024,P2_incentive_pressure,gemma4:12b,version_j,p0_default,False,0,"{'model_name': 'gemma4:12b', 'temperature': 0.7, 'top_p': 0.9, 'top_k': None, 'seed': 42, 'quantization': 'Q4_K_M'}"
4e93af82effbbab50f866062268ee3ef0de887e6db60ef7fc328ba1b42f87c93,unimoral_024,P2_incentive_pressure,gemma4:12b,version_j,p0_default,True,0,"{'model_name': 'gemma4:12b', 'temperature': 0.7, 'top_p': 0.9, 'top_k': None, 'seed': 42, 'quantization': 'Q4_K_M'}"
9bc590427f9aed234eab494d6f75e07fa0dcf9b36994ae12affa6665ea5212b4,unimoral_024,C3_social_neutral,gemma4:12b,version_j,p0_default,False,0,"{'model_name': 'gemma4:12b', 'temperature': 0.7, 'top_p': 0.9, 'top_k': None, 'seed': 42, 'quantization': 'Q4_K_M'}"
f469472e6f579983f3e13e3e33c9c19fa77e4cc0216f8aff044df4a9f4002945,unimoral_024,C3_social_neutral,gemma4:12b,version_j,p0_default,True,0,"{'model_name': 'gemma4:12b', 'temperature': 0.7, 'top_p': 0.9, 'top_k': None, 'seed': 42, 'quantization': 'Q4_K_M'}"
335b8f8fdcf09a0395b2dae7ccf2fba35cf517d8fed82cd3743259f1d67486f7,unimoral_024,P3_social_pressure,gemma4:12b,version_j,p0_default,False,0,"{'model_name': 'gemma4:12b', 'temperature': 0.7, 'top_p': 0.9, 'top_k': None, 'seed': 42, 'quantization': 'Q4_K_M'}"
06d8991b5bd7f2366508c1df6b262540786b1732b8acfebb010b58b56c596752,unimoral_024,P3_social_pressure,gemma4:12b,version_j,p0_default,True,0,"{'model_name': 'gemma4:12b', 'temperature': 0.7, 'top_p': 0.9, 'top_k': None, 'seed': 42, 'quantization': 'Q4_K_M'}"
b685e753c81417eb435c6cb20730c21df80985930b829cd94647c8c43f967ded,unimoral_024,C4_metric_neutral,gemma4:12b,version_j,p0_default,False,0,"{'model_name': 'gemma4:12b', 'temperature': 0.7, 'top_p': 0.9, 'top_k': None, 'seed': 42, 'quantization': 'Q4_K_M'}"
e05d7df8b15c2832e7792cb6e8f1e650cf65f760766394bc78c65d1328e0846b,unimoral_024,C4_metric_neutral,gemma4:12b,version_j,p0_default,True,0,"{'model_name': 'gemma4:12b', 'temperature': 0.7, 'top_p': 0.9, 'top_k': None, 'seed': 42, 'quantization': 'Q4_K_M'}"
326ff83604dcdba946a6c2fa3a18ef4499c80963f64ed75b03ee89dacd82914d,unimoral_024,P4_metric_pressure,gemma4:12b,version_j,p0_default,False,0,"{'model_name': 'gemma4:12b', 'temperature': 0.7, 'top_p': 0.9, 'top_k': None, 'seed': 42, 'quantization': 'Q4_K_M'}"
dbef7db90035f32a99d89ea3653d5725e68e2c36665c07338038b570422d1c5b,unimoral_024,P4_metric_pressure,gemma4:12b,version_j,p0_default,True,0,"{'model_name': 'gemma4:12b', 'temperature': 0.7, 'top_p': 0.9, 'top_k': None, 'seed': 42, 'quantization': 'Q4_K_M'}"
2b725fee3e179b784b8d3fa6330ec1262251e686d09d89d77d76f53efe67aae2,unimoral_025,B0_stripped_baseline,gemma4:12b,version_j,p0_default,False,0,"{'model_name': 'gemma4:12b', 'temperature': 0.7, 'top_p': 0.9, 'top_k': None, 'seed': 42, 'quantization': 'Q4_K_M'}"
8556ad7e52db15e3ac9efe242f328fbcd31828d94ec025af831a4057ca3e87a6,unimoral_025,B0_stripped_baseline,gemma4:12b,version_j,p0_default,True,0,"{'model_name': 'gemma4:12b', 'temperature': 0.7, 'top_p': 0.9, 'top_k': None, 'seed': 42, 'quantization': 'Q4_K_M'}"
9b328ef73bdcf9e47d983979d55b063f3bfdcbaa3d3c061eb3e3adf60dd58536,unimoral_025,C1_authority_neutral,gemma4:12b,version_j,p0_default,False,0,"{'model_name': 'gemma4:12b', 'temperature': 0.7, 'top_p': 0.9, 'top_k': None, 'seed': 42, 'quantization': 'Q4_K_M'}"
79e4aed67c725d9c1aaa15d3bef9f60a401faf13bfc56ad90fe8df7bb15dd218,unimoral_025,C1_authority_neutral,gemma4:12b,version_j,p0_default,True,0,"{'model_name': 'gemma4:12b', 'temperature': 0.7, 'top_p': 0.9, 'top_k': None, 'seed': 42, 'quantization': 'Q4_K_M'}"
adf47926896e0f1a91f439d9ab5e24ff60f2aa704ab5d360c94446eca86d488b,unimoral_025,P1_authority_pressure,gemma4:12b,version_j,p0_default,False,0,"{'model_name': 'gemma4:12b', 'temperature': 0.7, 'top_p': 0.9, 'top_k': None, 'seed': 42, 'quantization': 'Q4_K_M'}"
5e3e4b0a7fd4b9a595e04ef597960b064b4dc908beb580e30e8274dd5aca52ac,unimoral_025,P1_authority_pressure,gemma4:12b,version_j,p0_default,True,0,"{'model_name': 'gemma4:12b', 'temperature': 0.7, 'top_p': 0.9, 'top_k': None, 'seed': 42, 'quantization': 'Q4_K_M'}"
ceb7ca103e1c80d684ec6f410281fc46db1b885e89c17b4529241c0684d30155,unimoral_025,C2_incentive_neutral,gemma4:12b,version_j,p0_default,False,0,"{'model_name': 'gemma4:12b', 'temperature': 0.7, 'top_p': 0.9, 'top_k': None, 'seed': 42, 'quantization': 'Q4_K_M'}"
a8fb131dd4665bd2e5da50fd1a6dd4a67f244c52c2580b3cf48b369b0bf937fe,unimoral_025,C2_incentive_neutral,gemma4:12b,version_j,p0_default,True,0,"{'model_name': 'gemma4:12b', 'temperature': 0.7, 'top_p': 0.9, 'top_k': None, 'seed': 42, 'quantization': 'Q4_K_M'}"
35e08824752b37b53f975af6b1233c66b71645726e8a4a8f4253e144cb7a30c4,unimoral_025,P2_incentive_pressure,gemma4:12b,version_j,p0_default,False,0,"{'model_name': 'gemma4:12b', 'temperature': 0.7, 'top_p': 0.9, 'top_k': None, 'seed': 42, 'quantization': 'Q4_K_M'}"
3ccd68e1a47ad7870194aaa5becff5d3975d3ca6fad005716265933928806556,unimoral_025,P2_incentive_pressure,gemma4:12b,version_j,p0_default,True,0,"{'model_name': 'gemma4:12b', 'temperature': 0.7, 'top_p': 0.9, 'top_k': None, 'seed': 42, 'quantization': 'Q4_K_M'}"
4176dae05e71eb3ab754091dd5567546f66a45ee407cde653c45f363cbda15b1,unimoral_025,C3_social_neutral,gemma4:12b,version_j,p0_default,False,0,"{'model_name': 'gemma4:12b', 'temperature': 0.7, 'top_p': 0.9, 'top_k': None, 'seed': 42, 'quantization': 'Q4_K_M'}"
3ca2377fcc1222fc6e74ca3fd3b05387c75b18a389505b07115bea2843576d3b,unimoral_025,C3_social_neutral,gemma4:12b,version_j,p0_default,True,0,"{'model_name': 'gemma4:12b', 'temperature': 0.7, 'top_p': 0.9, 'top_k': None, 'seed': 42, 'quantization': 'Q4_K_M'}"
860edb28215d4d18df01b4b6427b4ce91d5c6dddb1660a13ab08cab2077717b3,unimoral_025,P3_social_pressure,gemma4:12b,version_j,p0_default,False,0,"{'model_name': 'gemma4:12b', 'temperature': 0.7, 'top_p': 0.9, 'top_k': None, 'seed': 42, 'quantization': 'Q4_K_M'}"
def612633e57e2837169781a2a119417cd6e2b9da7db90e2c7e1305eb3c04aeb,unimoral_025,P3_social_pressure,gemma4:12b,version_j,p0_default,True,0,"{'model_name': 'gemma4:12b', 'temperature': 0.7, 'top_p': 0.9, 'top_k': None, 'seed': 42, 'quantization': 'Q4_K_M'}"
a55cd3743d6e476aff3838f4f9c0e9871db63a18ebc44aaf81a49caee3356ffb,unimoral_025,C4_metric_neutral,gemma4:12b,version_j,p0_default,False,0,"{'model_name': 'gemma4:12b', 'temperature': 0.7, 'top_p': 0.9, 'top_k': None, 'seed': 42, 'quantization': 'Q4_K_M'}"
471bffff363981f9450a19283d437fe2881e594d21299b925b5bb2058276743b,unimoral_025,C4_metric_neutral,gemma4:12b,version_j,p0_default,True,0,"{'model_name': 'gemma4:12b', 'temperature': 0.7, 'top_p': 0.9, 'top_k': None, 'seed': 42, 'quantization': 'Q4_K_M'}"
221308c3a8454043175d17c4315fe76d885c00b4918a66ad720b453a2cda4271,unimoral_025,P4_metric_pressure,gemma4:12b,version_j,p0_default,False,0,"{'model_name': 'gemma4:12b', 'temperature': 0.7, 'top_p': 0.9, 'top_k': None, 'seed': 42, 'quantization': 'Q4_K_M'}"
4b7699c4775935254bda9f46a5f78807cd271f316340bbd47e149cdb3413865e,unimoral_025,P4_metric_pressure,gemma4:12b,version_j,p0_default,True,0,"{'model_name': 'gemma4:12b', 'temperature': 0.7, 'top_p': 0.9, 'top_k': None, 'seed': 42, 'quantization': 'Q4_K_M'}"
ce880e97c05837931024b59dcf6b174aa4b708775ef1ea7f18ca2cca26d74512,unimoral_026,B0_stripped_baseline,gemma4:12b,version_j,p0_default,False,0,"{'model_name': 'gemma4:12b', 'temperature': 0.7, 'top_p': 0.9, 'top_k': None, 'seed': 42, 'quantization': 'Q4_K_M'}"
cc6d4a536ffa015b3bf0baa89a1870cd9cf59fa271ae3b3a1d748e2b5e575418,unimoral_026,B0_stripped_baseline,gemma4:12b,version_j,p0_default,True,0,"{'model_name': 'gemma4:12b', 'temperature': 0.7, 'top_p': 0.9, 'top_k': None, 'seed': 42, 'quantization': 'Q4_K_M'}"
d632ef561f3a82e909b60e90981cb016397e79c5928156d4364fa6c4b5028ba5,unimoral_026,C1_authority_neutral,gemma4:12b,version_j,p0_default,False,0,"{'model_name': 'gemma4:12b', 'temperature': 0.7, 'top_p': 0.9, 'top_k': None, 'seed': 42, 'quantization': 'Q4_K_M'}"
760ffbcb578c383424b0b8043950541b93d52762c86814c941f9bf545633637a,unimoral_026,C1_authority_neutral,gemma4:12b,version_j,p0_default,True,0,"{'model_name': 'gemma4:12b', 'temperature': 0.7, 'top_p': 0.9, 'top_k': None, 'seed': 42, 'quantization': 'Q4_K_M'}"
d461cc4d48a3029620936ffee221454b8f46143d2e9399056b563d62a1bcc3e0,unimoral_026,P1_authority_pressure,gemma4:12b,version_j,p0_default,False,0,"{'model_name': 'gemma4:12b', 'temperature': 0.7, 'top_p': 0.9, 'top_k': None, 'seed': 42, 'quantization': 'Q4_K_M'}"
4b243df41ba2420f28958f8c94e4d63fee5fd51740cb88ed0269f343d9635ec5,unimoral_026,P1_authority_pressure,gemma4:12b,version_j,p0_default,True,0,"{'model_name': 'gemma4:12b', 'temperature': 0.7, 'top_p': 0.9, 'top_k': None, 'seed': 42, 'quantization': 'Q4_K_M'}"
896b38306b3c964234eccb8c306b7758ae99d8b7f37bd32dad71ea17e61df099,unimoral_026,C2_incentive_neutral,gemma4:12b,version_j,p0_default,False,0,"{'model_name': 'gemma4:12b', 'temperature': 0.7, 'top_p': 0.9, 'top_k': None, 'seed': 42, 'quantization': 'Q4_K_M'}"
6a2f8baf3a39154f8ef46d1211b80e9e953b2d6a8ba69ca08b708b23b29e5b8e,unimoral_026,C2_incentive_neutral,gemma4:12b,version_j,p0_default,True,0,"{'model_name': 'gemma4:12b', 'temperature': 0.7, 'top_p': 0.9, 'top_k': None, 'seed': 42, 'quantization': 'Q4_K_M'}"
aa4cf27f565e21cbbba088b266508a842cbd16c9de5e7466a2ab8a42abf58904,unimoral_026,P2_incentive_pressure,gemma4:12b,version_j,p0_default,False,0,"{'model_name': 'gemma4:12b', 'temperature': 0.7, 'top_p': 0.9, 'top_k': None, 'seed': 42, 'quantization': 'Q4_K_M'}"
f922de420972f200fcb94a054dbc7219db36bd4c1baab807a8cdf0e99b50da09,unimoral_026,P2_incentive_pressure,gemma4:12b,version_j,p0_default,True,0,"{'model_name': 'gemma4:12b', 'temperature': 0.7, 'top_p': 0.9, 'top_k': None, 'seed': 42, 'quantization': 'Q4_K_M'}"
1c3bb8d8f053d695bf4b424dd2fc2e7dc9a4cc73f66faac083d43c7b75da38e6,unimoral_026,C3_social_neutral,gemma4:12b,version_j,p0_default,False,0,"{'model_name': 'gemma4:12b', 'temperature': 0.7, 'top_p': 0.9, 'top_k': None, 'seed': 42, 'quantization': 'Q4_K_M'}"
13e3c6223093dd8719f9f2a05a8b60fe7ff725c8dbdca7bd875c62ce33e39068,unimoral_026,C3_social_neutral,gemma4:12b,version_j,p0_default,True,0,"{'model_name': 'gemma4:12b', 'temperature': 0.7, 'top_p': 0.9, 'top_k': None, 'seed': 42, 'quantization': 'Q4_K_M'}"
b516ba6ef1e28e8c94f9bd420f3b06701d3f9905782c58b9ac6920c372dbd012,unimoral_026,P3_social_pressure,gemma4:12b,version_j,p0_default,False,0,"{'model_name': 'gemma4:12b', 'temperature': 0.7, 'top_p': 0.9, 'top_k': None, 'seed': 42, 'quantization': 'Q4_K_M'}"
08a2814b096cfde212cf54412518b3637ecd2a6089aeb488f7774157dd61bcb0,unimoral_026,P3_social_pressure,gemma4:12b,version_j,p0_default,True,0,"{'model_name': 'gemma4:12b', 'temperature': 0.7, 'top_p': 0.9, 'top_k': None, 'seed': 42, 'quantization': 'Q4_K_M'}"
216d3af022182cd4b8db150a86ede3c14673772c490b9803ada95b40ee7693ef,unimoral_026,C4_metric_neutral,gemma4:12b,version_j,p0_default,False,0,"{'model_name': 'gemma4:12b', 'temperature': 0.7, 'top_p': 0.9, 'top_k': None, 'seed': 42, 'quantization': 'Q4_K_M'}"
882b9c43f44d220dc6f1c562cf499fb36d5e38fa60e20d2b4e89ccf6cf6b6c49,unimoral_026,C4_metric_neutral,gemma4:12b,version_j,p0_default,True,0,"{'model_name': 'gemma4:12b', 'temperature': 0.7, 'top_p': 0.9, 'top_k': None, 'seed': 42, 'quantization': 'Q4_K_M'}"
0169d8c4c709ed82fb3bf156acfbab464adb53339ce6f180241ce2ed9350fc73,unimoral_026,P4_metric_pressure,gemma4:12b,version_j,p0_default,False,0,"{'model_name': 'gemma4:12b', 'temperature': 0.7, 'top_p': 0.9, 'top_k': None, 'seed': 42, 'quantization': 'Q4_K_M'}"
98c14911533ea3028db3a40374da5ac66e313bbc222f111bcd718e51327c39ba,unimoral_026,P4_metric_pressure,gemma4:12b,version_j,p0_default,True,0,"{'model_name': 'gemma4:12b', 'temperature': 0.7, 'top_p': 0.9, 'top_k': None, 'seed': 42, 'quantization': 'Q4_K_M'}"
046752a11e700638de41c583affd7dc758ab79656fa3ea5468dc90ef231fee7e,unimoral_027,B0_stripped_baseline,gemma4:12b,version_j,p0_default,False,0,"{'model_name': 'gemma4:12b', 'temperature': 0.7, 'top_p': 0.9, 'top_k': None, 'seed': 42, 'quantization': 'Q4_K_M'}"
2a4021aa4b7d93719efae27be371c3c0ceb21a04f637e6dd3bff104c8ac6af42,unimoral_027,B0_stripped_baseline,gemma4:12b,version_j,p0_default,True,0,"{'model_name': 'gemma4:12b', 'temperature': 0.7, 'top_p': 0.9, 'top_k': None, 'seed': 42, 'quantization': 'Q4_K_M'}"
7a0483110174d1b245aa7e2abdbf3e215842301a52e0d55d278c92eec8b34fed,unimoral_027,C1_authority_neutral,gemma4:12b,version_j,p0_default,False,0,"{'model_name': 'gemma4:12b', 'temperature': 0.7, 'top_p': 0.9, 'top_k': None, 'seed': 42, 'quantization': 'Q4_K_M'}"
e49e1ebaa1fe5001f20c0b36e586a431d16d09764784f93ebe7ceecbc05b849a,unimoral_027,C1_authority_neutral,gemma4:12b,version_j,p0_default,True,0,"{'model_name': 'gemma4:12b', 'temperature': 0.7, 'top_p': 0.9, 'top_k': None, 'seed': 42, 'quantization': 'Q4_K_M'}"
8227794e79e14d3946a4330ef6d5ac75099687e09a0a6871fc81155b08141c6d,unimoral_027,P1_authority_pressure,gemma4:12b,version_j,p0_default,False,0,"{'model_name': 'gemma4:12b', 'temperature': 0.7, 'top_p': 0.9, 'top_k': None, 'seed': 42, 'quantization': 'Q4_K_M'}"
128db6363ed750a470a7be183cf50c54ba0f4aa85276c42e9767fa2a7029cd8c,unimoral_027,P1_authority_pressure,gemma4:12b,version_j,p0_default,True,0,"{'model_name': 'gemma4:12b', 'temperature': 0.7, 'top_p': 0.9, 'top_k': None, 'seed': 42, 'quantization': 'Q4_K_M'}"
e26440441f6451620a2724e60a777845a34271619657c19e1183a3c4dc44c312,unimoral_027,C2_incentive_neutral,gemma4:12b,version_j,p0_default,False,0,"{'model_name': 'gemma4:12b', 'temperature': 0.7, 'top_p': 0.9, 'top_k': None, 'seed': 42, 'quantization': 'Q4_K_M'}"
bd8c517ee7f38f46b0caa23bab76f5c3917cdf3374c05257b18da17a89ad6054,unimoral_027,C2_incentive_neutral,gemma4:12b,version_j,p0_default,True,0,"{'model_name': 'gemma4:12b', 'temperature': 0.7, 'top_p': 0.9, 'top_k': None, 'seed': 42, 'quantization': 'Q4_K_M'}"
fc8ef7e0095c6cef93838dd128ceb85a14a310227dd917205d9e26d64c420576,unimoral_027,P2_incentive_pressure,gemma4:12b,version_j,p0_default,False,0,"{'model_name': 'gemma4:12b', 'temperature': 0.7, 'top_p': 0.9, 'top_k': None, 'seed': 42, 'quantization': 'Q4_K_M'}"
10a2af3cdc5507a64668c8c5cdc4b2935b2eae418f6bbd861f0e4a3101085946,unimoral_027,P2_incentive_pressure,gemma4:12b,version_j,p0_default,True,0,"{'model_name': 'gemma4:12b', 'temperature': 0.7, 'top_p': 0.9, 'top_k': None, 'seed': 42, 'quantization': 'Q4_K_M'}"
357c227ec7e7521ad86dd5532841ea837f7a812a10126e95b9b4c054719f8f0d,unimoral_027,C3_social_neutral,gemma4:12b,version_j,p0_default,False,0,"{'model_name': 'gemma4:12b', 'temperature': 0.7, 'top_p': 0.9, 'top_k': None, 'seed': 42, 'quantization': 'Q4_K_M'}"
9f96544c1c6d9688c72a4153f59d071182cbdf69983e2d7b1c293914313867f2,unimoral_027,C3_social_neutral,gemma4:12b,version_j,p0_default,True,0,"{'model_name': 'gemma4:12b', 'temperature': 0.7, 'top_p': 0.9, 'top_k': None, 'seed': 42, 'quantization': 'Q4_K_M'}"
3419b5a969aa5e8170bc69ce2821b3d24a00a7a5276d87285542d2c5d2e26c4f,unimoral_027,P3_social_pressure,gemma4:12b,version_j,p0_default,False,0,"{'model_name': 'gemma4:12b', 'temperature': 0.7, 'top_p': 0.9, 'top_k': None, 'seed': 42, 'quantization': 'Q4_K_M'}"
d52bdbc7427960ba5509c4224343255f378bc0f89e89da8cb01f74f80ad4a575,unimoral_027,P3_social_pressure,gemma4:12b,version_j,p0_default,True,0,"{'model_name': 'gemma4:12b', 'temperature': 0.7, 'top_p': 0.9, 'top_k': None, 'seed': 42, 'quantization': 'Q4_K_M'}"
642c9e12ab6f7bb34a54a64dd38370037a97170c86f113431d9df10790d76eec,unimoral_027,C4_metric_neutral,gemma4:12b,version_j,p0_default,False,0,"{'model_name': 'gemma4:12b', 'temperature': 0.7, 'top_p': 0.9, 'top_k': None, 'seed': 42, 'quantization': 'Q4_K_M'}"
6e8ac41ae64f26aff1445f4d3f78da27e6d39f9f4901418b6f9835f6c7a673eb,unimoral_027,C4_metric_neutral,gemma4:12b,version_j,p0_default,True,0,"{'model_name': 'gemma4:12b', 'temperature': 0.7, 'top_p': 0.9, 'top_k': None, 'seed': 42, 'quantization': 'Q4_K_M'}"
d88c77d05008b61fa70a8e24f8c3ae75d3f2f9f15bcaf1e3302cc79ab7647140,unimoral_027,P4_metric_pressure,gemma4:12b,version_j,p0_default,False,0,"{'model_name': 'gemma4:12b', 'temperature': 0.7, 'top_p': 0.9, 'top_k': None, 'seed': 42, 'quantization': 'Q4_K_M'}"
bcfe3e2ba3cd9beedc3fd25b8b4645dde1683a5192002a1e4ad6975c906207dc,unimoral_027,P4_metric_pressure,gemma4:12b,version_j,p0_default,True,0,"{'model_name': 'gemma4:12b', 'temperature': 0.7, 'top_p': 0.9, 'top_k': None, 'seed': 42, 'quantization': 'Q4_K_M'}"
83629556c407f12185dbb2cc1f7905c18b99a8b926467154956a07aad2005e01,unimoral_028,B0_stripped_baseline,gemma4:12b,version_j,p0_default,False,0,"{'model_name': 'gemma4:12b', 'temperature': 0.7, 'top_p': 0.9, 'top_k': None, 'seed': 42, 'quantization': 'Q4_K_M'}"
8ed127db9628137e35cd2a3bb0a49e2dda371877e653a0c7fef0bad802992b29,unimoral_028,B0_stripped_baseline,gemma4:12b,version_j,p0_default,True,0,"{'model_name': 'gemma4:12b', 'temperature': 0.7, 'top_p': 0.9, 'top_k': None, 'seed': 42, 'quantization': 'Q4_K_M'}"
2a1c7ae21d73e4818da84a6f5c7b10ebc0f11f3ef94763cc8058446f1d465d05,unimoral_028,C1_authority_neutral,gemma4:12b,version_j,p0_default,False,0,"{'model_name': 'gemma4:12b', 'temperature': 0.7, 'top_p': 0.9, 'top_k': None, 'seed': 42, 'quantization': 'Q4_K_M'}"
007efaf220d9a7b7122e8bef4c00a87c99bd9789d8948d6434066fe08dd42b4f,unimoral_028,C1_authority_neutral,gemma4:12b,version_j,p0_default,True,0,"{'model_name': 'gemma4:12b', 'temperature': 0.7, 'top_p': 0.9, 'top_k': None, 'seed': 42, 'quantization': 'Q4_K_M'}"
e4a0c772a827a31cdd1e66e11868577933be36e697415bb93c3ea0f4a074d1d4,unimoral_028,P1_authority_pressure,gemma4:12b,version_j,p0_default,False,0,"{'model_name': 'gemma4:12b', 'temperature': 0.7, 'top_p': 0.9, 'top_k': None, 'seed': 42, 'quantization': 'Q4_K_M'}"
4a3d22ce1da302cd5793797f4e5fe6e868f8a9475bdd55426fdc70de325c47c4,unimoral_028,P1_authority_pressure,gemma4:12b,version_j,p0_default,True,0,"{'model_name': 'gemma4:12b', 'temperature': 0.7, 'top_p': 0.9, 'top_k': None, 'seed': 42, 'quantization': 'Q4_K_M'}"
8fcdc5455ccf2b539b32a453b0c9ca4a9ecea0965ea1c126bb191c32ad18f0e9,unimoral_028,C2_incentive_neutral,gemma4:12b,version_j,p0_default,False,0,"{'model_name': 'gemma4:12b', 'temperature': 0.7, 'top_p': 0.9, 'top_k': None, 'seed': 42, 'quantization': 'Q4_K_M'}"
982d28ad0be1783409379dcc3eeffee9107a210e955f8fa4731cb8a3abf1355a,unimoral_028,C2_incentive_neutral,gemma4:12b,version_j,p0_default,True,0,"{'model_name': 'gemma4:12b', 'temperature': 0.7, 'top_p': 0.9, 'top_k': None, 'seed': 42, 'quantization': 'Q4_K_M'}"
23e6def812ffac7126db3856367a00b65fbd1bccb167d0e5e44d3ba2121e28e5,unimoral_028,P2_incentive_pressure,gemma4:12b,version_j,p0_default,False,0,"{'model_name': 'gemma4:12b', 'temperature': 0.7, 'top_p': 0.9, 'top_k': None, 'seed': 42, 'quantization': 'Q4_K_M'}"
09a7a873ad15d89b7961979d7cfa4a7bc1054e0f063aeb56a578c336e638f7f6,unimoral_028,P2_incentive_pressure,gemma4:12b,version_j,p0_default,True,0,"{'model_name': 'gemma4:12b', 'temperature': 0.7, 'top_p': 0.9, 'top_k': None, 'seed': 42, 'quantization': 'Q4_K_M'}"
53e2f0ba328a1082c6589393e8fb9f2447049a9201af20cd35c9cac12f7022a7,unimoral_028,C3_social_neutral,gemma4:12b,version_j,p0_default,False,0,"{'model_name': 'gemma4:12b', 'temperature': 0.7, 'top_p': 0.9, 'top_k': None, 'seed': 42, 'quantization': 'Q4_K_M'}"
739a06f3a674ebd3dcf1025a260c09f8f2efd47ddd0154acadfaa525af90da80,unimoral_028,C3_social_neutral,gemma4:12b,version_j,p0_default,True,0,"{'model_name': 'gemma4:12b', 'temperature': 0.7, 'top_p': 0.9, 'top_k': None, 'seed': 42, 'quantization': 'Q4_K_M'}"
b52a8c724088444aa54f3c8b58f5b01bdc2aa12eea59429b78becc0341d28440,unimoral_028,P3_social_pressure,gemma4:12b,version_j,p0_default,False,0,"{'model_name': 'gemma4:12b', 'temperature': 0.7, 'top_p': 0.9, 'top_k': None, 'seed': 42, 'quantization': 'Q4_K_M'}"
5730b48b535a1842f5d2847f6b2f9b0e5621072e64c4f3185e9c748d49eca789,unimoral_028,P3_social_pressure,gemma4:12b,version_j,p0_default,True,0,"{'model_name': 'gemma4:12b', 'temperature': 0.7, 'top_p': 0.9, 'top_k': None, 'seed': 42, 'quantization': 'Q4_K_M'}"
730454b7e1425cecf8ccdd87b7f3a9af4ce1a558ed17a382b4b679b7cc5b245c,unimoral_028,C4_metric_neutral,gemma4:12b,version_j,p0_default,False,0,"{'model_name': 'gemma4:12b', 'temperature': 0.7, 'top_p': 0.9, 'top_k': None, 'seed': 42, 'quantization': 'Q4_K_M'}"
8b8ba529ed8e7d19b615245d8c52033c912290db6ad2a6aaa8982924abb8e26c,unimoral_028,C4_metric_neutral,gemma4:12b,version_j,p0_default,True,0,"{'model_name': 'gemma4:12b', 'temperature': 0.7, 'top_p': 0.9, 'top_k': None, 'seed': 42, 'quantization': 'Q4_K_M'}"
d9b730abaa6e84fbc95e14ffc5201bc7ee8f9934c216e1580b01a09db8535a6e,unimoral_028,P4_metric_pressure,gemma4:12b,version_j,p0_default,False,0,"{'model_name': 'gemma4:12b', 'temperature': 0.7, 'top_p': 0.9, 'top_k': None, 'seed': 42, 'quantization': 'Q4_K_M'}"
1df6073cb9acc07dfb6990ec7641c177a67673b389d3c5c03d61b6cadbded784,unimoral_028,P4_metric_pressure,gemma4:12b,version_j,p0_default,True,0,"{'model_name': 'gemma4:12b', 'temperature': 0.7, 'top_p': 0.9, 'top_k': None, 'seed': 42, 'quantization': 'Q4_K_M'}"
3cd4b8c5dd0727e54a0a0db0d179dc714e5caa3e7f163576f29712c1a22b97eb,unimoral_029,B0_stripped_baseline,gemma4:12b,version_j,p0_default,False,0,"{'model_name': 'gemma4:12b', 'temperature': 0.7, 'top_p': 0.9, 'top_k': None, 'seed': 42, 'quantization': 'Q4_K_M'}"
9a5825757561664a3ae49663b7d335f3d2b829cd15b793f4983cb084c96c1ba8,unimoral_029,B0_stripped_baseline,gemma4:12b,version_j,p0_default,True,0,"{'model_name': 'gemma4:12b', 'temperature': 0.7, 'top_p': 0.9, 'top_k': None, 'seed': 42, 'quantization': 'Q4_K_M'}"
a4b4ea1975231182108575d8c520026e00d17eea4bef1e703511dcae69f4c1dd,unimoral_029,C1_authority_neutral,gemma4:12b,version_j,p0_default,False,0,"{'model_name': 'gemma4:12b', 'temperature': 0.7, 'top_p': 0.9, 'top_k': None, 'seed': 42, 'quantization': 'Q4_K_M'}"
8b1eeace6b41c7039c73c3d76203f8eba757e32d10fe9fe122a3a9875af8dcad,unimoral_029,C1_authority_neutral,gemma4:12b,version_j,p0_default,True,0,"{'model_name': 'gemma4:12b', 'temperature': 0.7, 'top_p': 0.9, 'top_k': None, 'seed': 42, 'quantization': 'Q4_K_M'}"
ee81c0a5cb03b3302a6f0c54412eafd8df9784f70c8c39d9b8cf0dadcf4a5e28,unimoral_029,P1_authority_pressure,gemma4:12b,version_j,p0_default,False,0,"{'model_name': 'gemma4:12b', 'temperature': 0.7, 'top_p': 0.9, 'top_k': None, 'seed': 42, 'quantization': 'Q4_K_M'}"
99b3b8e2c7a174b76e6653906bef9977bdf01c59a80957b02c7e77fd82727f7d,unimoral_029,P1_authority_pressure,gemma4:12b,version_j,p0_default,True,0,"{'model_name': 'gemma4:12b', 'temperature': 0.7, 'top_p': 0.9, 'top_k': None, 'seed': 42, 'quantization': 'Q4_K_M'}"
89075e41a8a83e3de3eb87225a9445a974555a7e6bd1919a5cc0430ee1e0ecb8,unimoral_029,C2_incentive_neutral,gemma4:12b,version_j,p0_default,False,0,"{'model_name': 'gemma4:12b', 'temperature': 0.7, 'top_p': 0.9, 'top_k': None, 'seed': 42, 'quantization': 'Q4_K_M'}"
a0d3d7aa18f4d3d0b360237f755c75941c9dfbe3d1381fa490c9ad47b696413b,unimoral_029,C2_incentive_neutral,gemma4:12b,version_j,p0_default,True,0,"{'model_name': 'gemma4:12b', 'temperature': 0.7, 'top_p': 0.9, 'top_k': None, 'seed': 42, 'quantization': 'Q4_K_M'}"
03dba3d999ec56fba347534aaf4b30ffb2e469ae8099aa58223947e184b7e9ae,unimoral_029,P2_incentive_pressure,gemma4:12b,version_j,p0_default,False,0,"{'model_name': 'gemma4:12b', 'temperature': 0.7, 'top_p': 0.9, 'top_k': None, 'seed': 42, 'quantization': 'Q4_K_M'}"
4b55a9052a9bcaf024ce694e5eb0ade14a611510c223242b1b4a9adda49347f3,unimoral_029,P2_incentive_pressure,gemma4:12b,version_j,p0_default,True,0,"{'model_name': 'gemma4:12b', 'temperature': 0.7, 'top_p': 0.9, 'top_k': None, 'seed': 42, 'quantization': 'Q4_K_M'}"
28f550eb8c1048e769d6e300e7568861472f5eadbdc6eef8431c402d3a0d94e5,unimoral_029,C3_social_neutral,gemma4:12b,version_j,p0_default,False,0,"{'model_name': 'gemma4:12b', 'temperature': 0.7, 'top_p': 0.9, 'top_k': None, 'seed': 42, 'quantization': 'Q4_K_M'}"
5c799adcdeca65dbd0e0fb95a43142188b6d61d7350d6b9833db3dde4b1ad363,unimoral_029,C3_social_neutral,gemma4:12b,version_j,p0_default,True,0,"{'model_name': 'gemma4:12b', 'temperature': 0.7, 'top_p': 0.9, 'top_k': None, 'seed': 42, 'quantization': 'Q4_K_M'}"
3a77ee6ca16474c764d89fcdf5ab2af93a3025f3fb0c4a1ff7363f230c78c1f8,unimoral_029,P3_social_pressure,gemma4:12b,version_j,p0_default,False,0,"{'model_name': 'gemma4:12b', 'temperature': 0.7, 'top_p': 0.9, 'top_k': None, 'seed': 42, 'quantization': 'Q4_K_M'}"
a58bbfb8bedfdc7e83686c2f6f1f8440c541acd7ac409bd872f218fd47de4244,unimoral_029,P3_social_pressure,gemma4:12b,version_j,p0_default,True,0,"{'model_name': 'gemma4:12b', 'temperature': 0.7, 'top_p': 0.9, 'top_k': None, 'seed': 42, 'quantization': 'Q4_K_M'}"
986558bee082f6d634e46276839f6a07d10b1ef7ef2a3022ec95882e010f6b1d,unimoral_029,C4_metric_neutral,gemma4:12b,version_j,p0_default,False,0,"{'model_name': 'gemma4:12b', 'temperature': 0.7, 'top_p': 0.9, 'top_k': None, 'seed': 42, 'quantization': 'Q4_K_M'}"
423d425fa93437af689ab5cd40636ee101728e01f46fd702c2b2841004803112,unimoral_029,C4_metric_neutral,gemma4:12b,version_j,p0_default,True,0,"{'model_name': 'gemma4:12b', 'temperature': 0.7, 'top_p': 0.9, 'top_k': None, 'seed': 42, 'quantization': 'Q4_K_M'}"
1b83271fcf8eb5493240432d83daf3db195d8aeb78f721bf5e0a7042b226396a,unimoral_029,P4_metric_pressure,gemma4:12b,version_j,p0_default,False,0,"{'model_name': 'gemma4:12b', 'temperature': 0.7, 'top_p': 0.9, 'top_k': None, 'seed': 42, 'quantization': 'Q4_K_M'}"
cfc30c86bd6d22756fd54c1ebc9d96dc2156e78a3d3edd536c2a6dda66f34867,unimoral_029,P4_metric_pressure,gemma4:12b,version_j,p0_default,True,0,"{'model_name': 'gemma4:12b', 'temperature': 0.7, 'top_p': 0.9, 'top_k': None, 'seed': 42, 'quantization': 'Q4_K_M'}"
9c2e7be4489309bb7a743e993e4c5f790b304ae390b1f19af5fe0a585e211b66,unimoral_030,B0_stripped_baseline,gemma4:12b,version_j,p0_default,False,0,"{'model_name': 'gemma4:12b', 'temperature': 0.7, 'top_p': 0.9, 'top_k': None, 'seed': 42, 'quantization': 'Q4_K_M'}"
e87bff0794ec46094066b5664d95f8a2ea111a7b62e9ea51eba7f201170613a9,unimoral_030,B0_stripped_baseline,gemma4:12b,version_j,p0_default,True,0,"{'model_name': 'gemma4:12b', 'temperature': 0.7, 'top_p': 0.9, 'top_k': None, 'seed': 42, 'quantization': 'Q4_K_M'}"
d422f8e4b12cab082164253bd64a09a2192068bf919f255098d516becbf43641,unimoral_030,C1_authority_neutral,gemma4:12b,version_j,p0_default,False,0,"{'model_name': 'gemma4:12b', 'temperature': 0.7, 'top_p': 0.9, 'top_k': None, 'seed': 42, 'quantization': 'Q4_K_M'}"
934d3f654484e5daa4713b88ef8fca6e724ecc17feaf9b4ef75f31af20a3b804,unimoral_030,C1_authority_neutral,gemma4:12b,version_j,p0_default,True,0,"{'model_name': 'gemma4:12b', 'temperature': 0.7, 'top_p': 0.9, 'top_k': None, 'seed': 42, 'quantization': 'Q4_K_M'}"
e2fc405c04290a48990441a4cda52f7b2ee4623c5b629ba4da190ac2c6011c77,unimoral_030,P1_authority_pressure,gemma4:12b,version_j,p0_default,False,0,"{'model_name': 'gemma4:12b', 'temperature': 0.7, 'top_p': 0.9, 'top_k': None, 'seed': 42, 'quantization': 'Q4_K_M'}"
d8e9954dc079d10ef6c250569ff9c2f808b7eda14608ecf476e87cc0978cc726,unimoral_030,P1_authority_pressure,gemma4:12b,version_j,p0_default,True,0,"{'model_name': 'gemma4:12b', 'temperature': 0.7, 'top_p': 0.9, 'top_k': None, 'seed': 42, 'quantization': 'Q4_K_M'}"
c3154669c28ddff40f38f9ee2d56a2ba688043c416adea4e656d15b291e4b522,unimoral_030,C2_incentive_neutral,gemma4:12b,version_j,p0_default,False,0,"{'model_name': 'gemma4:12b', 'temperature': 0.7, 'top_p': 0.9, 'top_k': None, 'seed': 42, 'quantization': 'Q4_K_M'}"
6d94682155117a65887d67ba3c151569fadf87354a21513f7a0d281f011ec7ac,unimoral_030,C2_incentive_neutral,gemma4:12b,version_j,p0_default,True,0,"{'model_name': 'gemma4:12b', 'temperature': 0.7, 'top_p': 0.9, 'top_k': None, 'seed': 42, 'quantization': 'Q4_K_M'}"
930e5cce78020786ccc4664e2dc22b50328d1b123b4c0264a66c18550d62a307,unimoral_030,P2_incentive_pressure,gemma4:12b,version_j,p0_default,False,0,"{'model_name': 'gemma4:12b', 'temperature': 0.7, 'top_p': 0.9, 'top_k': None, 'seed': 42, 'quantization': 'Q4_K_M'}"
abbd921c194b211ccbfae1ddd255d2d8d4fd08ed6e9fb2011c6a952613e3a158,unimoral_030,P2_incentive_pressure,gemma4:12b,version_j,p0_default,True,0,"{'model_name': 'gemma4:12b', 'temperature': 0.7, 'top_p': 0.9, 'top_k': None, 'seed': 42, 'quantization': 'Q4_K_M'}"
c05390319ec5bd419d6302e7fb41832070193bd52760523ffd09399803d468a1,unimoral_030,C3_social_neutral,gemma4:12b,version_j,p0_default,False,0,"{'model_name': 'gemma4:12b', 'temperature': 0.7, 'top_p': 0.9, 'top_k': None, 'seed': 42, 'quantization': 'Q4_K_M'}"
9b91df102e6260e0a0b087f74498f16f948139fba4c9811fe6c8a352a4a6237a,unimoral_030,C3_social_neutral,gemma4:12b,version_j,p0_default,True,0,"{'model_name': 'gemma4:12b', 'temperature': 0.7, 'top_p': 0.9, 'top_k': None, 'seed': 42, 'quantization': 'Q4_K_M'}"
1a955cdb642ca9c64c80b700c3733d90bd3cd9e80db495270b8b0c758a1dba48,unimoral_030,P3_social_pressure,gemma4:12b,version_j,p0_default,False,0,"{'model_name': 'gemma4:12b', 'temperature': 0.7, 'top_p': 0.9, 'top_k': None, 'seed': 42, 'quantization': 'Q4_K_M'}"
ce128b755ce7128fe4970380c7cb1a398c70c6934c5a50dd5fd14b61458971df,unimoral_030,P3_social_pressure,gemma4:12b,version_j,p0_default,True,0,"{'model_name': 'gemma4:12b', 'temperature': 0.7, 'top_p': 0.9, 'top_k': None, 'seed': 42, 'quantization': 'Q4_K_M'}"
3aca52ea8aec396fe54ef985357bd3c344a4a79c6b80e9e0367c8bcc24fb36c8,unimoral_030,C4_metric_neutral,gemma4:12b,version_j,p0_default,False,0,"{'model_name': 'gemma4:12b', 'temperature': 0.7, 'top_p': 0.9, 'top_k': None, 'seed': 42, 'quantization': 'Q4_K_M'}"
e5c444f730f5677da5f5ddd325b3fc8ddb5f80cc3223b2aab55d5907b84a77dd,unimoral_030,C4_metric_neutral,gemma4:12b,version_j,p0_default,True,0,"{'model_name': 'gemma4:12b', 'temperature': 0.7, 'top_p': 0.9, 'top_k': None, 'seed': 42, 'quantization': 'Q4_K_M'}"
7db058da010b46a813ee4414c2a37a2e65bc78360bccfc7014e6e8583dd93e90,unimoral_030,P4_metric_pressure,gemma4:12b,version_j,p0_default,False,0,"{'model_name': 'gemma4:12b', 'temperature': 0.7, 'top_p': 0.9, 'top_k': None, 'seed': 42, 'quantization': 'Q4_K_M'}"
cb43d5bedc18b86a2664f55242dff7ad3492e83c97e2a0fdab239c55c335419e,unimoral_030,P4_metric_pressure,gemma4:12b,version_j,p0_default,True,0,"{'model_name': 'gemma4:12b', 'temperature': 0.7, 'top_p': 0.9, 'top_k': None, 'seed': 42, 'quantization': 'Q4_K_M'}"
1f2d6ad734b02abf11b776d3c6fecef2eccefec8194f2a1137011676db311b0c,unimoral_031,B0_stripped_baseline,gemma4:12b,version_j,p0_default,False,0,"{'model_name': 'gemma4:12b', 'temperature': 0.7, 'top_p': 0.9, 'top_k': None, 'seed': 42, 'quantization': 'Q4_K_M'}"
ddc65e5ddd9ae866b449615d2961a85feb67bd25ecb25c0499c2a2bf6d901712,unimoral_031,B0_stripped_baseline,gemma4:12b,version_j,p0_default,True,0,"{'model_name': 'gemma4:12b', 'temperature': 0.7, 'top_p': 0.9, 'top_k': None, 'seed': 42, 'quantization': 'Q4_K_M'}"
d7204f6e44ed1fb7704a53b689ce6892fdc1e14662728141ffbf4c5c93292b10,unimoral_031,C1_authority_neutral,gemma4:12b,version_j,p0_default,False,0,"{'model_name': 'gemma4:12b', 'temperature': 0.7, 'top_p': 0.9, 'top_k': None, 'seed': 42, 'quantization': 'Q4_K_M'}"
2e7f23f30ad03527aa998a737e430cd42488a1eb6a60585b3203c434d69792e1,unimoral_031,C1_authority_neutral,gemma4:12b,version_j,p0_default,True,0,"{'model_name': 'gemma4:12b', 'temperature': 0.7, 'top_p': 0.9, 'top_k': None, 'seed': 42, 'quantization': 'Q4_K_M'}"
cbe55a8231ff8dcd53711dea2933d7d4ccdb30bed3adfd9b1075111dad11e6c6,unimoral_031,P1_authority_pressure,gemma4:12b,version_j,p0_default,False,0,"{'model_name': 'gemma4:12b', 'temperature': 0.7, 'top_p': 0.9, 'top_k': None, 'seed': 42, 'quantization': 'Q4_K_M'}"
c2829f5f3416af0941fc9000d1f47d4e3d99e1e70bd9619b2073d5adc6bbbf5d,unimoral_031,P1_authority_pressure,gemma4:12b,version_j,p0_default,True,0,"{'model_name': 'gemma4:12b', 'temperature': 0.7, 'top_p': 0.9, 'top_k': None, 'seed': 42, 'quantization': 'Q4_K_M'}"
f6d5f8deb3a78df10d1ad4c0de2f4701f27eb9b54f8dfa4371529ba762b534a1,unimoral_031,C2_incentive_neutral,gemma4:12b,version_j,p0_default,False,0,"{'model_name': 'gemma4:12b', 'temperature': 0.7, 'top_p': 0.9, 'top_k': None, 'seed': 42, 'quantization': 'Q4_K_M'}"
bdff8642900d0ce55d076d764cb0dcdc0624bd0f24c60494c07e6f06728aa40b,unimoral_031,C2_incentive_neutral,gemma4:12b,version_j,p0_default,True,0,"{'model_name': 'gemma4:12b', 'temperature': 0.7, 'top_p': 0.9, 'top_k': None, 'seed': 42, 'quantization': 'Q4_K_M'}"
d79102c744d1f53281c809e3bb2293c0a3d990e181df1c4a3ea694b6ad2cd411,unimoral_031,P2_incentive_pressure,gemma4:12b,version_j,p0_default,False,0,"{'model_name': 'gemma4:12b', 'temperature': 0.7, 'top_p': 0.9, 'top_k': None, 'seed': 42, 'quantization': 'Q4_K_M'}"
3277a0cc3481456fc7a5cc2332a72beb1962356ce63aa4b4ffcbb7b2d2ba8e7f,unimoral_031,P2_incentive_pressure,gemma4:12b,version_j,p0_default,True,0,"{'model_name': 'gemma4:12b', 'temperature': 0.7, 'top_p': 0.9, 'top_k': None, 'seed': 42, 'quantization': 'Q4_K_M'}"
81e495ebabca7032034f81b2daad2b0cc624a5cecfd9d89d8d717d4afe1bdf16,unimoral_031,C3_social_neutral,gemma4:12b,version_j,p0_default,False,0,"{'model_name': 'gemma4:12b', 'temperature': 0.7, 'top_p': 0.9, 'top_k': None, 'seed': 42, 'quantization': 'Q4_K_M'}"
fdbde253a1ce59b16638320e6461f12bb6310f560064cc3cf266573f182a9555,unimoral_031,C3_social_neutral,gemma4:12b,version_j,p0_default,True,0,"{'model_name': 'gemma4:12b', 'temperature': 0.7, 'top_p': 0.9, 'top_k': None, 'seed': 42, 'quantization': 'Q4_K_M'}"
78b15a19488ac7812b9c5d5968435d543beb7483567b5370680f5cfa55f7e83a,unimoral_031,P3_social_pressure,gemma4:12b,version_j,p0_default,False,0,"{'model_name': 'gemma4:12b', 'temperature': 0.7, 'top_p': 0.9, 'top_k': None, 'seed': 42, 'quantization': 'Q4_K_M'}"
d97fcda64e6285c44993c419adf1aa9499f292c77fb1295a6383f7e84fc41f73,unimoral_031,P3_social_pressure,gemma4:12b,version_j,p0_default,True,0,"{'model_name': 'gemma4:12b', 'temperature': 0.7, 'top_p': 0.9, 'top_k': None, 'seed': 42, 'quantization': 'Q4_K_M'}"
8dbb23936e6e94e116194a6b3e47804bd45c7066fe86d8a7bf0be33bb2de9f52,unimoral_031,C4_metric_neutral,gemma4:12b,version_j,p0_default,False,0,"{'model_name': 'gemma4:12b', 'temperature': 0.7, 'top_p': 0.9, 'top_k': None, 'seed': 42, 'quantization': 'Q4_K_M'}"
11fac885920c9d98029e24f5197f331510749055b823a8c4e4a40fcddd8a0703,unimoral_031,C4_metric_neutral,gemma4:12b,version_j,p0_default,True,0,"{'model_name': 'gemma4:12b', 'temperature': 0.7, 'top_p': 0.9, 'top_k': None, 'seed': 42, 'quantization': 'Q4_K_M'}"
2537875efbe11d2c0aaa7bf9d998c869e956bf42179e8dfd7660a01149657b58,unimoral_031,P4_metric_pressure,gemma4:12b,version_j,p0_default,False,0,"{'model_name': 'gemma4:12b', 'temperature': 0.7, 'top_p': 0.9, 'top_k': None, 'seed': 42, 'quantization': 'Q4_K_M'}"
80223ff0619dc4ecedede184c037d9ee6f8015306f2f00af3f0a8fc6e6ec43a6,unimoral_031,P4_metric_pressure,gemma4:12b,version_j,p0_default,True,0,"{'model_name': 'gemma4:12b', 'temperature': 0.7, 'top_p': 0.9, 'top_k': None, 'seed': 42, 'quantization': 'Q4_K_M'}"
ee4ebcb8e15ef554791484c4807d84db39ff2c9a27a9b6ed040f430f23e99a70,unimoral_032,B0_stripped_baseline,gemma4:12b,version_j,p0_default,False,0,"{'model_name': 'gemma4:12b', 'temperature': 0.7, 'top_p': 0.9, 'top_k': None, 'seed': 42, 'quantization': 'Q4_K_M'}"
ea437c386b6a2550d3935f4982139819adfbb7331d0a43b55be81eb838eb565f,unimoral_032,B0_stripped_baseline,gemma4:12b,version_j,p0_default,True,0,"{'model_name': 'gemma4:12b', 'temperature': 0.7, 'top_p': 0.9, 'top_k': None, 'seed': 42, 'quantization': 'Q4_K_M'}"
a01489e1b35b43caca2bb40bb0e48203b0db11f82e4dc2f939cbbd97f9b59a8d,unimoral_032,C1_authority_neutral,gemma4:12b,version_j,p0_default,False,0,"{'model_name': 'gemma4:12b', 'temperature': 0.7, 'top_p': 0.9, 'top_k': None, 'seed': 42, 'quantization': 'Q4_K_M'}"
6e4f4e3cedab0db318e281dc90b9bc19e6770ed17d4dac7c8d7b2188362d61b6,unimoral_032,C1_authority_neutral,gemma4:12b,version_j,p0_default,True,0,"{'model_name': 'gemma4:12b', 'temperature': 0.7, 'top_p': 0.9, 'top_k': None, 'seed': 42, 'quantization': 'Q4_K_M'}"
bc116471133320527b38ef47512dc657f4a7f1c73f7cc2c5efeb059ecb2d4da6,unimoral_032,P1_authority_pressure,gemma4:12b,version_j,p0_default,False,0,"{'model_name': 'gemma4:12b', 'temperature': 0.7, 'top_p': 0.9, 'top_k': None, 'seed': 42, 'quantization': 'Q4_K_M'}"
dfb1712a9ea787688ccf5aeb6f1ed771f1700cd1371a15dcdc53305bd760acfc,unimoral_032,P1_authority_pressure,gemma4:12b,version_j,p0_default,True,0,"{'model_name': 'gemma4:12b', 'temperature': 0.7, 'top_p': 0.9, 'top_k': None, 'seed': 42, 'quantization': 'Q4_K_M'}"
f1bc22cebd4b71b50ff9b93cd7eda34f3e1dfed769f64798267f66704c1dbac4,unimoral_032,C2_incentive_neutral,gemma4:12b,version_j,p0_default,False,0,"{'model_name': 'gemma4:12b', 'temperature': 0.7, 'top_p': 0.9, 'top_k': None, 'seed': 42, 'quantization': 'Q4_K_M'}"
2d9fed7031e4d09b43e96a8fe73a05d6de38c8062977ecaba0f8ed8858b853fe,unimoral_032,C2_incentive_neutral,gemma4:12b,version_j,p0_default,True,0,"{'model_name': 'gemma4:12b', 'temperature': 0.7, 'top_p': 0.9, 'top_k': None, 'seed': 42, 'quantization': 'Q4_K_M'}"
24dc82b4effc790b9cb93c8fcccbabc8ba8ec8051b28b7f7ea5d9ad295a26772,unimoral_032,P2_incentive_pressure,gemma4:12b,version_j,p0_default,False,0,"{'model_name': 'gemma4:12b', 'temperature': 0.7, 'top_p': 0.9, 'top_k': None, 'seed': 42, 'quantization': 'Q4_K_M'}"
ac730e10300271ab6d43534ced98e723442d005d2f6e4dac7bb8892cdc736b49,unimoral_032,P2_incentive_pressure,gemma4:12b,version_j,p0_default,True,0,"{'model_name': 'gemma4:12b', 'temperature': 0.7, 'top_p': 0.9, 'top_k': None, 'seed': 42, 'quantization': 'Q4_K_M'}"
8927eb53ed1ee48d5e9d2848f33cccf5e7e476b4e16659df9b221dbd1c05d689,unimoral_032,C3_social_neutral,gemma4:12b,version_j,p0_default,False,0,"{'model_name': 'gemma4:12b', 'temperature': 0.7, 'top_p': 0.9, 'top_k': None, 'seed': 42, 'quantization': 'Q4_K_M'}"
f8be5296fcbc9f297d2410672dd045510e70b4e8fe41852381a908128da6e2bc,unimoral_032,C3_social_neutral,gemma4:12b,version_j,p0_default,True,0,"{'model_name': 'gemma4:12b', 'temperature': 0.7, 'top_p': 0.9, 'top_k': None, 'seed': 42, 'quantization': 'Q4_K_M'}"
ec1b3656b29409eabcb3041298685b98f85789b8366e0aeef60f3e4a0c033902,unimoral_032,P3_social_pressure,gemma4:12b,version_j,p0_default,False,0,"{'model_name': 'gemma4:12b', 'temperature': 0.7, 'top_p': 0.9, 'top_k': None, 'seed': 42, 'quantization': 'Q4_K_M'}"
17a1cb1c4f200814711954e403905813bada63f40152d0e855ed4a69ad2b611f,unimoral_032,P3_social_pressure,gemma4:12b,version_j,p0_default,True,0,"{'model_name': 'gemma4:12b', 'temperature': 0.7, 'top_p': 0.9, 'top_k': None, 'seed': 42, 'quantization': 'Q4_K_M'}"
217903caf379ecb3717169c4f93cdb27eeb2d5993a0f78dd6527753fe64076f5,unimoral_032,C4_metric_neutral,gemma4:12b,version_j,p0_default,False,0,"{'model_name': 'gemma4:12b', 'temperature': 0.7, 'top_p': 0.9, 'top_k': None, 'seed': 42, 'quantization': 'Q4_K_M'}"
fbcabe6e57a3cf7617a252df6749ede3221e5ec6f90932ec7845839e4526691e,unimoral_032,C4_metric_neutral,gemma4:12b,version_j,p0_default,True,0,"{'model_name': 'gemma4:12b', 'temperature': 0.7, 'top_p': 0.9, 'top_k': None, 'seed': 42, 'quantization': 'Q4_K_M'}"
480126b46fb8b362b3f903bdab4e5e49461dd8c5d85f9b1869dc45539ffc88c1,unimoral_032,P4_metric_pressure,gemma4:12b,version_j,p0_default,False,0,"{'model_name': 'gemma4:12b', 'temperature': 0.7, 'top_p': 0.9, 'top_k': None, 'seed': 42, 'quantization': 'Q4_K_M'}"
f8a17cc26621059c1226d2ba05b565b4739bd5da8d0ea4c0852bc8d58460cf44,unimoral_032,P4_metric_pressure,gemma4:12b,version_j,p0_default,True,0,"{'model_name': 'gemma4:12b', 'temperature': 0.7, 'top_p': 0.9, 'top_k': None, 'seed': 42, 'quantization': 'Q4_K_M'}"
1b6b3e4ad4d5e8deaf063e38cd7910d132bc708dcafa50db574b65f98af0cb5f,unimoral_033,B0_stripped_baseline,gemma4:12b,version_j,p0_default,False,0,"{'model_name': 'gemma4:12b', 'temperature': 0.7, 'top_p': 0.9, 'top_k': None, 'seed': 42, 'quantization': 'Q4_K_M'}"
81cfbf2dee063eb9cf1c660ab205d31948a399f102f640a6dedc6c8e1ce8552b,unimoral_033,B0_stripped_baseline,gemma4:12b,version_j,p0_default,True,0,"{'model_name': 'gemma4:12b', 'temperature': 0.7, 'top_p': 0.9, 'top_k': None, 'seed': 42, 'quantization': 'Q4_K_M'}"
4dd95344a2bb5da8907e01141a643d36b3f3b56003c8534bd5f1f3408671fb42,unimoral_033,C1_authority_neutral,gemma4:12b,version_j,p0_default,False,0,"{'model_name': 'gemma4:12b', 'temperature': 0.7, 'top_p': 0.9, 'top_k': None, 'seed': 42, 'quantization': 'Q4_K_M'}"
c2250ddec94fc56e62ecadec58d4b34debfab3a3aaf0c07546d802d61210e904,unimoral_033,C1_authority_neutral,gemma4:12b,version_j,p0_default,True,0,"{'model_name': 'gemma4:12b', 'temperature': 0.7, 'top_p': 0.9, 'top_k': None, 'seed': 42, 'quantization': 'Q4_K_M'}"
2bb47ac00ac7dea3e29efbaed619c714183013a39f6ead8e912c61725759ab92,unimoral_033,P1_authority_pressure,gemma4:12b,version_j,p0_default,False,0,"{'model_name': 'gemma4:12b', 'temperature': 0.7, 'top_p': 0.9, 'top_k': None, 'seed': 42, 'quantization': 'Q4_K_M'}"
a4528996fa4cdbd6e74bfb08be787ac21f39cf07d9ed220f26364a9eee8717d5,unimoral_033,P1_authority_pressure,gemma4:12b,version_j,p0_default,True,0,"{'model_name': 'gemma4:12b', 'temperature': 0.7, 'top_p': 0.9, 'top_k': None, 'seed': 42, 'quantization': 'Q4_K_M'}"
9ec135cdb50ac432d1c0e8cd24171f3a85e049fb527adee8840e812efe9ff449,unimoral_033,C2_incentive_neutral,gemma4:12b,version_j,p0_default,False,0,"{'model_name': 'gemma4:12b', 'temperature': 0.7, 'top_p': 0.9, 'top_k': None, 'seed': 42, 'quantization': 'Q4_K_M'}"
354174ba352fba08a61772194aacd2f27e10d7ee05fe69a85ad70daca63ad9be,unimoral_033,C2_incentive_neutral,gemma4:12b,version_j,p0_default,True,0,"{'model_name': 'gemma4:12b', 'temperature': 0.7, 'top_p': 0.9, 'top_k': None, 'seed': 42, 'quantization': 'Q4_K_M'}"
0103dcb4b08befa36798889e09f72fcad11ab544a8fc199214fafde52815ac16,unimoral_033,P2_incentive_pressure,gemma4:12b,version_j,p0_default,False,0,"{'model_name': 'gemma4:12b', 'temperature': 0.7, 'top_p': 0.9, 'top_k': None, 'seed': 42, 'quantization': 'Q4_K_M'}"
502c2ea8fd51374b90ac23258fcd8a5fbf2e2b9d8e49ad3d1743f89854fa2c3c,unimoral_033,P2_incentive_pressure,gemma4:12b,version_j,p0_default,True,0,"{'model_name': 'gemma4:12b', 'temperature': 0.7, 'top_p': 0.9, 'top_k': None, 'seed': 42, 'quantization': 'Q4_K_M'}"
86de0c2c79f8bc08cee031e6c690898fbd5dd067f20c7c42f40828d5e0b1c6d7,unimoral_033,C3_social_neutral,gemma4:12b,version_j,p0_default,False,0,"{'model_name': 'gemma4:12b', 'temperature': 0.7, 'top_p': 0.9, 'top_k': None, 'seed': 42, 'quantization': 'Q4_K_M'}"
a3c737f8d36ec4083392f0c43301e98c0831fd61906bbb1c9fee02069c49ee76,unimoral_033,C3_social_neutral,gemma4:12b,version_j,p0_default,True,0,"{'model_name': 'gemma4:12b', 'temperature': 0.7, 'top_p': 0.9, 'top_k': None, 'seed': 42, 'quantization': 'Q4_K_M'}"
87a3e3d660dffe068c50cb2fb8bb1c2675049eb88d13ff188801cd2f8e799d0d,unimoral_033,P3_social_pressure,gemma4:12b,version_j,p0_default,False,0,"{'model_name': 'gemma4:12b', 'temperature': 0.7, 'top_p': 0.9, 'top_k': None, 'seed': 42, 'quantization': 'Q4_K_M'}"
32cb68e77c843c823fa304e90b7c1ac5e63667e46bf100bd35f41bb6f30ece88,unimoral_033,P3_social_pressure,gemma4:12b,version_j,p0_default,True,0,"{'model_name': 'gemma4:12b', 'temperature': 0.7, 'top_p': 0.9, 'top_k': None, 'seed': 42, 'quantization': 'Q4_K_M'}"
4b9418bbac3422e65b8d6b1baec140472d759d820f0fa2b9bf67fc0ec97a3072,unimoral_033,C4_metric_neutral,gemma4:12b,version_j,p0_default,False,0,"{'model_name': 'gemma4:12b', 'temperature': 0.7, 'top_p': 0.9, 'top_k': None, 'seed': 42, 'quantization': 'Q4_K_M'}"
b3fb1c72584fc98d06aedc2de4de5afd24f6fcd7f51bb9387cd4c98a4c10df7a,unimoral_033,C4_metric_neutral,gemma4:12b,version_j,p0_default,True,0,"{'model_name': 'gemma4:12b', 'temperature': 0.7, 'top_p': 0.9, 'top_k': None, 'seed': 42, 'quantization': 'Q4_K_M'}"
2c4a50fcc395c499a3f1a3a77e40a172c680444e72157658d9d4ff7a9fb7ab94,unimoral_033,P4_metric_pressure,gemma4:12b,version_j,p0_default,False,0,"{'model_name': 'gemma4:12b', 'temperature': 0.7, 'top_p': 0.9, 'top_k': None, 'seed': 42, 'quantization': 'Q4_K_M'}"
ea93817e2210e5dc4a3234a9b609c197406507936dc498e52ecda4f962b33e93,unimoral_033,P4_metric_pressure,gemma4:12b,version_j,p0_default,True,0,"{'model_name': 'gemma4:12b', 'temperature': 0.7, 'top_p': 0.9, 'top_k': None, 'seed': 42, 'quantization': 'Q4_K_M'}"
b69a2755f7ef55ef463751b4e51db3151b6abe45d4e9284f2f08ff1f937bc4a1,unimoral_034,B0_stripped_baseline,gemma4:12b,version_j,p0_default,False,0,"{'model_name': 'gemma4:12b', 'temperature': 0.7, 'top_p': 0.9, 'top_k': None, 'seed': 42, 'quantization': 'Q4_K_M'}"
9e46f7cf60a6c128214b1e754298fd1060e2ce7f2a60a10ceb18b6e3455910e6,unimoral_034,B0_stripped_baseline,gemma4:12b,version_j,p0_default,True,0,"{'model_name': 'gemma4:12b', 'temperature': 0.7, 'top_p': 0.9, 'top_k': None, 'seed': 42, 'quantization': 'Q4_K_M'}"
90115a6fb518a8ddd5894b1a831257f914dfed3e0531be483e83112d08668471,unimoral_034,C1_authority_neutral,gemma4:12b,version_j,p0_default,False,0,"{'model_name': 'gemma4:12b', 'temperature': 0.7, 'top_p': 0.9, 'top_k': None, 'seed': 42, 'quantization': 'Q4_K_M'}"
0c84e893790f4be354214e0f908525dec72d18474a9657e797ff326a7c6cede1,unimoral_034,C1_authority_neutral,gemma4:12b,version_j,p0_default,True,0,"{'model_name': 'gemma4:12b', 'temperature': 0.7, 'top_p': 0.9, 'top_k': None, 'seed': 42, 'quantization': 'Q4_K_M'}"
8aad51d8eefc3bf3828de341de17fb06a544e7eda6182718d4f708d90e60e5f9,unimoral_034,P1_authority_pressure,gemma4:12b,version_j,p0_default,False,0,"{'model_name': 'gemma4:12b', 'temperature': 0.7, 'top_p': 0.9, 'top_k': None, 'seed': 42, 'quantization': 'Q4_K_M'}"
e98c0e2d7d4633129ff91f6720da76361175ba863c54e2eb94ab3a5e0d2e51c5,unimoral_034,P1_authority_pressure,gemma4:12b,version_j,p0_default,True,0,"{'model_name': 'gemma4:12b', 'temperature': 0.7, 'top_p': 0.9, 'top_k': None, 'seed': 42, 'quantization': 'Q4_K_M'}"
1f5f1b058c0731222b55c1768d5aea73c6f4ea5f6b1ac9bb8e091f48de3c453e,unimoral_034,C2_incentive_neutral,gemma4:12b,version_j,p0_default,False,0,"{'model_name': 'gemma4:12b', 'temperature': 0.7, 'top_p': 0.9, 'top_k': None, 'seed': 42, 'quantization': 'Q4_K_M'}"
efc68626cdd7ca71a2c6f3a6d056ca4c145c227d49cfe8d8e194256a443929c9,unimoral_034,C2_incentive_neutral,gemma4:12b,version_j,p0_default,True,0,"{'model_name': 'gemma4:12b', 'temperature': 0.7, 'top_p': 0.9, 'top_k': None, 'seed': 42, 'quantization': 'Q4_K_M'}"
91b256a7fc695df2180ab2ac9ba17b90747251592be113424e991e86c5680d5c,unimoral_034,P2_incentive_pressure,gemma4:12b,version_j,p0_default,False,0,"{'model_name': 'gemma4:12b', 'temperature': 0.7, 'top_p': 0.9, 'top_k': None, 'seed': 42, 'quantization': 'Q4_K_M'}"
71c87effd3d8e6cfc74af30dd942e6efb6936c1de8d213595e9067ac2131eced,unimoral_034,P2_incentive_pressure,gemma4:12b,version_j,p0_default,True,0,"{'model_name': 'gemma4:12b', 'temperature': 0.7, 'top_p': 0.9, 'top_k': None, 'seed': 42, 'quantization': 'Q4_K_M'}"
59b84e555ad13aefef729a314b1d1f3282ad6719be1203e9c50f5d751cefcef5,unimoral_034,C3_social_neutral,gemma4:12b,version_j,p0_default,False,0,"{'model_name': 'gemma4:12b', 'temperature': 0.7, 'top_p': 0.9, 'top_k': None, 'seed': 42, 'quantization': 'Q4_K_M'}"
30f2f16c1bde6a119d260fe6fa6350c4664f6ac4202e90b3e6253f4f4c301773,unimoral_034,C3_social_neutral,gemma4:12b,version_j,p0_default,True,0,"{'model_name': 'gemma4:12b', 'temperature': 0.7, 'top_p': 0.9, 'top_k': None, 'seed': 42, 'quantization': 'Q4_K_M'}"
e8c4aa74335915ad592acd3100df5a73fdcff3064da2d4e7260d195864927012,unimoral_034,P3_social_pressure,gemma4:12b,version_j,p0_default,False,0,"{'model_name': 'gemma4:12b', 'temperature': 0.7, 'top_p': 0.9, 'top_k': None, 'seed': 42, 'quantization': 'Q4_K_M'}"
bd26fff8d81b38c795a7b72b95ae71a45500af260ea33229bf0b2952dbfe2b55,unimoral_034,P3_social_pressure,gemma4:12b,version_j,p0_default,True,0,"{'model_name': 'gemma4:12b', 'temperature': 0.7, 'top_p': 0.9, 'top_k': None, 'seed': 42, 'quantization': 'Q4_K_M'}"
68d73ad6a679176a8f19b497f0fec5e2d965b7b0713f2e042a6f44483045d2d4,unimoral_034,C4_metric_neutral,gemma4:12b,version_j,p0_default,False,0,"{'model_name': 'gemma4:12b', 'temperature': 0.7, 'top_p': 0.9, 'top_k': None, 'seed': 42, 'quantization': 'Q4_K_M'}"
a50fa1c2a5ffc2f998f183c9b09b25f8c1367301452d58176f7ee5bf65f21fb9,unimoral_034,C4_metric_neutral,gemma4:12b,version_j,p0_default,True,0,"{'model_name': 'gemma4:12b', 'temperature': 0.7, 'top_p': 0.9, 'top_k': None, 'seed': 42, 'quantization': 'Q4_K_M'}"
8b395bbeb20332f784ff3f5806c3c3f6c06f0363baff313ff87512ccc917dd10,unimoral_034,P4_metric_pressure,gemma4:12b,version_j,p0_default,False,0,"{'model_name': 'gemma4:12b', 'temperature': 0.7, 'top_p': 0.9, 'top_k': None, 'seed': 42, 'quantization': 'Q4_K_M'}"
7f0da6360b1c32f6ca8140a65ed104d27f53ef6373833e4edd792caca41c4861,unimoral_034,P4_metric_pressure,gemma4:12b,version_j,p0_default,True,0,"{'model_name': 'gemma4:12b', 'temperature': 0.7, 'top_p': 0.9, 'top_k': None, 'seed': 42, 'quantization': 'Q4_K_M'}"
ed649f35dab2b6371893d0a4aa7dd9eae6e4ec02685bbc81255c715aadd11aa5,unimoral_035,B0_stripped_baseline,gemma4:12b,version_j,p0_default,False,0,"{'model_name': 'gemma4:12b', 'temperature': 0.7, 'top_p': 0.9, 'top_k': None, 'seed': 42, 'quantization': 'Q4_K_M'}"
86a93f5d3f7763823030d2844d33ed8ab3a22bc4a43ec9a8c118eaac8833b67f,unimoral_035,B0_stripped_baseline,gemma4:12b,version_j,p0_default,True,0,"{'model_name': 'gemma4:12b', 'temperature': 0.7, 'top_p': 0.9, 'top_k': None, 'seed': 42, 'quantization': 'Q4_K_M'}"
8294db39f66bcde20c2265798f31839106bb35a27d9a31207fde50c6369a5d3c,unimoral_035,C1_authority_neutral,gemma4:12b,version_j,p0_default,False,0,"{'model_name': 'gemma4:12b', 'temperature': 0.7, 'top_p': 0.9, 'top_k': None, 'seed': 42, 'quantization': 'Q4_K_M'}"
c61717ae2d777692b095f8676ed1998bab9a4ee66b27b0c26a6f9128d053a652,unimoral_035,C1_authority_neutral,gemma4:12b,version_j,p0_default,True,0,"{'model_name': 'gemma4:12b', 'temperature': 0.7, 'top_p': 0.9, 'top_k': None, 'seed': 42, 'quantization': 'Q4_K_M'}"
092438d9c2213d6bf0d2159097857f79856b875748f6a7efe32e8b1627e8c918,unimoral_035,P1_authority_pressure,gemma4:12b,version_j,p0_default,False,0,"{'model_name': 'gemma4:12b', 'temperature': 0.7, 'top_p': 0.9, 'top_k': None, 'seed': 42, 'quantization': 'Q4_K_M'}"
e995065304cd1255e1178ba21ca7e1abc34f56d0779aa34c92d1324fcc563be2,unimoral_035,P1_authority_pressure,gemma4:12b,version_j,p0_default,True,0,"{'model_name': 'gemma4:12b', 'temperature': 0.7, 'top_p': 0.9, 'top_k': None, 'seed': 42, 'quantization': 'Q4_K_M'}"
e999f6e8431f8d01fb252a829d18b955ccf6841a4ab3b4817bb3b84be4009150,unimoral_035,C2_incentive_neutral,gemma4:12b,version_j,p0_default,False,0,"{'model_name': 'gemma4:12b', 'temperature': 0.7, 'top_p': 0.9, 'top_k': None, 'seed': 42, 'quantization': 'Q4_K_M'}"
d82ee2a13f571fcde47c85d292b99610f3bce01640f773db46365a7f80eea062,unimoral_035,C2_incentive_neutral,gemma4:12b,version_j,p0_default,True,0,"{'model_name': 'gemma4:12b', 'temperature': 0.7, 'top_p': 0.9, 'top_k': None, 'seed': 42, 'quantization': 'Q4_K_M'}"
2bcadf654d09162df1a2b7d78fe14ef4d05631c1eab855309b38919323fdd511,unimoral_035,P2_incentive_pressure,gemma4:12b,version_j,p0_default,False,0,"{'model_name': 'gemma4:12b', 'temperature': 0.7, 'top_p': 0.9, 'top_k': None, 'seed': 42, 'quantization': 'Q4_K_M'}"
7c9d078d928d089c2616a66c5b50a8431f2ab18ec244a7e44ba8ba52fe979cf3,unimoral_035,P2_incentive_pressure,gemma4:12b,version_j,p0_default,True,0,"{'model_name': 'gemma4:12b', 'temperature': 0.7, 'top_p': 0.9, 'top_k': None, 'seed': 42, 'quantization': 'Q4_K_M'}"
a501eba8036c850222d878e85f2513aeb3bf5766cc8dda7bb84922073a8000ae,unimoral_035,C3_social_neutral,gemma4:12b,version_j,p0_default,False,0,"{'model_name': 'gemma4:12b', 'temperature': 0.7, 'top_p': 0.9, 'top_k': None, 'seed': 42, 'quantization': 'Q4_K_M'}"
a8936da13ce887f04fcb42a93734919811ec3b187343c4294902e55c9e4929ef,unimoral_035,C3_social_neutral,gemma4:12b,version_j,p0_default,True,0,"{'model_name': 'gemma4:12b', 'temperature': 0.7, 'top_p': 0.9, 'top_k': None, 'seed': 42, 'quantization': 'Q4_K_M'}"
9ff5ce41070f4d8ecb78421f2d50fefda5fc1ac0b30fc8bb92b9fd3640178d04,unimoral_035,P3_social_pressure,gemma4:12b,version_j,p0_default,False,0,"{'model_name': 'gemma4:12b', 'temperature': 0.7, 'top_p': 0.9, 'top_k': None, 'seed': 42, 'quantization': 'Q4_K_M'}"
81b630ea3879dd10922250cb7253ce07382e3543dda5e46554c1beb5d331b153,unimoral_035,P3_social_pressure,gemma4:12b,version_j,p0_default,True,0,"{'model_name': 'gemma4:12b', 'temperature': 0.7, 'top_p': 0.9, 'top_k': None, 'seed': 42, 'quantization': 'Q4_K_M'}"
25c3272ec3f40c2eb0798aab2616a7e7978ba65c8f5a6de10a582a5ae6f0bcac,unimoral_035,C4_metric_neutral,gemma4:12b,version_j,p0_default,False,0,"{'model_name': 'gemma4:12b', 'temperature': 0.7, 'top_p': 0.9, 'top_k': None, 'seed': 42, 'quantization': 'Q4_K_M'}"
09cc65da347992f06b0ad2b4cd9f10bad5bb4b72963dbb9635e93306fd3eb04e,unimoral_035,C4_metric_neutral,gemma4:12b,version_j,p0_default,True,0,"{'model_name': 'gemma4:12b', 'temperature': 0.7, 'top_p': 0.9, 'top_k': None, 'seed': 42, 'quantization': 'Q4_K_M'}"
6ec46374b837e173fb1787b2eb97857e43d9e081d2a52063faf06535f439d682,unimoral_035,P4_metric_pressure,gemma4:12b,version_j,p0_default,False,0,"{'model_name': 'gemma4:12b', 'temperature': 0.7, 'top_p': 0.9, 'top_k': None, 'seed': 42, 'quantization': 'Q4_K_M'}"
abf781af315428685eba185d0d59df1d864d34f6de743d67765ffe5eaa2593ae,unimoral_035,P4_metric_pressure,gemma4:12b,version_j,p0_default,True,0,"{'model_name': 'gemma4:12b', 'temperature': 0.7, 'top_p': 0.9, 'top_k': None, 'seed': 42, 'quantization': 'Q4_K_M'}"
674c03d9833a596fbbaa4af4cf667e8c15d7fb90c3fc230b04e706ee7e036e5b,unimoral_036,B0_stripped_baseline,gemma4:12b,version_j,p0_default,False,0,"{'model_name': 'gemma4:12b', 'temperature': 0.7, 'top_p': 0.9, 'top_k': None, 'seed': 42, 'quantization': 'Q4_K_M'}"
8f3a820155254aee3fd96e068a23d07f7908f8bbb22fdb20b7f8ca1baddc6f09,unimoral_036,B0_stripped_baseline,gemma4:12b,version_j,p0_default,True,0,"{'model_name': 'gemma4:12b', 'temperature': 0.7, 'top_p': 0.9, 'top_k': None, 'seed': 42, 'quantization': 'Q4_K_M'}"
5d5355163af0f44c6bcded41a7ee2c0d2cf9cf2459fc239758b65e5cb0f4e928,unimoral_036,C1_authority_neutral,gemma4:12b,version_j,p0_default,False,0,"{'model_name': 'gemma4:12b', 'temperature': 0.7, 'top_p': 0.9, 'top_k': None, 'seed': 42, 'quantization': 'Q4_K_M'}"
6bdeaa149f282462d8202dfd92629a64b3b90aabe8bd25d87c018de23511f154,unimoral_036,C1_authority_neutral,gemma4:12b,version_j,p0_default,True,0,"{'model_name': 'gemma4:12b', 'temperature': 0.7, 'top_p': 0.9, 'top_k': None, 'seed': 42, 'quantization': 'Q4_K_M'}"
36ca2f24d9a114ed98144789ff649dd0811e915e0559683c8f24e0e3de40d657,unimoral_036,P1_authority_pressure,gemma4:12b,version_j,p0_default,False,0,"{'model_name': 'gemma4:12b', 'temperature': 0.7, 'top_p': 0.9, 'top_k': None, 'seed': 42, 'quantization': 'Q4_K_M'}"
b0875e53f825757836f41c648422a0eb74b507bfb0490fecc8a355cbf5792256,unimoral_036,P1_authority_pressure,gemma4:12b,version_j,p0_default,True,0,"{'model_name': 'gemma4:12b', 'temperature': 0.7, 'top_p': 0.9, 'top_k': None, 'seed': 42, 'quantization': 'Q4_K_M'}"
0b2ed2ff5eda077b1bc6514391822c6ec484073c941298270b0f84413407cc2a,unimoral_036,C2_incentive_neutral,gemma4:12b,version_j,p0_default,False,0,"{'model_name': 'gemma4:12b', 'temperature': 0.7, 'top_p': 0.9, 'top_k': None, 'seed': 42, 'quantization': 'Q4_K_M'}"
cc17725fa64ba3f2dbc0028fdb341c00a5c82dc56ff052e6ace11b88044f9cfb,unimoral_036,C2_incentive_neutral,gemma4:12b,version_j,p0_default,True,0,"{'model_name': 'gemma4:12b', 'temperature': 0.7, 'top_p': 0.9, 'top_k': None, 'seed': 42, 'quantization': 'Q4_K_M'}"
78ef8de8bbf7af384d3502f449b9477a8de86d738632243c50d549b95fe2fefd,unimoral_036,P2_incentive_pressure,gemma4:12b,version_j,p0_default,False,0,"{'model_name': 'gemma4:12b', 'temperature': 0.7, 'top_p': 0.9, 'top_k': None, 'seed': 42, 'quantization': 'Q4_K_M'}"
8efbdae5b0f6b391b0a4453c2f2f01a0c71d8ffb5c8dbf9f1c99f4d0334bacb1,unimoral_036,P2_incentive_pressure,gemma4:12b,version_j,p0_default,True,0,"{'model_name': 'gemma4:12b', 'temperature': 0.7, 'top_p': 0.9, 'top_k': None, 'seed': 42, 'quantization': 'Q4_K_M'}"
83718f2e19e9804686c649db182e8e29c2e8eb5820efa53762f62719543737f7,unimoral_036,C3_social_neutral,gemma4:12b,version_j,p0_default,False,0,"{'model_name': 'gemma4:12b', 'temperature': 0.7, 'top_p': 0.9, 'top_k': None, 'seed': 42, 'quantization': 'Q4_K_M'}"
850cfdea3c49e10d21694a05e2d13f0bd2f42a6b224f184d24bd6eba6b7ec110,unimoral_036,C3_social_neutral,gemma4:12b,version_j,p0_default,True,0,"{'model_name': 'gemma4:12b', 'temperature': 0.7, 'top_p': 0.9, 'top_k': None, 'seed': 42, 'quantization': 'Q4_K_M'}"
414393b2275abec4db0c47b00cd8cf24ce5539b08b0f53e5fd2b91eec883c1fe,unimoral_036,P3_social_pressure,gemma4:12b,version_j,p0_default,False,0,"{'model_name': 'gemma4:12b', 'temperature': 0.7, 'top_p': 0.9, 'top_k': None, 'seed': 42, 'quantization': 'Q4_K_M'}"
7d401dcedf21e1cc7e49eab801dc17a8a118e1f19a961187cd308a1744e410ff,unimoral_036,P3_social_pressure,gemma4:12b,version_j,p0_default,True,0,"{'model_name': 'gemma4:12b', 'temperature': 0.7, 'top_p': 0.9, 'top_k': None, 'seed': 42, 'quantization': 'Q4_K_M'}"
831a643339064112b6b24a180a81b122745f92c27abfc2b177c0f2a24bdaabb3,unimoral_036,C4_metric_neutral,gemma4:12b,version_j,p0_default,False,0,"{'model_name': 'gemma4:12b', 'temperature': 0.7, 'top_p': 0.9, 'top_k': None, 'seed': 42, 'quantization': 'Q4_K_M'}"
4e8de65c15a121c1b0c9c59f54681d012fa43d3ab60363556ca236ed3ff33476,unimoral_036,C4_metric_neutral,gemma4:12b,version_j,p0_default,True,0,"{'model_name': 'gemma4:12b', 'temperature': 0.7, 'top_p': 0.9, 'top_k': None, 'seed': 42, 'quantization': 'Q4_K_M'}"
ae1aaaefdafa3564d2e3daa1437493007f081dab6e0f931143c9cf05e17e29e3,unimoral_036,P4_metric_pressure,gemma4:12b,version_j,p0_default,False,0,"{'model_name': 'gemma4:12b', 'temperature': 0.7, 'top_p': 0.9, 'top_k': None, 'seed': 42, 'quantization': 'Q4_K_M'}"
2affe79d714c7c3de891947f764c729eba011ba81f8f54a0bc4c47c8ec51e638,unimoral_036,P4_metric_pressure,gemma4:12b,version_j,p0_default,True,0,"{'model_name': 'gemma4:12b', 'temperature': 0.7, 'top_p': 0.9, 'top_k': None, 'seed': 42, 'quantization': 'Q4_K_M'}"
dda5f5b963ade954a697fa5f7108bb587eaa887ff997deecda0b7b16d044db2f,unimoral_037,B0_stripped_baseline,gemma4:12b,version_j,p0_default,False,0,"{'model_name': 'gemma4:12b', 'temperature': 0.7, 'top_p': 0.9, 'top_k': None, 'seed': 42, 'quantization': 'Q4_K_M'}"
faae8ab02f75c9519ca371355bb231f9bef4b3084c87401ac74ffea427409e84,unimoral_037,B0_stripped_baseline,gemma4:12b,version_j,p0_default,True,0,"{'model_name': 'gemma4:12b', 'temperature': 0.7, 'top_p': 0.9, 'top_k': None, 'seed': 42, 'quantization': 'Q4_K_M'}"
878c897eca2ff52d093b83fea3a2eb9b4a8b7e359d78969e6da5af6299f8d245,unimoral_037,C1_authority_neutral,gemma4:12b,version_j,p0_default,False,0,"{'model_name': 'gemma4:12b', 'temperature': 0.7, 'top_p': 0.9, 'top_k': None, 'seed': 42, 'quantization': 'Q4_K_M'}"
1f50144eb9910bf67fc5b910d1665bc67ba7c9cb26c537cf2c4f92efe2cbabde,unimoral_037,C1_authority_neutral,gemma4:12b,version_j,p0_default,True,0,"{'model_name': 'gemma4:12b', 'temperature': 0.7, 'top_p': 0.9, 'top_k': None, 'seed': 42, 'quantization': 'Q4_K_M'}"
c889e43045353dcbf13ad701fe8628059d47434db49a393afa2ab6d6229e27d4,unimoral_037,P1_authority_pressure,gemma4:12b,version_j,p0_default,False,0,"{'model_name': 'gemma4:12b', 'temperature': 0.7, 'top_p': 0.9, 'top_k': None, 'seed': 42, 'quantization': 'Q4_K_M'}"
dc179ba018aa29897f882fa4a52eceed971049ac46b03168c31c34398465ce78,unimoral_037,P1_authority_pressure,gemma4:12b,version_j,p0_default,True,0,"{'model_name': 'gemma4:12b', 'temperature': 0.7, 'top_p': 0.9, 'top_k': None, 'seed': 42, 'quantization': 'Q4_K_M'}"
ea4da3f5a6705c5bd10960d4c03de70fa405c64611632b845e0613cce0d40f9b,unimoral_037,C2_incentive_neutral,gemma4:12b,version_j,p0_default,False,0,"{'model_name': 'gemma4:12b', 'temperature': 0.7, 'top_p': 0.9, 'top_k': None, 'seed': 42, 'quantization': 'Q4_K_M'}"
788107161744a9b3f6a1df75b73be6ebc4f78c44dc5cf8c8d713edc598cd0298,unimoral_037,C2_incentive_neutral,gemma4:12b,version_j,p0_default,True,0,"{'model_name': 'gemma4:12b', 'temperature': 0.7, 'top_p': 0.9, 'top_k': None, 'seed': 42, 'quantization': 'Q4_K_M'}"
37f53b6bdf98824eefef53386cc01e279d901031cc18b73adfb791a46ce479dd,unimoral_037,P2_incentive_pressure,gemma4:12b,version_j,p0_default,False,0,"{'model_name': 'gemma4:12b', 'temperature': 0.7, 'top_p': 0.9, 'top_k': None, 'seed': 42, 'quantization': 'Q4_K_M'}"
d9cefc08f325e7bed6e25b50298efada4c6aa15b6e79b5f92676b50a70fab984,unimoral_037,P2_incentive_pressure,gemma4:12b,version_j,p0_default,True,0,"{'model_name': 'gemma4:12b', 'temperature': 0.7, 'top_p': 0.9, 'top_k': None, 'seed': 42, 'quantization': 'Q4_K_M'}"
26162cda5f25f27365c4e27f3e3a3a07cbb03e14c4172c1f617370a8f184bd80,unimoral_037,C3_social_neutral,gemma4:12b,version_j,p0_default,False,0,"{'model_name': 'gemma4:12b', 'temperature': 0.7, 'top_p': 0.9, 'top_k': None, 'seed': 42, 'quantization': 'Q4_K_M'}"
5bb36b83e9d9c57b0d4d0d299cb94d15b7d2969ba9a7b65ec985cd5a68c3328e,unimoral_037,C3_social_neutral,gemma4:12b,version_j,p0_default,True,0,"{'model_name': 'gemma4:12b', 'temperature': 0.7, 'top_p': 0.9, 'top_k': None, 'seed': 42, 'quantization': 'Q4_K_M'}"
48d992965e8582c64afac3673a00f13a874e0259900001d44accf3f9f5d185aa,unimoral_037,P3_social_pressure,gemma4:12b,version_j,p0_default,False,0,"{'model_name': 'gemma4:12b', 'temperature': 0.7, 'top_p': 0.9, 'top_k': None, 'seed': 42, 'quantization': 'Q4_K_M'}"
8ccfef2e5a70ed34a7cd8a1e02ac46e902cec1e1c87e054c421209d2e5eb81f5,unimoral_037,P3_social_pressure,gemma4:12b,version_j,p0_default,True,0,"{'model_name': 'gemma4:12b', 'temperature': 0.7, 'top_p': 0.9, 'top_k': None, 'seed': 42, 'quantization': 'Q4_K_M'}"
c2c93b3eff4b692130af51d3bd892f194bbf69a0443dd4fa64a2f03776ce878a,unimoral_037,C4_metric_neutral,gemma4:12b,version_j,p0_default,False,0,"{'model_name': 'gemma4:12b', 'temperature': 0.7, 'top_p': 0.9, 'top_k': None, 'seed': 42, 'quantization': 'Q4_K_M'}"
87d888112d352c40eb8cf8d8c82ca2a66df0d97dda0f8011ee72c02798011eec,unimoral_037,C4_metric_neutral,gemma4:12b,version_j,p0_default,True,0,"{'model_name': 'gemma4:12b', 'temperature': 0.7, 'top_p': 0.9, 'top_k': None, 'seed': 42, 'quantization': 'Q4_K_M'}"
2d83952d2f215179c00673d5d07b066b8b9f399d0434310476934c00d33b542a,unimoral_037,P4_metric_pressure,gemma4:12b,version_j,p0_default,False,0,"{'model_name': 'gemma4:12b', 'temperature': 0.7, 'top_p': 0.9, 'top_k': None, 'seed': 42, 'quantization': 'Q4_K_M'}"
ca129b679ab55b523e61b66a984bfbccdbdfec8b99fe2a0f8ff250b5eeb818a9,unimoral_037,P4_metric_pressure,gemma4:12b,version_j,p0_default,True,0,"{'model_name': 'gemma4:12b', 'temperature': 0.7, 'top_p': 0.9, 'top_k': None, 'seed': 42, 'quantization': 'Q4_K_M'}"
a8b4ad53d26bd8d0ad6859ff80da272282469180cdd94e97570db585842f5461,unimoral_038,B0_stripped_baseline,gemma4:12b,version_j,p0_default,False,0,"{'model_name': 'gemma4:12b', 'temperature': 0.7, 'top_p': 0.9, 'top_k': None, 'seed': 42, 'quantization': 'Q4_K_M'}"
0111811a7bda5d30d5daaad4902f62d4575fb7ebe2695cab0a3873659cff5599,unimoral_038,B0_stripped_baseline,gemma4:12b,version_j,p0_default,True,0,"{'model_name': 'gemma4:12b', 'temperature': 0.7, 'top_p': 0.9, 'top_k': None, 'seed': 42, 'quantization': 'Q4_K_M'}"
ae6ac06073b7fdb2d48b88a2ce2cd13651ddb25cb7ff5d4640e17ad4a0548831,unimoral_038,C1_authority_neutral,gemma4:12b,version_j,p0_default,False,0,"{'model_name': 'gemma4:12b', 'temperature': 0.7, 'top_p': 0.9, 'top_k': None, 'seed': 42, 'quantization': 'Q4_K_M'}"
54f7ffe29143659c9e056e97a8e9c21758171594da32baed914121b64b8e67e5,unimoral_038,C1_authority_neutral,gemma4:12b,version_j,p0_default,True,0,"{'model_name': 'gemma4:12b', 'temperature': 0.7, 'top_p': 0.9, 'top_k': None, 'seed': 42, 'quantization': 'Q4_K_M'}"
7e23f9683c1484512716ace4fa44d571878aabf6c0acbdd51b45fadd1f841c59,unimoral_038,P1_authority_pressure,gemma4:12b,version_j,p0_default,False,0,"{'model_name': 'gemma4:12b', 'temperature': 0.7, 'top_p': 0.9, 'top_k': None, 'seed': 42, 'quantization': 'Q4_K_M'}"
8ffd560c0d7297f1e2490d3747fda9751c881700fb4d2c9bc8100afbbaa268e4,unimoral_038,P1_authority_pressure,gemma4:12b,version_j,p0_default,True,0,"{'model_name': 'gemma4:12b', 'temperature': 0.7, 'top_p': 0.9, 'top_k': None, 'seed': 42, 'quantization': 'Q4_K_M'}"
1f15eb576d99ee7f6134e63e51290ab20b49ce70299d34a2dd2e845372f4cbe8,unimoral_038,C2_incentive_neutral,gemma4:12b,version_j,p0_default,False,0,"{'model_name': 'gemma4:12b', 'temperature': 0.7, 'top_p': 0.9, 'top_k': None, 'seed': 42, 'quantization': 'Q4_K_M'}"
f26e3abff54c97b62cb028793ec5188a4a0a14f01bdc3d364185d813243d653f,unimoral_038,C2_incentive_neutral,gemma4:12b,version_j,p0_default,True,0,"{'model_name': 'gemma4:12b', 'temperature': 0.7, 'top_p': 0.9, 'top_k': None, 'seed': 42, 'quantization': 'Q4_K_M'}"
ead9758d46b505b454e9f832af37b683bca37a343997192e8d7574bc60c92287,unimoral_038,P2_incentive_pressure,gemma4:12b,version_j,p0_default,False,0,"{'model_name': 'gemma4:12b', 'temperature': 0.7, 'top_p': 0.9, 'top_k': None, 'seed': 42, 'quantization': 'Q4_K_M'}"
a8165b4b6177d929d3059ad9dcdd6e06e7e0b3a413fc97008aa8466d9376ed02,unimoral_038,P2_incentive_pressure,gemma4:12b,version_j,p0_default,True,0,"{'model_name': 'gemma4:12b', 'temperature': 0.7, 'top_p': 0.9, 'top_k': None, 'seed': 42, 'quantization': 'Q4_K_M'}"
13ab03c12ead018d3407b9dcaf2cfbc96e1b21bdd948c2a8db1ca9c25096c93f,unimoral_038,C3_social_neutral,gemma4:12b,version_j,p0_default,False,0,"{'model_name': 'gemma4:12b', 'temperature': 0.7, 'top_p': 0.9, 'top_k': None, 'seed': 42, 'quantization': 'Q4_K_M'}"
3b50a0f229085aeda3e7c6270ce639c25d16f0462368e4ac84503599502aa82e,unimoral_038,C3_social_neutral,gemma4:12b,version_j,p0_default,True,0,"{'model_name': 'gemma4:12b', 'temperature': 0.7, 'top_p': 0.9, 'top_k': None, 'seed': 42, 'quantization': 'Q4_K_M'}"
66038095694d1d8f75f1af7f862c8d34a2fd5657d79e689ef5ea5e3bf19fff95,unimoral_038,P3_social_pressure,gemma4:12b,version_j,p0_default,False,0,"{'model_name': 'gemma4:12b', 'temperature': 0.7, 'top_p': 0.9, 'top_k': None, 'seed': 42, 'quantization': 'Q4_K_M'}"
d12ba61f5c0f32d5b4f7642f068ca62fd15fc92c1e67fdcdbf615c73072def66,unimoral_038,P3_social_pressure,gemma4:12b,version_j,p0_default,True,0,"{'model_name': 'gemma4:12b', 'temperature': 0.7, 'top_p': 0.9, 'top_k': None, 'seed': 42, 'quantization': 'Q4_K_M'}"
fd245dfbd11dec76f53a09f29e4c050f1b1e72f24ce110fee981d42a62f6a3f2,unimoral_038,C4_metric_neutral,gemma4:12b,version_j,p0_default,False,0,"{'model_name': 'gemma4:12b', 'temperature': 0.7, 'top_p': 0.9, 'top_k': None, 'seed': 42, 'quantization': 'Q4_K_M'}"
95f07ea6922b152d50252b74382b84690bc1b5812d8de9547e88aab05c3ec996,unimoral_038,C4_metric_neutral,gemma4:12b,version_j,p0_default,True,0,"{'model_name': 'gemma4:12b', 'temperature': 0.7, 'top_p': 0.9, 'top_k': None, 'seed': 42, 'quantization': 'Q4_K_M'}"
646c7f8b4b0c7a3f66b3a7c4b9b3e9e3e6148c21ed33fb49768d2b08b6c29a23,unimoral_038,P4_metric_pressure,gemma4:12b,version_j,p0_default,False,0,"{'model_name': 'gemma4:12b', 'temperature': 0.7, 'top_p': 0.9, 'top_k': None, 'seed': 42, 'quantization': 'Q4_K_M'}"
41d9cdba975a982ca3820170fe0131923468aa01474bbebf3622f7337070270e,unimoral_038,P4_metric_pressure,gemma4:12b,version_j,p0_default,True,0,"{'model_name': 'gemma4:12b', 'temperature': 0.7, 'top_p': 0.9, 'top_k': None, 'seed': 42, 'quantization': 'Q4_K_M'}"
d4f9f3de10956b125473bd3b3f9e293fbfbd0e350bac55901ce5590a71511746,unimoral_039,B0_stripped_baseline,gemma4:12b,version_j,p0_default,False,0,"{'model_name': 'gemma4:12b', 'temperature': 0.7, 'top_p': 0.9, 'top_k': None, 'seed': 42, 'quantization': 'Q4_K_M'}"
11996e517856472ec84168a864c75cd847d99f5836f46aff1c5785462f9a2915,unimoral_039,B0_stripped_baseline,gemma4:12b,version_j,p0_default,True,0,"{'model_name': 'gemma4:12b', 'temperature': 0.7, 'top_p': 0.9, 'top_k': None, 'seed': 42, 'quantization': 'Q4_K_M'}"
1664bbd2d055315c6cb67a15824184cac5a1988b340dbda0d5864ac81de35536,unimoral_039,C1_authority_neutral,gemma4:12b,version_j,p0_default,False,0,"{'model_name': 'gemma4:12b', 'temperature': 0.7, 'top_p': 0.9, 'top_k': None, 'seed': 42, 'quantization': 'Q4_K_M'}"
884192b2c179c62099c996dd35b7920e8401f89db2c290bb61799539e19056ce,unimoral_039,C1_authority_neutral,gemma4:12b,version_j,p0_default,True,0,"{'model_name': 'gemma4:12b', 'temperature': 0.7, 'top_p': 0.9, 'top_k': None, 'seed': 42, 'quantization': 'Q4_K_M'}"
90dc397f1525a1ef307181dadc1f706963122c82ae1c268c3fdae743c3589e74,unimoral_039,P1_authority_pressure,gemma4:12b,version_j,p0_default,False,0,"{'model_name': 'gemma4:12b', 'temperature': 0.7, 'top_p': 0.9, 'top_k': None, 'seed': 42, 'quantization': 'Q4_K_M'}"
93c2b3bb3c849be8e8f4727be738ba86436e6c91c8a588daa16703d0bec94651,unimoral_039,P1_authority_pressure,gemma4:12b,version_j,p0_default,True,0,"{'model_name': 'gemma4:12b', 'temperature': 0.7, 'top_p': 0.9, 'top_k': None, 'seed': 42, 'quantization': 'Q4_K_M'}"
fdaa6cdb663d7abbad6e4972a4199f4cae33fcaf865170ca09d3916dd75a8d06,unimoral_039,C2_incentive_neutral,gemma4:12b,version_j,p0_default,False,0,"{'model_name': 'gemma4:12b', 'temperature': 0.7, 'top_p': 0.9, 'top_k': None, 'seed': 42, 'quantization': 'Q4_K_M'}"
eb183804b6937c6a3f94625ec9c8b881faec175defff0afa6609e8e0e1fe5f32,unimoral_039,C2_incentive_neutral,gemma4:12b,version_j,p0_default,True,0,"{'model_name': 'gemma4:12b', 'temperature': 0.7, 'top_p': 0.9, 'top_k': None, 'seed': 42, 'quantization': 'Q4_K_M'}"
2e6e98ea2a1c0bf90baa9076fba52b1c6cf3bad0124214a556922661b9100229,unimoral_039,P2_incentive_pressure,gemma4:12b,version_j,p0_default,False,0,"{'model_name': 'gemma4:12b', 'temperature': 0.7, 'top_p': 0.9, 'top_k': None, 'seed': 42, 'quantization': 'Q4_K_M'}"
e15ce5af5277ecb4972cfd90f684fef14e311327ca89e2a05f2954e2325b6976,unimoral_039,P2_incentive_pressure,gemma4:12b,version_j,p0_default,True,0,"{'model_name': 'gemma4:12b', 'temperature': 0.7, 'top_p': 0.9, 'top_k': None, 'seed': 42, 'quantization': 'Q4_K_M'}"
0ccedfa430c4d47a7f1c2698b1df347abc9bbd22f8da7aa74a2eceb9c70708d9,unimoral_039,C3_social_neutral,gemma4:12b,version_j,p0_default,False,0,"{'model_name': 'gemma4:12b', 'temperature': 0.7, 'top_p': 0.9, 'top_k': None, 'seed': 42, 'quantization': 'Q4_K_M'}"
232ce7e23d70440b121b3cbfce9eec339972672dcda4b84cf642983042d0f6f8,unimoral_039,C3_social_neutral,gemma4:12b,version_j,p0_default,True,0,"{'model_name': 'gemma4:12b', 'temperature': 0.7, 'top_p': 0.9, 'top_k': None, 'seed': 42, 'quantization': 'Q4_K_M'}"
fe84ce1e57f55e6f19aa8d3c0d6d1bb686e8846f4d6384a95500253c27914c9f,unimoral_039,P3_social_pressure,gemma4:12b,version_j,p0_default,False,0,"{'model_name': 'gemma4:12b', 'temperature': 0.7, 'top_p': 0.9, 'top_k': None, 'seed': 42, 'quantization': 'Q4_K_M'}"
bde3c0338827c19b6fe1c6421cb3e8688f25215bb0546a26e696e9ddb85c328e,unimoral_039,P3_social_pressure,gemma4:12b,version_j,p0_default,True,0,"{'model_name': 'gemma4:12b', 'temperature': 0.7, 'top_p': 0.9, 'top_k': None, 'seed': 42, 'quantization': 'Q4_K_M'}"
2b71a91c252401941a1418b133df029faddac6741678f585beef31b90c021478,unimoral_039,C4_metric_neutral,gemma4:12b,version_j,p0_default,False,0,"{'model_name': 'gemma4:12b', 'temperature': 0.7, 'top_p': 0.9, 'top_k': None, 'seed': 42, 'quantization': 'Q4_K_M'}"
5c130187f9c6aad6ae98a29712ee00a9af59fddcb8504d752af40a502bc788f6,unimoral_039,C4_metric_neutral,gemma4:12b,version_j,p0_default,True,0,"{'model_name': 'gemma4:12b', 'temperature': 0.7, 'top_p': 0.9, 'top_k': None, 'seed': 42, 'quantization': 'Q4_K_M'}"
2b20e4f4b9e29a16839a372e050a5073c8ddb2be8433b1fdef950c152e6d2ded,unimoral_039,P4_metric_pressure,gemma4:12b,version_j,p0_default,False,0,"{'model_name': 'gemma4:12b', 'temperature': 0.7, 'top_p': 0.9, 'top_k': None, 'seed': 42, 'quantization': 'Q4_K_M'}"
fe0b04c12dfe09816e8d876d33db4597456fcb11c9ca3b21b9851dbedb20e507,unimoral_039,P4_metric_pressure,gemma4:12b,version_j,p0_default,True,0,"{'model_name': 'gemma4:12b', 'temperature': 0.7, 'top_p': 0.9, 'top_k': None, 'seed': 42, 'quantization': 'Q4_K_M'}"
5c2a0003f89a8eee8bc7789f81807e09df91af42331fb42a2937218d4f4409db,unimoral_040,B0_stripped_baseline,gemma4:12b,version_j,p0_default,False,0,"{'model_name': 'gemma4:12b', 'temperature': 0.7, 'top_p': 0.9, 'top_k': None, 'seed': 42, 'quantization': 'Q4_K_M'}"
f4e81e195f93c9aef1bfbcab366c40a70be31a51baf66e76d02e176cd3c7329d,unimoral_040,B0_stripped_baseline,gemma4:12b,version_j,p0_default,True,0,"{'model_name': 'gemma4:12b', 'temperature': 0.7, 'top_p': 0.9, 'top_k': None, 'seed': 42, 'quantization': 'Q4_K_M'}"
a102c32c0a721713eb0210cc7eadd079f068f27c5122f195fdba6bcf5c8da4c7,unimoral_040,C1_authority_neutral,gemma4:12b,version_j,p0_default,False,0,"{'model_name': 'gemma4:12b', 'temperature': 0.7, 'top_p': 0.9, 'top_k': None, 'seed': 42, 'quantization': 'Q4_K_M'}"
d179405f9683c110116e340d8ea4845eb66aed8b703b9ed89b5cf2115df1f1eb,unimoral_040,C1_authority_neutral,gemma4:12b,version_j,p0_default,True,0,"{'model_name': 'gemma4:12b', 'temperature': 0.7, 'top_p': 0.9, 'top_k': None, 'seed': 42, 'quantization': 'Q4_K_M'}"
3305de253421d719618bd61002ca85e1635f12a9aed91305b8d6074189a18dc5,unimoral_040,P1_authority_pressure,gemma4:12b,version_j,p0_default,False,0,"{'model_name': 'gemma4:12b', 'temperature': 0.7, 'top_p': 0.9, 'top_k': None, 'seed': 42, 'quantization': 'Q4_K_M'}"
69b7f2c8b3dd2d4729f5adc9f927e0a7eec30909f835a785397b21b0df2e312a,unimoral_040,P1_authority_pressure,gemma4:12b,version_j,p0_default,True,0,"{'model_name': 'gemma4:12b', 'temperature': 0.7, 'top_p': 0.9, 'top_k': None, 'seed': 42, 'quantization': 'Q4_K_M'}"
d19f458bb1827a29b0872c2bf14ed2f3cdcf16e55744089b51f16577e448f024,unimoral_040,C2_incentive_neutral,gemma4:12b,version_j,p0_default,False,0,"{'model_name': 'gemma4:12b', 'temperature': 0.7, 'top_p': 0.9, 'top_k': None, 'seed': 42, 'quantization': 'Q4_K_M'}"
69b3c79da645a9c423c551064d03fc891100c89a1ecf2926a794e9698a5f8153,unimoral_040,C2_incentive_neutral,gemma4:12b,version_j,p0_default,True,0,"{'model_name': 'gemma4:12b', 'temperature': 0.7, 'top_p': 0.9, 'top_k': None, 'seed': 42, 'quantization': 'Q4_K_M'}"
a3047da18bce3dba3c7b92604d0a0d6e3b9feae3c9ed53a055007ac7ddd3d349,unimoral_040,P2_incentive_pressure,gemma4:12b,version_j,p0_default,False,0,"{'model_name': 'gemma4:12b', 'temperature': 0.7, 'top_p': 0.9, 'top_k': None, 'seed': 42, 'quantization': 'Q4_K_M'}"
2019c665d7941cfdf99098d62e19c3f19f08dfcf4bc655e7b8b9e472e4e19ae3,unimoral_040,P2_incentive_pressure,gemma4:12b,version_j,p0_default,True,0,"{'model_name': 'gemma4:12b', 'temperature': 0.7, 'top_p': 0.9, 'top_k': None, 'seed': 42, 'quantization': 'Q4_K_M'}"
4b98564a8f9f699635b6c2b7a92238365dd642ce58fba6dcecca11f00e4531d8,unimoral_040,C3_social_neutral,gemma4:12b,version_j,p0_default,False,0,"{'model_name': 'gemma4:12b', 'temperature': 0.7, 'top_p': 0.9, 'top_k': None, 'seed': 42, 'quantization': 'Q4_K_M'}"
9a4d7a87489f28a6f4f2684284b587abc590ba59219c8d412eee4cedac2cb298,unimoral_040,C3_social_neutral,gemma4:12b,version_j,p0_default,True,0,"{'model_name': 'gemma4:12b', 'temperature': 0.7, 'top_p': 0.9, 'top_k': None, 'seed': 42, 'quantization': 'Q4_K_M'}"
4abcc66ba51db7fe5afbfb395f6f0954332827e2c0ff2a2b388093f181d899f9,unimoral_040,P3_social_pressure,gemma4:12b,version_j,p0_default,False,0,"{'model_name': 'gemma4:12b', 'temperature': 0.7, 'top_p': 0.9, 'top_k': None, 'seed': 42, 'quantization': 'Q4_K_M'}"
0d21b02719777173b6cf09e906615c6316ba9b0f6ee7f1e7b6fdc5b249241f02,unimoral_040,P3_social_pressure,gemma4:12b,version_j,p0_default,True,0,"{'model_name': 'gemma4:12b', 'temperature': 0.7, 'top_p': 0.9, 'top_k': None, 'seed': 42, 'quantization': 'Q4_K_M'}"
2902f93c214daa131421b6cf703c81ed5e5c4b8f8740690a02e24560a8d8b5a6,unimoral_040,C4_metric_neutral,gemma4:12b,version_j,p0_default,False,0,"{'model_name': 'gemma4:12b', 'temperature': 0.7, 'top_p': 0.9, 'top_k': None, 'seed': 42, 'quantization': 'Q4_K_M'}"
ac4e1d67ea6a8796d264a7f93ccc6ef6a6f2befcc915397330de0cbe3dbfe1c2,unimoral_040,C4_metric_neutral,gemma4:12b,version_j,p0_default,True,0,"{'model_name': 'gemma4:12b', 'temperature': 0.7, 'top_p': 0.9, 'top_k': None, 'seed': 42, 'quantization': 'Q4_K_M'}"
798320f615523d57b449247f7fd831f44ea9af056deaa0a5db770327671be09e,unimoral_040,P4_metric_pressure,gemma4:12b,version_j,p0_default,False,0,"{'model_name': 'gemma4:12b', 'temperature': 0.7, 'top_p': 0.9, 'top_k': None, 'seed': 42, 'quantization': 'Q4_K_M'}"
063adc5e3358c8473f043692d8dec0f311f902083c16d7ae1a1d1509d7290902,unimoral_040,P4_metric_pressure,gemma4:12b,version_j,p0_default,True,0,"{'model_name': 'gemma4:12b', 'temperature': 0.7, 'top_p': 0.9, 'top_k': None, 'seed': 42, 'quantization': 'Q4_K_M'}"
a3b9560a5dcdee10a18583997697fb6e828b9f012a62928c2a45cfa60ee6e5d0,unimoral_041,B0_stripped_baseline,gemma4:12b,version_j,p0_default,False,0,"{'model_name': 'gemma4:12b', 'temperature': 0.7, 'top_p': 0.9, 'top_k': None, 'seed': 42, 'quantization': 'Q4_K_M'}"
adb52ffa761e394527bafc5ba11321831a21ad9ab2d8ac1a60537c4058d9ac96,unimoral_041,B0_stripped_baseline,gemma4:12b,version_j,p0_default,True,0,"{'model_name': 'gemma4:12b', 'temperature': 0.7, 'top_p': 0.9, 'top_k': None, 'seed': 42, 'quantization': 'Q4_K_M'}"
c7acba4e920d8c19faeed02c0f6753bd5cb47cf3f64f161d478784486ce84839,unimoral_041,C1_authority_neutral,gemma4:12b,version_j,p0_default,False,0,"{'model_name': 'gemma4:12b', 'temperature': 0.7, 'top_p': 0.9, 'top_k': None, 'seed': 42, 'quantization': 'Q4_K_M'}"
e1f4a28223ffaabbbc06712a97e1c56639d65ea3f13e2e4da879d615c9dad9ac,unimoral_041,C1_authority_neutral,gemma4:12b,version_j,p0_default,True,0,"{'model_name': 'gemma4:12b', 'temperature': 0.7, 'top_p': 0.9, 'top_k': None, 'seed': 42, 'quantization': 'Q4_K_M'}"
f8e533930cd38446933d59bbddf7ac2aadd2b1e3bb1e23aac449c42726c5316e,unimoral_041,P1_authority_pressure,gemma4:12b,version_j,p0_default,False,0,"{'model_name': 'gemma4:12b', 'temperature': 0.7, 'top_p': 0.9, 'top_k': None, 'seed': 42, 'quantization': 'Q4_K_M'}"
1508093a4fffa2f63cfb91b022161dde938bf5464ec34a3f1499ed6fc8604038,unimoral_041,P1_authority_pressure,gemma4:12b,version_j,p0_default,True,0,"{'model_name': 'gemma4:12b', 'temperature': 0.7, 'top_p': 0.9, 'top_k': None, 'seed': 42, 'quantization': 'Q4_K_M'}"
a0a0188f01cfaced67a510d56c7109a3a6c5ebf3b3d443c0b831c4f1c8b0500e,unimoral_041,C2_incentive_neutral,gemma4:12b,version_j,p0_default,False,0,"{'model_name': 'gemma4:12b', 'temperature': 0.7, 'top_p': 0.9, 'top_k': None, 'seed': 42, 'quantization': 'Q4_K_M'}"
8843c2322738efa7ac5688de2e0f35838f8e49a1313bedd0fe1953c740c7b565,unimoral_041,C2_incentive_neutral,gemma4:12b,version_j,p0_default,True,0,"{'model_name': 'gemma4:12b', 'temperature': 0.7, 'top_p': 0.9, 'top_k': None, 'seed': 42, 'quantization': 'Q4_K_M'}"
ccd5767d0bda5442dcd4dd196cda14b2b1ffc21a994a6e72895c6a5d59cd6166,unimoral_041,P2_incentive_pressure,gemma4:12b,version_j,p0_default,False,0,"{'model_name': 'gemma4:12b', 'temperature': 0.7, 'top_p': 0.9, 'top_k': None, 'seed': 42, 'quantization': 'Q4_K_M'}"
231c3cb116ccdd50c180a5016702c0734d2410734c4b7d3abc35ca5930fc90ab,unimoral_041,P2_incentive_pressure,gemma4:12b,version_j,p0_default,True,0,"{'model_name': 'gemma4:12b', 'temperature': 0.7, 'top_p': 0.9, 'top_k': None, 'seed': 42, 'quantization': 'Q4_K_M'}"
db8dc1ac80cdc1fa0c558fa8c350fe8a7f20925c6525dab3e4e15ac37b99d0ea,unimoral_041,C3_social_neutral,gemma4:12b,version_j,p0_default,False,0,"{'model_name': 'gemma4:12b', 'temperature': 0.7, 'top_p': 0.9, 'top_k': None, 'seed': 42, 'quantization': 'Q4_K_M'}"
972e87386988c5ce6135b3d4874017210410d715e45540900dc386b6084f6b7b,unimoral_041,C3_social_neutral,gemma4:12b,version_j,p0_default,True,0,"{'model_name': 'gemma4:12b', 'temperature': 0.7, 'top_p': 0.9, 'top_k': None, 'seed': 42, 'quantization': 'Q4_K_M'}"
40dbedac46c7fcf256d93eed8baa397b25c4eaf09df46bfe798eea7c5aeae4be,unimoral_041,P3_social_pressure,gemma4:12b,version_j,p0_default,False,0,"{'model_name': 'gemma4:12b', 'temperature': 0.7, 'top_p': 0.9, 'top_k': None, 'seed': 42, 'quantization': 'Q4_K_M'}"
4b9f9632ff064570078f078d4bcb3e3b9277b5a426c897a0bc9e83afa773013b,unimoral_041,P3_social_pressure,gemma4:12b,version_j,p0_default,True,0,"{'model_name': 'gemma4:12b', 'temperature': 0.7, 'top_p': 0.9, 'top_k': None, 'seed': 42, 'quantization': 'Q4_K_M'}"
0b194fc202f22cd0d3fd233d717dfcef3491eda935f7ca6e94e71ac8a2f06b95,unimoral_041,C4_metric_neutral,gemma4:12b,version_j,p0_default,False,0,"{'model_name': 'gemma4:12b', 'temperature': 0.7, 'top_p': 0.9, 'top_k': None, 'seed': 42, 'quantization': 'Q4_K_M'}"
f25eed4f7e525c14d20e6ceacda35ac0a5ae77de15e0dfc3aaf729adb01dfeb1,unimoral_041,C4_metric_neutral,gemma4:12b,version_j,p0_default,True,0,"{'model_name': 'gemma4:12b', 'temperature': 0.7, 'top_p': 0.9, 'top_k': None, 'seed': 42, 'quantization': 'Q4_K_M'}"
5eb90201070ef4e6174b286c9aa119b424f0520b2a720cc222e1fde99dacf124,unimoral_041,P4_metric_pressure,gemma4:12b,version_j,p0_default,False,0,"{'model_name': 'gemma4:12b', 'temperature': 0.7, 'top_p': 0.9, 'top_k': None, 'seed': 42, 'quantization': 'Q4_K_M'}"
e8429f60af29c9e9480a0324ecded716eb4df5cdb9d18c5726ce335d50aa7dc5,unimoral_041,P4_metric_pressure,gemma4:12b,version_j,p0_default,True,0,"{'model_name': 'gemma4:12b', 'temperature': 0.7, 'top_p': 0.9, 'top_k': None, 'seed': 42, 'quantization': 'Q4_K_M'}"
35bc0a446d61d06a90c4ac7e0b28bc421a508207fe97ea682468ec7152036520,unimoral_042,B0_stripped_baseline,gemma4:12b,version_j,p0_default,False,0,"{'model_name': 'gemma4:12b', 'temperature': 0.7, 'top_p': 0.9, 'top_k': None, 'seed': 42, 'quantization': 'Q4_K_M'}"
05990543521988582b2645916586319c85d7982a63d441add76d0b44c4737e66,unimoral_042,B0_stripped_baseline,gemma4:12b,version_j,p0_default,True,0,"{'model_name': 'gemma4:12b', 'temperature': 0.7, 'top_p': 0.9, 'top_k': None, 'seed': 42, 'quantization': 'Q4_K_M'}"
e30828ab69a526d86cf5c6aa711c9a3321595528196180a0dcaedb2fbb08a4cc,unimoral_042,C1_authority_neutral,gemma4:12b,version_j,p0_default,False,0,"{'model_name': 'gemma4:12b', 'temperature': 0.7, 'top_p': 0.9, 'top_k': None, 'seed': 42, 'quantization': 'Q4_K_M'}"
fe901036d94a250470435bdffdbd6497dd2d7a170242b8a0716be567c89ec965,unimoral_042,C1_authority_neutral,gemma4:12b,version_j,p0_default,True,0,"{'model_name': 'gemma4:12b', 'temperature': 0.7, 'top_p': 0.9, 'top_k': None, 'seed': 42, 'quantization': 'Q4_K_M'}"
a3d3047f24afb26b9c487d210105af0c0e899f1faca74bef5a4eda4ee14ba5a6,unimoral_042,P1_authority_pressure,gemma4:12b,version_j,p0_default,False,0,"{'model_name': 'gemma4:12b', 'temperature': 0.7, 'top_p': 0.9, 'top_k': None, 'seed': 42, 'quantization': 'Q4_K_M'}"
1ad09b71311ef72b75685481db34f9ce9b56b84c4b63a0a755280566b725d451,unimoral_042,P1_authority_pressure,gemma4:12b,version_j,p0_default,True,0,"{'model_name': 'gemma4:12b', 'temperature': 0.7, 'top_p': 0.9, 'top_k': None, 'seed': 42, 'quantization': 'Q4_K_M'}"
0f62699d5cf29a58bbb2cbb9754330cf820e061bbeb744baf931ad9daaa3fd04,unimoral_042,C2_incentive_neutral,gemma4:12b,version_j,p0_default,False,0,"{'model_name': 'gemma4:12b', 'temperature': 0.7, 'top_p': 0.9, 'top_k': None, 'seed': 42, 'quantization': 'Q4_K_M'}"
93a56525e5f64464cb9f0019323161f2e05bfa5734811bac5ba920c2e8539d2c,unimoral_042,C2_incentive_neutral,gemma4:12b,version_j,p0_default,True,0,"{'model_name': 'gemma4:12b', 'temperature': 0.7, 'top_p': 0.9, 'top_k': None, 'seed': 42, 'quantization': 'Q4_K_M'}"
47a370cd2671b212982ce7ec3be0928eebede11da1094b09759d1093bf57283a,unimoral_042,P2_incentive_pressure,gemma4:12b,version_j,p0_default,False,0,"{'model_name': 'gemma4:12b', 'temperature': 0.7, 'top_p': 0.9, 'top_k': None, 'seed': 42, 'quantization': 'Q4_K_M'}"
608ad831db759bdf786cc7c5bc118e0c0e1b46f95c57aeba01e0e9800ce92df6,unimoral_042,P2_incentive_pressure,gemma4:12b,version_j,p0_default,True,0,"{'model_name': 'gemma4:12b', 'temperature': 0.7, 'top_p': 0.9, 'top_k': None, 'seed': 42, 'quantization': 'Q4_K_M'}"
6a755855dec7bd492d6d8a732fe68d93bc488d80cfad11d2847a07b7e376b8d3,unimoral_042,C3_social_neutral,gemma4:12b,version_j,p0_default,False,0,"{'model_name': 'gemma4:12b', 'temperature': 0.7, 'top_p': 0.9, 'top_k': None, 'seed': 42, 'quantization': 'Q4_K_M'}"
1c6085d8506d4f89f6825561bd7108388dd69a8ef5f3f494662fe33c1725dd3e,unimoral_042,C3_social_neutral,gemma4:12b,version_j,p0_default,True,0,"{'model_name': 'gemma4:12b', 'temperature': 0.7, 'top_p': 0.9, 'top_k': None, 'seed': 42, 'quantization': 'Q4_K_M'}"
373377ef65dc99632bfcfd45f4e3ae1480704ce12b29eba850ba6b3cc325c8f7,unimoral_042,P3_social_pressure,gemma4:12b,version_j,p0_default,False,0,"{'model_name': 'gemma4:12b', 'temperature': 0.7, 'top_p': 0.9, 'top_k': None, 'seed': 42, 'quantization': 'Q4_K_M'}"
aee563e46a6b615ccb36fbb9ed20fa881d11883b414a88febfc23f868667f27d,unimoral_042,P3_social_pressure,gemma4:12b,version_j,p0_default,True,0,"{'model_name': 'gemma4:12b', 'temperature': 0.7, 'top_p': 0.9, 'top_k': None, 'seed': 42, 'quantization': 'Q4_K_M'}"
e03fda5556e40f6b9b05735b5a0034c6c340074b72d8e08a76b37e5a14ace8a6,unimoral_042,C4_metric_neutral,gemma4:12b,version_j,p0_default,False,0,"{'model_name': 'gemma4:12b', 'temperature': 0.7, 'top_p': 0.9, 'top_k': None, 'seed': 42, 'quantization': 'Q4_K_M'}"
40d983250e56447c8879f787541b7183878f41a610aaca769daab3fd9660aedc,unimoral_042,C4_metric_neutral,gemma4:12b,version_j,p0_default,True,0,"{'model_name': 'gemma4:12b', 'temperature': 0.7, 'top_p': 0.9, 'top_k': None, 'seed': 42, 'quantization': 'Q4_K_M'}"
aebdd51b37306c963a5c54d9774d6b43c879e4631b248632261c54634db44813,unimoral_042,P4_metric_pressure,gemma4:12b,version_j,p0_default,False,0,"{'model_name': 'gemma4:12b', 'temperature': 0.7, 'top_p': 0.9, 'top_k': None, 'seed': 42, 'quantization': 'Q4_K_M'}"
baf2ffa1213e608d82898e462f4e9a7347c312d9effe030c079f06331246b6b9,unimoral_042,P4_metric_pressure,gemma4:12b,version_j,p0_default,True,0,"{'model_name': 'gemma4:12b', 'temperature': 0.7, 'top_p': 0.9, 'top_k': None, 'seed': 42, 'quantization': 'Q4_K_M'}"
28bd7ef615f0be539c4c2bfe9a046a398e9bb8dd932072b30eccbf93fcfd7e5b,unimoral_043,B0_stripped_baseline,gemma4:12b,version_j,p0_default,False,0,"{'model_name': 'gemma4:12b', 'temperature': 0.7, 'top_p': 0.9, 'top_k': None, 'seed': 42, 'quantization': 'Q4_K_M'}"
cfe9e623fc71a90ff17c210ece7c60ee4ea753eaeedcb4dee17be25c0e85acb1,unimoral_043,B0_stripped_baseline,gemma4:12b,version_j,p0_default,True,0,"{'model_name': 'gemma4:12b', 'temperature': 0.7, 'top_p': 0.9, 'top_k': None, 'seed': 42, 'quantization': 'Q4_K_M'}"
69f4f5ae0c293c7fe0ebf55ef0d081c827bd0f8834f00507a2ea3f5c4970d343,unimoral_043,C1_authority_neutral,gemma4:12b,version_j,p0_default,False,0,"{'model_name': 'gemma4:12b', 'temperature': 0.7, 'top_p': 0.9, 'top_k': None, 'seed': 42, 'quantization': 'Q4_K_M'}"
c175059463486bcf95553eeee2a5d8e804c8e116cd8bd84f5895f7dc4a20d332,unimoral_043,C1_authority_neutral,gemma4:12b,version_j,p0_default,True,0,"{'model_name': 'gemma4:12b', 'temperature': 0.7, 'top_p': 0.9, 'top_k': None, 'seed': 42, 'quantization': 'Q4_K_M'}"
aa1ddbe33e29ca409ce032ce99a757d31b595dbb458584b336af903a04b556f9,unimoral_043,P1_authority_pressure,gemma4:12b,version_j,p0_default,False,0,"{'model_name': 'gemma4:12b', 'temperature': 0.7, 'top_p': 0.9, 'top_k': None, 'seed': 42, 'quantization': 'Q4_K_M'}"
cd771ca73cce74d0cefaa90e0fe2ce69e31b276199c92932e73e4106199bf0ab,unimoral_043,P1_authority_pressure,gemma4:12b,version_j,p0_default,True,0,"{'model_name': 'gemma4:12b', 'temperature': 0.7, 'top_p': 0.9, 'top_k': None, 'seed': 42, 'quantization': 'Q4_K_M'}"
1e9bd8f4942c1c1a56da6af172bd87831ea20273d9bd052ce7c8d6aac5289040,unimoral_043,C2_incentive_neutral,gemma4:12b,version_j,p0_default,False,0,"{'model_name': 'gemma4:12b', 'temperature': 0.7, 'top_p': 0.9, 'top_k': None, 'seed': 42, 'quantization': 'Q4_K_M'}"
a362d6b4405fc8ee67c10f457818e630fe2ca1bd31e23afce9051b271247861d,unimoral_043,C2_incentive_neutral,gemma4:12b,version_j,p0_default,True,0,"{'model_name': 'gemma4:12b', 'temperature': 0.7, 'top_p': 0.9, 'top_k': None, 'seed': 42, 'quantization': 'Q4_K_M'}"
3b983ecafa7266a7e5181d364feffeae862614f8c9a5c88fb4694bd6389a202a,unimoral_043,P2_incentive_pressure,gemma4:12b,version_j,p0_default,False,0,"{'model_name': 'gemma4:12b', 'temperature': 0.7, 'top_p': 0.9, 'top_k': None, 'seed': 42, 'quantization': 'Q4_K_M'}"
7eff8831eeb702ed8bb24e1604f65445ee7a53de56b5aeb35d460ef5513e6cc7,unimoral_043,P2_incentive_pressure,gemma4:12b,version_j,p0_default,True,0,"{'model_name': 'gemma4:12b', 'temperature': 0.7, 'top_p': 0.9, 'top_k': None, 'seed': 42, 'quantization': 'Q4_K_M'}"
f51548dfd89c6ecf4456b6809972ae14dd942d7d09aef9b020626438825ca24d,unimoral_043,C3_social_neutral,gemma4:12b,version_j,p0_default,False,0,"{'model_name': 'gemma4:12b', 'temperature': 0.7, 'top_p': 0.9, 'top_k': None, 'seed': 42, 'quantization': 'Q4_K_M'}"
157db20d05e539672cb0f5382d0af05cc670684e347355fd01350d783e37b408,unimoral_043,C3_social_neutral,gemma4:12b,version_j,p0_default,True,0,"{'model_name': 'gemma4:12b', 'temperature': 0.7, 'top_p': 0.9, 'top_k': None, 'seed': 42, 'quantization': 'Q4_K_M'}"
4415b6a7993f814c9cee92424e13f9db7440b2c027fc6bee85aec74afa42dde9,unimoral_043,P3_social_pressure,gemma4:12b,version_j,p0_default,False,0,"{'model_name': 'gemma4:12b', 'temperature': 0.7, 'top_p': 0.9, 'top_k': None, 'seed': 42, 'quantization': 'Q4_K_M'}"
9e77b55ee0efb5e102433b899a1c537f7684af03886f04661a731b645c527b8e,unimoral_043,P3_social_pressure,gemma4:12b,version_j,p0_default,True,0,"{'model_name': 'gemma4:12b', 'temperature': 0.7, 'top_p': 0.9, 'top_k': None, 'seed': 42, 'quantization': 'Q4_K_M'}"
e0796035e3f7edf949b1e83d009ff6bf03847b616a518ba29e91e49d577f215e,unimoral_043,C4_metric_neutral,gemma4:12b,version_j,p0_default,False,0,"{'model_name': 'gemma4:12b', 'temperature': 0.7, 'top_p': 0.9, 'top_k': None, 'seed': 42, 'quantization': 'Q4_K_M'}"
7fddcdc9349a36909eb4aa57066933bd9c2fb0631d95e7101a3b13d8b86531d0,unimoral_043,C4_metric_neutral,gemma4:12b,version_j,p0_default,True,0,"{'model_name': 'gemma4:12b', 'temperature': 0.7, 'top_p': 0.9, 'top_k': None, 'seed': 42, 'quantization': 'Q4_K_M'}"
15250415dd970aad934270ea09d4a48ed4fde82b21b4484c4cb9a7fb315e3952,unimoral_043,P4_metric_pressure,gemma4:12b,version_j,p0_default,False,0,"{'model_name': 'gemma4:12b', 'temperature': 0.7, 'top_p': 0.9, 'top_k': None, 'seed': 42, 'quantization': 'Q4_K_M'}"
20717bac7f40f78a35e3dced0dad763d2d0a0ca9295e57f71773a7236a2bbbc9,unimoral_043,P4_metric_pressure,gemma4:12b,version_j,p0_default,True,0,"{'model_name': 'gemma4:12b', 'temperature': 0.7, 'top_p': 0.9, 'top_k': None, 'seed': 42, 'quantization': 'Q4_K_M'}"
6614b9e9a0020829086e7b4494c7642d41327136ef5b3b0a29d4dfeccfd6a7c0,unimoral_044,B0_stripped_baseline,gemma4:12b,version_j,p0_default,False,0,"{'model_name': 'gemma4:12b', 'temperature': 0.7, 'top_p': 0.9, 'top_k': None, 'seed': 42, 'quantization': 'Q4_K_M'}"
08356c90e5e60a58d8e9a5f5b4c0b5480c9b19e6783a82ad42c0e03add85b7f2,unimoral_044,B0_stripped_baseline,gemma4:12b,version_j,p0_default,True,0,"{'model_name': 'gemma4:12b', 'temperature': 0.7, 'top_p': 0.9, 'top_k': None, 'seed': 42, 'quantization': 'Q4_K_M'}"
ff928d73ec6d0b258efd2bcc194b4639101a2f8215c7d874fd955e8b79381eeb,unimoral_044,C1_authority_neutral,gemma4:12b,version_j,p0_default,False,0,"{'model_name': 'gemma4:12b', 'temperature': 0.7, 'top_p': 0.9, 'top_k': None, 'seed': 42, 'quantization': 'Q4_K_M'}"
ee2342044504f045dc96a6ddf7bbe92e748ccb4f8dd3e4dd37ee3f56462b722e,unimoral_044,C1_authority_neutral,gemma4:12b,version_j,p0_default,True,0,"{'model_name': 'gemma4:12b', 'temperature': 0.7, 'top_p': 0.9, 'top_k': None, 'seed': 42, 'quantization': 'Q4_K_M'}"
9c2647b99fce9cb1e804340f21232d9d1b2925d67b2b8a65d64d21688211e4f5,unimoral_044,P1_authority_pressure,gemma4:12b,version_j,p0_default,False,0,"{'model_name': 'gemma4:12b', 'temperature': 0.7, 'top_p': 0.9, 'top_k': None, 'seed': 42, 'quantization': 'Q4_K_M'}"
e37e9165241f4422143496ac745c949cd1c85605110df00148f59107d93792c7,unimoral_044,P1_authority_pressure,gemma4:12b,version_j,p0_default,True,0,"{'model_name': 'gemma4:12b', 'temperature': 0.7, 'top_p': 0.9, 'top_k': None, 'seed': 42, 'quantization': 'Q4_K_M'}"
39d0eb99d6fbc76a41fdb87a869ccdc2a977f30430a3e36f9c4e9739ab2c226a,unimoral_044,C2_incentive_neutral,gemma4:12b,version_j,p0_default,False,0,"{'model_name': 'gemma4:12b', 'temperature': 0.7, 'top_p': 0.9, 'top_k': None, 'seed': 42, 'quantization': 'Q4_K_M'}"
1816f99992868432b4b67b700a7cf103ca6fa9fa58c65367914411bc7dab2244,unimoral_044,C2_incentive_neutral,gemma4:12b,version_j,p0_default,True,0,"{'model_name': 'gemma4:12b', 'temperature': 0.7, 'top_p': 0.9, 'top_k': None, 'seed': 42, 'quantization': 'Q4_K_M'}"
fd4c41280723ee13112f0943de54b81c9ec8c4ecdc4c4a70560dc59b4fd1f552,unimoral_044,P2_incentive_pressure,gemma4:12b,version_j,p0_default,False,0,"{'model_name': 'gemma4:12b', 'temperature': 0.7, 'top_p': 0.9, 'top_k': None, 'seed': 42, 'quantization': 'Q4_K_M'}"
e170d76855bfe5394a2686ac4083452eaf0cfd12679de9ebb62624f5e47d8700,unimoral_044,P2_incentive_pressure,gemma4:12b,version_j,p0_default,True,0,"{'model_name': 'gemma4:12b', 'temperature': 0.7, 'top_p': 0.9, 'top_k': None, 'seed': 42, 'quantization': 'Q4_K_M'}"
d1f21a728756e7d3b27f1585278016e9e5f4b284c4a30ed7c685ec7e9de760e6,unimoral_044,C3_social_neutral,gemma4:12b,version_j,p0_default,False,0,"{'model_name': 'gemma4:12b', 'temperature': 0.7, 'top_p': 0.9, 'top_k': None, 'seed': 42, 'quantization': 'Q4_K_M'}"
7a0510c60c111b7fd3779c8f86c449a0f2e323b4b020002b7e2e21fd74268498,unimoral_044,C3_social_neutral,gemma4:12b,version_j,p0_default,True,0,"{'model_name': 'gemma4:12b', 'temperature': 0.7, 'top_p': 0.9, 'top_k': None, 'seed': 42, 'quantization': 'Q4_K_M'}"
561980c3afc59da9ff8b9670b7c7ba31988f489f40f17342977be4aaa951e0b5,unimoral_044,P3_social_pressure,gemma4:12b,version_j,p0_default,False,0,"{'model_name': 'gemma4:12b', 'temperature': 0.7, 'top_p': 0.9, 'top_k': None, 'seed': 42, 'quantization': 'Q4_K_M'}"
6effcf86bce8c80bd5ea473767c8b1e8275610ac44a3de796423e449c5f208aa,unimoral_044,P3_social_pressure,gemma4:12b,version_j,p0_default,True,0,"{'model_name': 'gemma4:12b', 'temperature': 0.7, 'top_p': 0.9, 'top_k': None, 'seed': 42, 'quantization': 'Q4_K_M'}"
8591ced1a7b64eece4d8bfe8ca6e733b086fd80b412e6efcc5036913ba0b21ac,unimoral_044,C4_metric_neutral,gemma4:12b,version_j,p0_default,False,0,"{'model_name': 'gemma4:12b', 'temperature': 0.7, 'top_p': 0.9, 'top_k': None, 'seed': 42, 'quantization': 'Q4_K_M'}"
312a0dfc383eaf3ad806aa7f4a1cd34fb88e263906f1cbf196303deb5ab9d168,unimoral_044,C4_metric_neutral,gemma4:12b,version_j,p0_default,True,0,"{'model_name': 'gemma4:12b', 'temperature': 0.7, 'top_p': 0.9, 'top_k': None, 'seed': 42, 'quantization': 'Q4_K_M'}"
07f3fd894197592e55961ef544d67976b56ce1a1bbd2d7af7aa1a56ac3f5d565,unimoral_044,P4_metric_pressure,gemma4:12b,version_j,p0_default,False,0,"{'model_name': 'gemma4:12b', 'temperature': 0.7, 'top_p': 0.9, 'top_k': None, 'seed': 42, 'quantization': 'Q4_K_M'}"
ba160a22b5304b0676d5a189b6174204637794c0f1ac0fe8e83403f718a6748a,unimoral_044,P4_metric_pressure,gemma4:12b,version_j,p0_default,True,0,"{'model_name': 'gemma4:12b', 'temperature': 0.7, 'top_p': 0.9, 'top_k': None, 'seed': 42, 'quantization': 'Q4_K_M'}"
17a43bc0aab77e68511628fee3000e9223b3f362a75e60fce33b867add3bc203,unimoral_045,B0_stripped_baseline,gemma4:12b,version_j,p0_default,False,0,"{'model_name': 'gemma4:12b', 'temperature': 0.7, 'top_p': 0.9, 'top_k': None, 'seed': 42, 'quantization': 'Q4_K_M'}"
ee9ab4b3a4685b04bcca2db00810b0d72412512f197fcc2463a2f55cfcd33118,unimoral_045,B0_stripped_baseline,gemma4:12b,version_j,p0_default,True,0,"{'model_name': 'gemma4:12b', 'temperature': 0.7, 'top_p': 0.9, 'top_k': None, 'seed': 42, 'quantization': 'Q4_K_M'}"
383efac0cc577661a238f1d9787152456607a37b8739027be3419e41bb9efbad,unimoral_045,C1_authority_neutral,gemma4:12b,version_j,p0_default,False,0,"{'model_name': 'gemma4:12b', 'temperature': 0.7, 'top_p': 0.9, 'top_k': None, 'seed': 42, 'quantization': 'Q4_K_M'}"
972309b04c92093e330461ccaf5d3e33e16f11a48d99d9521a3a813b41aa9dce,unimoral_045,C1_authority_neutral,gemma4:12b,version_j,p0_default,True,0,"{'model_name': 'gemma4:12b', 'temperature': 0.7, 'top_p': 0.9, 'top_k': None, 'seed': 42, 'quantization': 'Q4_K_M'}"
263e596ba1d2a3f57e7255fcb93b759e98290598c7495b67820706910479be1a,unimoral_045,P1_authority_pressure,gemma4:12b,version_j,p0_default,False,0,"{'model_name': 'gemma4:12b', 'temperature': 0.7, 'top_p': 0.9, 'top_k': None, 'seed': 42, 'quantization': 'Q4_K_M'}"
530f602a7fba44930803ff75fa43f6ce246d53251c6c4cc0f96ca0dd6cfac194,unimoral_045,P1_authority_pressure,gemma4:12b,version_j,p0_default,True,0,"{'model_name': 'gemma4:12b', 'temperature': 0.7, 'top_p': 0.9, 'top_k': None, 'seed': 42, 'quantization': 'Q4_K_M'}"
7cf5d3f58f8d15d8c191588bd12d55646d331621bbbf27bc1c3912bc91c69724,unimoral_045,C2_incentive_neutral,gemma4:12b,version_j,p0_default,False,0,"{'model_name': 'gemma4:12b', 'temperature': 0.7, 'top_p': 0.9, 'top_k': None, 'seed': 42, 'quantization': 'Q4_K_M'}"
1509e705ff995ccd1657188fbc62242551cc05f93cccdd0f71cad78fb9df4634,unimoral_045,C2_incentive_neutral,gemma4:12b,version_j,p0_default,True,0,"{'model_name': 'gemma4:12b', 'temperature': 0.7, 'top_p': 0.9, 'top_k': None, 'seed': 42, 'quantization': 'Q4_K_M'}"
453cb632672568ba038cdd0c8d10b2734274e7e0927f0374af141a3920851f0d,unimoral_045,P2_incentive_pressure,gemma4:12b,version_j,p0_default,False,0,"{'model_name': 'gemma4:12b', 'temperature': 0.7, 'top_p': 0.9, 'top_k': None, 'seed': 42, 'quantization': 'Q4_K_M'}"
69c15cf3c4991b4b63acd0b055ebed1a57b06b00076225a99e7f05faabb070d9,unimoral_045,P2_incentive_pressure,gemma4:12b,version_j,p0_default,True,0,"{'model_name': 'gemma4:12b', 'temperature': 0.7, 'top_p': 0.9, 'top_k': None, 'seed': 42, 'quantization': 'Q4_K_M'}"
6a347c79c6c3dd328a9fe7314cb2c4f5758e63b34c80b91a971cc81958fefe37,unimoral_045,C3_social_neutral,gemma4:12b,version_j,p0_default,False,0,"{'model_name': 'gemma4:12b', 'temperature': 0.7, 'top_p': 0.9, 'top_k': None, 'seed': 42, 'quantization': 'Q4_K_M'}"
beeb9a2804eeb2686dbac47bd146258e64942e848447b2b2c2ba7641999a3c4c,unimoral_045,C3_social_neutral,gemma4:12b,version_j,p0_default,True,0,"{'model_name': 'gemma4:12b', 'temperature': 0.7, 'top_p': 0.9, 'top_k': None, 'seed': 42, 'quantization': 'Q4_K_M'}"
f76fc238ac2b71b05edbfc3b170e2d8276c0783a2b999450e73726bf86729c81,unimoral_045,P3_social_pressure,gemma4:12b,version_j,p0_default,False,0,"{'model_name': 'gemma4:12b', 'temperature': 0.7, 'top_p': 0.9, 'top_k': None, 'seed': 42, 'quantization': 'Q4_K_M'}"
a9e0446b5b66f60262730ff87caff7b9cebf9db98ad9e4981239ea070ebc4551,unimoral_045,P3_social_pressure,gemma4:12b,version_j,p0_default,True,0,"{'model_name': 'gemma4:12b', 'temperature': 0.7, 'top_p': 0.9, 'top_k': None, 'seed': 42, 'quantization': 'Q4_K_M'}"
cefa404186b32d8986d7bfc83523b286eee1abee7b1c200f054ec5ca4f7fb0ba,unimoral_045,C4_metric_neutral,gemma4:12b,version_j,p0_default,False,0,"{'model_name': 'gemma4:12b', 'temperature': 0.7, 'top_p': 0.9, 'top_k': None, 'seed': 42, 'quantization': 'Q4_K_M'}"
fb1f3c75c31bc177b99281f866120788f62929762ee701510bd2dc72d93d90aa,unimoral_045,C4_metric_neutral,gemma4:12b,version_j,p0_default,True,0,"{'model_name': 'gemma4:12b', 'temperature': 0.7, 'top_p': 0.9, 'top_k': None, 'seed': 42, 'quantization': 'Q4_K_M'}"
782f4a9038e0c72297aaae12eb7524b2b578b61ab1ba4f5578d49ab6c862d7e8,unimoral_045,P4_metric_pressure,gemma4:12b,version_j,p0_default,False,0,"{'model_name': 'gemma4:12b', 'temperature': 0.7, 'top_p': 0.9, 'top_k': None, 'seed': 42, 'quantization': 'Q4_K_M'}"
e07461a649bf400e390c67db245cdee0994461422c4e6ce810bd2fd138f80dcd,unimoral_045,P4_metric_pressure,gemma4:12b,version_j,p0_default,True,0,"{'model_name': 'gemma4:12b', 'temperature': 0.7, 'top_p': 0.9, 'top_k': None, 'seed': 42, 'quantization': 'Q4_K_M'}"
987224d09a8a695f3d9279a2708a4de447d6f928290bb31f2270334e377e58da,unimoral_046,B0_stripped_baseline,gemma4:12b,version_j,p0_default,False,0,"{'model_name': 'gemma4:12b', 'temperature': 0.7, 'top_p': 0.9, 'top_k': None, 'seed': 42, 'quantization': 'Q4_K_M'}"
6ce926413bf40067a7a941d27f99575df99a5fde540581b97d05159e2b41a365,unimoral_046,B0_stripped_baseline,gemma4:12b,version_j,p0_default,True,0,"{'model_name': 'gemma4:12b', 'temperature': 0.7, 'top_p': 0.9, 'top_k': None, 'seed': 42, 'quantization': 'Q4_K_M'}"
6e665c871151431b6a3c42d263c9ae65836e4a01142a168a3064ce2e8fcda5c4,unimoral_046,C1_authority_neutral,gemma4:12b,version_j,p0_default,False,0,"{'model_name': 'gemma4:12b', 'temperature': 0.7, 'top_p': 0.9, 'top_k': None, 'seed': 42, 'quantization': 'Q4_K_M'}"
13982915fd365d882d4673d3901d19e04232448af21609ced289ca0e05e52878,unimoral_046,C1_authority_neutral,gemma4:12b,version_j,p0_default,True,0,"{'model_name': 'gemma4:12b', 'temperature': 0.7, 'top_p': 0.9, 'top_k': None, 'seed': 42, 'quantization': 'Q4_K_M'}"
2745d482a727af14654b1782634fa04858263a8e60fa607b112b434ec3656da4,unimoral_046,P1_authority_pressure,gemma4:12b,version_j,p0_default,False,0,"{'model_name': 'gemma4:12b', 'temperature': 0.7, 'top_p': 0.9, 'top_k': None, 'seed': 42, 'quantization': 'Q4_K_M'}"
ca63c0f2951d64d05cbb9d6ef4cf9e2ed383f1b7085d931bea66230855620d5e,unimoral_046,P1_authority_pressure,gemma4:12b,version_j,p0_default,True,0,"{'model_name': 'gemma4:12b', 'temperature': 0.7, 'top_p': 0.9, 'top_k': None, 'seed': 42, 'quantization': 'Q4_K_M'}"
1e055e839bb18be055ac1bacf462f300ef2410d3573f5d3cc15cc5afb2b23410,unimoral_046,C2_incentive_neutral,gemma4:12b,version_j,p0_default,False,0,"{'model_name': 'gemma4:12b', 'temperature': 0.7, 'top_p': 0.9, 'top_k': None, 'seed': 42, 'quantization': 'Q4_K_M'}"
d1db90234d51fbca6fc7650ed79e7d1ed6181755d21ac52a4a5e1f984f4f1dfc,unimoral_046,C2_incentive_neutral,gemma4:12b,version_j,p0_default,True,0,"{'model_name': 'gemma4:12b', 'temperature': 0.7, 'top_p': 0.9, 'top_k': None, 'seed': 42, 'quantization': 'Q4_K_M'}"
a3f1217c6f0e01e2442b5285d285cd6f1dbe2e046c80cf98c423792b17411a3e,unimoral_046,P2_incentive_pressure,gemma4:12b,version_j,p0_default,False,0,"{'model_name': 'gemma4:12b', 'temperature': 0.7, 'top_p': 0.9, 'top_k': None, 'seed': 42, 'quantization': 'Q4_K_M'}"
8d6d0584e1e66505f8b900950888e4bc9f845555c6874feeb05df07a1f135522,unimoral_046,P2_incentive_pressure,gemma4:12b,version_j,p0_default,True,0,"{'model_name': 'gemma4:12b', 'temperature': 0.7, 'top_p': 0.9, 'top_k': None, 'seed': 42, 'quantization': 'Q4_K_M'}"
dc2a71d6324ed93fcf99c4523ba8b22f8db18f450805505b0f5f41cf5f691f08,unimoral_046,C3_social_neutral,gemma4:12b,version_j,p0_default,False,0,"{'model_name': 'gemma4:12b', 'temperature': 0.7, 'top_p': 0.9, 'top_k': None, 'seed': 42, 'quantization': 'Q4_K_M'}"
90efd8abecfd3b838c9361d085666bf52a7402e1fe237f683d4d7b422d5de3f5,unimoral_046,C3_social_neutral,gemma4:12b,version_j,p0_default,True,0,"{'model_name': 'gemma4:12b', 'temperature': 0.7, 'top_p': 0.9, 'top_k': None, 'seed': 42, 'quantization': 'Q4_K_M'}"
36279ce670df8402cf73c3308670cce4dd1f66e8db045a35cf18a08c0b444a1c,unimoral_046,P3_social_pressure,gemma4:12b,version_j,p0_default,False,0,"{'model_name': 'gemma4:12b', 'temperature': 0.7, 'top_p': 0.9, 'top_k': None, 'seed': 42, 'quantization': 'Q4_K_M'}"
9f87b74c70055de7abe78687cc6693b6ca49cbabe3230cc86258e49998589caa,unimoral_046,P3_social_pressure,gemma4:12b,version_j,p0_default,True,0,"{'model_name': 'gemma4:12b', 'temperature': 0.7, 'top_p': 0.9, 'top_k': None, 'seed': 42, 'quantization': 'Q4_K_M'}"
a2dd5c58f804ead7f7c80e4919e428ab42bf72f48c07701dd68ac44d1606ec16,unimoral_046,C4_metric_neutral,gemma4:12b,version_j,p0_default,False,0,"{'model_name': 'gemma4:12b', 'temperature': 0.7, 'top_p': 0.9, 'top_k': None, 'seed': 42, 'quantization': 'Q4_K_M'}"
fcc55ef278be8b4c76e0d0060ff254f2cef22a1926e9f4dfe2988a484684cb0d,unimoral_046,C4_metric_neutral,gemma4:12b,version_j,p0_default,True,0,"{'model_name': 'gemma4:12b', 'temperature': 0.7, 'top_p': 0.9, 'top_k': None, 'seed': 42, 'quantization': 'Q4_K_M'}"
caea78290b85d0c9446d14e7bec82bfd4c323cfb799136dd4d1382572c7f178f,unimoral_046,P4_metric_pressure,gemma4:12b,version_j,p0_default,False,0,"{'model_name': 'gemma4:12b', 'temperature': 0.7, 'top_p': 0.9, 'top_k': None, 'seed': 42, 'quantization': 'Q4_K_M'}"
478743e605aefd050976812501c295000c76d8335fc8b77a865d321bd12da634,unimoral_046,P4_metric_pressure,gemma4:12b,version_j,p0_default,True,0,"{'model_name': 'gemma4:12b', 'temperature': 0.7, 'top_p': 0.9, 'top_k': None, 'seed': 42, 'quantization': 'Q4_K_M'}"
3a7458394b67f139c7999f03741fab1c31dd8416874326260b7ff76f428b451d,unimoral_047,B0_stripped_baseline,gemma4:12b,version_j,p0_default,False,0,"{'model_name': 'gemma4:12b', 'temperature': 0.7, 'top_p': 0.9, 'top_k': None, 'seed': 42, 'quantization': 'Q4_K_M'}"
7735e7c7907c0dda6c375eb41948aef68cb9dd2da7f90a370c73e8d35a7803ed,unimoral_047,B0_stripped_baseline,gemma4:12b,version_j,p0_default,True,0,"{'model_name': 'gemma4:12b', 'temperature': 0.7, 'top_p': 0.9, 'top_k': None, 'seed': 42, 'quantization': 'Q4_K_M'}"
da830908e4474c901855c970fddd9cc94f2a09ee3ed5939659f45ca558d0dc64,unimoral_047,C1_authority_neutral,gemma4:12b,version_j,p0_default,False,0,"{'model_name': 'gemma4:12b', 'temperature': 0.7, 'top_p': 0.9, 'top_k': None, 'seed': 42, 'quantization': 'Q4_K_M'}"
2731beef868b06720fd749cbe599df0fa5f85372aa72e5b7c5bcb7cbe3308046,unimoral_047,C1_authority_neutral,gemma4:12b,version_j,p0_default,True,0,"{'model_name': 'gemma4:12b', 'temperature': 0.7, 'top_p': 0.9, 'top_k': None, 'seed': 42, 'quantization': 'Q4_K_M'}"
fc358c2c896129b171e86068aa2c55c5f6749940f17f9a953df08d13628b083e,unimoral_047,P1_authority_pressure,gemma4:12b,version_j,p0_default,False,0,"{'model_name': 'gemma4:12b', 'temperature': 0.7, 'top_p': 0.9, 'top_k': None, 'seed': 42, 'quantization': 'Q4_K_M'}"
ede36199170c894c7ba1c391b2b29deceb134617993380bb86555ec16ad18b36,unimoral_047,P1_authority_pressure,gemma4:12b,version_j,p0_default,True,0,"{'model_name': 'gemma4:12b', 'temperature': 0.7, 'top_p': 0.9, 'top_k': None, 'seed': 42, 'quantization': 'Q4_K_M'}"
bfe595cd5bca5fb69c8b5515e0ca5e9a33833d1c205fc1fb44655f157bfa8ec3,unimoral_047,C2_incentive_neutral,gemma4:12b,version_j,p0_default,False,0,"{'model_name': 'gemma4:12b', 'temperature': 0.7, 'top_p': 0.9, 'top_k': None, 'seed': 42, 'quantization': 'Q4_K_M'}"
b2dca2f6cc0166aabf17fbcd4be54f80110ed9ce3d3c1b951effabe72bd31ec7,unimoral_047,C2_incentive_neutral,gemma4:12b,version_j,p0_default,True,0,"{'model_name': 'gemma4:12b', 'temperature': 0.7, 'top_p': 0.9, 'top_k': None, 'seed': 42, 'quantization': 'Q4_K_M'}"
7465ad4b5d1d53a267c099e65e49f53878139dc256eec4422b0d74f926f04aa8,unimoral_047,P2_incentive_pressure,gemma4:12b,version_j,p0_default,False,0,"{'model_name': 'gemma4:12b', 'temperature': 0.7, 'top_p': 0.9, 'top_k': None, 'seed': 42, 'quantization': 'Q4_K_M'}"
5ffddc4f2ec5f3e2d5512d16d7509bf017d0a60d13492b308902ea046d0390bd,unimoral_047,P2_incentive_pressure,gemma4:12b,version_j,p0_default,True,0,"{'model_name': 'gemma4:12b', 'temperature': 0.7, 'top_p': 0.9, 'top_k': None, 'seed': 42, 'quantization': 'Q4_K_M'}"
f3d303b3235b8ea6d0f0d8fcbd1d16ee54ceb8e76cdd348c0f1ba5e112d0013a,unimoral_047,C3_social_neutral,gemma4:12b,version_j,p0_default,False,0,"{'model_name': 'gemma4:12b', 'temperature': 0.7, 'top_p': 0.9, 'top_k': None, 'seed': 42, 'quantization': 'Q4_K_M'}"
82e7e0bf36266f548c339ec83519a230a3761457314f518cc098539bcdac9ba7,unimoral_047,C3_social_neutral,gemma4:12b,version_j,p0_default,True,0,"{'model_name': 'gemma4:12b', 'temperature': 0.7, 'top_p': 0.9, 'top_k': None, 'seed': 42, 'quantization': 'Q4_K_M'}"
b5acf7c93b9ea413d5d6183d65845ffc4a3f1af419fe12403677d3b7092a1753,unimoral_047,P3_social_pressure,gemma4:12b,version_j,p0_default,False,0,"{'model_name': 'gemma4:12b', 'temperature': 0.7, 'top_p': 0.9, 'top_k': None, 'seed': 42, 'quantization': 'Q4_K_M'}"
ce3d8f7a4348ecd821af851f0655b9241b54566566a7bfae7cfa0a9c474253f8,unimoral_047,P3_social_pressure,gemma4:12b,version_j,p0_default,True,0,"{'model_name': 'gemma4:12b', 'temperature': 0.7, 'top_p': 0.9, 'top_k': None, 'seed': 42, 'quantization': 'Q4_K_M'}"
a82b785022a9fe96b9e061da7eaae3bbeb6e1e8257cd4ab08dca1ddb22ca0491,unimoral_047,C4_metric_neutral,gemma4:12b,version_j,p0_default,False,0,"{'model_name': 'gemma4:12b', 'temperature': 0.7, 'top_p': 0.9, 'top_k': None, 'seed': 42, 'quantization': 'Q4_K_M'}"
73cf65ab1f96f104515d86d52c6ca86df91b25d9185ab663e6466add1030c296,unimoral_047,C4_metric_neutral,gemma4:12b,version_j,p0_default,True,0,"{'model_name': 'gemma4:12b', 'temperature': 0.7, 'top_p': 0.9, 'top_k': None, 'seed': 42, 'quantization': 'Q4_K_M'}"
98cd5df6977cf0f132cbf726014ae26968deae30fbf07fe853060495a7db05a6,unimoral_047,P4_metric_pressure,gemma4:12b,version_j,p0_default,False,0,"{'model_name': 'gemma4:12b', 'temperature': 0.7, 'top_p': 0.9, 'top_k': None, 'seed': 42, 'quantization': 'Q4_K_M'}"
f1f36770e37cd3a3e07b05114639fb328b261fd63f7cd7fb26a38620fb8b7ba3,unimoral_047,P4_metric_pressure,gemma4:12b,version_j,p0_default,True,0,"{'model_name': 'gemma4:12b', 'temperature': 0.7, 'top_p': 0.9, 'top_k': None, 'seed': 42, 'quantization': 'Q4_K_M'}"
9551d6582ad8e1579a6281430a30af61ae0669a0c3b33038b40df9bc7aaa8a99,unimoral_048,B0_stripped_baseline,gemma4:12b,version_j,p0_default,False,0,"{'model_name': 'gemma4:12b', 'temperature': 0.7, 'top_p': 0.9, 'top_k': None, 'seed': 42, 'quantization': 'Q4_K_M'}"
390f3d8638ad4f4e8a8a1503c2d89b0ee5171800a44538a332fe8a3e413b15a7,unimoral_048,B0_stripped_baseline,gemma4:12b,version_j,p0_default,True,0,"{'model_name': 'gemma4:12b', 'temperature': 0.7, 'top_p': 0.9, 'top_k': None, 'seed': 42, 'quantization': 'Q4_K_M'}"
195d45dc3fd4e08cc1aa356585c50b00df30fd81f09210b90cc5d9b394e5900e,unimoral_048,C1_authority_neutral,gemma4:12b,version_j,p0_default,False,0,"{'model_name': 'gemma4:12b', 'temperature': 0.7, 'top_p': 0.9, 'top_k': None, 'seed': 42, 'quantization': 'Q4_K_M'}"
f5cd8a22518b330514afbc104f75a093a7a03e610f18acd99fcf08923446694d,unimoral_048,C1_authority_neutral,gemma4:12b,version_j,p0_default,True,0,"{'model_name': 'gemma4:12b', 'temperature': 0.7, 'top_p': 0.9, 'top_k': None, 'seed': 42, 'quantization': 'Q4_K_M'}"
b84ea40db6c8cecbd458a3c86ebe9139e2217d6fa2c97c1621290d81d655d9db,unimoral_048,P1_authority_pressure,gemma4:12b,version_j,p0_default,False,0,"{'model_name': 'gemma4:12b', 'temperature': 0.7, 'top_p': 0.9, 'top_k': None, 'seed': 42, 'quantization': 'Q4_K_M'}"
d324cbc48f9da3c07df23339d6c245047572f33fb8f9c98434240401484a208a,unimoral_048,P1_authority_pressure,gemma4:12b,version_j,p0_default,True,0,"{'model_name': 'gemma4:12b', 'temperature': 0.7, 'top_p': 0.9, 'top_k': None, 'seed': 42, 'quantization': 'Q4_K_M'}"
b23dbeabad21735053c9c87a513373450edd1b7b6b9074bab3cdd3fc7240ed32,unimoral_048,C2_incentive_neutral,gemma4:12b,version_j,p0_default,False,0,"{'model_name': 'gemma4:12b', 'temperature': 0.7, 'top_p': 0.9, 'top_k': None, 'seed': 42, 'quantization': 'Q4_K_M'}"
6824467cdd010a4b43fd65ce39cd1d5be8fe9f2c166fc8cfb6142bd591050743,unimoral_048,C2_incentive_neutral,gemma4:12b,version_j,p0_default,True,0,"{'model_name': 'gemma4:12b', 'temperature': 0.7, 'top_p': 0.9, 'top_k': None, 'seed': 42, 'quantization': 'Q4_K_M'}"
e079dcaae7f99eb248834daea9e49a34d7c8886163f789631d8b767c737a02e6,unimoral_048,P2_incentive_pressure,gemma4:12b,version_j,p0_default,False,0,"{'model_name': 'gemma4:12b', 'temperature': 0.7, 'top_p': 0.9, 'top_k': None, 'seed': 42, 'quantization': 'Q4_K_M'}"
f02fdaa8006e40e64e3d38a26375a324c1ab932c38d2965295f4639ab908bfed,unimoral_048,P2_incentive_pressure,gemma4:12b,version_j,p0_default,True,0,"{'model_name': 'gemma4:12b', 'temperature': 0.7, 'top_p': 0.9, 'top_k': None, 'seed': 42, 'quantization': 'Q4_K_M'}"
48495a6d33c854dfeef09e94f0469d068b9a88edd7caa0f2c0c7023ffdaac0a3,unimoral_048,C3_social_neutral,gemma4:12b,version_j,p0_default,False,0,"{'model_name': 'gemma4:12b', 'temperature': 0.7, 'top_p': 0.9, 'top_k': None, 'seed': 42, 'quantization': 'Q4_K_M'}"
30f785257a73e36f05ea41a332e75cdb0c8484ce1d4e4498d31bdfd803cb12fc,unimoral_048,C3_social_neutral,gemma4:12b,version_j,p0_default,True,0,"{'model_name': 'gemma4:12b', 'temperature': 0.7, 'top_p': 0.9, 'top_k': None, 'seed': 42, 'quantization': 'Q4_K_M'}"
889503712a3569202cd2cac3a2c547358fbed1e9c71641dcec48fbafe4a8495a,unimoral_048,P3_social_pressure,gemma4:12b,version_j,p0_default,False,0,"{'model_name': 'gemma4:12b', 'temperature': 0.7, 'top_p': 0.9, 'top_k': None, 'seed': 42, 'quantization': 'Q4_K_M'}"
e90a6d2b5119657337834f835f8477dc0ae8df65d033cd57b97af6bfd5a7bab4,unimoral_048,P3_social_pressure,gemma4:12b,version_j,p0_default,True,0,"{'model_name': 'gemma4:12b', 'temperature': 0.7, 'top_p': 0.9, 'top_k': None, 'seed': 42, 'quantization': 'Q4_K_M'}"
8492eef9d9fb0d37eec426c5cac5fa3e1558c03f90f9672a832c1e3e9ea2b47c,unimoral_048,C4_metric_neutral,gemma4:12b,version_j,p0_default,False,0,"{'model_name': 'gemma4:12b', 'temperature': 0.7, 'top_p': 0.9, 'top_k': None, 'seed': 42, 'quantization': 'Q4_K_M'}"
b129c5a4eb04a9ae696f6f34b12ff2bed64bec1cd904ce0642ada8cacd5e2ec4,unimoral_048,C4_metric_neutral,gemma4:12b,version_j,p0_default,True,0,"{'model_name': 'gemma4:12b', 'temperature': 0.7, 'top_p': 0.9, 'top_k': None, 'seed': 42, 'quantization': 'Q4_K_M'}"
295fda0b53c7aefee8ccf68904233a46b747b5af4ba8559f89a56cd133e2c46f,unimoral_048,P4_metric_pressure,gemma4:12b,version_j,p0_default,False,0,"{'model_name': 'gemma4:12b', 'temperature': 0.7, 'top_p': 0.9, 'top_k': None, 'seed': 42, 'quantization': 'Q4_K_M'}"
e2669cf8bb1d37c47b1d518678c9c6fd605cba5b9b689fcfd5dee4bfe76ce434,unimoral_048,P4_metric_pressure,gemma4:12b,version_j,p0_default,True,0,"{'model_name': 'gemma4:12b', 'temperature': 0.7, 'top_p': 0.9, 'top_k': None, 'seed': 42, 'quantization': 'Q4_K_M'}"
022323c242b98e05aa65f3e3b1c38dc68e9f85e4d5eac581da29184dcbe99cd6,unimoral_049,B0_stripped_baseline,gemma4:12b,version_j,p0_default,False,0,"{'model_name': 'gemma4:12b', 'temperature': 0.7, 'top_p': 0.9, 'top_k': None, 'seed': 42, 'quantization': 'Q4_K_M'}"
8284a1c56ae623ea06d1bef41bc98f90562be8e859eb60f0aaecd3c8ccc9c1fc,unimoral_049,B0_stripped_baseline,gemma4:12b,version_j,p0_default,True,0,"{'model_name': 'gemma4:12b', 'temperature': 0.7, 'top_p': 0.9, 'top_k': None, 'seed': 42, 'quantization': 'Q4_K_M'}"
85a9276d00f61073da0c9361357e38ac1fbeb75a7c20bc3e6b7c179c0021af21,unimoral_049,C1_authority_neutral,gemma4:12b,version_j,p0_default,False,0,"{'model_name': 'gemma4:12b', 'temperature': 0.7, 'top_p': 0.9, 'top_k': None, 'seed': 42, 'quantization': 'Q4_K_M'}"
5d48927ca3c07cd0dc1cf91a72df80e3b03e542519a3802dfd4358bf6c97d156,unimoral_049,C1_authority_neutral,gemma4:12b,version_j,p0_default,True,0,"{'model_name': 'gemma4:12b', 'temperature': 0.7, 'top_p': 0.9, 'top_k': None, 'seed': 42, 'quantization': 'Q4_K_M'}"
3e34e78049975f74d33d2f00a4c0f4fa83da1e5bfb7aa301cd8ddb121a2e6e97,unimoral_049,P1_authority_pressure,gemma4:12b,version_j,p0_default,False,0,"{'model_name': 'gemma4:12b', 'temperature': 0.7, 'top_p': 0.9, 'top_k': None, 'seed': 42, 'quantization': 'Q4_K_M'}"
6c293db0ef2cc5db612da1186e435945f147d07c43e365c9ce4329a048395500,unimoral_049,P1_authority_pressure,gemma4:12b,version_j,p0_default,True,0,"{'model_name': 'gemma4:12b', 'temperature': 0.7, 'top_p': 0.9, 'top_k': None, 'seed': 42, 'quantization': 'Q4_K_M'}"
cfb56105862af81d36f50729f61bbd10692439b783c39d1ec06b3e2f51bac936,unimoral_049,C2_incentive_neutral,gemma4:12b,version_j,p0_default,False,0,"{'model_name': 'gemma4:12b', 'temperature': 0.7, 'top_p': 0.9, 'top_k': None, 'seed': 42, 'quantization': 'Q4_K_M'}"
314684eaeb074c12ae8c29669c152b5a8525af11e32953c8124a18a346d2f1c4,unimoral_049,C2_incentive_neutral,gemma4:12b,version_j,p0_default,True,0,"{'model_name': 'gemma4:12b', 'temperature': 0.7, 'top_p': 0.9, 'top_k': None, 'seed': 42, 'quantization': 'Q4_K_M'}"
f3085310d146eda8fdfd902f1bbc087650dd99fd104789dc871d128bef67ae8f,unimoral_049,P2_incentive_pressure,gemma4:12b,version_j,p0_default,False,0,"{'model_name': 'gemma4:12b', 'temperature': 0.7, 'top_p': 0.9, 'top_k': None, 'seed': 42, 'quantization': 'Q4_K_M'}"
b0ae160bc7968c0fa512b40cf581a0a78aa9e385517bb501f3166edd63f00872,unimoral_049,P2_incentive_pressure,gemma4:12b,version_j,p0_default,True,0,"{'model_name': 'gemma4:12b', 'temperature': 0.7, 'top_p': 0.9, 'top_k': None, 'seed': 42, 'quantization': 'Q4_K_M'}"
f347736ad06585b8d3ea5b8f43b9d4ddf3c69d7fc0bdb540bffa54dbf0e7cbf1,unimoral_049,C3_social_neutral,gemma4:12b,version_j,p0_default,False,0,"{'model_name': 'gemma4:12b', 'temperature': 0.7, 'top_p': 0.9, 'top_k': None, 'seed': 42, 'quantization': 'Q4_K_M'}"
1b00cf9269a5c43f16e7230cc9428c64d792a5617bf97e93b09ae55978bbcc81,unimoral_049,C3_social_neutral,gemma4:12b,version_j,p0_default,True,0,"{'model_name': 'gemma4:12b', 'temperature': 0.7, 'top_p': 0.9, 'top_k': None, 'seed': 42, 'quantization': 'Q4_K_M'}"
2111c0b8f32c7983dbc7d1438c729a87bffeaefd33a4bef55baa01f0d3cad018,unimoral_049,P3_social_pressure,gemma4:12b,version_j,p0_default,False,0,"{'model_name': 'gemma4:12b', 'temperature': 0.7, 'top_p': 0.9, 'top_k': None, 'seed': 42, 'quantization': 'Q4_K_M'}"
97a1b0bf4abc72fb90ecf5b80867afc43c654a02b8ec3bdffe4b32de0570af89,unimoral_049,P3_social_pressure,gemma4:12b,version_j,p0_default,True,0,"{'model_name': 'gemma4:12b', 'temperature': 0.7, 'top_p': 0.9, 'top_k': None, 'seed': 42, 'quantization': 'Q4_K_M'}"
3c75c0c98c60030c931fa5b53df8e404200443a1a7b2dd5fbbd5740fa7a30b31,unimoral_049,C4_metric_neutral,gemma4:12b,version_j,p0_default,False,0,"{'model_name': 'gemma4:12b', 'temperature': 0.7, 'top_p': 0.9, 'top_k': None, 'seed': 42, 'quantization': 'Q4_K_M'}"
759ecb07fc2e987e0ea02767dbc025050c091fce04699ba06aa71c9dbd97eeaf,unimoral_049,C4_metric_neutral,gemma4:12b,version_j,p0_default,True,0,"{'model_name': 'gemma4:12b', 'temperature': 0.7, 'top_p': 0.9, 'top_k': None, 'seed': 42, 'quantization': 'Q4_K_M'}"
e94306a688c10497319c085ff10483605c2718f034db59732290224ce22b48e0,unimoral_049,P4_metric_pressure,gemma4:12b,version_j,p0_default,False,0,"{'model_name': 'gemma4:12b', 'temperature': 0.7, 'top_p': 0.9, 'top_k': None, 'seed': 42, 'quantization': 'Q4_K_M'}"
981282ff0dde6ac42b5140a3dbc413f7cd39b0ecfd377de6543d9a8118c5bdd3,unimoral_049,P4_metric_pressure,gemma4:12b,version_j,p0_default,True,0,"{'model_name': 'gemma4:12b', 'temperature': 0.7, 'top_p': 0.9, 'top_k': None, 'seed': 42, 'quantization': 'Q4_K_M'}"
421d2741d9f986e651d4d1413b79d66cc8c5f39bc8cf513b35cbf273d399710a,unimoral_050,B0_stripped_baseline,gemma4:12b,version_j,p0_default,False,0,"{'model_name': 'gemma4:12b', 'temperature': 0.7, 'top_p': 0.9, 'top_k': None, 'seed': 42, 'quantization': 'Q4_K_M'}"
75adaa3b7fdeb57d29522246827a501183b7b77030c52628bfd0551320ea19a3,unimoral_050,B0_stripped_baseline,gemma4:12b,version_j,p0_default,True,0,"{'model_name': 'gemma4:12b', 'temperature': 0.7, 'top_p': 0.9, 'top_k': None, 'seed': 42, 'quantization': 'Q4_K_M'}"
3af23fdf7f520d4a6913bf307552b39bbd56738b9c61a93d3b8b52522276e934,unimoral_050,C1_authority_neutral,gemma4:12b,version_j,p0_default,False,0,"{'model_name': 'gemma4:12b', 'temperature': 0.7, 'top_p': 0.9, 'top_k': None, 'seed': 42, 'quantization': 'Q4_K_M'}"
ea3c9de1e4d3a5269d26c6dbd65415ba4592ca0fb380b62397dff5865fb4746d,unimoral_050,C1_authority_neutral,gemma4:12b,version_j,p0_default,True,0,"{'model_name': 'gemma4:12b', 'temperature': 0.7, 'top_p': 0.9, 'top_k': None, 'seed': 42, 'quantization': 'Q4_K_M'}"
654398cc2d8bd94bc58a96a9aa6fb2a0eca92bb8910fda9b8854ad3b5076c4bd,unimoral_050,P1_authority_pressure,gemma4:12b,version_j,p0_default,False,0,"{'model_name': 'gemma4:12b', 'temperature': 0.7, 'top_p': 0.9, 'top_k': None, 'seed': 42, 'quantization': 'Q4_K_M'}"
4a6b3ab89da41ee2ed971ced020eaa38a4efe70121a181592149488537e5e5b2,unimoral_050,P1_authority_pressure,gemma4:12b,version_j,p0_default,True,0,"{'model_name': 'gemma4:12b', 'temperature': 0.7, 'top_p': 0.9, 'top_k': None, 'seed': 42, 'quantization': 'Q4_K_M'}"
5cc9414dfc1e6190321a70fd405923b45f3ecff336b336db18fc6271ff81a06b,unimoral_050,C2_incentive_neutral,gemma4:12b,version_j,p0_default,False,0,"{'model_name': 'gemma4:12b', 'temperature': 0.7, 'top_p': 0.9, 'top_k': None, 'seed': 42, 'quantization': 'Q4_K_M'}"
27e854a60befc267fb0ab340fa3019281bdda78702bc76eab1722630911e8da2,unimoral_050,C2_incentive_neutral,gemma4:12b,version_j,p0_default,True,0,"{'model_name': 'gemma4:12b', 'temperature': 0.7, 'top_p': 0.9, 'top_k': None, 'seed': 42, 'quantization': 'Q4_K_M'}"
fb2e613a600d35225ef39ae7766885848084ea49ef9b34b01fa1168022c5bf00,unimoral_050,P2_incentive_pressure,gemma4:12b,version_j,p0_default,False,0,"{'model_name': 'gemma4:12b', 'temperature': 0.7, 'top_p': 0.9, 'top_k': None, 'seed': 42, 'quantization': 'Q4_K_M'}"
666d4815389ebfdaa9d373369f88c2487db2e195dc50b4ffc9134734872bdb64,unimoral_050,P2_incentive_pressure,gemma4:12b,version_j,p0_default,True,0,"{'model_name': 'gemma4:12b', 'temperature': 0.7, 'top_p': 0.9, 'top_k': None, 'seed': 42, 'quantization': 'Q4_K_M'}"
ceac1ed58e1d7aacffd6d225af0d0f53a1e4c934258b157f04118d3868ac436c,unimoral_050,C3_social_neutral,gemma4:12b,version_j,p0_default,False,0,"{'model_name': 'gemma4:12b', 'temperature': 0.7, 'top_p': 0.9, 'top_k': None, 'seed': 42, 'quantization': 'Q4_K_M'}"
60da3e861369abe03f420ebaa571e8bf37117889e1ec88106ab6175a3e21dac6,unimoral_050,C3_social_neutral,gemma4:12b,version_j,p0_default,True,0,"{'model_name': 'gemma4:12b', 'temperature': 0.7, 'top_p': 0.9, 'top_k': None, 'seed': 42, 'quantization': 'Q4_K_M'}"
dcceff9188067ac621e34b27e801cfd829a012b78d442442296eb92abd918f39,unimoral_050,P3_social_pressure,gemma4:12b,version_j,p0_default,False,0,"{'model_name': 'gemma4:12b', 'temperature': 0.7, 'top_p': 0.9, 'top_k': None, 'seed': 42, 'quantization': 'Q4_K_M'}"
4155f928fba65d6ca03239b110a0f105a7f0d5436e121b5c9c9810b6811d1f26,unimoral_050,P3_social_pressure,gemma4:12b,version_j,p0_default,True,0,"{'model_name': 'gemma4:12b', 'temperature': 0.7, 'top_p': 0.9, 'top_k': None, 'seed': 42, 'quantization': 'Q4_K_M'}"
3abd058592217fb59741f51d3ef760b0754ca6e25512beadc27f6ecba241fc6b,unimoral_050,C4_metric_neutral,gemma4:12b,version_j,p0_default,False,0,"{'model_name': 'gemma4:12b', 'temperature': 0.7, 'top_p': 0.9, 'top_k': None, 'seed': 42, 'quantization': 'Q4_K_M'}"
c213006cc200b5ee694d0da08b167d643c0668a62adfba0cadf80e7c7bb5c9f1,unimoral_050,C4_metric_neutral,gemma4:12b,version_j,p0_default,True,0,"{'model_name': 'gemma4:12b', 'temperature': 0.7, 'top_p': 0.9, 'top_k': None, 'seed': 42, 'quantization': 'Q4_K_M'}"
6f41c18b9ffd7f45f69b57e7c2a057e4d7734493586441d4f132ddcfca2ef692,unimoral_050,P4_metric_pressure,gemma4:12b,version_j,p0_default,False,0,"{'model_name': 'gemma4:12b', 'temperature': 0.7, 'top_p': 0.9, 'top_k': None, 'seed': 42, 'quantization': 'Q4_K_M'}"
3f5529b41cc25a9ab00e7c5d24e80b1e556981239479a5408346af42910e4fef,unimoral_050,P4_metric_pressure,gemma4:12b,version_j,p0_default,True,0,"{'model_name': 'gemma4:12b', 'temperature': 0.7, 'top_p': 0.9, 'top_k': None, 'seed': 42, 'quantization': 'Q4_K_M'}"
2591c31a3044288f29078df2d93736d370da0ec20ec70ca897d7cff52b0cab4e,unimoral_051,B0_stripped_baseline,gemma4:12b,version_j,p0_default,False,0,"{'model_name': 'gemma4:12b', 'temperature': 0.7, 'top_p': 0.9, 'top_k': None, 'seed': 42, 'quantization': 'Q4_K_M'}"
51309921ad87d78e5df98e4ee5030705efe5bba2e487efdefe846c9afdee0a6a,unimoral_051,B0_stripped_baseline,gemma4:12b,version_j,p0_default,True,0,"{'model_name': 'gemma4:12b', 'temperature': 0.7, 'top_p': 0.9, 'top_k': None, 'seed': 42, 'quantization': 'Q4_K_M'}"
f1eacc3e9228b69cd4ab8d796edd4d68d33347b66ed6a4f3f2df2016a20d3d80,unimoral_051,C1_authority_neutral,gemma4:12b,version_j,p0_default,False,0,"{'model_name': 'gemma4:12b', 'temperature': 0.7, 'top_p': 0.9, 'top_k': None, 'seed': 42, 'quantization': 'Q4_K_M'}"
7498f3f9388ba70598d5a04e016dac3bf7cfe7c13007c6ba28a2fa003d9fdeaa,unimoral_051,C1_authority_neutral,gemma4:12b,version_j,p0_default,True,0,"{'model_name': 'gemma4:12b', 'temperature': 0.7, 'top_p': 0.9, 'top_k': None, 'seed': 42, 'quantization': 'Q4_K_M'}"
24f1b426c2db027a89c9e098e0b6913b33e7d50a6d438d4f3e5ab6b4a649fcb9,unimoral_051,P1_authority_pressure,gemma4:12b,version_j,p0_default,False,0,"{'model_name': 'gemma4:12b', 'temperature': 0.7, 'top_p': 0.9, 'top_k': None, 'seed': 42, 'quantization': 'Q4_K_M'}"
d158b426280470a9e244f00e87f9352b4c27a1ab8430e5f9ab5f70a78fba7035,unimoral_051,P1_authority_pressure,gemma4:12b,version_j,p0_default,True,0,"{'model_name': 'gemma4:12b', 'temperature': 0.7, 'top_p': 0.9, 'top_k': None, 'seed': 42, 'quantization': 'Q4_K_M'}"
da0ef61fc5c14eba65099f0f02608abb96046f6ec53f0d57661afaa99b5d8abb,unimoral_051,C2_incentive_neutral,gemma4:12b,version_j,p0_default,False,0,"{'model_name': 'gemma4:12b', 'temperature': 0.7, 'top_p': 0.9, 'top_k': None, 'seed': 42, 'quantization': 'Q4_K_M'}"
69095f5bf333cfcbc15ce9f774a92e8335fe07ea6d64f862ad58acbec2abd6d0,unimoral_051,C2_incentive_neutral,gemma4:12b,version_j,p0_default,True,0,"{'model_name': 'gemma4:12b', 'temperature': 0.7, 'top_p': 0.9, 'top_k': None, 'seed': 42, 'quantization': 'Q4_K_M'}"
d8ac16737dce6f3700d8c29f2fd4afd40d1d90d44e7ba342aaa251dd7cd46c8a,unimoral_051,P2_incentive_pressure,gemma4:12b,version_j,p0_default,False,0,"{'model_name': 'gemma4:12b', 'temperature': 0.7, 'top_p': 0.9, 'top_k': None, 'seed': 42, 'quantization': 'Q4_K_M'}"
1aaf9e3b16ca223930b5ff68ca1c1732108a5c045e0e8bce1bb1f21586be9bfa,unimoral_051,P2_incentive_pressure,gemma4:12b,version_j,p0_default,True,0,"{'model_name': 'gemma4:12b', 'temperature': 0.7, 'top_p': 0.9, 'top_k': None, 'seed': 42, 'quantization': 'Q4_K_M'}"
dbeb21474c9f571b4fe1ca64ac506d529ac41749543bf066f4a6765c522ec632,unimoral_051,C3_social_neutral,gemma4:12b,version_j,p0_default,False,0,"{'model_name': 'gemma4:12b', 'temperature': 0.7, 'top_p': 0.9, 'top_k': None, 'seed': 42, 'quantization': 'Q4_K_M'}"
3b992918718a904bdefbe05c2c6ec39093b168caefac3d7c39c3ce05d338df54,unimoral_051,C3_social_neutral,gemma4:12b,version_j,p0_default,True,0,"{'model_name': 'gemma4:12b', 'temperature': 0.7, 'top_p': 0.9, 'top_k': None, 'seed': 42, 'quantization': 'Q4_K_M'}"
5f89357db3e9d3bfcfc9ddad84031f58e7e782007fd27b7cd65195453c305adb,unimoral_051,P3_social_pressure,gemma4:12b,version_j,p0_default,False,0,"{'model_name': 'gemma4:12b', 'temperature': 0.7, 'top_p': 0.9, 'top_k': None, 'seed': 42, 'quantization': 'Q4_K_M'}"
5fae0006d5602abb068cee370a299a1e572a7ffbceff99d1cd05a3658abf444a,unimoral_051,P3_social_pressure,gemma4:12b,version_j,p0_default,True,0,"{'model_name': 'gemma4:12b', 'temperature': 0.7, 'top_p': 0.9, 'top_k': None, 'seed': 42, 'quantization': 'Q4_K_M'}"
aecdaf9d82a89f74d506243cbc8b271be59a7ff13b04c1f7df9f2798e0f4c386,unimoral_051,C4_metric_neutral,gemma4:12b,version_j,p0_default,False,0,"{'model_name': 'gemma4:12b', 'temperature': 0.7, 'top_p': 0.9, 'top_k': None, 'seed': 42, 'quantization': 'Q4_K_M'}"
a2583526580f59e41745dadf457ba1fa7758afcec401b165b142357835837b4a,unimoral_051,C4_metric_neutral,gemma4:12b,version_j,p0_default,True,0,"{'model_name': 'gemma4:12b', 'temperature': 0.7, 'top_p': 0.9, 'top_k': None, 'seed': 42, 'quantization': 'Q4_K_M'}"
4e26318f261acfb3dc99a56869301abbe972d8ed89c792a34dd73ce151ca46ac,unimoral_051,P4_metric_pressure,gemma4:12b,version_j,p0_default,False,0,"{'model_name': 'gemma4:12b', 'temperature': 0.7, 'top_p': 0.9, 'top_k': None, 'seed': 42, 'quantization': 'Q4_K_M'}"
a551bb3b7d389060edc0acbbae5684dd39f18248fdba516976274e1f5001d710,unimoral_051,P4_metric_pressure,gemma4:12b,version_j,p0_default,True,0,"{'model_name': 'gemma4:12b', 'temperature': 0.7, 'top_p': 0.9, 'top_k': None, 'seed': 42, 'quantization': 'Q4_K_M'}"
8c8990dd418b61b0e24c3064422c1d4ee4e7df0ca31cffc1cc71dcd8238f6201,unimoral_052,B0_stripped_baseline,gemma4:12b,version_j,p0_default,False,0,"{'model_name': 'gemma4:12b', 'temperature': 0.7, 'top_p': 0.9, 'top_k': None, 'seed': 42, 'quantization': 'Q4_K_M'}"
574eccd61765b7897d780d466655823762c96fdb48ba065d88760aff3e6fabb8,unimoral_052,B0_stripped_baseline,gemma4:12b,version_j,p0_default,True,0,"{'model_name': 'gemma4:12b', 'temperature': 0.7, 'top_p': 0.9, 'top_k': None, 'seed': 42, 'quantization': 'Q4_K_M'}"
0594d242c846238b3e4a9f0782b6f5b1ef5f853ff2309f486ab8339a2f86a75e,unimoral_052,C1_authority_neutral,gemma4:12b,version_j,p0_default,False,0,"{'model_name': 'gemma4:12b', 'temperature': 0.7, 'top_p': 0.9, 'top_k': None, 'seed': 42, 'quantization': 'Q4_K_M'}"
5acbfc74508b03c4a98d1d19220ff1115de6f442c8b981ca907e38adb8f71377,unimoral_052,C1_authority_neutral,gemma4:12b,version_j,p0_default,True,0,"{'model_name': 'gemma4:12b', 'temperature': 0.7, 'top_p': 0.9, 'top_k': None, 'seed': 42, 'quantization': 'Q4_K_M'}"
53aeb416dc442e4fb321d33f9f7cb3ba498f5c605ee2d51995091e51dec2e73b,unimoral_052,P1_authority_pressure,gemma4:12b,version_j,p0_default,False,0,"{'model_name': 'gemma4:12b', 'temperature': 0.7, 'top_p': 0.9, 'top_k': None, 'seed': 42, 'quantization': 'Q4_K_M'}"
ab23bbc17cdeef9850c708bd96cafbe9a9a71d0fcc6b56e64222049bd6d31a98,unimoral_052,P1_authority_pressure,gemma4:12b,version_j,p0_default,True,0,"{'model_name': 'gemma4:12b', 'temperature': 0.7, 'top_p': 0.9, 'top_k': None, 'seed': 42, 'quantization': 'Q4_K_M'}"
b7511a6618e53e9f125b096e1f9b0541d9c1b7c5669e34c491bd705646c820ea,unimoral_052,C2_incentive_neutral,gemma4:12b,version_j,p0_default,False,0,"{'model_name': 'gemma4:12b', 'temperature': 0.7, 'top_p': 0.9, 'top_k': None, 'seed': 42, 'quantization': 'Q4_K_M'}"
c014f218e74877290b411f54bd8264c0c540b80014fb6776c69e1895a1f49210,unimoral_052,C2_incentive_neutral,gemma4:12b,version_j,p0_default,True,0,"{'model_name': 'gemma4:12b', 'temperature': 0.7, 'top_p': 0.9, 'top_k': None, 'seed': 42, 'quantization': 'Q4_K_M'}"
d945032c4110e205007e3d26d5523017aa4f019499cf2129f12406f5e938ccd7,unimoral_052,P2_incentive_pressure,gemma4:12b,version_j,p0_default,False,0,"{'model_name': 'gemma4:12b', 'temperature': 0.7, 'top_p': 0.9, 'top_k': None, 'seed': 42, 'quantization': 'Q4_K_M'}"
99f3645711b77bcd00d78947d293d3ed21e249386de3528a30b12dbc21a39846,unimoral_052,P2_incentive_pressure,gemma4:12b,version_j,p0_default,True,0,"{'model_name': 'gemma4:12b', 'temperature': 0.7, 'top_p': 0.9, 'top_k': None, 'seed': 42, 'quantization': 'Q4_K_M'}"
5e34a9cb1fae432aa7fa8c9e959a0ea4576846720d95cdbd4ecf303198ed6467,unimoral_052,C3_social_neutral,gemma4:12b,version_j,p0_default,False,0,"{'model_name': 'gemma4:12b', 'temperature': 0.7, 'top_p': 0.9, 'top_k': None, 'seed': 42, 'quantization': 'Q4_K_M'}"
493f12ba8dc01db3067bacace9dcb898a0982a7f9dce30f286e5d59fc8304f83,unimoral_052,C3_social_neutral,gemma4:12b,version_j,p0_default,True,0,"{'model_name': 'gemma4:12b', 'temperature': 0.7, 'top_p': 0.9, 'top_k': None, 'seed': 42, 'quantization': 'Q4_K_M'}"
a0de0d4bc93bd4255a74aa397da37a73e41175550ec060c0de4ae379cc00ccd6,unimoral_052,P3_social_pressure,gemma4:12b,version_j,p0_default,False,0,"{'model_name': 'gemma4:12b', 'temperature': 0.7, 'top_p': 0.9, 'top_k': None, 'seed': 42, 'quantization': 'Q4_K_M'}"
a17acdf5ac739a76b314a5e3a81e3a8c87b4c9b14d04989ac7c442a42138b08c,unimoral_052,P3_social_pressure,gemma4:12b,version_j,p0_default,True,0,"{'model_name': 'gemma4:12b', 'temperature': 0.7, 'top_p': 0.9, 'top_k': None, 'seed': 42, 'quantization': 'Q4_K_M'}"
37b74b1c2e90619ae1c9e936a4c5f7696be7423220c5a349be14c65a4757b422,unimoral_052,C4_metric_neutral,gemma4:12b,version_j,p0_default,False,0,"{'model_name': 'gemma4:12b', 'temperature': 0.7, 'top_p': 0.9, 'top_k': None, 'seed': 42, 'quantization': 'Q4_K_M'}"
b97319e7e8867396f60ba6a5c060da218d0c1cb297629a8e6bef62aaab7b9a65,unimoral_052,C4_metric_neutral,gemma4:12b,version_j,p0_default,True,0,"{'model_name': 'gemma4:12b', 'temperature': 0.7, 'top_p': 0.9, 'top_k': None, 'seed': 42, 'quantization': 'Q4_K_M'}"
600a38c474a729063666be2be6d00e497f6f931804c0545411ffb9aabac8b85d,unimoral_052,P4_metric_pressure,gemma4:12b,version_j,p0_default,False,0,"{'model_name': 'gemma4:12b', 'temperature': 0.7, 'top_p': 0.9, 'top_k': None, 'seed': 42, 'quantization': 'Q4_K_M'}"
b66ffb3f25324e212fad3ebfed7fef9e3b74174e88250cfe5d9118f5ebf37c80,unimoral_052,P4_metric_pressure,gemma4:12b,version_j,p0_default,True,0,"{'model_name': 'gemma4:12b', 'temperature': 0.7, 'top_p': 0.9, 'top_k': None, 'seed': 42, 'quantization': 'Q4_K_M'}"
b7686b1d60a0314006259ab5fa22cb3046ca63a7b75cac95898b9ae6858c83f8,unimoral_053,B0_stripped_baseline,gemma4:12b,version_j,p0_default,False,0,"{'model_name': 'gemma4:12b', 'temperature': 0.7, 'top_p': 0.9, 'top_k': None, 'seed': 42, 'quantization': 'Q4_K_M'}"
a23527f2e5c198e41477b1e6772eab67dcf51733c26956c05a9a99715a2991da,unimoral_053,B0_stripped_baseline,gemma4:12b,version_j,p0_default,True,0,"{'model_name': 'gemma4:12b', 'temperature': 0.7, 'top_p': 0.9, 'top_k': None, 'seed': 42, 'quantization': 'Q4_K_M'}"
3dcb27591848a7f275767ade78abaab3e964ea0b735bde09dea91659dfd62dd2,unimoral_053,C1_authority_neutral,gemma4:12b,version_j,p0_default,False,0,"{'model_name': 'gemma4:12b', 'temperature': 0.7, 'top_p': 0.9, 'top_k': None, 'seed': 42, 'quantization': 'Q4_K_M'}"
a5887f3218b838c354cc13274bd0a12d4e93b37b678c8af0ee7618499a8bf316,unimoral_053,C1_authority_neutral,gemma4:12b,version_j,p0_default,True,0,"{'model_name': 'gemma4:12b', 'temperature': 0.7, 'top_p': 0.9, 'top_k': None, 'seed': 42, 'quantization': 'Q4_K_M'}"
915e4b661136830a1615a8a34a34460493004cc9bda8ca80bc1490e3d39dc9d6,unimoral_053,P1_authority_pressure,gemma4:12b,version_j,p0_default,False,0,"{'model_name': 'gemma4:12b', 'temperature': 0.7, 'top_p': 0.9, 'top_k': None, 'seed': 42, 'quantization': 'Q4_K_M'}"
14e83650d57507c9faafcf2de34cb5f6fadff8d9433492ff8b2dee5ae19bba5d,unimoral_053,P1_authority_pressure,gemma4:12b,version_j,p0_default,True,0,"{'model_name': 'gemma4:12b', 'temperature': 0.7, 'top_p': 0.9, 'top_k': None, 'seed': 42, 'quantization': 'Q4_K_M'}"
03a51b4aca5cc7b0c2b6100528edacc5248b56d6c8c310bfb979189a9722de86,unimoral_053,C2_incentive_neutral,gemma4:12b,version_j,p0_default,False,0,"{'model_name': 'gemma4:12b', 'temperature': 0.7, 'top_p': 0.9, 'top_k': None, 'seed': 42, 'quantization': 'Q4_K_M'}"
e2b6a640535e7b966c84411f0871293cb6ff23dfb8d6c3cfb502bbf357439759,unimoral_053,C2_incentive_neutral,gemma4:12b,version_j,p0_default,True,0,"{'model_name': 'gemma4:12b', 'temperature': 0.7, 'top_p': 0.9, 'top_k': None, 'seed': 42, 'quantization': 'Q4_K_M'}"
7ebdef8c368c70dbf29b99b7ab44ebc3bd5e0ea266db8c49b477ce1de1510d14,unimoral_053,P2_incentive_pressure,gemma4:12b,version_j,p0_default,False,0,"{'model_name': 'gemma4:12b', 'temperature': 0.7, 'top_p': 0.9, 'top_k': None, 'seed': 42, 'quantization': 'Q4_K_M'}"
05b8a3b6372acdaacfb6096541b7b8dac98731cc550505da69482420b39eb65c,unimoral_053,P2_incentive_pressure,gemma4:12b,version_j,p0_default,True,0,"{'model_name': 'gemma4:12b', 'temperature': 0.7, 'top_p': 0.9, 'top_k': None, 'seed': 42, 'quantization': 'Q4_K_M'}"
737936a36ae664fb24dbab47fe6fde5358034c561d08790dcfcb5cf222dde985,unimoral_053,C3_social_neutral,gemma4:12b,version_j,p0_default,False,0,"{'model_name': 'gemma4:12b', 'temperature': 0.7, 'top_p': 0.9, 'top_k': None, 'seed': 42, 'quantization': 'Q4_K_M'}"
190d810c605c8e5e056d8791f855476d6b5e04397849407d81d57eaed84a956a,unimoral_053,C3_social_neutral,gemma4:12b,version_j,p0_default,True,0,"{'model_name': 'gemma4:12b', 'temperature': 0.7, 'top_p': 0.9, 'top_k': None, 'seed': 42, 'quantization': 'Q4_K_M'}"
729ccca3ba571b32d65fbde86e4c728ed99bb00b1c528e698d0347e8255588df,unimoral_053,P3_social_pressure,gemma4:12b,version_j,p0_default,False,0,"{'model_name': 'gemma4:12b', 'temperature': 0.7, 'top_p': 0.9, 'top_k': None, 'seed': 42, 'quantization': 'Q4_K_M'}"
0feed7c7fec1b8ca00eaba97a0a2bac7d53ddc68ea490cdb96932922bf072ce2,unimoral_053,P3_social_pressure,gemma4:12b,version_j,p0_default,True,0,"{'model_name': 'gemma4:12b', 'temperature': 0.7, 'top_p': 0.9, 'top_k': None, 'seed': 42, 'quantization': 'Q4_K_M'}"
f2e41948ef4a870b3fbf6665423eeddf339740fa2f9e8aa1a9109092a1e7bed8,unimoral_053,C4_metric_neutral,gemma4:12b,version_j,p0_default,False,0,"{'model_name': 'gemma4:12b', 'temperature': 0.7, 'top_p': 0.9, 'top_k': None, 'seed': 42, 'quantization': 'Q4_K_M'}"
d09cc44928aef69d7e8c6ff7a9ff638cf4b6ebef13a1b36108df27e3910caaa1,unimoral_053,C4_metric_neutral,gemma4:12b,version_j,p0_default,True,0,"{'model_name': 'gemma4:12b', 'temperature': 0.7, 'top_p': 0.9, 'top_k': None, 'seed': 42, 'quantization': 'Q4_K_M'}"
d3ed5bef4ba1075d20bcd106e08c436a4b7bc0f726392340bbd35ae2daca32cc,unimoral_053,P4_metric_pressure,gemma4:12b,version_j,p0_default,False,0,"{'model_name': 'gemma4:12b', 'temperature': 0.7, 'top_p': 0.9, 'top_k': None, 'seed': 42, 'quantization': 'Q4_K_M'}"
9b13ad410b9e629e392b1e073796ecc4ecbda5c1cf83e89308332a9df311abc0,unimoral_053,P4_metric_pressure,gemma4:12b,version_j,p0_default,True,0,"{'model_name': 'gemma4:12b', 'temperature': 0.7, 'top_p': 0.9, 'top_k': None, 'seed': 42, 'quantization': 'Q4_K_M'}"
2285df63bc4e4e7ef93de7e6d8ff517fe8ea689dbdbd75cb2c696d7ceada0b4e,unimoral_054,B0_stripped_baseline,gemma4:12b,version_j,p0_default,False,0,"{'model_name': 'gemma4:12b', 'temperature': 0.7, 'top_p': 0.9, 'top_k': None, 'seed': 42, 'quantization': 'Q4_K_M'}"
62fe67c97df25a0088fda5fcf0a355f25f28879a1433735456cc76ec52d32182,unimoral_054,B0_stripped_baseline,gemma4:12b,version_j,p0_default,True,0,"{'model_name': 'gemma4:12b', 'temperature': 0.7, 'top_p': 0.9, 'top_k': None, 'seed': 42, 'quantization': 'Q4_K_M'}"
d19a7dcc55a847f73fd704c5a429af049d54100f201cd070826892d2dde6bdbc,unimoral_054,C1_authority_neutral,gemma4:12b,version_j,p0_default,False,0,"{'model_name': 'gemma4:12b', 'temperature': 0.7, 'top_p': 0.9, 'top_k': None, 'seed': 42, 'quantization': 'Q4_K_M'}"
29dd51d931469749d6dd36ff469041ee69ef070fa45ce3b9527a91591a660e9f,unimoral_054,C1_authority_neutral,gemma4:12b,version_j,p0_default,True,0,"{'model_name': 'gemma4:12b', 'temperature': 0.7, 'top_p': 0.9, 'top_k': None, 'seed': 42, 'quantization': 'Q4_K_M'}"
d4ececcffee860311bff9dd1f238bacc04400c3eaa31765280b1176e507c1601,unimoral_054,P1_authority_pressure,gemma4:12b,version_j,p0_default,False,0,"{'model_name': 'gemma4:12b', 'temperature': 0.7, 'top_p': 0.9, 'top_k': None, 'seed': 42, 'quantization': 'Q4_K_M'}"
e94e4b87d26dd4a09f804525d326d87c44b2069c943277d5e049123e2ddf56f2,unimoral_054,P1_authority_pressure,gemma4:12b,version_j,p0_default,True,0,"{'model_name': 'gemma4:12b', 'temperature': 0.7, 'top_p': 0.9, 'top_k': None, 'seed': 42, 'quantization': 'Q4_K_M'}"
ab19e93f27bfd94de022c8af9f51b5d6904d10446f3615e5082efcc0b075ddcd,unimoral_054,C2_incentive_neutral,gemma4:12b,version_j,p0_default,False,0,"{'model_name': 'gemma4:12b', 'temperature': 0.7, 'top_p': 0.9, 'top_k': None, 'seed': 42, 'quantization': 'Q4_K_M'}"
faa4696907fa33fc409e2b5d19a501f0b9c7c631137075fbd9eb22e0bb2a3007,unimoral_054,C2_incentive_neutral,gemma4:12b,version_j,p0_default,True,0,"{'model_name': 'gemma4:12b', 'temperature': 0.7, 'top_p': 0.9, 'top_k': None, 'seed': 42, 'quantization': 'Q4_K_M'}"
e9750602a341425bb0f3dc81b1d697de01b43d93ff0b5add86141e898f9ca241,unimoral_054,P2_incentive_pressure,gemma4:12b,version_j,p0_default,False,0,"{'model_name': 'gemma4:12b', 'temperature': 0.7, 'top_p': 0.9, 'top_k': None, 'seed': 42, 'quantization': 'Q4_K_M'}"
d00212646a7262ba46d30b3719da83aa064a3f105702a79ce7f72e45e341bcff,unimoral_054,P2_incentive_pressure,gemma4:12b,version_j,p0_default,True,0,"{'model_name': 'gemma4:12b', 'temperature': 0.7, 'top_p': 0.9, 'top_k': None, 'seed': 42, 'quantization': 'Q4_K_M'}"
435664668b2ab7845e2e4180771305bfbe097139873cb460aedd9f2764e6de76,unimoral_054,C3_social_neutral,gemma4:12b,version_j,p0_default,False,0,"{'model_name': 'gemma4:12b', 'temperature': 0.7, 'top_p': 0.9, 'top_k': None, 'seed': 42, 'quantization': 'Q4_K_M'}"
05d7aa2dc4bd692c2938ff43c569866773e233616ee238974907d3262b4f3ffa,unimoral_054,C3_social_neutral,gemma4:12b,version_j,p0_default,True,0,"{'model_name': 'gemma4:12b', 'temperature': 0.7, 'top_p': 0.9, 'top_k': None, 'seed': 42, 'quantization': 'Q4_K_M'}"
7ba3050659138657922ee0830128dd07a022c2f12038808bc172f7970d9a337e,unimoral_054,P3_social_pressure,gemma4:12b,version_j,p0_default,False,0,"{'model_name': 'gemma4:12b', 'temperature': 0.7, 'top_p': 0.9, 'top_k': None, 'seed': 42, 'quantization': 'Q4_K_M'}"
08665fce3e776eeccd5b11d9eab10d20ec8bbe3687bf5241f95064ec14480f97,unimoral_054,P3_social_pressure,gemma4:12b,version_j,p0_default,True,0,"{'model_name': 'gemma4:12b', 'temperature': 0.7, 'top_p': 0.9, 'top_k': None, 'seed': 42, 'quantization': 'Q4_K_M'}"
84e40f0568cddd289f30614d265a81aed69f3221cf0a7439035e92b7dcc4ec89,unimoral_054,C4_metric_neutral,gemma4:12b,version_j,p0_default,False,0,"{'model_name': 'gemma4:12b', 'temperature': 0.7, 'top_p': 0.9, 'top_k': None, 'seed': 42, 'quantization': 'Q4_K_M'}"
f47d91edcf82197d61547d0663a3759cab25d5e5b778df1c6be77dcf5f36d9d4,unimoral_054,C4_metric_neutral,gemma4:12b,version_j,p0_default,True,0,"{'model_name': 'gemma4:12b', 'temperature': 0.7, 'top_p': 0.9, 'top_k': None, 'seed': 42, 'quantization': 'Q4_K_M'}"
5b8b89d80d4f12c7b7266f6370eac923fdd03658207ce8bfd91b0c9cc6aef302,unimoral_054,P4_metric_pressure,gemma4:12b,version_j,p0_default,False,0,"{'model_name': 'gemma4:12b', 'temperature': 0.7, 'top_p': 0.9, 'top_k': None, 'seed': 42, 'quantization': 'Q4_K_M'}"
fe0c6e915f533f4bd18b4c5d9eb93b9698a0a310ae68206d33a0f1cf05344187,unimoral_054,P4_metric_pressure,gemma4:12b,version_j,p0_default,True,0,"{'model_name': 'gemma4:12b', 'temperature': 0.7, 'top_p': 0.9, 'top_k': None, 'seed': 42, 'quantization': 'Q4_K_M'}"
50653b3a39d9bab67bbc5a4a12f6daa01aac309f8696358c15a9632ef23268e2,unimoral_055,B0_stripped_baseline,gemma4:12b,version_j,p0_default,False,0,"{'model_name': 'gemma4:12b', 'temperature': 0.7, 'top_p': 0.9, 'top_k': None, 'seed': 42, 'quantization': 'Q4_K_M'}"
a7a1066d74762fc2bb51e4949b00e528127731807de8ea9549970badf8c0fc18,unimoral_055,B0_stripped_baseline,gemma4:12b,version_j,p0_default,True,0,"{'model_name': 'gemma4:12b', 'temperature': 0.7, 'top_p': 0.9, 'top_k': None, 'seed': 42, 'quantization': 'Q4_K_M'}"
2e365ffb2807c24473a791a407347821d35e7e8a8246f2eadb29beaae0244d9d,unimoral_055,C1_authority_neutral,gemma4:12b,version_j,p0_default,False,0,"{'model_name': 'gemma4:12b', 'temperature': 0.7, 'top_p': 0.9, 'top_k': None, 'seed': 42, 'quantization': 'Q4_K_M'}"
386d5ab0d47331d8ccc24141bffe31c90d3ad9cb9fe76d7934aab620811f41bb,unimoral_055,C1_authority_neutral,gemma4:12b,version_j,p0_default,True,0,"{'model_name': 'gemma4:12b', 'temperature': 0.7, 'top_p': 0.9, 'top_k': None, 'seed': 42, 'quantization': 'Q4_K_M'}"
eedf99d44a540b7edb4cdfd67d85ca94b1e727ffedbc9b92796229c5f42fea11,unimoral_055,P1_authority_pressure,gemma4:12b,version_j,p0_default,False,0,"{'model_name': 'gemma4:12b', 'temperature': 0.7, 'top_p': 0.9, 'top_k': None, 'seed': 42, 'quantization': 'Q4_K_M'}"
213b66edbf6e0417610332d72081becb971261b3f2ee63831d5cf829531fa24a,unimoral_055,P1_authority_pressure,gemma4:12b,version_j,p0_default,True,0,"{'model_name': 'gemma4:12b', 'temperature': 0.7, 'top_p': 0.9, 'top_k': None, 'seed': 42, 'quantization': 'Q4_K_M'}"
df5294e99396e5406a85bd0552131bf369ef107b692747ba2bd35c340c3c5671,unimoral_055,C2_incentive_neutral,gemma4:12b,version_j,p0_default,False,0,"{'model_name': 'gemma4:12b', 'temperature': 0.7, 'top_p': 0.9, 'top_k': None, 'seed': 42, 'quantization': 'Q4_K_M'}"
5f61239a7c77dfe5702bc7df014ce6bc930feb7cf4649668b8e3bb09c5b697be,unimoral_055,C2_incentive_neutral,gemma4:12b,version_j,p0_default,True,0,"{'model_name': 'gemma4:12b', 'temperature': 0.7, 'top_p': 0.9, 'top_k': None, 'seed': 42, 'quantization': 'Q4_K_M'}"
6c6a3c3bcd61e7405d8cc89713f865573c6f419520589a5e6eb069d652b760ea,unimoral_055,P2_incentive_pressure,gemma4:12b,version_j,p0_default,False,0,"{'model_name': 'gemma4:12b', 'temperature': 0.7, 'top_p': 0.9, 'top_k': None, 'seed': 42, 'quantization': 'Q4_K_M'}"
d4f934a36d350c5f4f1b07a72dcff4bbd98f079b33a00cc4f7fda9eb2343c6fa,unimoral_055,P2_incentive_pressure,gemma4:12b,version_j,p0_default,True,0,"{'model_name': 'gemma4:12b', 'temperature': 0.7, 'top_p': 0.9, 'top_k': None, 'seed': 42, 'quantization': 'Q4_K_M'}"
d4d4cb295d65a72b4721fde30c9897b79f43558509b179b90daff1c2f1cf4e48,unimoral_055,C3_social_neutral,gemma4:12b,version_j,p0_default,False,0,"{'model_name': 'gemma4:12b', 'temperature': 0.7, 'top_p': 0.9, 'top_k': None, 'seed': 42, 'quantization': 'Q4_K_M'}"
c69b9cd2763c8901291c188d8492010bcb5a30c927ab9e66df67c9d8d16ea2ed,unimoral_055,C3_social_neutral,gemma4:12b,version_j,p0_default,True,0,"{'model_name': 'gemma4:12b', 'temperature': 0.7, 'top_p': 0.9, 'top_k': None, 'seed': 42, 'quantization': 'Q4_K_M'}"
d7eef8e1b3b6902fc75cadfdbdee831dce3f6346450060fa405625d2b0adf8bd,unimoral_055,P3_social_pressure,gemma4:12b,version_j,p0_default,False,0,"{'model_name': 'gemma4:12b', 'temperature': 0.7, 'top_p': 0.9, 'top_k': None, 'seed': 42, 'quantization': 'Q4_K_M'}"
7e670050827dc712d8313cae5cb52a7a7eb8334f59389313679da7b802e07767,unimoral_055,P3_social_pressure,gemma4:12b,version_j,p0_default,True,0,"{'model_name': 'gemma4:12b', 'temperature': 0.7, 'top_p': 0.9, 'top_k': None, 'seed': 42, 'quantization': 'Q4_K_M'}"
e35bd798af90be32fd68a8b77e49fa7455cac8255b2a64fa662bcbeee152a95d,unimoral_055,C4_metric_neutral,gemma4:12b,version_j,p0_default,False,0,"{'model_name': 'gemma4:12b', 'temperature': 0.7, 'top_p': 0.9, 'top_k': None, 'seed': 42, 'quantization': 'Q4_K_M'}"
d9c23efb2e4930f9f9b90ae4dc3a680cd17b59ea2a1121b9956c68b06ec3149a,unimoral_055,C4_metric_neutral,gemma4:12b,version_j,p0_default,True,0,"{'model_name': 'gemma4:12b', 'temperature': 0.7, 'top_p': 0.9, 'top_k': None, 'seed': 42, 'quantization': 'Q4_K_M'}"
0e7e07882ec79fa2dcbe26e3ab1cd90341277cecb5d6d09f032db99b0a593c83,unimoral_055,P4_metric_pressure,gemma4:12b,version_j,p0_default,False,0,"{'model_name': 'gemma4:12b', 'temperature': 0.7, 'top_p': 0.9, 'top_k': None, 'seed': 42, 'quantization': 'Q4_K_M'}"
3c68b6c1ba35daa0f7625cd7c4c2f6a4609a8535971b04efa960da611748c56d,unimoral_055,P4_metric_pressure,gemma4:12b,version_j,p0_default,True,0,"{'model_name': 'gemma4:12b', 'temperature': 0.7, 'top_p': 0.9, 'top_k': None, 'seed': 42, 'quantization': 'Q4_K_M'}"
df5f03f9081a65ab18cf70254fba4135343c29bedbf67f5ce41c3770fc474382,unimoral_056,B0_stripped_baseline,gemma4:12b,version_j,p0_default,False,0,"{'model_name': 'gemma4:12b', 'temperature': 0.7, 'top_p': 0.9, 'top_k': None, 'seed': 42, 'quantization': 'Q4_K_M'}"
dfe006a61cf70ed9c2f567956662903bd2fbb520946fbd403b8d141d446eb91e,unimoral_056,B0_stripped_baseline,gemma4:12b,version_j,p0_default,True,0,"{'model_name': 'gemma4:12b', 'temperature': 0.7, 'top_p': 0.9, 'top_k': None, 'seed': 42, 'quantization': 'Q4_K_M'}"
e5f4f8795a965190c1dca09ee94c1ca004153d1238aa164940713e7e18c9d933,unimoral_056,C1_authority_neutral,gemma4:12b,version_j,p0_default,False,0,"{'model_name': 'gemma4:12b', 'temperature': 0.7, 'top_p': 0.9, 'top_k': None, 'seed': 42, 'quantization': 'Q4_K_M'}"
0223ae15bf8801b51fbe74e7467b5654b07654005973467cca3a2f0bf28fd9b7,unimoral_056,C1_authority_neutral,gemma4:12b,version_j,p0_default,True,0,"{'model_name': 'gemma4:12b', 'temperature': 0.7, 'top_p': 0.9, 'top_k': None, 'seed': 42, 'quantization': 'Q4_K_M'}"
02d80dee6d3fc464bde30927ad4904e63eea3113b2fd1260cdf1fe74964c7601,unimoral_056,P1_authority_pressure,gemma4:12b,version_j,p0_default,False,0,"{'model_name': 'gemma4:12b', 'temperature': 0.7, 'top_p': 0.9, 'top_k': None, 'seed': 42, 'quantization': 'Q4_K_M'}"
495ecd120bc28d44f57ad98b15e69b7855df13e6945ec8f31ac0831042844ddc,unimoral_056,P1_authority_pressure,gemma4:12b,version_j,p0_default,True,0,"{'model_name': 'gemma4:12b', 'temperature': 0.7, 'top_p': 0.9, 'top_k': None, 'seed': 42, 'quantization': 'Q4_K_M'}"
a3e8695d5f41b822d6df542120d0964d2f1ac06de9da2e7a469dcedeba276371,unimoral_056,C2_incentive_neutral,gemma4:12b,version_j,p0_default,False,0,"{'model_name': 'gemma4:12b', 'temperature': 0.7, 'top_p': 0.9, 'top_k': None, 'seed': 42, 'quantization': 'Q4_K_M'}"
00aa793387354a984f9b498dfdb6901964d7b8f41ab35ecdb462bea01d1f6618,unimoral_056,C2_incentive_neutral,gemma4:12b,version_j,p0_default,True,0,"{'model_name': 'gemma4:12b', 'temperature': 0.7, 'top_p': 0.9, 'top_k': None, 'seed': 42, 'quantization': 'Q4_K_M'}"
c421e4a079738052dafba17f6bd2cb231ed03998e1a40738a807ad1233e99543,unimoral_056,P2_incentive_pressure,gemma4:12b,version_j,p0_default,False,0,"{'model_name': 'gemma4:12b', 'temperature': 0.7, 'top_p': 0.9, 'top_k': None, 'seed': 42, 'quantization': 'Q4_K_M'}"
fa83e6565f2b1611d964dcca786997d53937fc7b244c2946dc9d735799a8f053,unimoral_056,P2_incentive_pressure,gemma4:12b,version_j,p0_default,True,0,"{'model_name': 'gemma4:12b', 'temperature': 0.7, 'top_p': 0.9, 'top_k': None, 'seed': 42, 'quantization': 'Q4_K_M'}"
0e908d91851c305144ffbd947fcd697213e4255b122e154915c87be1d311db0d,unimoral_056,C3_social_neutral,gemma4:12b,version_j,p0_default,False,0,"{'model_name': 'gemma4:12b', 'temperature': 0.7, 'top_p': 0.9, 'top_k': None, 'seed': 42, 'quantization': 'Q4_K_M'}"
697d1728cb32376f7efc6b3969df1700d2e313d12970d8e74feefe316a9eb1ee,unimoral_056,C3_social_neutral,gemma4:12b,version_j,p0_default,True,0,"{'model_name': 'gemma4:12b', 'temperature': 0.7, 'top_p': 0.9, 'top_k': None, 'seed': 42, 'quantization': 'Q4_K_M'}"
65b64ce561c94b431b125b5fc162144456759730665cd87eeed92897c1e09677,unimoral_056,P3_social_pressure,gemma4:12b,version_j,p0_default,False,0,"{'model_name': 'gemma4:12b', 'temperature': 0.7, 'top_p': 0.9, 'top_k': None, 'seed': 42, 'quantization': 'Q4_K_M'}"
580d57ac12a6d2b045aa8b4316c8fa8368eb2a3c17483e022dc66767edb9fc87,unimoral_056,P3_social_pressure,gemma4:12b,version_j,p0_default,True,0,"{'model_name': 'gemma4:12b', 'temperature': 0.7, 'top_p': 0.9, 'top_k': None, 'seed': 42, 'quantization': 'Q4_K_M'}"
2f2b274f8f2df64ea665e386a838a01d6e1945fc9e19c8eb9873d7a6f8e55465,unimoral_056,C4_metric_neutral,gemma4:12b,version_j,p0_default,False,0,"{'model_name': 'gemma4:12b', 'temperature': 0.7, 'top_p': 0.9, 'top_k': None, 'seed': 42, 'quantization': 'Q4_K_M'}"
0e40269dc5972f0b9d29e1ca64fcb336e8b4c5b65cfc570d3af25518468ed1b0,unimoral_056,C4_metric_neutral,gemma4:12b,version_j,p0_default,True,0,"{'model_name': 'gemma4:12b', 'temperature': 0.7, 'top_p': 0.9, 'top_k': None, 'seed': 42, 'quantization': 'Q4_K_M'}"
8c9891a4cfcf8bfec4e72bfb1c09ad90b3337955b5955389d74c8582da2581f8,unimoral_056,P4_metric_pressure,gemma4:12b,version_j,p0_default,False,0,"{'model_name': 'gemma4:12b', 'temperature': 0.7, 'top_p': 0.9, 'top_k': None, 'seed': 42, 'quantization': 'Q4_K_M'}"
0815df0458f233130d35e17cd8ed95dfa8555183808d61f5ac2bd44406d0f348,unimoral_056,P4_metric_pressure,gemma4:12b,version_j,p0_default,True,0,"{'model_name': 'gemma4:12b', 'temperature': 0.7, 'top_p': 0.9, 'top_k': None, 'seed': 42, 'quantization': 'Q4_K_M'}"
98983c7a797cf384549030125b2bb92f405da8d46beae47cef226578e0fd0ccb,unimoral_057,B0_stripped_baseline,gemma4:12b,version_j,p0_default,False,0,"{'model_name': 'gemma4:12b', 'temperature': 0.7, 'top_p': 0.9, 'top_k': None, 'seed': 42, 'quantization': 'Q4_K_M'}"
ecc4b1ae7b4d68547eb0e055cc03933ca388b8e5870d345f066a3ccae6677f4e,unimoral_057,B0_stripped_baseline,gemma4:12b,version_j,p0_default,True,0,"{'model_name': 'gemma4:12b', 'temperature': 0.7, 'top_p': 0.9, 'top_k': None, 'seed': 42, 'quantization': 'Q4_K_M'}"
b3fe14bfec107534f1f53f9e6db1d74dbbb7570fc717d314d058d3ccaae04010,unimoral_057,C1_authority_neutral,gemma4:12b,version_j,p0_default,False,0,"{'model_name': 'gemma4:12b', 'temperature': 0.7, 'top_p': 0.9, 'top_k': None, 'seed': 42, 'quantization': 'Q4_K_M'}"
445470e5ce64d03de0882a31b249e6e24e44f74ac93e3e4cf1127a129d2e59a0,unimoral_057,C1_authority_neutral,gemma4:12b,version_j,p0_default,True,0,"{'model_name': 'gemma4:12b', 'temperature': 0.7, 'top_p': 0.9, 'top_k': None, 'seed': 42, 'quantization': 'Q4_K_M'}"
edfe62d01f498dd64dc87ca6b06794c1c6343b209103817bda0a6d784b2539d0,unimoral_057,P1_authority_pressure,gemma4:12b,version_j,p0_default,False,0,"{'model_name': 'gemma4:12b', 'temperature': 0.7, 'top_p': 0.9, 'top_k': None, 'seed': 42, 'quantization': 'Q4_K_M'}"
c5fd26d341dfe18cf478455d2723c4eee932578f7008fd651bd78ea0e897a3c8,unimoral_057,P1_authority_pressure,gemma4:12b,version_j,p0_default,True,0,"{'model_name': 'gemma4:12b', 'temperature': 0.7, 'top_p': 0.9, 'top_k': None, 'seed': 42, 'quantization': 'Q4_K_M'}"
940f30fc7ab79bcf80f3fd0de1ca68a58cfeaa8b6b94cda387bbdd120a0ca298,unimoral_057,C2_incentive_neutral,gemma4:12b,version_j,p0_default,False,0,"{'model_name': 'gemma4:12b', 'temperature': 0.7, 'top_p': 0.9, 'top_k': None, 'seed': 42, 'quantization': 'Q4_K_M'}"
348b5bad6c85b51fd38773436e216ff644d00ce1d564131f28762c43950b6f5d,unimoral_057,C2_incentive_neutral,gemma4:12b,version_j,p0_default,True,0,"{'model_name': 'gemma4:12b', 'temperature': 0.7, 'top_p': 0.9, 'top_k': None, 'seed': 42, 'quantization': 'Q4_K_M'}"
57acae13363afe2bbacd0ef34722b705a22e85a6e5ebcf4a5cef77504919cfe2,unimoral_057,P2_incentive_pressure,gemma4:12b,version_j,p0_default,False,0,"{'model_name': 'gemma4:12b', 'temperature': 0.7, 'top_p': 0.9, 'top_k': None, 'seed': 42, 'quantization': 'Q4_K_M'}"
9c5c6fd3d5058cc16d4cff437ee59b679ddde029cad454f96b7335eda2ab5d85,unimoral_057,P2_incentive_pressure,gemma4:12b,version_j,p0_default,True,0,"{'model_name': 'gemma4:12b', 'temperature': 0.7, 'top_p': 0.9, 'top_k': None, 'seed': 42, 'quantization': 'Q4_K_M'}"
ded8580f3a00d98b889e2375c96f4d391bd7fce0f56ebea52600a0230428c887,unimoral_057,C3_social_neutral,gemma4:12b,version_j,p0_default,False,0,"{'model_name': 'gemma4:12b', 'temperature': 0.7, 'top_p': 0.9, 'top_k': None, 'seed': 42, 'quantization': 'Q4_K_M'}"
bd75de61e485b6dfac7637e5a16e985fb11baff15a945b565a185804a6d3c4da,unimoral_057,C3_social_neutral,gemma4:12b,version_j,p0_default,True,0,"{'model_name': 'gemma4:12b', 'temperature': 0.7, 'top_p': 0.9, 'top_k': None, 'seed': 42, 'quantization': 'Q4_K_M'}"
1cedff673730e0f8ba34eba6df0700a1711c420917ec33262ff8ec9978516997,unimoral_057,P3_social_pressure,gemma4:12b,version_j,p0_default,False,0,"{'model_name': 'gemma4:12b', 'temperature': 0.7, 'top_p': 0.9, 'top_k': None, 'seed': 42, 'quantization': 'Q4_K_M'}"
add29ad41af995b1e737e8da706689b097a618edd1e35e696add1d93705a80ed,unimoral_057,P3_social_pressure,gemma4:12b,version_j,p0_default,True,0,"{'model_name': 'gemma4:12b', 'temperature': 0.7, 'top_p': 0.9, 'top_k': None, 'seed': 42, 'quantization': 'Q4_K_M'}"
241d4320bf6fcae013e2ad2cf90a0a95aed447e7f85ac1a6d74f7d340dc365bc,unimoral_057,C4_metric_neutral,gemma4:12b,version_j,p0_default,False,0,"{'model_name': 'gemma4:12b', 'temperature': 0.7, 'top_p': 0.9, 'top_k': None, 'seed': 42, 'quantization': 'Q4_K_M'}"
7d3299ce3467649594fb817b4d1fb05232482ad8dfd0045ed728cc0473cc0d93,unimoral_057,C4_metric_neutral,gemma4:12b,version_j,p0_default,True,0,"{'model_name': 'gemma4:12b', 'temperature': 0.7, 'top_p': 0.9, 'top_k': None, 'seed': 42, 'quantization': 'Q4_K_M'}"
5859c147242ff0e1f0a1b8796e63fb2ff9e7851efa4cf9311db4ddfc08913385,unimoral_057,P4_metric_pressure,gemma4:12b,version_j,p0_default,False,0,"{'model_name': 'gemma4:12b', 'temperature': 0.7, 'top_p': 0.9, 'top_k': None, 'seed': 42, 'quantization': 'Q4_K_M'}"
b86ba9a33be43e6aa1fb19654d11642ebde8c6280bf17298ecd1f573bf3796a5,unimoral_057,P4_metric_pressure,gemma4:12b,version_j,p0_default,True,0,"{'model_name': 'gemma4:12b', 'temperature': 0.7, 'top_p': 0.9, 'top_k': None, 'seed': 42, 'quantization': 'Q4_K_M'}"
7d5dfe8fe73860d1c3aa5b69c076a3063281620285766412b08e3bc5ba680683,unimoral_058,B0_stripped_baseline,gemma4:12b,version_j,p0_default,False,0,"{'model_name': 'gemma4:12b', 'temperature': 0.7, 'top_p': 0.9, 'top_k': None, 'seed': 42, 'quantization': 'Q4_K_M'}"
90194aed6a307e80d961cdfdcdf40317a172b64431da21ccd832edd5044959a6,unimoral_058,B0_stripped_baseline,gemma4:12b,version_j,p0_default,True,0,"{'model_name': 'gemma4:12b', 'temperature': 0.7, 'top_p': 0.9, 'top_k': None, 'seed': 42, 'quantization': 'Q4_K_M'}"
e3786a925e37de2f0a90bd04950fb87c826e0714008d2f941a7175c561fd7b3d,unimoral_058,C1_authority_neutral,gemma4:12b,version_j,p0_default,False,0,"{'model_name': 'gemma4:12b', 'temperature': 0.7, 'top_p': 0.9, 'top_k': None, 'seed': 42, 'quantization': 'Q4_K_M'}"
cf565ee9c6456f1064fe23d0b4358705f59a3359a0cc776e4b22233894352844,unimoral_058,C1_authority_neutral,gemma4:12b,version_j,p0_default,True,0,"{'model_name': 'gemma4:12b', 'temperature': 0.7, 'top_p': 0.9, 'top_k': None, 'seed': 42, 'quantization': 'Q4_K_M'}"
90a16b379b564b4f15f58dffb2c0164cb6a3adeb249b96daa0c5b2e9110a7555,unimoral_058,P1_authority_pressure,gemma4:12b,version_j,p0_default,False,0,"{'model_name': 'gemma4:12b', 'temperature': 0.7, 'top_p': 0.9, 'top_k': None, 'seed': 42, 'quantization': 'Q4_K_M'}"
19646cb97508192e138657bd5482d0d696a53f9e594999ea6e78584132a6b2cd,unimoral_058,P1_authority_pressure,gemma4:12b,version_j,p0_default,True,0,"{'model_name': 'gemma4:12b', 'temperature': 0.7, 'top_p': 0.9, 'top_k': None, 'seed': 42, 'quantization': 'Q4_K_M'}"
596ab4b211f761c2cdd82d25427c959b83b0ec2c0743a758d6c6db10f3da0263,unimoral_058,C2_incentive_neutral,gemma4:12b,version_j,p0_default,False,0,"{'model_name': 'gemma4:12b', 'temperature': 0.7, 'top_p': 0.9, 'top_k': None, 'seed': 42, 'quantization': 'Q4_K_M'}"
ed3916ed77e3bfeee7200c55d406f074a299fc533f363c8b344b857bfb537f7a,unimoral_058,C2_incentive_neutral,gemma4:12b,version_j,p0_default,True,0,"{'model_name': 'gemma4:12b', 'temperature': 0.7, 'top_p': 0.9, 'top_k': None, 'seed': 42, 'quantization': 'Q4_K_M'}"
e3f9278300537d413a1847b26d1f2b802d71237d44953c84be63f40741d49d18,unimoral_058,P2_incentive_pressure,gemma4:12b,version_j,p0_default,False,0,"{'model_name': 'gemma4:12b', 'temperature': 0.7, 'top_p': 0.9, 'top_k': None, 'seed': 42, 'quantization': 'Q4_K_M'}"
fc8eb0a7fcf22d87ea76536853e14dbcc48fffef82c4cefb8c8331e7e40a8499,unimoral_058,P2_incentive_pressure,gemma4:12b,version_j,p0_default,True,0,"{'model_name': 'gemma4:12b', 'temperature': 0.7, 'top_p': 0.9, 'top_k': None, 'seed': 42, 'quantization': 'Q4_K_M'}"
6badc79cd5575ac1a02cb2a25a57c0a12be4e091badb4621e1962091fcd25bdd,unimoral_058,C3_social_neutral,gemma4:12b,version_j,p0_default,False,0,"{'model_name': 'gemma4:12b', 'temperature': 0.7, 'top_p': 0.9, 'top_k': None, 'seed': 42, 'quantization': 'Q4_K_M'}"
a0a32c1858bf288afa4b841bfb2ed1f8ef22fcb5fd0c12608faa69657d298ffb,unimoral_058,C3_social_neutral,gemma4:12b,version_j,p0_default,True,0,"{'model_name': 'gemma4:12b', 'temperature': 0.7, 'top_p': 0.9, 'top_k': None, 'seed': 42, 'quantization': 'Q4_K_M'}"
18e734bb287dfeb8ad501eeb94ce7a4094059594de5161282ee3f0ba94a9d5e4,unimoral_058,P3_social_pressure,gemma4:12b,version_j,p0_default,False,0,"{'model_name': 'gemma4:12b', 'temperature': 0.7, 'top_p': 0.9, 'top_k': None, 'seed': 42, 'quantization': 'Q4_K_M'}"
5948823f9c6c7598e76a14dba88e62eca1d8e9e0a253e06d5548bfe52ccb8a1d,unimoral_058,P3_social_pressure,gemma4:12b,version_j,p0_default,True,0,"{'model_name': 'gemma4:12b', 'temperature': 0.7, 'top_p': 0.9, 'top_k': None, 'seed': 42, 'quantization': 'Q4_K_M'}"
2c73872ad03f47d90d910271c26b62aeabc790f5a1cdf41467aea1162460ce48,unimoral_058,C4_metric_neutral,gemma4:12b,version_j,p0_default,False,0,"{'model_name': 'gemma4:12b', 'temperature': 0.7, 'top_p': 0.9, 'top_k': None, 'seed': 42, 'quantization': 'Q4_K_M'}"
12adfc92dcc173e8a72600df82e3bdbc874ef77d613fdbb28738feba66050e71,unimoral_058,C4_metric_neutral,gemma4:12b,version_j,p0_default,True,0,"{'model_name': 'gemma4:12b', 'temperature': 0.7, 'top_p': 0.9, 'top_k': None, 'seed': 42, 'quantization': 'Q4_K_M'}"
b017dc533e67f350cb98c094ab67696f99cfac083cdb9afaeeea50c2b614c275,unimoral_058,P4_metric_pressure,gemma4:12b,version_j,p0_default,False,0,"{'model_name': 'gemma4:12b', 'temperature': 0.7, 'top_p': 0.9, 'top_k': None, 'seed': 42, 'quantization': 'Q4_K_M'}"
a917cbda1f64cf64129bc14a1e18993f9fc61d637674f911d132c57caf4beb06,unimoral_058,P4_metric_pressure,gemma4:12b,version_j,p0_default,True,0,"{'model_name': 'gemma4:12b', 'temperature': 0.7, 'top_p': 0.9, 'top_k': None, 'seed': 42, 'quantization': 'Q4_K_M'}"
2018daea353f5d31e7de387c3cb804ea63071e00180dde7e3fac5e3540bde035,unimoral_059,B0_stripped_baseline,gemma4:12b,version_j,p0_default,False,0,"{'model_name': 'gemma4:12b', 'temperature': 0.7, 'top_p': 0.9, 'top_k': None, 'seed': 42, 'quantization': 'Q4_K_M'}"
ccf3e60ecf1b7b238f9e8ea588894bf40a2f0bb8ab254efa58684abc1db8a3ae,unimoral_059,B0_stripped_baseline,gemma4:12b,version_j,p0_default,True,0,"{'model_name': 'gemma4:12b', 'temperature': 0.7, 'top_p': 0.9, 'top_k': None, 'seed': 42, 'quantization': 'Q4_K_M'}"
ca6efc8f1c2509566c60e7926fe932392e6d125501f74e3c42a02df122c114e3,unimoral_059,C1_authority_neutral,gemma4:12b,version_j,p0_default,False,0,"{'model_name': 'gemma4:12b', 'temperature': 0.7, 'top_p': 0.9, 'top_k': None, 'seed': 42, 'quantization': 'Q4_K_M'}"
5af092c8e8cf0343f949aa5e90f76028233b398b8219c592e78daf076732980c,unimoral_059,C1_authority_neutral,gemma4:12b,version_j,p0_default,True,0,"{'model_name': 'gemma4:12b', 'temperature': 0.7, 'top_p': 0.9, 'top_k': None, 'seed': 42, 'quantization': 'Q4_K_M'}"
79d1e74c6b020b614f22b842c7c03ea7a88e2c6b5f7eb47d808d2b1c731b9481,unimoral_059,P1_authority_pressure,gemma4:12b,version_j,p0_default,False,0,"{'model_name': 'gemma4:12b', 'temperature': 0.7, 'top_p': 0.9, 'top_k': None, 'seed': 42, 'quantization': 'Q4_K_M'}"
38cc1cb3a8d5771845ecc6dca8a84107d5e165ca9d3ac8221def41641aaa9a1d,unimoral_059,P1_authority_pressure,gemma4:12b,version_j,p0_default,True,0,"{'model_name': 'gemma4:12b', 'temperature': 0.7, 'top_p': 0.9, 'top_k': None, 'seed': 42, 'quantization': 'Q4_K_M'}"
30aa7ab7661ed17a1ab8fc7f11544aff0481de94c9de74dbbee381cf2867cb6a,unimoral_059,C2_incentive_neutral,gemma4:12b,version_j,p0_default,False,0,"{'model_name': 'gemma4:12b', 'temperature': 0.7, 'top_p': 0.9, 'top_k': None, 'seed': 42, 'quantization': 'Q4_K_M'}"
a5e779fc9a74fe66c9c71f5fbadd775bc28b9b60d16ca8dc92b832e2ee0f9030,unimoral_059,C2_incentive_neutral,gemma4:12b,version_j,p0_default,True,0,"{'model_name': 'gemma4:12b', 'temperature': 0.7, 'top_p': 0.9, 'top_k': None, 'seed': 42, 'quantization': 'Q4_K_M'}"
6bf28bcc6d11d8ade423419226c77a3efe01d18aac4a076e37d96276a3614004,unimoral_059,P2_incentive_pressure,gemma4:12b,version_j,p0_default,False,0,"{'model_name': 'gemma4:12b', 'temperature': 0.7, 'top_p': 0.9, 'top_k': None, 'seed': 42, 'quantization': 'Q4_K_M'}"
0c720803b7fd0272784d3d84f866a36da124d56de745e5fa8ffe11ff75b52cff,unimoral_059,P2_incentive_pressure,gemma4:12b,version_j,p0_default,True,0,"{'model_name': 'gemma4:12b', 'temperature': 0.7, 'top_p': 0.9, 'top_k': None, 'seed': 42, 'quantization': 'Q4_K_M'}"
eb9f8a91fb19f47e4ccc69ea9dd036774c2482924ea725a2c2768add5ac98cc6,unimoral_059,C3_social_neutral,gemma4:12b,version_j,p0_default,False,0,"{'model_name': 'gemma4:12b', 'temperature': 0.7, 'top_p': 0.9, 'top_k': None, 'seed': 42, 'quantization': 'Q4_K_M'}"
a6f72597d5600e7d64b9c052ccbc7fcbf3b44966e8e925b5dda79cacd439a8d7,unimoral_059,C3_social_neutral,gemma4:12b,version_j,p0_default,True,0,"{'model_name': 'gemma4:12b', 'temperature': 0.7, 'top_p': 0.9, 'top_k': None, 'seed': 42, 'quantization': 'Q4_K_M'}"
3eb37202d3f1608993814d6743cc810c9a890cbc1ff56b876085c80b865f2018,unimoral_059,P3_social_pressure,gemma4:12b,version_j,p0_default,False,0,"{'model_name': 'gemma4:12b', 'temperature': 0.7, 'top_p': 0.9, 'top_k': None, 'seed': 42, 'quantization': 'Q4_K_M'}"
0eca57fac87de9a6d0e2fdd28810499fa6adae5052f9977f3a4009664978df31,unimoral_059,P3_social_pressure,gemma4:12b,version_j,p0_default,True,0,"{'model_name': 'gemma4:12b', 'temperature': 0.7, 'top_p': 0.9, 'top_k': None, 'seed': 42, 'quantization': 'Q4_K_M'}"
02b66b2a20dbdb9d7bec57dacf357483d4ab4ce9f08f2121b811d2e5c516ee8d,unimoral_059,C4_metric_neutral,gemma4:12b,version_j,p0_default,False,0,"{'model_name': 'gemma4:12b', 'temperature': 0.7, 'top_p': 0.9, 'top_k': None, 'seed': 42, 'quantization': 'Q4_K_M'}"
9b46fccd3c2ee76cc77aea09365205433305f5aaa3d045d6ed4f3e87717d0ef1,unimoral_059,C4_metric_neutral,gemma4:12b,version_j,p0_default,True,0,"{'model_name': 'gemma4:12b', 'temperature': 0.7, 'top_p': 0.9, 'top_k': None, 'seed': 42, 'quantization': 'Q4_K_M'}"
fecec2d378e888c7d19bc36945e7a8457758aff96c0a1c04e5a5676f43a39d2b,unimoral_059,P4_metric_pressure,gemma4:12b,version_j,p0_default,False,0,"{'model_name': 'gemma4:12b', 'temperature': 0.7, 'top_p': 0.9, 'top_k': None, 'seed': 42, 'quantization': 'Q4_K_M'}"
2f076d976a5cb84db81aca18f9c5b62b5657b22ff4ad8900d890e4c64b7d6d0a,unimoral_059,P4_metric_pressure,gemma4:12b,version_j,p0_default,True,0,"{'model_name': 'gemma4:12b', 'temperature': 0.7, 'top_p': 0.9, 'top_k': None, 'seed': 42, 'quantization': 'Q4_K_M'}"
601d2eecf7cdcd4e0ccfe91583556b0238676350021b3c62cfc1a097b3b5aafd,unimoral_060,B0_stripped_baseline,gemma4:12b,version_j,p0_default,False,0,"{'model_name': 'gemma4:12b', 'temperature': 0.7, 'top_p': 0.9, 'top_k': None, 'seed': 42, 'quantization': 'Q4_K_M'}"
d569a3ce4bca10a740fdbe45f3b32bb03f2718ae733b5d021aba37dc36e750f1,unimoral_060,B0_stripped_baseline,gemma4:12b,version_j,p0_default,True,0,"{'model_name': 'gemma4:12b', 'temperature': 0.7, 'top_p': 0.9, 'top_k': None, 'seed': 42, 'quantization': 'Q4_K_M'}"
8a974aaa3473da6e3b68ce0ce55990e03087908e90aab37ee409a8acf6540615,unimoral_060,C1_authority_neutral,gemma4:12b,version_j,p0_default,False,0,"{'model_name': 'gemma4:12b', 'temperature': 0.7, 'top_p': 0.9, 'top_k': None, 'seed': 42, 'quantization': 'Q4_K_M'}"
659a65d708afc2c99d613332951f55e4fd549d350850b182abb0d431f66a1309,unimoral_060,C1_authority_neutral,gemma4:12b,version_j,p0_default,True,0,"{'model_name': 'gemma4:12b', 'temperature': 0.7, 'top_p': 0.9, 'top_k': None, 'seed': 42, 'quantization': 'Q4_K_M'}"
2a44b6d76f86c1dd81860d2dbc6a7e5a2af2c065c1ddcdabd79ff3f6a7a7a5ff,unimoral_060,P1_authority_pressure,gemma4:12b,version_j,p0_default,False,0,"{'model_name': 'gemma4:12b', 'temperature': 0.7, 'top_p': 0.9, 'top_k': None, 'seed': 42, 'quantization': 'Q4_K_M'}"
67b4966a55a28337d7a36f14765703f79dfbed0e3c3135b72ecd89d3a4e7f913,unimoral_060,P1_authority_pressure,gemma4:12b,version_j,p0_default,True,0,"{'model_name': 'gemma4:12b', 'temperature': 0.7, 'top_p': 0.9, 'top_k': None, 'seed': 42, 'quantization': 'Q4_K_M'}"
491d054666d8782dfc4cd69a8cb68836572f2e4eaeec486738e8029d4b7ff66f,unimoral_060,C2_incentive_neutral,gemma4:12b,version_j,p0_default,False,0,"{'model_name': 'gemma4:12b', 'temperature': 0.7, 'top_p': 0.9, 'top_k': None, 'seed': 42, 'quantization': 'Q4_K_M'}"
d6d6c2b31e4f4074e8cc9fa99fff59491953bb191089f4c762e5b11a6f7f7d72,unimoral_060,C2_incentive_neutral,gemma4:12b,version_j,p0_default,True,0,"{'model_name': 'gemma4:12b', 'temperature': 0.7, 'top_p': 0.9, 'top_k': None, 'seed': 42, 'quantization': 'Q4_K_M'}"
9eed8896f5e62d160f4c56a56b717a6e9e0b8d40c6ae3996ab4686e39f4dd59f,unimoral_060,P2_incentive_pressure,gemma4:12b,version_j,p0_default,False,0,"{'model_name': 'gemma4:12b', 'temperature': 0.7, 'top_p': 0.9, 'top_k': None, 'seed': 42, 'quantization': 'Q4_K_M'}"
0864e2e14a724cee4fe13021fbcd5f6dc1ab3363ab6bd25b2e8a7386b67bc61b,unimoral_060,P2_incentive_pressure,gemma4:12b,version_j,p0_default,True,0,"{'model_name': 'gemma4:12b', 'temperature': 0.7, 'top_p': 0.9, 'top_k': None, 'seed': 42, 'quantization': 'Q4_K_M'}"
d6822f199a6f501bd98969311bd88fc838df7ebff1ddf071e416da49b0f7dc92,unimoral_060,C3_social_neutral,gemma4:12b,version_j,p0_default,False,0,"{'model_name': 'gemma4:12b', 'temperature': 0.7, 'top_p': 0.9, 'top_k': None, 'seed': 42, 'quantization': 'Q4_K_M'}"
a32864da7a59bc5d23795ac4a932690d709b7cbf99d75b0a572b0874ea635ebe,unimoral_060,C3_social_neutral,gemma4:12b,version_j,p0_default,True,0,"{'model_name': 'gemma4:12b', 'temperature': 0.7, 'top_p': 0.9, 'top_k': None, 'seed': 42, 'quantization': 'Q4_K_M'}"
2a9395d1801152c53bcb1d89ebdcceb5f04e0c5a66dbee364de53d2aabee9c0e,unimoral_060,P3_social_pressure,gemma4:12b,version_j,p0_default,False,0,"{'model_name': 'gemma4:12b', 'temperature': 0.7, 'top_p': 0.9, 'top_k': None, 'seed': 42, 'quantization': 'Q4_K_M'}"
8ee2bfc0b50834eca9590b8590e8e7eb3be2609d59131e29fe1f1d9398827587,unimoral_060,P3_social_pressure,gemma4:12b,version_j,p0_default,True,0,"{'model_name': 'gemma4:12b', 'temperature': 0.7, 'top_p': 0.9, 'top_k': None, 'seed': 42, 'quantization': 'Q4_K_M'}"
639960ddad1081d1c132c8ff1c93fd3a3bf6c3fe018c8fee5239218a1bc21a73,unimoral_060,C4_metric_neutral,gemma4:12b,version_j,p0_default,False,0,"{'model_name': 'gemma4:12b', 'temperature': 0.7, 'top_p': 0.9, 'top_k': None, 'seed': 42, 'quantization': 'Q4_K_M'}"
3658fa0f0231c7ab3c81046f4514f9040f40ad7a140568e8984e5e7571958a4f,unimoral_060,C4_metric_neutral,gemma4:12b,version_j,p0_default,True,0,"{'model_name': 'gemma4:12b', 'temperature': 0.7, 'top_p': 0.9, 'top_k': None, 'seed': 42, 'quantization': 'Q4_K_M'}"
16a7255ce4c357ac717bc992cbff5a85082dc333faa1be41a8b26b3425ceabb3,unimoral_060,P4_metric_pressure,gemma4:12b,version_j,p0_default,False,0,"{'model_name': 'gemma4:12b', 'temperature': 0.7, 'top_p': 0.9, 'top_k': None, 'seed': 42, 'quantization': 'Q4_K_M'}"
b60b69ddcd4baa55e42b3b1d486a32f4f879a05066f1cd23602f88931631a196,unimoral_060,P4_metric_pressure,gemma4:12b,version_j,p0_default,True,0,"{'model_name': 'gemma4:12b', 'temperature': 0.7, 'top_p': 0.9, 'top_k': None, 'seed': 42, 'quantization': 'Q4_K_M'}"
14c65d920d0abaaac4dc5d003a8d83d9d706a22e6d722995f2e0dceb9a64480b,unimoral_061,B0_stripped_baseline,gemma4:12b,version_j,p0_default,False,0,"{'model_name': 'gemma4:12b', 'temperature': 0.7, 'top_p': 0.9, 'top_k': None, 'seed': 42, 'quantization': 'Q4_K_M'}"
b0c8514e88ccd396324af0a8799f0d2e4083fc0d127cac45ed3f595f0968f464,unimoral_061,B0_stripped_baseline,gemma4:12b,version_j,p0_default,True,0,"{'model_name': 'gemma4:12b', 'temperature': 0.7, 'top_p': 0.9, 'top_k': None, 'seed': 42, 'quantization': 'Q4_K_M'}"
0c1e1e5aaf1c63b9b9e5924819acadb088e02e4a9d51b9bc8029633b6ee76029,unimoral_061,C1_authority_neutral,gemma4:12b,version_j,p0_default,False,0,"{'model_name': 'gemma4:12b', 'temperature': 0.7, 'top_p': 0.9, 'top_k': None, 'seed': 42, 'quantization': 'Q4_K_M'}"
f0f376267b4ce00321e6c0c32058c01aa34a7ac242251279ee48343a855db476,unimoral_061,C1_authority_neutral,gemma4:12b,version_j,p0_default,True,0,"{'model_name': 'gemma4:12b', 'temperature': 0.7, 'top_p': 0.9, 'top_k': None, 'seed': 42, 'quantization': 'Q4_K_M'}"
4923553b757104ee7fa573a0cfa9abddea9088290a929eb3078b1217e03e2f7b,unimoral_061,P1_authority_pressure,gemma4:12b,version_j,p0_default,False,0,"{'model_name': 'gemma4:12b', 'temperature': 0.7, 'top_p': 0.9, 'top_k': None, 'seed': 42, 'quantization': 'Q4_K_M'}"
1a9c623935068c362a9e7a5de50acf212850c45463de74aab7b788fc37caa62b,unimoral_061,P1_authority_pressure,gemma4:12b,version_j,p0_default,True,0,"{'model_name': 'gemma4:12b', 'temperature': 0.7, 'top_p': 0.9, 'top_k': None, 'seed': 42, 'quantization': 'Q4_K_M'}"
13943dc8723d9c24585bb0f35dec46299dd7c45a89aa1edfdccf037c8b2cce41,unimoral_061,C2_incentive_neutral,gemma4:12b,version_j,p0_default,False,0,"{'model_name': 'gemma4:12b', 'temperature': 0.7, 'top_p': 0.9, 'top_k': None, 'seed': 42, 'quantization': 'Q4_K_M'}"
df8889dc17e49a76b7d35f908b5d0cd6de35da3789750a3a8c3d16b9a59dbedc,unimoral_061,C2_incentive_neutral,gemma4:12b,version_j,p0_default,True,0,"{'model_name': 'gemma4:12b', 'temperature': 0.7, 'top_p': 0.9, 'top_k': None, 'seed': 42, 'quantization': 'Q4_K_M'}"
fcde6ed57249ceca3b023d96eaf255eefafce0479f4d4c2a48a12c24b04078ee,unimoral_061,P2_incentive_pressure,gemma4:12b,version_j,p0_default,False,0,"{'model_name': 'gemma4:12b', 'temperature': 0.7, 'top_p': 0.9, 'top_k': None, 'seed': 42, 'quantization': 'Q4_K_M'}"
707174d4efa90fae60e456578f37ab33e0c70dc6395d0ae93354c0e73d79a88b,unimoral_061,P2_incentive_pressure,gemma4:12b,version_j,p0_default,True,0,"{'model_name': 'gemma4:12b', 'temperature': 0.7, 'top_p': 0.9, 'top_k': None, 'seed': 42, 'quantization': 'Q4_K_M'}"
e8eaea8e9610dfc40eb5de0e1f2d808717fb773ca3c160f104c7a217bd679379,unimoral_061,C3_social_neutral,gemma4:12b,version_j,p0_default,False,0,"{'model_name': 'gemma4:12b', 'temperature': 0.7, 'top_p': 0.9, 'top_k': None, 'seed': 42, 'quantization': 'Q4_K_M'}"
4d0e46bf746fc6d6880d2a6486f2922960d8e912f5f92e6185c266d6d2133aa2,unimoral_061,C3_social_neutral,gemma4:12b,version_j,p0_default,True,0,"{'model_name': 'gemma4:12b', 'temperature': 0.7, 'top_p': 0.9, 'top_k': None, 'seed': 42, 'quantization': 'Q4_K_M'}"
add170d4a0051160e66372e970c10a43da21a790f0b8496419bdc32027763df4,unimoral_061,P3_social_pressure,gemma4:12b,version_j,p0_default,False,0,"{'model_name': 'gemma4:12b', 'temperature': 0.7, 'top_p': 0.9, 'top_k': None, 'seed': 42, 'quantization': 'Q4_K_M'}"
a20bf864194895262fac0b68c4856e7cc86a940c3fa76d69bc0d71e4eeba8c14,unimoral_061,P3_social_pressure,gemma4:12b,version_j,p0_default,True,0,"{'model_name': 'gemma4:12b', 'temperature': 0.7, 'top_p': 0.9, 'top_k': None, 'seed': 42, 'quantization': 'Q4_K_M'}"
d31df15373297a5b4076c1de3912019c79d4d7d066fc51928f0ae0a0ebb4e449,unimoral_061,C4_metric_neutral,gemma4:12b,version_j,p0_default,False,0,"{'model_name': 'gemma4:12b', 'temperature': 0.7, 'top_p': 0.9, 'top_k': None, 'seed': 42, 'quantization': 'Q4_K_M'}"
c8f793869078aba278fbb81b7150ab91575015fd290e13d74fed106966e6f043,unimoral_061,C4_metric_neutral,gemma4:12b,version_j,p0_default,True,0,"{'model_name': 'gemma4:12b', 'temperature': 0.7, 'top_p': 0.9, 'top_k': None, 'seed': 42, 'quantization': 'Q4_K_M'}"
f8ef4fbf052f46e930b70350b6c488c2fba05d7646d5cd9631462eaf95552645,unimoral_061,P4_metric_pressure,gemma4:12b,version_j,p0_default,False,0,"{'model_name': 'gemma4:12b', 'temperature': 0.7, 'top_p': 0.9, 'top_k': None, 'seed': 42, 'quantization': 'Q4_K_M'}"
4ec02b9fe96b4d34381d80c2f43be2151d57703b95e410da5862acffc4835ceb,unimoral_061,P4_metric_pressure,gemma4:12b,version_j,p0_default,True,0,"{'model_name': 'gemma4:12b', 'temperature': 0.7, 'top_p': 0.9, 'top_k': None, 'seed': 42, 'quantization': 'Q4_K_M'}"
ae2d31b18d32b1575737f92d06aae86f3429d0a7b4f12ddf9ab34018196efa4a,unimoral_062,B0_stripped_baseline,gemma4:12b,version_j,p0_default,False,0,"{'model_name': 'gemma4:12b', 'temperature': 0.7, 'top_p': 0.9, 'top_k': None, 'seed': 42, 'quantization': 'Q4_K_M'}"
6513fdd6735879b57fba3ecb45281a0e7b385206b8726dc4b2154b026a75f65f,unimoral_062,B0_stripped_baseline,gemma4:12b,version_j,p0_default,True,0,"{'model_name': 'gemma4:12b', 'temperature': 0.7, 'top_p': 0.9, 'top_k': None, 'seed': 42, 'quantization': 'Q4_K_M'}"
09c011a619ae6c662be883416d28a96d2e60a0dbbfc3fcfa6410d3e0c02ef118,unimoral_062,C1_authority_neutral,gemma4:12b,version_j,p0_default,False,0,"{'model_name': 'gemma4:12b', 'temperature': 0.7, 'top_p': 0.9, 'top_k': None, 'seed': 42, 'quantization': 'Q4_K_M'}"
eef1c95e81bd6edcb24b66ad5006191a620871c15481bc37841ce6706556c8bd,unimoral_062,C1_authority_neutral,gemma4:12b,version_j,p0_default,True,0,"{'model_name': 'gemma4:12b', 'temperature': 0.7, 'top_p': 0.9, 'top_k': None, 'seed': 42, 'quantization': 'Q4_K_M'}"
1bedc639534a41eb4c399ef35ee469af5c567b1832607f7577823a08c71561a4,unimoral_062,P1_authority_pressure,gemma4:12b,version_j,p0_default,False,0,"{'model_name': 'gemma4:12b', 'temperature': 0.7, 'top_p': 0.9, 'top_k': None, 'seed': 42, 'quantization': 'Q4_K_M'}"
504732b49177ed366796d8d323b981542a5d3094f85671b519db90d00f1d5cd8,unimoral_062,P1_authority_pressure,gemma4:12b,version_j,p0_default,True,0,"{'model_name': 'gemma4:12b', 'temperature': 0.7, 'top_p': 0.9, 'top_k': None, 'seed': 42, 'quantization': 'Q4_K_M'}"
6f55169fb8ff1b2f1fedde45907c69a2c30708967092f974c07b4cafd304c7e1,unimoral_062,C2_incentive_neutral,gemma4:12b,version_j,p0_default,False,0,"{'model_name': 'gemma4:12b', 'temperature': 0.7, 'top_p': 0.9, 'top_k': None, 'seed': 42, 'quantization': 'Q4_K_M'}"
ee5b2cc88a39837c2f3e5aa34f507f18ff49fa4c8ee6a5ceb6d2692e5b028720,unimoral_062,C2_incentive_neutral,gemma4:12b,version_j,p0_default,True,0,"{'model_name': 'gemma4:12b', 'temperature': 0.7, 'top_p': 0.9, 'top_k': None, 'seed': 42, 'quantization': 'Q4_K_M'}"
a297a9a546013279d7887841ed1fcfb44f3cdeec620364d3b6e2a34ebb18ec3b,unimoral_062,P2_incentive_pressure,gemma4:12b,version_j,p0_default,False,0,"{'model_name': 'gemma4:12b', 'temperature': 0.7, 'top_p': 0.9, 'top_k': None, 'seed': 42, 'quantization': 'Q4_K_M'}"
1bfdf4f521ad8d3c58d03402561055186d79756a02e5a58af4f14f1461b0758f,unimoral_062,P2_incentive_pressure,gemma4:12b,version_j,p0_default,True,0,"{'model_name': 'gemma4:12b', 'temperature': 0.7, 'top_p': 0.9, 'top_k': None, 'seed': 42, 'quantization': 'Q4_K_M'}"
04abe9dc8edc25769ad1bcd3f4958a011019de23f4fa644ad97122c3a8b12036,unimoral_062,C3_social_neutral,gemma4:12b,version_j,p0_default,False,0,"{'model_name': 'gemma4:12b', 'temperature': 0.7, 'top_p': 0.9, 'top_k': None, 'seed': 42, 'quantization': 'Q4_K_M'}"
1ac8628d10ce91f0fd3c119fc12c0253cbd8f499efe09f4f14635edea86b8ebf,unimoral_062,C3_social_neutral,gemma4:12b,version_j,p0_default,True,0,"{'model_name': 'gemma4:12b', 'temperature': 0.7, 'top_p': 0.9, 'top_k': None, 'seed': 42, 'quantization': 'Q4_K_M'}"
8150425224f4c91045cefc3e572978c5d8bc880546f191c3d97fdf28c8f9793d,unimoral_062,P3_social_pressure,gemma4:12b,version_j,p0_default,False,0,"{'model_name': 'gemma4:12b', 'temperature': 0.7, 'top_p': 0.9, 'top_k': None, 'seed': 42, 'quantization': 'Q4_K_M'}"
3b348911bce279a220bb754e749db44212d290940af63297ef8cc878ce831110,unimoral_062,P3_social_pressure,gemma4:12b,version_j,p0_default,True,0,"{'model_name': 'gemma4:12b', 'temperature': 0.7, 'top_p': 0.9, 'top_k': None, 'seed': 42, 'quantization': 'Q4_K_M'}"
e8d801a76b0c00c080b51910a9b287792ba7a3fbf8b71a5014bfca44cc31e1b0,unimoral_062,C4_metric_neutral,gemma4:12b,version_j,p0_default,False,0,"{'model_name': 'gemma4:12b', 'temperature': 0.7, 'top_p': 0.9, 'top_k': None, 'seed': 42, 'quantization': 'Q4_K_M'}"
537abf8a055df69118aaacaeb02930498bffe8f37c7e5ac695223d487a714a43,unimoral_062,C4_metric_neutral,gemma4:12b,version_j,p0_default,True,0,"{'model_name': 'gemma4:12b', 'temperature': 0.7, 'top_p': 0.9, 'top_k': None, 'seed': 42, 'quantization': 'Q4_K_M'}"
4a75c099993f61f885f5c04bc208c423a16ea2d72670bd6d7a2156eb46cf63f6,unimoral_062,P4_metric_pressure,gemma4:12b,version_j,p0_default,False,0,"{'model_name': 'gemma4:12b', 'temperature': 0.7, 'top_p': 0.9, 'top_k': None, 'seed': 42, 'quantization': 'Q4_K_M'}"
babc3bba401b5fed48b2e785cca39c1f848aecf78327430cf0fac71d3b723309,unimoral_062,P4_metric_pressure,gemma4:12b,version_j,p0_default,True,0,"{'model_name': 'gemma4:12b', 'temperature': 0.7, 'top_p': 0.9, 'top_k': None, 'seed': 42, 'quantization': 'Q4_K_M'}"
c08d7dbf050b598294f78b3b0fd3e2dd21236a93b1dc9e6bd0b1b671bae00bb3,unimoral_063,B0_stripped_baseline,gemma4:12b,version_j,p0_default,False,0,"{'model_name': 'gemma4:12b', 'temperature': 0.7, 'top_p': 0.9, 'top_k': None, 'seed': 42, 'quantization': 'Q4_K_M'}"
9fdd2260cbf5eb5beb061004f9ddd3f017d040050740970a1ba9dc60021605a3,unimoral_063,B0_stripped_baseline,gemma4:12b,version_j,p0_default,True,0,"{'model_name': 'gemma4:12b', 'temperature': 0.7, 'top_p': 0.9, 'top_k': None, 'seed': 42, 'quantization': 'Q4_K_M'}"
9d1a112dc234507e4b460fa4c271af2785663152871c39da59a4023551c10dec,unimoral_063,C1_authority_neutral,gemma4:12b,version_j,p0_default,False,0,"{'model_name': 'gemma4:12b', 'temperature': 0.7, 'top_p': 0.9, 'top_k': None, 'seed': 42, 'quantization': 'Q4_K_M'}"
51846bd4cc88abb32932db988362baa6b6380f10d108448216b65c8b15c5ee36,unimoral_063,C1_authority_neutral,gemma4:12b,version_j,p0_default,True,0,"{'model_name': 'gemma4:12b', 'temperature': 0.7, 'top_p': 0.9, 'top_k': None, 'seed': 42, 'quantization': 'Q4_K_M'}"
e4772ce0cac6c635fedfd55799b6dd9ee4ef1a2d9b8b6722f273bfe604bc8fcd,unimoral_063,P1_authority_pressure,gemma4:12b,version_j,p0_default,False,0,"{'model_name': 'gemma4:12b', 'temperature': 0.7, 'top_p': 0.9, 'top_k': None, 'seed': 42, 'quantization': 'Q4_K_M'}"
d9a5038efab14cd7255933fa32969db3583a2c42c0e157a8394ee04e7e21c513,unimoral_063,P1_authority_pressure,gemma4:12b,version_j,p0_default,True,0,"{'model_name': 'gemma4:12b', 'temperature': 0.7, 'top_p': 0.9, 'top_k': None, 'seed': 42, 'quantization': 'Q4_K_M'}"
f7f7a04dc4db23d0e194553dea8d16860f0c1fc2875f494de19255759f5a8dbc,unimoral_063,C2_incentive_neutral,gemma4:12b,version_j,p0_default,False,0,"{'model_name': 'gemma4:12b', 'temperature': 0.7, 'top_p': 0.9, 'top_k': None, 'seed': 42, 'quantization': 'Q4_K_M'}"
897601e388962205ad18fbfe46413de447ed77fe186955393973615e70d05d48,unimoral_063,C2_incentive_neutral,gemma4:12b,version_j,p0_default,True,0,"{'model_name': 'gemma4:12b', 'temperature': 0.7, 'top_p': 0.9, 'top_k': None, 'seed': 42, 'quantization': 'Q4_K_M'}"
0d2b0be36a62856bf8fb7d02d6116432046b6e437ea86e05f00f4dbf29420325,unimoral_063,P2_incentive_pressure,gemma4:12b,version_j,p0_default,False,0,"{'model_name': 'gemma4:12b', 'temperature': 0.7, 'top_p': 0.9, 'top_k': None, 'seed': 42, 'quantization': 'Q4_K_M'}"
d3fc4548075b289951dd15a52f730b485e1ff963fb7479456cf60c7a61511056,unimoral_063,P2_incentive_pressure,gemma4:12b,version_j,p0_default,True,0,"{'model_name': 'gemma4:12b', 'temperature': 0.7, 'top_p': 0.9, 'top_k': None, 'seed': 42, 'quantization': 'Q4_K_M'}"
6c6141bb82c06660a0039c8e417a37089da450a06291f4e45e40f6abc4e84ac5,unimoral_063,C3_social_neutral,gemma4:12b,version_j,p0_default,False,0,"{'model_name': 'gemma4:12b', 'temperature': 0.7, 'top_p': 0.9, 'top_k': None, 'seed': 42, 'quantization': 'Q4_K_M'}"
7021e293b2fae45cf0854bd7699395d06b8e0e415af6d147759fc013eeeb6b4c,unimoral_063,C3_social_neutral,gemma4:12b,version_j,p0_default,True,0,"{'model_name': 'gemma4:12b', 'temperature': 0.7, 'top_p': 0.9, 'top_k': None, 'seed': 42, 'quantization': 'Q4_K_M'}"
959a84f9bf5a4ffe49084b8613af06c068ea202b1fe6a315cc3be385a807d994,unimoral_063,P3_social_pressure,gemma4:12b,version_j,p0_default,False,0,"{'model_name': 'gemma4:12b', 'temperature': 0.7, 'top_p': 0.9, 'top_k': None, 'seed': 42, 'quantization': 'Q4_K_M'}"
2cfb92d45a4971a9133bdc4e5ae8c2ae758b708bb782fa903200edfc9d05fb1f,unimoral_063,P3_social_pressure,gemma4:12b,version_j,p0_default,True,0,"{'model_name': 'gemma4:12b', 'temperature': 0.7, 'top_p': 0.9, 'top_k': None, 'seed': 42, 'quantization': 'Q4_K_M'}"
59a8ce56c794d4b271009505807e894423e70c3cffda03bff0519afddd05c0db,unimoral_063,C4_metric_neutral,gemma4:12b,version_j,p0_default,False,0,"{'model_name': 'gemma4:12b', 'temperature': 0.7, 'top_p': 0.9, 'top_k': None, 'seed': 42, 'quantization': 'Q4_K_M'}"
f4342bb3bac6477161db367e9e55aeee0e4a3079373a147ac2d9aa18889622f3,unimoral_063,C4_metric_neutral,gemma4:12b,version_j,p0_default,True,0,"{'model_name': 'gemma4:12b', 'temperature': 0.7, 'top_p': 0.9, 'top_k': None, 'seed': 42, 'quantization': 'Q4_K_M'}"
2462e28fadd47c29cf36ddd78703b317ab2ef9d77356954f59c123cddb989d7e,unimoral_063,P4_metric_pressure,gemma4:12b,version_j,p0_default,False,0,"{'model_name': 'gemma4:12b', 'temperature': 0.7, 'top_p': 0.9, 'top_k': None, 'seed': 42, 'quantization': 'Q4_K_M'}"
4c27abd8f4a0a8b0b5440b33cca412a4a93337bfb151c412acbf3ca559dfe001,unimoral_063,P4_metric_pressure,gemma4:12b,version_j,p0_default,True,0,"{'model_name': 'gemma4:12b', 'temperature': 0.7, 'top_p': 0.9, 'top_k': None, 'seed': 42, 'quantization': 'Q4_K_M'}"
e9742f1b36d013e9d0f9c4d0cb03a10945a719fb49f744ae2592b4c3f9471bcb,unimoral_064,B0_stripped_baseline,gemma4:12b,version_j,p0_default,False,0,"{'model_name': 'gemma4:12b', 'temperature': 0.7, 'top_p': 0.9, 'top_k': None, 'seed': 42, 'quantization': 'Q4_K_M'}"
0b23ce0ecfb6e03a34c931a4b564670840687a186c99804ab666d51ee7f27711,unimoral_064,B0_stripped_baseline,gemma4:12b,version_j,p0_default,True,0,"{'model_name': 'gemma4:12b', 'temperature': 0.7, 'top_p': 0.9, 'top_k': None, 'seed': 42, 'quantization': 'Q4_K_M'}"
2902d573143f3872b79e579183f990b12dc6dca7b10124b6472fdd6e64762358,unimoral_064,C1_authority_neutral,gemma4:12b,version_j,p0_default,False,0,"{'model_name': 'gemma4:12b', 'temperature': 0.7, 'top_p': 0.9, 'top_k': None, 'seed': 42, 'quantization': 'Q4_K_M'}"
5e47e1140c753df15426457c3e204d1e13d3f3b30a457809b3cd5f43a85bc387,unimoral_064,C1_authority_neutral,gemma4:12b,version_j,p0_default,True,0,"{'model_name': 'gemma4:12b', 'temperature': 0.7, 'top_p': 0.9, 'top_k': None, 'seed': 42, 'quantization': 'Q4_K_M'}"
a1066af77f7d0e0af2412f424903eabbbe7e57d0df3003fa1aa76d20f1214460,unimoral_064,P1_authority_pressure,gemma4:12b,version_j,p0_default,False,0,"{'model_name': 'gemma4:12b', 'temperature': 0.7, 'top_p': 0.9, 'top_k': None, 'seed': 42, 'quantization': 'Q4_K_M'}"
7e06c3d8b622b7698a8e13643ab895dbb033e42a95e94be170c79e349f00152a,unimoral_064,P1_authority_pressure,gemma4:12b,version_j,p0_default,True,0,"{'model_name': 'gemma4:12b', 'temperature': 0.7, 'top_p': 0.9, 'top_k': None, 'seed': 42, 'quantization': 'Q4_K_M'}"
818b5ae7bb8712f58a9ed689133eb6d4f70f32e9e8e52c467cae709faf6ffb68,unimoral_064,C2_incentive_neutral,gemma4:12b,version_j,p0_default,False,0,"{'model_name': 'gemma4:12b', 'temperature': 0.7, 'top_p': 0.9, 'top_k': None, 'seed': 42, 'quantization': 'Q4_K_M'}"
a34ae343025e92135879eca1fbffdb7de864786c23bf37fb3c237368307a207a,unimoral_064,C2_incentive_neutral,gemma4:12b,version_j,p0_default,True,0,"{'model_name': 'gemma4:12b', 'temperature': 0.7, 'top_p': 0.9, 'top_k': None, 'seed': 42, 'quantization': 'Q4_K_M'}"
438c9673f0f30843214311ef2d5ac8c445ef6f388b89778ce5bbb3bfba0f280e,unimoral_064,P2_incentive_pressure,gemma4:12b,version_j,p0_default,False,0,"{'model_name': 'gemma4:12b', 'temperature': 0.7, 'top_p': 0.9, 'top_k': None, 'seed': 42, 'quantization': 'Q4_K_M'}"
7c4c91fb5e8feec94688ffa41e0902a9846f570554f24eb5ba9b773e6813ddbf,unimoral_064,P2_incentive_pressure,gemma4:12b,version_j,p0_default,True,0,"{'model_name': 'gemma4:12b', 'temperature': 0.7, 'top_p': 0.9, 'top_k': None, 'seed': 42, 'quantization': 'Q4_K_M'}"
66a17356f98567b32d7d0ae2b4a9fba918e879f2b2f8bf96c165a2d7f16cbf9a,unimoral_064,C3_social_neutral,gemma4:12b,version_j,p0_default,False,0,"{'model_name': 'gemma4:12b', 'temperature': 0.7, 'top_p': 0.9, 'top_k': None, 'seed': 42, 'quantization': 'Q4_K_M'}"
474dfee80301a80a4e8968ed14cd9c732608e1f00b156d59aebb9bfeab5fbec1,unimoral_064,C3_social_neutral,gemma4:12b,version_j,p0_default,True,0,"{'model_name': 'gemma4:12b', 'temperature': 0.7, 'top_p': 0.9, 'top_k': None, 'seed': 42, 'quantization': 'Q4_K_M'}"
484303cd2f9fe9cb6044a2841c529ab5f2195a907e12b55bf96a473f89f81eff,unimoral_064,P3_social_pressure,gemma4:12b,version_j,p0_default,False,0,"{'model_name': 'gemma4:12b', 'temperature': 0.7, 'top_p': 0.9, 'top_k': None, 'seed': 42, 'quantization': 'Q4_K_M'}"
cc55ec3983c41685d1871095a75653d2a487e4408ec219325258032f42f1e086,unimoral_064,P3_social_pressure,gemma4:12b,version_j,p0_default,True,0,"{'model_name': 'gemma4:12b', 'temperature': 0.7, 'top_p': 0.9, 'top_k': None, 'seed': 42, 'quantization': 'Q4_K_M'}"
ac8df784086f33673eba42b36958309f1097d15ba25b1aa78be547263b3575ad,unimoral_064,C4_metric_neutral,gemma4:12b,version_j,p0_default,False,0,"{'model_name': 'gemma4:12b', 'temperature': 0.7, 'top_p': 0.9, 'top_k': None, 'seed': 42, 'quantization': 'Q4_K_M'}"
82d76b9de6efba3bfcfff96cc9f9a10b63dc434fd79bf90b2b40f762917c125b,unimoral_064,C4_metric_neutral,gemma4:12b,version_j,p0_default,True,0,"{'model_name': 'gemma4:12b', 'temperature': 0.7, 'top_p': 0.9, 'top_k': None, 'seed': 42, 'quantization': 'Q4_K_M'}"
d5a5eb55c1ccbb1a3e8ea6aac8001b79682c1b079eec3e4f25fa4d99da69ac61,unimoral_064,P4_metric_pressure,gemma4:12b,version_j,p0_default,False,0,"{'model_name': 'gemma4:12b', 'temperature': 0.7, 'top_p': 0.9, 'top_k': None, 'seed': 42, 'quantization': 'Q4_K_M'}"
23de385f71d945e73fd7de708a3e6578dea48e7ca60df0aa7f05e4ea850b6911,unimoral_064,P4_metric_pressure,gemma4:12b,version_j,p0_default,True,0,"{'model_name': 'gemma4:12b', 'temperature': 0.7, 'top_p': 0.9, 'top_k': None, 'seed': 42, 'quantization': 'Q4_K_M'}"
