cell_id,scenario_id,treatment_id,model_id,protocol_id,paraphrase_id,choice_order_reversed,replicate_index,generation_config
321f16c430e8ac0858ba33f66c61e4097bfec4f34f30b99ddc80833dcbe89436,scruples_001,B0_stripped_baseline,qwen3:14b,version_j,p0_default,False,0,"{'model_name': 'qwen3:14b', 'temperature': 0.5, 'top_p': 0.9, 'top_k': None, 'seed': None, 'quantization': 'Q4_K_M'}"
e072c864beaf87a7fefa966f4ef4b7fe0799fa6e59ae9bbe8ed30bedaca6769d,scruples_001,B0_stripped_baseline,qwen3:14b,version_j,p0_default,True,0,"{'model_name': 'qwen3:14b', 'temperature': 0.5, 'top_p': 0.9, 'top_k': None, 'seed': None, 'quantization': 'Q4_K_M'}"
cf265b285114fe156b53cb7b923df1c9985839bc5e3047e0c8da14d1b5e94c73,scruples_001,C1_authority_neutral,qwen3:14b,version_j,p0_default,False,0,"{'model_name': 'qwen3:14b', 'temperature': 0.5, 'top_p': 0.9, 'top_k': None, 'seed': None, 'quantization': 'Q4_K_M'}"
75f43fc5246c46bf7e335037b29f69884f17a8a4cfd1bb2591f9580af8e46e08,scruples_001,C1_authority_neutral,qwen3:14b,version_j,p0_default,True,0,"{'model_name': 'qwen3:14b', 'temperature': 0.5, 'top_p': 0.9, 'top_k': None, 'seed': None, 'quantization': 'Q4_K_M'}"
1c1c448db2bf223030cdbb0ddddfe8e7b7ab38dad8e2e029f7182e4e135fefdc,scruples_001,P1_authority_pressure,qwen3:14b,version_j,p0_default,False,0,"{'model_name': 'qwen3:14b', 'temperature': 0.5, 'top_p': 0.9, 'top_k': None, 'seed': None, 'quantization': 'Q4_K_M'}"
f82bff82985a55af1248cbd71c461d0b7381ca6f09afc39be92c67ff93d34aff,scruples_001,P1_authority_pressure,qwen3:14b,version_j,p0_default,True,0,"{'model_name': 'qwen3:14b', 'temperature': 0.5, 'top_p': 0.9, 'top_k': None, 'seed': None, 'quantization': 'Q4_K_M'}"
89ee9a0d2aa2d81a32c185455e2a63ebf75bb6e46686cfa1077ba2f03932fc0d,scruples_001,C2_incentive_neutral,qwen3:14b,version_j,p0_default,False,0,"{'model_name': 'qwen3:14b', 'temperature': 0.5, 'top_p': 0.9, 'top_k': None, 'seed': None, 'quantization': 'Q4_K_M'}"
2008066f94a86abbbc95a34938f73fae54a2fed3b3081f5748fab6d9ec50466b,scruples_001,C2_incentive_neutral,qwen3:14b,version_j,p0_default,True,0,"{'model_name': 'qwen3:14b', 'temperature': 0.5, 'top_p': 0.9, 'top_k': None, 'seed': None, 'quantization': 'Q4_K_M'}"
0cdad94291daab6813aec1c77449b8163073bd2dfe6e4cf18568f65a475a8ff8,scruples_001,P2_incentive_pressure,qwen3:14b,version_j,p0_default,False,0,"{'model_name': 'qwen3:14b', 'temperature': 0.5, 'top_p': 0.9, 'top_k': None, 'seed': None, 'quantization': 'Q4_K_M'}"
3dc353ef29da3de160cdb454730bd8d12085e4a34a06d60db0a07c7b2365df48,scruples_001,P2_incentive_pressure,qwen3:14b,version_j,p0_default,True,0,"{'model_name': 'qwen3:14b', 'temperature': 0.5, 'top_p': 0.9, 'top_k': None, 'seed': None, 'quantization': 'Q4_K_M'}"
3eaf80ebc82bb1641057b254a40b6504d2b2c3a8bd3fbaa8a11f48594d4f8674,scruples_001,C3_social_neutral,qwen3:14b,version_j,p0_default,False,0,"{'model_name': 'qwen3:14b', 'temperature': 0.5, 'top_p': 0.9, 'top_k': None, 'seed': None, 'quantization': 'Q4_K_M'}"
51e696c361e0c503304517be85708ad6f57145a09f080dc6ad3c049ce95fdf56,scruples_001,C3_social_neutral,qwen3:14b,version_j,p0_default,True,0,"{'model_name': 'qwen3:14b', 'temperature': 0.5, 'top_p': 0.9, 'top_k': None, 'seed': None, 'quantization': 'Q4_K_M'}"
e3e82660272b3c493e057823b5fd3d4f399521ebf5ff3b54dffbd4d513ece17b,scruples_001,P3_social_pressure,qwen3:14b,version_j,p0_default,False,0,"{'model_name': 'qwen3:14b', 'temperature': 0.5, 'top_p': 0.9, 'top_k': None, 'seed': None, 'quantization': 'Q4_K_M'}"
4a12a1198aa4a6fdb5a81c560dbc001e566f81dce68f6af0cf514a561e698e9b,scruples_001,P3_social_pressure,qwen3:14b,version_j,p0_default,True,0,"{'model_name': 'qwen3:14b', 'temperature': 0.5, 'top_p': 0.9, 'top_k': None, 'seed': None, 'quantization': 'Q4_K_M'}"
7df86f9cd7bf7dff6e6c33a6d64375b246343ce42c2fbcc7e4c8996a679bb731,scruples_001,C4_metric_neutral,qwen3:14b,version_j,p0_default,False,0,"{'model_name': 'qwen3:14b', 'temperature': 0.5, 'top_p': 0.9, 'top_k': None, 'seed': None, 'quantization': 'Q4_K_M'}"
318bf16f347f323d4df66d59e951986b76a2caaab19d4c6b15cd99d55ee43218,scruples_001,C4_metric_neutral,qwen3:14b,version_j,p0_default,True,0,"{'model_name': 'qwen3:14b', 'temperature': 0.5, 'top_p': 0.9, 'top_k': None, 'seed': None, 'quantization': 'Q4_K_M'}"
ad81fd47ee8c7fa8e3d78d588d6af18c31cb40f1461484c5da6c89be3b3fadab,scruples_001,P4_metric_pressure,qwen3:14b,version_j,p0_default,False,0,"{'model_name': 'qwen3:14b', 'temperature': 0.5, 'top_p': 0.9, 'top_k': None, 'seed': None, 'quantization': 'Q4_K_M'}"
4d6c71ad0840df464502653f8022963bace56b208e16b3f8b3dffcb87b6e4ee5,scruples_001,P4_metric_pressure,qwen3:14b,version_j,p0_default,True,0,"{'model_name': 'qwen3:14b', 'temperature': 0.5, 'top_p': 0.9, 'top_k': None, 'seed': None, 'quantization': 'Q4_K_M'}"
1a087f7fc272e1e30e9facf548bec33053303dc2e087883584d51f8157c560e6,scruples_001,R2_relevant_evidence,qwen3:14b,version_j,p0_default,False,0,"{'model_name': 'qwen3:14b', 'temperature': 0.5, 'top_p': 0.9, 'top_k': None, 'seed': None, 'quantization': 'Q4_K_M'}"
4fe99c3eaad6d0c75fd1875c2bd11593601d0a2a73c0a843b157ef68282acf04,scruples_001,R2_relevant_evidence,qwen3:14b,version_j,p0_default,True,0,"{'model_name': 'qwen3:14b', 'temperature': 0.5, 'top_p': 0.9, 'top_k': None, 'seed': None, 'quantization': 'Q4_K_M'}"
4363a4cea2eaa5e6ffff2447e4faa6e0d492ca307077aed40b926e8fbf7d2901,scruples_002,B0_stripped_baseline,qwen3:14b,version_j,p0_default,False,0,"{'model_name': 'qwen3:14b', 'temperature': 0.5, 'top_p': 0.9, 'top_k': None, 'seed': None, 'quantization': 'Q4_K_M'}"
0746725a62b0b9d38ade5ede0e9fee47a217c433640d69b033ded804838cbaad,scruples_002,B0_stripped_baseline,qwen3:14b,version_j,p0_default,True,0,"{'model_name': 'qwen3:14b', 'temperature': 0.5, 'top_p': 0.9, 'top_k': None, 'seed': None, 'quantization': 'Q4_K_M'}"
432aabdd06d34d6955ee49c60917dad55059cbe4300e62ae87c21dc11c447d34,scruples_002,C1_authority_neutral,qwen3:14b,version_j,p0_default,False,0,"{'model_name': 'qwen3:14b', 'temperature': 0.5, 'top_p': 0.9, 'top_k': None, 'seed': None, 'quantization': 'Q4_K_M'}"
c29bc2cf6e333e55a7cc9e0b4d10cd54052880305855b82e3fc427a456fdbeb8,scruples_002,C1_authority_neutral,qwen3:14b,version_j,p0_default,True,0,"{'model_name': 'qwen3:14b', 'temperature': 0.5, 'top_p': 0.9, 'top_k': None, 'seed': None, 'quantization': 'Q4_K_M'}"
6695a936c5d86d17997d55489aa0631a1268e0e335af15e1027960f60ebb9c88,scruples_002,P1_authority_pressure,qwen3:14b,version_j,p0_default,False,0,"{'model_name': 'qwen3:14b', 'temperature': 0.5, 'top_p': 0.9, 'top_k': None, 'seed': None, 'quantization': 'Q4_K_M'}"
da1024ca563da9f63a7601ae2eebfbc914197decc662df178d1b38709c704175,scruples_002,P1_authority_pressure,qwen3:14b,version_j,p0_default,True,0,"{'model_name': 'qwen3:14b', 'temperature': 0.5, 'top_p': 0.9, 'top_k': None, 'seed': None, 'quantization': 'Q4_K_M'}"
21187c4c260fdc1b115729c1a4a2e240c4fb38f7eb6d67819c856e20d9bba5a7,scruples_002,C2_incentive_neutral,qwen3:14b,version_j,p0_default,False,0,"{'model_name': 'qwen3:14b', 'temperature': 0.5, 'top_p': 0.9, 'top_k': None, 'seed': None, 'quantization': 'Q4_K_M'}"
6799e54bc1222dceb383321e96e9435806e404bf8fa0124c517621075a2a0a4c,scruples_002,C2_incentive_neutral,qwen3:14b,version_j,p0_default,True,0,"{'model_name': 'qwen3:14b', 'temperature': 0.5, 'top_p': 0.9, 'top_k': None, 'seed': None, 'quantization': 'Q4_K_M'}"
68b11d67ca2b637ad48a2d5a76369c23b5e0f4ad5947d71adbf887dcea664f64,scruples_002,P2_incentive_pressure,qwen3:14b,version_j,p0_default,False,0,"{'model_name': 'qwen3:14b', 'temperature': 0.5, 'top_p': 0.9, 'top_k': None, 'seed': None, 'quantization': 'Q4_K_M'}"
4ab3e97435433a6bad3eada7f2f2305c59a86dde1e731a0725be13840c746dd1,scruples_002,P2_incentive_pressure,qwen3:14b,version_j,p0_default,True,0,"{'model_name': 'qwen3:14b', 'temperature': 0.5, 'top_p': 0.9, 'top_k': None, 'seed': None, 'quantization': 'Q4_K_M'}"
4764907d939e002df3025947a5b82d0a68f75399d88243964be17e9cc7dc2437,scruples_002,C3_social_neutral,qwen3:14b,version_j,p0_default,False,0,"{'model_name': 'qwen3:14b', 'temperature': 0.5, 'top_p': 0.9, 'top_k': None, 'seed': None, 'quantization': 'Q4_K_M'}"
e11f86963895da6e7f0f8fb670e2c480068331e567d2150bc70b42c5d98f0202,scruples_002,C3_social_neutral,qwen3:14b,version_j,p0_default,True,0,"{'model_name': 'qwen3:14b', 'temperature': 0.5, 'top_p': 0.9, 'top_k': None, 'seed': None, 'quantization': 'Q4_K_M'}"
d556ad2b40d69b3b1d3898ab889ade5542da7a3b0b46c72c31a11ed4652efa69,scruples_002,P3_social_pressure,qwen3:14b,version_j,p0_default,False,0,"{'model_name': 'qwen3:14b', 'temperature': 0.5, 'top_p': 0.9, 'top_k': None, 'seed': None, 'quantization': 'Q4_K_M'}"
747a4b005729ea5f8f6693d5a9d55ff19569ca9cb313dcaf6216666886c99756,scruples_002,P3_social_pressure,qwen3:14b,version_j,p0_default,True,0,"{'model_name': 'qwen3:14b', 'temperature': 0.5, 'top_p': 0.9, 'top_k': None, 'seed': None, 'quantization': 'Q4_K_M'}"
5ae47e0a9a9e0bd68d3e8c69f85d58f4625c8557a2c3723ff441ceb90e03f5f6,scruples_002,C4_metric_neutral,qwen3:14b,version_j,p0_default,False,0,"{'model_name': 'qwen3:14b', 'temperature': 0.5, 'top_p': 0.9, 'top_k': None, 'seed': None, 'quantization': 'Q4_K_M'}"
b5a365b80f0fd62a855a793f8d24a98f8e01bb55cf85d1308f036efa507ae70c,scruples_002,C4_metric_neutral,qwen3:14b,version_j,p0_default,True,0,"{'model_name': 'qwen3:14b', 'temperature': 0.5, 'top_p': 0.9, 'top_k': None, 'seed': None, 'quantization': 'Q4_K_M'}"
5f7b598b77dd2575863aa96218acbaf76900b2d17579687fae0ed94e8892dfc7,scruples_002,P4_metric_pressure,qwen3:14b,version_j,p0_default,False,0,"{'model_name': 'qwen3:14b', 'temperature': 0.5, 'top_p': 0.9, 'top_k': None, 'seed': None, 'quantization': 'Q4_K_M'}"
24562a5d445ee2449c83087d11c1a5b43f1127867aa3c7a7ee307984a2b39ac5,scruples_002,P4_metric_pressure,qwen3:14b,version_j,p0_default,True,0,"{'model_name': 'qwen3:14b', 'temperature': 0.5, 'top_p': 0.9, 'top_k': None, 'seed': None, 'quantization': 'Q4_K_M'}"
b953986b05223a70d12b2045a157b81d61ebbed5f9f4e151f7f6a7f4fc09e9af,scruples_002,R2_relevant_evidence,qwen3:14b,version_j,p0_default,False,0,"{'model_name': 'qwen3:14b', 'temperature': 0.5, 'top_p': 0.9, 'top_k': None, 'seed': None, 'quantization': 'Q4_K_M'}"
ec34d43d223ec7760e35db145cca618f1a0d8b15494410c665778d7589e933e2,scruples_002,R2_relevant_evidence,qwen3:14b,version_j,p0_default,True,0,"{'model_name': 'qwen3:14b', 'temperature': 0.5, 'top_p': 0.9, 'top_k': None, 'seed': None, 'quantization': 'Q4_K_M'}"
34e295b8436000e8f40f9f62ddbdc12e99c6ba54a23b322eab0630e9d9822337,scruples_003,B0_stripped_baseline,qwen3:14b,version_j,p0_default,False,0,"{'model_name': 'qwen3:14b', 'temperature': 0.5, 'top_p': 0.9, 'top_k': None, 'seed': None, 'quantization': 'Q4_K_M'}"
aaa4d45616f14efa37eb49c73e1f232736afc11a0eddb28229fee72c07c9322b,scruples_003,B0_stripped_baseline,qwen3:14b,version_j,p0_default,True,0,"{'model_name': 'qwen3:14b', 'temperature': 0.5, 'top_p': 0.9, 'top_k': None, 'seed': None, 'quantization': 'Q4_K_M'}"
fccb8cc388563e6d332e215044308bebadf905692fbc13bf5d17a0bd01f25876,scruples_003,C1_authority_neutral,qwen3:14b,version_j,p0_default,False,0,"{'model_name': 'qwen3:14b', 'temperature': 0.5, 'top_p': 0.9, 'top_k': None, 'seed': None, 'quantization': 'Q4_K_M'}"
25010f9d3a17daf4d62c76d831d04e12df52aaab3a0ed5d74ad4510635824ba2,scruples_003,C1_authority_neutral,qwen3:14b,version_j,p0_default,True,0,"{'model_name': 'qwen3:14b', 'temperature': 0.5, 'top_p': 0.9, 'top_k': None, 'seed': None, 'quantization': 'Q4_K_M'}"
3afca79c0e4a2abaddf2d70fb62daf69111397acec27de3fd0bbb4404f13a257,scruples_003,P1_authority_pressure,qwen3:14b,version_j,p0_default,False,0,"{'model_name': 'qwen3:14b', 'temperature': 0.5, 'top_p': 0.9, 'top_k': None, 'seed': None, 'quantization': 'Q4_K_M'}"
8b2cba82af35fd3b815a96463632ed3bf1fd6b55e8e15b6e3c2683e0cb9cb2f4,scruples_003,P1_authority_pressure,qwen3:14b,version_j,p0_default,True,0,"{'model_name': 'qwen3:14b', 'temperature': 0.5, 'top_p': 0.9, 'top_k': None, 'seed': None, 'quantization': 'Q4_K_M'}"
d2c737bac0f4d98318ff5a6a9b6036aedcb29965271a5f3d80eeefbfc392dd79,scruples_003,C2_incentive_neutral,qwen3:14b,version_j,p0_default,False,0,"{'model_name': 'qwen3:14b', 'temperature': 0.5, 'top_p': 0.9, 'top_k': None, 'seed': None, 'quantization': 'Q4_K_M'}"
0a0804662b1fb092cf7df3dd25dbd0a13b62444daf450247a3f3d40f25caa436,scruples_003,C2_incentive_neutral,qwen3:14b,version_j,p0_default,True,0,"{'model_name': 'qwen3:14b', 'temperature': 0.5, 'top_p': 0.9, 'top_k': None, 'seed': None, 'quantization': 'Q4_K_M'}"
d644f277b176f775ee395b67df07f39d3a92aa30356d94093f5de563aae801ef,scruples_003,P2_incentive_pressure,qwen3:14b,version_j,p0_default,False,0,"{'model_name': 'qwen3:14b', 'temperature': 0.5, 'top_p': 0.9, 'top_k': None, 'seed': None, 'quantization': 'Q4_K_M'}"
b5b8f1110ed44d17c82643c27cee3845c73785b0f60862f728099b208c4b6114,scruples_003,P2_incentive_pressure,qwen3:14b,version_j,p0_default,True,0,"{'model_name': 'qwen3:14b', 'temperature': 0.5, 'top_p': 0.9, 'top_k': None, 'seed': None, 'quantization': 'Q4_K_M'}"
e1205585cab5f4bd3a773b8a6f6d0281a1d218edf1a776a1d21e13aa124ae490,scruples_003,C3_social_neutral,qwen3:14b,version_j,p0_default,False,0,"{'model_name': 'qwen3:14b', 'temperature': 0.5, 'top_p': 0.9, 'top_k': None, 'seed': None, 'quantization': 'Q4_K_M'}"
3199bfbdc2f0101403a1b516f7740e99f1a02199898a19afe0689664af204d5e,scruples_003,C3_social_neutral,qwen3:14b,version_j,p0_default,True,0,"{'model_name': 'qwen3:14b', 'temperature': 0.5, 'top_p': 0.9, 'top_k': None, 'seed': None, 'quantization': 'Q4_K_M'}"
dba7f07122e39d579970c2a2ad8c55c9d907da91363d8c868b9373d5922d285f,scruples_003,P3_social_pressure,qwen3:14b,version_j,p0_default,False,0,"{'model_name': 'qwen3:14b', 'temperature': 0.5, 'top_p': 0.9, 'top_k': None, 'seed': None, 'quantization': 'Q4_K_M'}"
07ad7ebb15fe233b762772276507f08f6245763ae54aeb610bc5a7b1ad60fcc0,scruples_003,P3_social_pressure,qwen3:14b,version_j,p0_default,True,0,"{'model_name': 'qwen3:14b', 'temperature': 0.5, 'top_p': 0.9, 'top_k': None, 'seed': None, 'quantization': 'Q4_K_M'}"
aefc9da5f28011fc50d6adca9876b7570b178ccfde594374faed20616a0cd288,scruples_003,C4_metric_neutral,qwen3:14b,version_j,p0_default,False,0,"{'model_name': 'qwen3:14b', 'temperature': 0.5, 'top_p': 0.9, 'top_k': None, 'seed': None, 'quantization': 'Q4_K_M'}"
fde983a52edb0b7bd5fc05274790187c609c0d93ade2f3293badd064716e32d5,scruples_003,C4_metric_neutral,qwen3:14b,version_j,p0_default,True,0,"{'model_name': 'qwen3:14b', 'temperature': 0.5, 'top_p': 0.9, 'top_k': None, 'seed': None, 'quantization': 'Q4_K_M'}"
e8862b09e1fe4901d58437ca377925aba0bd268a455c11cd4c0d0ccd00cacbdd,scruples_003,P4_metric_pressure,qwen3:14b,version_j,p0_default,False,0,"{'model_name': 'qwen3:14b', 'temperature': 0.5, 'top_p': 0.9, 'top_k': None, 'seed': None, 'quantization': 'Q4_K_M'}"
43c2026989a2723d2c457da517ce8a9a80085af041247863a6b9ac11fab7e2da,scruples_003,P4_metric_pressure,qwen3:14b,version_j,p0_default,True,0,"{'model_name': 'qwen3:14b', 'temperature': 0.5, 'top_p': 0.9, 'top_k': None, 'seed': None, 'quantization': 'Q4_K_M'}"
7aa68774da6128e03f34047981efa427e3c0763639d6efefc45156e033ba5906,scruples_003,R2_relevant_evidence,qwen3:14b,version_j,p0_default,False,0,"{'model_name': 'qwen3:14b', 'temperature': 0.5, 'top_p': 0.9, 'top_k': None, 'seed': None, 'quantization': 'Q4_K_M'}"
f0395e8277ac2e0bffd28bfbcf18e7e9a8e4597f24b8b6dbc57bc5bfc051944c,scruples_003,R2_relevant_evidence,qwen3:14b,version_j,p0_default,True,0,"{'model_name': 'qwen3:14b', 'temperature': 0.5, 'top_p': 0.9, 'top_k': None, 'seed': None, 'quantization': 'Q4_K_M'}"
6867ab464d40ff46232bcbbf33cbeaa765ad6a5a4bdca849394f120fd41b90fe,scruples_004,B0_stripped_baseline,qwen3:14b,version_j,p0_default,False,0,"{'model_name': 'qwen3:14b', 'temperature': 0.5, 'top_p': 0.9, 'top_k': None, 'seed': None, 'quantization': 'Q4_K_M'}"
3c1e1afe97c49a05c7b833500b81888fa0f3ca1332b97c6aaaa375f03f4801e7,scruples_004,B0_stripped_baseline,qwen3:14b,version_j,p0_default,True,0,"{'model_name': 'qwen3:14b', 'temperature': 0.5, 'top_p': 0.9, 'top_k': None, 'seed': None, 'quantization': 'Q4_K_M'}"
e8a85d5cecd91eec7af1521d1da5aae31c5da25d249d8b2a698936ed6faa26cc,scruples_004,C1_authority_neutral,qwen3:14b,version_j,p0_default,False,0,"{'model_name': 'qwen3:14b', 'temperature': 0.5, 'top_p': 0.9, 'top_k': None, 'seed': None, 'quantization': 'Q4_K_M'}"
53fa2a733230f63ef17a6d0ec383646e7b2124f110e08c973381c7117632537a,scruples_004,C1_authority_neutral,qwen3:14b,version_j,p0_default,True,0,"{'model_name': 'qwen3:14b', 'temperature': 0.5, 'top_p': 0.9, 'top_k': None, 'seed': None, 'quantization': 'Q4_K_M'}"
7a78608d7fcaf9ef4fc2c1c8b222fe4766ba0257bdf0be930c3ebaeddf308d69,scruples_004,P1_authority_pressure,qwen3:14b,version_j,p0_default,False,0,"{'model_name': 'qwen3:14b', 'temperature': 0.5, 'top_p': 0.9, 'top_k': None, 'seed': None, 'quantization': 'Q4_K_M'}"
7362b9f1391fa6bd7774713250e0bbe051c5f5884f9a0f4f14b6f17da32b041f,scruples_004,P1_authority_pressure,qwen3:14b,version_j,p0_default,True,0,"{'model_name': 'qwen3:14b', 'temperature': 0.5, 'top_p': 0.9, 'top_k': None, 'seed': None, 'quantization': 'Q4_K_M'}"
dc341c70632b7f692d36032a1df85303d466986c475b5b64ad0d1bad783137e4,scruples_004,C2_incentive_neutral,qwen3:14b,version_j,p0_default,False,0,"{'model_name': 'qwen3:14b', 'temperature': 0.5, 'top_p': 0.9, 'top_k': None, 'seed': None, 'quantization': 'Q4_K_M'}"
1dcf51c4249846220099d73bc67bec88209fdd78396f0be083d807ac50c72962,scruples_004,C2_incentive_neutral,qwen3:14b,version_j,p0_default,True,0,"{'model_name': 'qwen3:14b', 'temperature': 0.5, 'top_p': 0.9, 'top_k': None, 'seed': None, 'quantization': 'Q4_K_M'}"
eafe163da9c256a5a05e14c49543d9d5c8f8ce4066914ae768d043c1c781de5c,scruples_004,P2_incentive_pressure,qwen3:14b,version_j,p0_default,False,0,"{'model_name': 'qwen3:14b', 'temperature': 0.5, 'top_p': 0.9, 'top_k': None, 'seed': None, 'quantization': 'Q4_K_M'}"
4e449e71817d38d562a02c2814928ff4bfff1664561d6e05710cea375915ac0d,scruples_004,P2_incentive_pressure,qwen3:14b,version_j,p0_default,True,0,"{'model_name': 'qwen3:14b', 'temperature': 0.5, 'top_p': 0.9, 'top_k': None, 'seed': None, 'quantization': 'Q4_K_M'}"
13b513046f7e6e1447c084865c9240fe3f6518201121730af5a867f48ab88afc,scruples_004,C3_social_neutral,qwen3:14b,version_j,p0_default,False,0,"{'model_name': 'qwen3:14b', 'temperature': 0.5, 'top_p': 0.9, 'top_k': None, 'seed': None, 'quantization': 'Q4_K_M'}"
c7e405fb5acb1b29e528f431ed3922e6cd72ea1aaca73e60bd39391f42fc8dff,scruples_004,C3_social_neutral,qwen3:14b,version_j,p0_default,True,0,"{'model_name': 'qwen3:14b', 'temperature': 0.5, 'top_p': 0.9, 'top_k': None, 'seed': None, 'quantization': 'Q4_K_M'}"
c0d60927c3f234402cb8c117af249c8148d7f764eb30a7147120ae609cef91cc,scruples_004,P3_social_pressure,qwen3:14b,version_j,p0_default,False,0,"{'model_name': 'qwen3:14b', 'temperature': 0.5, 'top_p': 0.9, 'top_k': None, 'seed': None, 'quantization': 'Q4_K_M'}"
9dc99e063d79d4a6d9fb89914c0c47f585b17d85215f11b83ad12b9722cb27b7,scruples_004,P3_social_pressure,qwen3:14b,version_j,p0_default,True,0,"{'model_name': 'qwen3:14b', 'temperature': 0.5, 'top_p': 0.9, 'top_k': None, 'seed': None, 'quantization': 'Q4_K_M'}"
c8119bdf8891eb1df466ec9050fc775f671de42680be3e84f9990e2bf2706247,scruples_004,C4_metric_neutral,qwen3:14b,version_j,p0_default,False,0,"{'model_name': 'qwen3:14b', 'temperature': 0.5, 'top_p': 0.9, 'top_k': None, 'seed': None, 'quantization': 'Q4_K_M'}"
a8f70c8cbb641a72b856dead977172b375ebc19172c0272f5d6db22a2dade459,scruples_004,C4_metric_neutral,qwen3:14b,version_j,p0_default,True,0,"{'model_name': 'qwen3:14b', 'temperature': 0.5, 'top_p': 0.9, 'top_k': None, 'seed': None, 'quantization': 'Q4_K_M'}"
e57eb24c5a06297c82b38fb9ff86ac9fde210244226f66078208a39edd6a394e,scruples_004,P4_metric_pressure,qwen3:14b,version_j,p0_default,False,0,"{'model_name': 'qwen3:14b', 'temperature': 0.5, 'top_p': 0.9, 'top_k': None, 'seed': None, 'quantization': 'Q4_K_M'}"
33fe2483fd93988186c580b56f1585810d54634e882edcc753ca6f3493f23142,scruples_004,P4_metric_pressure,qwen3:14b,version_j,p0_default,True,0,"{'model_name': 'qwen3:14b', 'temperature': 0.5, 'top_p': 0.9, 'top_k': None, 'seed': None, 'quantization': 'Q4_K_M'}"
c6cf893f7815bc990ea98121aa176bbc11c5ce0c1a96742ce326832d391a4cec,scruples_004,R2_relevant_evidence,qwen3:14b,version_j,p0_default,False,0,"{'model_name': 'qwen3:14b', 'temperature': 0.5, 'top_p': 0.9, 'top_k': None, 'seed': None, 'quantization': 'Q4_K_M'}"
d5bb7c4d0c9fe4e146c17bf19636ac389f6f7602d4497157b246cd85aff68b2a,scruples_004,R2_relevant_evidence,qwen3:14b,version_j,p0_default,True,0,"{'model_name': 'qwen3:14b', 'temperature': 0.5, 'top_p': 0.9, 'top_k': None, 'seed': None, 'quantization': 'Q4_K_M'}"
acb5f59c8009d2bdd89f63b8c67fbfdd361199728c292f8bbdf903739905801e,scruples_005,B0_stripped_baseline,qwen3:14b,version_j,p0_default,False,0,"{'model_name': 'qwen3:14b', 'temperature': 0.5, 'top_p': 0.9, 'top_k': None, 'seed': None, 'quantization': 'Q4_K_M'}"
3729b3e522f87d0765f912f818d8ed2cea66da615422bd82aea05854d325881c,scruples_005,B0_stripped_baseline,qwen3:14b,version_j,p0_default,True,0,"{'model_name': 'qwen3:14b', 'temperature': 0.5, 'top_p': 0.9, 'top_k': None, 'seed': None, 'quantization': 'Q4_K_M'}"
e0977d6b0bd76bfab4c271817761505bbd2774949752ece982a902cd388fafec,scruples_005,C1_authority_neutral,qwen3:14b,version_j,p0_default,False,0,"{'model_name': 'qwen3:14b', 'temperature': 0.5, 'top_p': 0.9, 'top_k': None, 'seed': None, 'quantization': 'Q4_K_M'}"
1407a0ebb1ef208b6cc3e15af282a95204393ae9ca405b859689d9e5decf341d,scruples_005,C1_authority_neutral,qwen3:14b,version_j,p0_default,True,0,"{'model_name': 'qwen3:14b', 'temperature': 0.5, 'top_p': 0.9, 'top_k': None, 'seed': None, 'quantization': 'Q4_K_M'}"
0dea32f787c9054ae5ad2b7fef030a2a24bd38d5c697dcd10f0c854e379b01e0,scruples_005,P1_authority_pressure,qwen3:14b,version_j,p0_default,False,0,"{'model_name': 'qwen3:14b', 'temperature': 0.5, 'top_p': 0.9, 'top_k': None, 'seed': None, 'quantization': 'Q4_K_M'}"
34d0cf2e79f0318c493008d9a42ab075c92aafc68a3eaea13a93fb2daa781518,scruples_005,P1_authority_pressure,qwen3:14b,version_j,p0_default,True,0,"{'model_name': 'qwen3:14b', 'temperature': 0.5, 'top_p': 0.9, 'top_k': None, 'seed': None, 'quantization': 'Q4_K_M'}"
6e176332b747157c7cffd8183ef651d7040c5e1fdf074e383b3f2e683e87c52e,scruples_005,C2_incentive_neutral,qwen3:14b,version_j,p0_default,False,0,"{'model_name': 'qwen3:14b', 'temperature': 0.5, 'top_p': 0.9, 'top_k': None, 'seed': None, 'quantization': 'Q4_K_M'}"
7885085ec117b64ef718e9c5ec42084848c0cf086712232f8f3ac5ba251b4b2c,scruples_005,C2_incentive_neutral,qwen3:14b,version_j,p0_default,True,0,"{'model_name': 'qwen3:14b', 'temperature': 0.5, 'top_p': 0.9, 'top_k': None, 'seed': None, 'quantization': 'Q4_K_M'}"
8569e1b7605c62717124127c5f16d915f4f91421a5937e42064495ad61b455f1,scruples_005,P2_incentive_pressure,qwen3:14b,version_j,p0_default,False,0,"{'model_name': 'qwen3:14b', 'temperature': 0.5, 'top_p': 0.9, 'top_k': None, 'seed': None, 'quantization': 'Q4_K_M'}"
37f209c364819758ce072909f99eb93a2ec7ff5c41e3f40cfbcab2decb7dd0cd,scruples_005,P2_incentive_pressure,qwen3:14b,version_j,p0_default,True,0,"{'model_name': 'qwen3:14b', 'temperature': 0.5, 'top_p': 0.9, 'top_k': None, 'seed': None, 'quantization': 'Q4_K_M'}"
f49ab31bf1dd89d6fa7490cd9ed9da24847436b3bd9dcc689d4aa15680771a66,scruples_005,C3_social_neutral,qwen3:14b,version_j,p0_default,False,0,"{'model_name': 'qwen3:14b', 'temperature': 0.5, 'top_p': 0.9, 'top_k': None, 'seed': None, 'quantization': 'Q4_K_M'}"
8dd9819170ca85457522f53144075570752af96ef8c6a468db8900426a216ab2,scruples_005,C3_social_neutral,qwen3:14b,version_j,p0_default,True,0,"{'model_name': 'qwen3:14b', 'temperature': 0.5, 'top_p': 0.9, 'top_k': None, 'seed': None, 'quantization': 'Q4_K_M'}"
a020e5936ced9ec2deac51c8085cf95a0463fb7a76df842df344081be1a8233c,scruples_005,P3_social_pressure,qwen3:14b,version_j,p0_default,False,0,"{'model_name': 'qwen3:14b', 'temperature': 0.5, 'top_p': 0.9, 'top_k': None, 'seed': None, 'quantization': 'Q4_K_M'}"
e2711d4649d21ac7730a49b81b14b40935d4053789db84596aa009d5e3cc02bb,scruples_005,P3_social_pressure,qwen3:14b,version_j,p0_default,True,0,"{'model_name': 'qwen3:14b', 'temperature': 0.5, 'top_p': 0.9, 'top_k': None, 'seed': None, 'quantization': 'Q4_K_M'}"
803b4d70dbbff98811f64562be83f90f982d44588675f9cff99a2c23f3676339,scruples_005,C4_metric_neutral,qwen3:14b,version_j,p0_default,False,0,"{'model_name': 'qwen3:14b', 'temperature': 0.5, 'top_p': 0.9, 'top_k': None, 'seed': None, 'quantization': 'Q4_K_M'}"
5b56e7aeaf34dff5f84bd21a1145a5af51079ee6dd53ea68d6d2f3e9c8c54ca2,scruples_005,C4_metric_neutral,qwen3:14b,version_j,p0_default,True,0,"{'model_name': 'qwen3:14b', 'temperature': 0.5, 'top_p': 0.9, 'top_k': None, 'seed': None, 'quantization': 'Q4_K_M'}"
8dda33ebb7e94a0b514e0eecdd438ec1fb6fa22bb856a6815ce3c9748e4bf762,scruples_005,P4_metric_pressure,qwen3:14b,version_j,p0_default,False,0,"{'model_name': 'qwen3:14b', 'temperature': 0.5, 'top_p': 0.9, 'top_k': None, 'seed': None, 'quantization': 'Q4_K_M'}"
2f3641a05fb32df64a41c3ad17767c91617f582e4cd5c109428156fc412dc760,scruples_005,P4_metric_pressure,qwen3:14b,version_j,p0_default,True,0,"{'model_name': 'qwen3:14b', 'temperature': 0.5, 'top_p': 0.9, 'top_k': None, 'seed': None, 'quantization': 'Q4_K_M'}"
58b9c17c09b5d3934985ab0773a54330e23dbf5550816b7331d2c1315a905dc2,scruples_005,R2_relevant_evidence,qwen3:14b,version_j,p0_default,False,0,"{'model_name': 'qwen3:14b', 'temperature': 0.5, 'top_p': 0.9, 'top_k': None, 'seed': None, 'quantization': 'Q4_K_M'}"
492c933b0fe9f261ebfe07971c95a3fe61ed93889f3511b359302ea6535f5fa1,scruples_005,R2_relevant_evidence,qwen3:14b,version_j,p0_default,True,0,"{'model_name': 'qwen3:14b', 'temperature': 0.5, 'top_p': 0.9, 'top_k': None, 'seed': None, 'quantization': 'Q4_K_M'}"
0d25ceeeb5e96046a0c6f958261c9c65a89b06102f75de487ca68e524e9beb7e,scruples_006,B0_stripped_baseline,qwen3:14b,version_j,p0_default,False,0,"{'model_name': 'qwen3:14b', 'temperature': 0.5, 'top_p': 0.9, 'top_k': None, 'seed': None, 'quantization': 'Q4_K_M'}"
dcb2b63d1647791f856d73fdbdcf4a4daa1e861b0a558ef1a39e1e3a574c6ae9,scruples_006,B0_stripped_baseline,qwen3:14b,version_j,p0_default,True,0,"{'model_name': 'qwen3:14b', 'temperature': 0.5, 'top_p': 0.9, 'top_k': None, 'seed': None, 'quantization': 'Q4_K_M'}"
522e40d43a8a17bc74f0f83ea1b465e4ab060fba7af3f57be011cf64499cdd41,scruples_006,C1_authority_neutral,qwen3:14b,version_j,p0_default,False,0,"{'model_name': 'qwen3:14b', 'temperature': 0.5, 'top_p': 0.9, 'top_k': None, 'seed': None, 'quantization': 'Q4_K_M'}"
4808c37ee6d609a8cfac4010459c8209114fe2cbebc2da29400b436f74bb0521,scruples_006,C1_authority_neutral,qwen3:14b,version_j,p0_default,True,0,"{'model_name': 'qwen3:14b', 'temperature': 0.5, 'top_p': 0.9, 'top_k': None, 'seed': None, 'quantization': 'Q4_K_M'}"
9aae5d662a8902f704524b3acb28e5e0ce12e50105c4d8fc0bb866f80b3eeb82,scruples_006,P1_authority_pressure,qwen3:14b,version_j,p0_default,False,0,"{'model_name': 'qwen3:14b', 'temperature': 0.5, 'top_p': 0.9, 'top_k': None, 'seed': None, 'quantization': 'Q4_K_M'}"
97fce109b2a1bf7102e9cc7427b511a8110c0376ee6e0e0538e06a60fa6f0cbd,scruples_006,P1_authority_pressure,qwen3:14b,version_j,p0_default,True,0,"{'model_name': 'qwen3:14b', 'temperature': 0.5, 'top_p': 0.9, 'top_k': None, 'seed': None, 'quantization': 'Q4_K_M'}"
74d4c9a2c110198a7870550e11048e7aae2666c6a1183a4ea5a0404a5d361cf7,scruples_006,C2_incentive_neutral,qwen3:14b,version_j,p0_default,False,0,"{'model_name': 'qwen3:14b', 'temperature': 0.5, 'top_p': 0.9, 'top_k': None, 'seed': None, 'quantization': 'Q4_K_M'}"
efb630f1bebecfc57c4ada5d12569eaa5375159fa6ad242aadf280b80cfecb62,scruples_006,C2_incentive_neutral,qwen3:14b,version_j,p0_default,True,0,"{'model_name': 'qwen3:14b', 'temperature': 0.5, 'top_p': 0.9, 'top_k': None, 'seed': None, 'quantization': 'Q4_K_M'}"
bb56d8cf00b2ca540ba8f75c8eaa58f18d4a904b23c86e0b5228d30e85f3f6e1,scruples_006,P2_incentive_pressure,qwen3:14b,version_j,p0_default,False,0,"{'model_name': 'qwen3:14b', 'temperature': 0.5, 'top_p': 0.9, 'top_k': None, 'seed': None, 'quantization': 'Q4_K_M'}"
2cb1bf2f61d2a059dd5327fd3f7991e95cb295ca116975158fe68069d10322e3,scruples_006,P2_incentive_pressure,qwen3:14b,version_j,p0_default,True,0,"{'model_name': 'qwen3:14b', 'temperature': 0.5, 'top_p': 0.9, 'top_k': None, 'seed': None, 'quantization': 'Q4_K_M'}"
5b9d4e3b745b73646712d31a5802ab531cb594f143561f4542e19430e8617d5c,scruples_006,C3_social_neutral,qwen3:14b,version_j,p0_default,False,0,"{'model_name': 'qwen3:14b', 'temperature': 0.5, 'top_p': 0.9, 'top_k': None, 'seed': None, 'quantization': 'Q4_K_M'}"
1c967367968553acf450f980a6ac79634738a94672840ea515f63534391a5469,scruples_006,C3_social_neutral,qwen3:14b,version_j,p0_default,True,0,"{'model_name': 'qwen3:14b', 'temperature': 0.5, 'top_p': 0.9, 'top_k': None, 'seed': None, 'quantization': 'Q4_K_M'}"
5b872f01fd0baacbb1dd8cf887323f428b3e6ea6ae19db79d1dca138b2e5f605,scruples_006,P3_social_pressure,qwen3:14b,version_j,p0_default,False,0,"{'model_name': 'qwen3:14b', 'temperature': 0.5, 'top_p': 0.9, 'top_k': None, 'seed': None, 'quantization': 'Q4_K_M'}"
89348722e5b28c6eb45f6057ce8b6a97014ed9b60d8f87354b7a5faf352bf417,scruples_006,P3_social_pressure,qwen3:14b,version_j,p0_default,True,0,"{'model_name': 'qwen3:14b', 'temperature': 0.5, 'top_p': 0.9, 'top_k': None, 'seed': None, 'quantization': 'Q4_K_M'}"
5881d552e88dacb1f58a8197b68e887f30da2e5f3f5713c3249b4f49c0405859,scruples_006,C4_metric_neutral,qwen3:14b,version_j,p0_default,False,0,"{'model_name': 'qwen3:14b', 'temperature': 0.5, 'top_p': 0.9, 'top_k': None, 'seed': None, 'quantization': 'Q4_K_M'}"
fb54064dcce2caed23c3c223ab942db78d059cee6cef872e93c64329b26638a3,scruples_006,C4_metric_neutral,qwen3:14b,version_j,p0_default,True,0,"{'model_name': 'qwen3:14b', 'temperature': 0.5, 'top_p': 0.9, 'top_k': None, 'seed': None, 'quantization': 'Q4_K_M'}"
0e509eb3f7b1a61fab0978a0f9b3390579c493881929105ef8afd4d50d21e184,scruples_006,P4_metric_pressure,qwen3:14b,version_j,p0_default,False,0,"{'model_name': 'qwen3:14b', 'temperature': 0.5, 'top_p': 0.9, 'top_k': None, 'seed': None, 'quantization': 'Q4_K_M'}"
d1a8ed83131ec156b83acbeff5ab4577e95538636ebfff7746200ee0c852294e,scruples_006,P4_metric_pressure,qwen3:14b,version_j,p0_default,True,0,"{'model_name': 'qwen3:14b', 'temperature': 0.5, 'top_p': 0.9, 'top_k': None, 'seed': None, 'quantization': 'Q4_K_M'}"
a55c0fed9c16bd3f2356b37db70cee46fcb14b58107e0e1422e74372070a74ba,scruples_006,R2_relevant_evidence,qwen3:14b,version_j,p0_default,False,0,"{'model_name': 'qwen3:14b', 'temperature': 0.5, 'top_p': 0.9, 'top_k': None, 'seed': None, 'quantization': 'Q4_K_M'}"
6d7462215bc57c5c65b8be7541e5bba5490d46dc9fe8010f611dcc2209981cb2,scruples_006,R2_relevant_evidence,qwen3:14b,version_j,p0_default,True,0,"{'model_name': 'qwen3:14b', 'temperature': 0.5, 'top_p': 0.9, 'top_k': None, 'seed': None, 'quantization': 'Q4_K_M'}"
49e979d43cbc52d94e50d845337d3199dbf83d0082ca6a78e95e99cf0db76e52,scruples_007,B0_stripped_baseline,qwen3:14b,version_j,p0_default,False,0,"{'model_name': 'qwen3:14b', 'temperature': 0.5, 'top_p': 0.9, 'top_k': None, 'seed': None, 'quantization': 'Q4_K_M'}"
3365887bc26f964bc14d7d4bf6da7093bc9bd1429ad39d0d8a31a62a476558f1,scruples_007,B0_stripped_baseline,qwen3:14b,version_j,p0_default,True,0,"{'model_name': 'qwen3:14b', 'temperature': 0.5, 'top_p': 0.9, 'top_k': None, 'seed': None, 'quantization': 'Q4_K_M'}"
021e7b03119dbab065ef79f7c3c202fb0f9268d0d102cd45cfca258bebb9230e,scruples_007,C1_authority_neutral,qwen3:14b,version_j,p0_default,False,0,"{'model_name': 'qwen3:14b', 'temperature': 0.5, 'top_p': 0.9, 'top_k': None, 'seed': None, 'quantization': 'Q4_K_M'}"
622787965a2b9c4707814d07a8f91383822fd3dbfa28a9eb632cee6c41c35e93,scruples_007,C1_authority_neutral,qwen3:14b,version_j,p0_default,True,0,"{'model_name': 'qwen3:14b', 'temperature': 0.5, 'top_p': 0.9, 'top_k': None, 'seed': None, 'quantization': 'Q4_K_M'}"
a572e3eb2998db04a6a7098ef86826da1536391155af37863d7ea94e12a0bc54,scruples_007,P1_authority_pressure,qwen3:14b,version_j,p0_default,False,0,"{'model_name': 'qwen3:14b', 'temperature': 0.5, 'top_p': 0.9, 'top_k': None, 'seed': None, 'quantization': 'Q4_K_M'}"
138b173e0e3ec24db5e06ac5da4120347918cabdcd0d52eee9cd4f00484fa1f0,scruples_007,P1_authority_pressure,qwen3:14b,version_j,p0_default,True,0,"{'model_name': 'qwen3:14b', 'temperature': 0.5, 'top_p': 0.9, 'top_k': None, 'seed': None, 'quantization': 'Q4_K_M'}"
fa49fdfb20223d8c12c4df93e8eb4bee7bb564d828a79c136ecc4ad7ead35d95,scruples_007,C2_incentive_neutral,qwen3:14b,version_j,p0_default,False,0,"{'model_name': 'qwen3:14b', 'temperature': 0.5, 'top_p': 0.9, 'top_k': None, 'seed': None, 'quantization': 'Q4_K_M'}"
90fc123fdf5305d8ec737458295a5c3caee9a3c7be75afba7be1199b426ad8dd,scruples_007,C2_incentive_neutral,qwen3:14b,version_j,p0_default,True,0,"{'model_name': 'qwen3:14b', 'temperature': 0.5, 'top_p': 0.9, 'top_k': None, 'seed': None, 'quantization': 'Q4_K_M'}"
ec38223315657eddd9fbc328d345418068412f78d15b5237590b42d3b817bea6,scruples_007,P2_incentive_pressure,qwen3:14b,version_j,p0_default,False,0,"{'model_name': 'qwen3:14b', 'temperature': 0.5, 'top_p': 0.9, 'top_k': None, 'seed': None, 'quantization': 'Q4_K_M'}"
38ba348e8069edee6055e889d2006acf3ddcf4d5694d162ac3b3204e99d66bf4,scruples_007,P2_incentive_pressure,qwen3:14b,version_j,p0_default,True,0,"{'model_name': 'qwen3:14b', 'temperature': 0.5, 'top_p': 0.9, 'top_k': None, 'seed': None, 'quantization': 'Q4_K_M'}"
d2d89038bbe979815d284f4b3554c77cd8a5335562ae99dbfd48e33e9b5f254f,scruples_007,C3_social_neutral,qwen3:14b,version_j,p0_default,False,0,"{'model_name': 'qwen3:14b', 'temperature': 0.5, 'top_p': 0.9, 'top_k': None, 'seed': None, 'quantization': 'Q4_K_M'}"
c13d4bf59a0323d30c76d502a78522b9a3dd13abf48ef08a6ef304da08f8bbf7,scruples_007,C3_social_neutral,qwen3:14b,version_j,p0_default,True,0,"{'model_name': 'qwen3:14b', 'temperature': 0.5, 'top_p': 0.9, 'top_k': None, 'seed': None, 'quantization': 'Q4_K_M'}"
97be8c15b93688cd8c4d2b12f25c799baa3b34f07ad16cb2da1ae5b13dd72fcd,scruples_007,P3_social_pressure,qwen3:14b,version_j,p0_default,False,0,"{'model_name': 'qwen3:14b', 'temperature': 0.5, 'top_p': 0.9, 'top_k': None, 'seed': None, 'quantization': 'Q4_K_M'}"
070a78f8034557d2028d75571002fc29afc82031b034597eed983097478ce935,scruples_007,P3_social_pressure,qwen3:14b,version_j,p0_default,True,0,"{'model_name': 'qwen3:14b', 'temperature': 0.5, 'top_p': 0.9, 'top_k': None, 'seed': None, 'quantization': 'Q4_K_M'}"
52a2e71f7834a235fc4d9512a3b40276a5bb3328eba1b76e55f5bb368c795dde,scruples_007,C4_metric_neutral,qwen3:14b,version_j,p0_default,False,0,"{'model_name': 'qwen3:14b', 'temperature': 0.5, 'top_p': 0.9, 'top_k': None, 'seed': None, 'quantization': 'Q4_K_M'}"
6d186a402bad3153b630716e4a494d0f45f036597dddb42bd59ddf34a1fc3f96,scruples_007,C4_metric_neutral,qwen3:14b,version_j,p0_default,True,0,"{'model_name': 'qwen3:14b', 'temperature': 0.5, 'top_p': 0.9, 'top_k': None, 'seed': None, 'quantization': 'Q4_K_M'}"
38fd76b3b8b81105cf01681ba0d8c6a206586fce8ec2d42bc3f155628590cbdf,scruples_007,P4_metric_pressure,qwen3:14b,version_j,p0_default,False,0,"{'model_name': 'qwen3:14b', 'temperature': 0.5, 'top_p': 0.9, 'top_k': None, 'seed': None, 'quantization': 'Q4_K_M'}"
8ab10d6c90c994cd8bd66698f6f802808ee5e985266c97594ddc7efe039424ef,scruples_007,P4_metric_pressure,qwen3:14b,version_j,p0_default,True,0,"{'model_name': 'qwen3:14b', 'temperature': 0.5, 'top_p': 0.9, 'top_k': None, 'seed': None, 'quantization': 'Q4_K_M'}"
5f98506aba68c0aac69a64a7c41ca701878a4865d5a27e5af2e05f5a4ace4253,scruples_007,R2_relevant_evidence,qwen3:14b,version_j,p0_default,False,0,"{'model_name': 'qwen3:14b', 'temperature': 0.5, 'top_p': 0.9, 'top_k': None, 'seed': None, 'quantization': 'Q4_K_M'}"
084539e92a673e6dd76d2c3c773c070b43a216445285286a05f2bb1d20447558,scruples_007,R2_relevant_evidence,qwen3:14b,version_j,p0_default,True,0,"{'model_name': 'qwen3:14b', 'temperature': 0.5, 'top_p': 0.9, 'top_k': None, 'seed': None, 'quantization': 'Q4_K_M'}"
f11cf3f614430eaebcca99eb31446def4ac575a99b3ba599a5f3299b7b09b854,scruples_008,B0_stripped_baseline,qwen3:14b,version_j,p0_default,False,0,"{'model_name': 'qwen3:14b', 'temperature': 0.5, 'top_p': 0.9, 'top_k': None, 'seed': None, 'quantization': 'Q4_K_M'}"
5702b2cd4f944f357df4c0e1748941cbaaf941ad8ad972064477db49a65c6bd3,scruples_008,B0_stripped_baseline,qwen3:14b,version_j,p0_default,True,0,"{'model_name': 'qwen3:14b', 'temperature': 0.5, 'top_p': 0.9, 'top_k': None, 'seed': None, 'quantization': 'Q4_K_M'}"
b7ace9a31be4348fde51be587aec97aa1bbcadec3158c76347a744d35cf48a41,scruples_008,C1_authority_neutral,qwen3:14b,version_j,p0_default,False,0,"{'model_name': 'qwen3:14b', 'temperature': 0.5, 'top_p': 0.9, 'top_k': None, 'seed': None, 'quantization': 'Q4_K_M'}"
0a9baf7d7119baff75201c645ed110d6bdddd455b5c04cf28e822ee32d527dc8,scruples_008,C1_authority_neutral,qwen3:14b,version_j,p0_default,True,0,"{'model_name': 'qwen3:14b', 'temperature': 0.5, 'top_p': 0.9, 'top_k': None, 'seed': None, 'quantization': 'Q4_K_M'}"
7797c417671663a986be7c853c2160b12585e2d876a2e5e35b1f474818236115,scruples_008,P1_authority_pressure,qwen3:14b,version_j,p0_default,False,0,"{'model_name': 'qwen3:14b', 'temperature': 0.5, 'top_p': 0.9, 'top_k': None, 'seed': None, 'quantization': 'Q4_K_M'}"
36cb23377aaa7ecbaefb56ae059d7eeabfe01c514aace5f7a5ff6ee793f8333e,scruples_008,P1_authority_pressure,qwen3:14b,version_j,p0_default,True,0,"{'model_name': 'qwen3:14b', 'temperature': 0.5, 'top_p': 0.9, 'top_k': None, 'seed': None, 'quantization': 'Q4_K_M'}"
44bf6cae10d42b84c21db067a01f82bed57f287f99919ee7b8118e20a2f3ef99,scruples_008,C2_incentive_neutral,qwen3:14b,version_j,p0_default,False,0,"{'model_name': 'qwen3:14b', 'temperature': 0.5, 'top_p': 0.9, 'top_k': None, 'seed': None, 'quantization': 'Q4_K_M'}"
111def03c4495d9d762510602de330d77e91cca33b74d4a12b608d1c0b10a912,scruples_008,C2_incentive_neutral,qwen3:14b,version_j,p0_default,True,0,"{'model_name': 'qwen3:14b', 'temperature': 0.5, 'top_p': 0.9, 'top_k': None, 'seed': None, 'quantization': 'Q4_K_M'}"
611abaaeea8ef81e5d27d9785cc1c6369d4b30b1d2e3046cc54403bb32ef977d,scruples_008,P2_incentive_pressure,qwen3:14b,version_j,p0_default,False,0,"{'model_name': 'qwen3:14b', 'temperature': 0.5, 'top_p': 0.9, 'top_k': None, 'seed': None, 'quantization': 'Q4_K_M'}"
7b14122a1b25a4f7113d7b0102d1413f2b5a2ed420955d0cbc97447e643b3f19,scruples_008,P2_incentive_pressure,qwen3:14b,version_j,p0_default,True,0,"{'model_name': 'qwen3:14b', 'temperature': 0.5, 'top_p': 0.9, 'top_k': None, 'seed': None, 'quantization': 'Q4_K_M'}"
03916bd318dba5b6522e53974045137a4ea595fdee557f764a04039bd9a20854,scruples_008,C3_social_neutral,qwen3:14b,version_j,p0_default,False,0,"{'model_name': 'qwen3:14b', 'temperature': 0.5, 'top_p': 0.9, 'top_k': None, 'seed': None, 'quantization': 'Q4_K_M'}"
8010f02d8422ccf3053a3a930a14f8757df40706e9c6e54a75fb96b0a45ebd45,scruples_008,C3_social_neutral,qwen3:14b,version_j,p0_default,True,0,"{'model_name': 'qwen3:14b', 'temperature': 0.5, 'top_p': 0.9, 'top_k': None, 'seed': None, 'quantization': 'Q4_K_M'}"
040add56f98a8f7f0574769f42d5bf93fc0c5beeeafbe39179c1b820b1b197be,scruples_008,P3_social_pressure,qwen3:14b,version_j,p0_default,False,0,"{'model_name': 'qwen3:14b', 'temperature': 0.5, 'top_p': 0.9, 'top_k': None, 'seed': None, 'quantization': 'Q4_K_M'}"
3057728aedaee18f63c5d8ee9f3d3174318780bcccf028b688ecacd0392ad540,scruples_008,P3_social_pressure,qwen3:14b,version_j,p0_default,True,0,"{'model_name': 'qwen3:14b', 'temperature': 0.5, 'top_p': 0.9, 'top_k': None, 'seed': None, 'quantization': 'Q4_K_M'}"
22ab8a9ba93fc1bc611c5602e1ae063f9ba5f4ebbcb66b481f42ef2084d8f309,scruples_008,C4_metric_neutral,qwen3:14b,version_j,p0_default,False,0,"{'model_name': 'qwen3:14b', 'temperature': 0.5, 'top_p': 0.9, 'top_k': None, 'seed': None, 'quantization': 'Q4_K_M'}"
7ec33c21abc50a2d48c4cc09ddfd3ed588d39a1dd322a486ad548b18d414d49e,scruples_008,C4_metric_neutral,qwen3:14b,version_j,p0_default,True,0,"{'model_name': 'qwen3:14b', 'temperature': 0.5, 'top_p': 0.9, 'top_k': None, 'seed': None, 'quantization': 'Q4_K_M'}"
13eb925ea7b05ab9c75b62d33d3ba9e4f036318f792a4d43f1d6c407f1ec703e,scruples_008,P4_metric_pressure,qwen3:14b,version_j,p0_default,False,0,"{'model_name': 'qwen3:14b', 'temperature': 0.5, 'top_p': 0.9, 'top_k': None, 'seed': None, 'quantization': 'Q4_K_M'}"
18c4a90dd526f4617686dc6f8a1c6b92be4bfe1d214ba9d23804a092520ba675,scruples_008,P4_metric_pressure,qwen3:14b,version_j,p0_default,True,0,"{'model_name': 'qwen3:14b', 'temperature': 0.5, 'top_p': 0.9, 'top_k': None, 'seed': None, 'quantization': 'Q4_K_M'}"
db905fa51fc4016109b8bb937872f7ab9d765f7c611b05d7da5af1a22890376b,scruples_008,R2_relevant_evidence,qwen3:14b,version_j,p0_default,False,0,"{'model_name': 'qwen3:14b', 'temperature': 0.5, 'top_p': 0.9, 'top_k': None, 'seed': None, 'quantization': 'Q4_K_M'}"
9a58d3c6698e6caff2d0dd64e0ccea89455368e8948fe6f061218d52fa4d7847,scruples_008,R2_relevant_evidence,qwen3:14b,version_j,p0_default,True,0,"{'model_name': 'qwen3:14b', 'temperature': 0.5, 'top_p': 0.9, 'top_k': None, 'seed': None, 'quantization': 'Q4_K_M'}"
ce67425e3d6192bc4bfc0802ec041262b1d303cb0813855a6239283c212d491e,scruples_009,B0_stripped_baseline,qwen3:14b,version_j,p0_default,False,0,"{'model_name': 'qwen3:14b', 'temperature': 0.5, 'top_p': 0.9, 'top_k': None, 'seed': None, 'quantization': 'Q4_K_M'}"
c47cd3a04dcabff1c2b62e3b29ac785b73a5b64c9628bf4981c06e712ff7f9ab,scruples_009,B0_stripped_baseline,qwen3:14b,version_j,p0_default,True,0,"{'model_name': 'qwen3:14b', 'temperature': 0.5, 'top_p': 0.9, 'top_k': None, 'seed': None, 'quantization': 'Q4_K_M'}"
a1bb6517187bf1471e16cd5aa79fc03a32dede8ede12c0ccb761224188962161,scruples_009,C1_authority_neutral,qwen3:14b,version_j,p0_default,False,0,"{'model_name': 'qwen3:14b', 'temperature': 0.5, 'top_p': 0.9, 'top_k': None, 'seed': None, 'quantization': 'Q4_K_M'}"
cf5083efe5758191bc75062b7a598bb398b4e82094370863c8d742cb57e5a3ac,scruples_009,C1_authority_neutral,qwen3:14b,version_j,p0_default,True,0,"{'model_name': 'qwen3:14b', 'temperature': 0.5, 'top_p': 0.9, 'top_k': None, 'seed': None, 'quantization': 'Q4_K_M'}"
8853f8c228de6e5f1168397d6f8027b8f5ae76f53838c47abaa52aca36a20fb5,scruples_009,P1_authority_pressure,qwen3:14b,version_j,p0_default,False,0,"{'model_name': 'qwen3:14b', 'temperature': 0.5, 'top_p': 0.9, 'top_k': None, 'seed': None, 'quantization': 'Q4_K_M'}"
b195b23ca1b9d14857f8463163d7c0e414a4a3f15a88f607fdb8cf7bf539c18c,scruples_009,P1_authority_pressure,qwen3:14b,version_j,p0_default,True,0,"{'model_name': 'qwen3:14b', 'temperature': 0.5, 'top_p': 0.9, 'top_k': None, 'seed': None, 'quantization': 'Q4_K_M'}"
dbdfd83fe69568f24d49c641119accd91e685c7393a7e91019135bb7510d7281,scruples_009,C2_incentive_neutral,qwen3:14b,version_j,p0_default,False,0,"{'model_name': 'qwen3:14b', 'temperature': 0.5, 'top_p': 0.9, 'top_k': None, 'seed': None, 'quantization': 'Q4_K_M'}"
4807790895518d2311972f1623d6d647300722097b7344b774d2c8defa4ca1aa,scruples_009,C2_incentive_neutral,qwen3:14b,version_j,p0_default,True,0,"{'model_name': 'qwen3:14b', 'temperature': 0.5, 'top_p': 0.9, 'top_k': None, 'seed': None, 'quantization': 'Q4_K_M'}"
c21d3d0d7f5f9c0f7acc1470bf9c12ef1936d85c9fa98534a9b6014dad3ac1a8,scruples_009,P2_incentive_pressure,qwen3:14b,version_j,p0_default,False,0,"{'model_name': 'qwen3:14b', 'temperature': 0.5, 'top_p': 0.9, 'top_k': None, 'seed': None, 'quantization': 'Q4_K_M'}"
8776747bc61796f2c8febde9f9fb560fb70251aed07b4a3043bb9016f27a0f40,scruples_009,P2_incentive_pressure,qwen3:14b,version_j,p0_default,True,0,"{'model_name': 'qwen3:14b', 'temperature': 0.5, 'top_p': 0.9, 'top_k': None, 'seed': None, 'quantization': 'Q4_K_M'}"
3ca4cb08483ab7389856b34593aca62ba5921a4f45ffd42236b25782888be5b7,scruples_009,C3_social_neutral,qwen3:14b,version_j,p0_default,False,0,"{'model_name': 'qwen3:14b', 'temperature': 0.5, 'top_p': 0.9, 'top_k': None, 'seed': None, 'quantization': 'Q4_K_M'}"
768593e289c1b2ca35ca8e80bc95ff7b3980900eab3d115c450b15eb2c701a82,scruples_009,C3_social_neutral,qwen3:14b,version_j,p0_default,True,0,"{'model_name': 'qwen3:14b', 'temperature': 0.5, 'top_p': 0.9, 'top_k': None, 'seed': None, 'quantization': 'Q4_K_M'}"
4ecd15d94a5b742fff6d0d471903ce5952e54471da21f6a2e63ae3caf10f8c29,scruples_009,P3_social_pressure,qwen3:14b,version_j,p0_default,False,0,"{'model_name': 'qwen3:14b', 'temperature': 0.5, 'top_p': 0.9, 'top_k': None, 'seed': None, 'quantization': 'Q4_K_M'}"
2de46d5022bf7e9750bd764d385d31404ceb7b75450f4212bff0960f5c3a96f6,scruples_009,P3_social_pressure,qwen3:14b,version_j,p0_default,True,0,"{'model_name': 'qwen3:14b', 'temperature': 0.5, 'top_p': 0.9, 'top_k': None, 'seed': None, 'quantization': 'Q4_K_M'}"
ea26275df3bce2b4b12f064f755c38a91f579d8e225f2c671a88e133b655d6ec,scruples_009,C4_metric_neutral,qwen3:14b,version_j,p0_default,False,0,"{'model_name': 'qwen3:14b', 'temperature': 0.5, 'top_p': 0.9, 'top_k': None, 'seed': None, 'quantization': 'Q4_K_M'}"
aa5138a95f3ca842bea9186628471782de3dcbe381260a7ce9a1794ddb047ea1,scruples_009,C4_metric_neutral,qwen3:14b,version_j,p0_default,True,0,"{'model_name': 'qwen3:14b', 'temperature': 0.5, 'top_p': 0.9, 'top_k': None, 'seed': None, 'quantization': 'Q4_K_M'}"
118051a15cfd28569ec03721177b2f2af9b96fd8b1c2155eddc03f28da5b54ae,scruples_009,P4_metric_pressure,qwen3:14b,version_j,p0_default,False,0,"{'model_name': 'qwen3:14b', 'temperature': 0.5, 'top_p': 0.9, 'top_k': None, 'seed': None, 'quantization': 'Q4_K_M'}"
83f4a34f6d3c32f5aee147c12c88687a4aef70c2458a1f6c2b35d61d0351601f,scruples_009,P4_metric_pressure,qwen3:14b,version_j,p0_default,True,0,"{'model_name': 'qwen3:14b', 'temperature': 0.5, 'top_p': 0.9, 'top_k': None, 'seed': None, 'quantization': 'Q4_K_M'}"
4c6ed66a0acbcbdaa2ae5824a0da7531735677044beb2ec6258366457d573131,scruples_009,R2_relevant_evidence,qwen3:14b,version_j,p0_default,False,0,"{'model_name': 'qwen3:14b', 'temperature': 0.5, 'top_p': 0.9, 'top_k': None, 'seed': None, 'quantization': 'Q4_K_M'}"
7caaf2d3fbc3e349f741b89e6a06d2508fa5988889503bd882d8b884d8d0758b,scruples_009,R2_relevant_evidence,qwen3:14b,version_j,p0_default,True,0,"{'model_name': 'qwen3:14b', 'temperature': 0.5, 'top_p': 0.9, 'top_k': None, 'seed': None, 'quantization': 'Q4_K_M'}"
e34a62c1dcfc22cf305ae7ae4ca481dcc0099133da35080ffc15d29606759868,scruples_010,B0_stripped_baseline,qwen3:14b,version_j,p0_default,False,0,"{'model_name': 'qwen3:14b', 'temperature': 0.5, 'top_p': 0.9, 'top_k': None, 'seed': None, 'quantization': 'Q4_K_M'}"
d3e0a0d1b57ad41416383883c4031fd91e3ecae1a433ad2614bd4f69023177af,scruples_010,B0_stripped_baseline,qwen3:14b,version_j,p0_default,True,0,"{'model_name': 'qwen3:14b', 'temperature': 0.5, 'top_p': 0.9, 'top_k': None, 'seed': None, 'quantization': 'Q4_K_M'}"
25e6652e8a34b19f66b3ffffb9e4004d6b9d96087f223c1e6fae994dcfc2c495,scruples_010,C1_authority_neutral,qwen3:14b,version_j,p0_default,False,0,"{'model_name': 'qwen3:14b', 'temperature': 0.5, 'top_p': 0.9, 'top_k': None, 'seed': None, 'quantization': 'Q4_K_M'}"
5db5eeb526a4b8103db42946389a840c3c6240c0cbd4c81c49bacb9eaa164c43,scruples_010,C1_authority_neutral,qwen3:14b,version_j,p0_default,True,0,"{'model_name': 'qwen3:14b', 'temperature': 0.5, 'top_p': 0.9, 'top_k': None, 'seed': None, 'quantization': 'Q4_K_M'}"
a1fad31764619900e5140870b1bf0e49d67b5f9b6ca33ce7460d25021387a27e,scruples_010,P1_authority_pressure,qwen3:14b,version_j,p0_default,False,0,"{'model_name': 'qwen3:14b', 'temperature': 0.5, 'top_p': 0.9, 'top_k': None, 'seed': None, 'quantization': 'Q4_K_M'}"
23d8a42da736b2c18a15e0a257e04df4c06a04bbb8e45fd7f4eaa2b20faf8c78,scruples_010,P1_authority_pressure,qwen3:14b,version_j,p0_default,True,0,"{'model_name': 'qwen3:14b', 'temperature': 0.5, 'top_p': 0.9, 'top_k': None, 'seed': None, 'quantization': 'Q4_K_M'}"
612ce2a12d6c08a470e77ed053d9aa2236ee4a61c5858dab61e88c378e7d8916,scruples_010,C2_incentive_neutral,qwen3:14b,version_j,p0_default,False,0,"{'model_name': 'qwen3:14b', 'temperature': 0.5, 'top_p': 0.9, 'top_k': None, 'seed': None, 'quantization': 'Q4_K_M'}"
4ec186ffe46de7e658b26807e9b38312a56e04e4c24d472019b2853890c36a62,scruples_010,C2_incentive_neutral,qwen3:14b,version_j,p0_default,True,0,"{'model_name': 'qwen3:14b', 'temperature': 0.5, 'top_p': 0.9, 'top_k': None, 'seed': None, 'quantization': 'Q4_K_M'}"
5534619bbc56577a88213660d727d936b748be87e06ea5defcab0e4d7422b9db,scruples_010,P2_incentive_pressure,qwen3:14b,version_j,p0_default,False,0,"{'model_name': 'qwen3:14b', 'temperature': 0.5, 'top_p': 0.9, 'top_k': None, 'seed': None, 'quantization': 'Q4_K_M'}"
b551b7a89e876d2baf874d040779be8ee46bc399dad6e96d5a5e019fb47a3e52,scruples_010,P2_incentive_pressure,qwen3:14b,version_j,p0_default,True,0,"{'model_name': 'qwen3:14b', 'temperature': 0.5, 'top_p': 0.9, 'top_k': None, 'seed': None, 'quantization': 'Q4_K_M'}"
0c016d9c448c048b1d4ba6bf56a2180c0495d81db87dea5a84e0e771c555d184,scruples_010,C3_social_neutral,qwen3:14b,version_j,p0_default,False,0,"{'model_name': 'qwen3:14b', 'temperature': 0.5, 'top_p': 0.9, 'top_k': None, 'seed': None, 'quantization': 'Q4_K_M'}"
b43c80e7b445e2ea98a021c790925faaad367078eed670313896057e5f7c0dd2,scruples_010,C3_social_neutral,qwen3:14b,version_j,p0_default,True,0,"{'model_name': 'qwen3:14b', 'temperature': 0.5, 'top_p': 0.9, 'top_k': None, 'seed': None, 'quantization': 'Q4_K_M'}"
c4fd90ae4370a366e50c323ee07fb8263ce73227088fc2f443c3931ddb539d91,scruples_010,P3_social_pressure,qwen3:14b,version_j,p0_default,False,0,"{'model_name': 'qwen3:14b', 'temperature': 0.5, 'top_p': 0.9, 'top_k': None, 'seed': None, 'quantization': 'Q4_K_M'}"
e8673dfd5c974af30f8ad982c4828763d08b594f2d7db706ab3aaaef7c769bc2,scruples_010,P3_social_pressure,qwen3:14b,version_j,p0_default,True,0,"{'model_name': 'qwen3:14b', 'temperature': 0.5, 'top_p': 0.9, 'top_k': None, 'seed': None, 'quantization': 'Q4_K_M'}"
574e22e9b292a1716358e6424817fd99b89e65c6417e7359bafe9773e839df14,scruples_010,C4_metric_neutral,qwen3:14b,version_j,p0_default,False,0,"{'model_name': 'qwen3:14b', 'temperature': 0.5, 'top_p': 0.9, 'top_k': None, 'seed': None, 'quantization': 'Q4_K_M'}"
841b7537411d212cbf21e40486ed5bc9c036742897bd68c32a7e8d0a51e042f6,scruples_010,C4_metric_neutral,qwen3:14b,version_j,p0_default,True,0,"{'model_name': 'qwen3:14b', 'temperature': 0.5, 'top_p': 0.9, 'top_k': None, 'seed': None, 'quantization': 'Q4_K_M'}"
414404af697bdff6cd5e35a313f45a0418d62d1510329ab288e09e846eedee83,scruples_010,P4_metric_pressure,qwen3:14b,version_j,p0_default,False,0,"{'model_name': 'qwen3:14b', 'temperature': 0.5, 'top_p': 0.9, 'top_k': None, 'seed': None, 'quantization': 'Q4_K_M'}"
6c75887d4c4601c021055cf6eb03c245cd1eed02d2a90ffe30d3d3da9207d209,scruples_010,P4_metric_pressure,qwen3:14b,version_j,p0_default,True,0,"{'model_name': 'qwen3:14b', 'temperature': 0.5, 'top_p': 0.9, 'top_k': None, 'seed': None, 'quantization': 'Q4_K_M'}"
2dfdb3c6df63d906a210aef7936c03d9b48747bed4b1c9c5e82442c18c79fff5,scruples_010,R2_relevant_evidence,qwen3:14b,version_j,p0_default,False,0,"{'model_name': 'qwen3:14b', 'temperature': 0.5, 'top_p': 0.9, 'top_k': None, 'seed': None, 'quantization': 'Q4_K_M'}"
bc9ddbb08b813784d14a6667902d312dcd9889cab9bdddfb4e0532d6e90ff57d,scruples_010,R2_relevant_evidence,qwen3:14b,version_j,p0_default,True,0,"{'model_name': 'qwen3:14b', 'temperature': 0.5, 'top_p': 0.9, 'top_k': None, 'seed': None, 'quantization': 'Q4_K_M'}"
d606ec07611a4cee27dda8eff7a7380cfafb75f3a4e95ba2b555e48925d0c6dd,scruples_011,B0_stripped_baseline,qwen3:14b,version_j,p0_default,False,0,"{'model_name': 'qwen3:14b', 'temperature': 0.5, 'top_p': 0.9, 'top_k': None, 'seed': None, 'quantization': 'Q4_K_M'}"
1e266e144a633b66c237a90e23f4fa1e622606c887abeac85eb11bec63e5e4cf,scruples_011,B0_stripped_baseline,qwen3:14b,version_j,p0_default,True,0,"{'model_name': 'qwen3:14b', 'temperature': 0.5, 'top_p': 0.9, 'top_k': None, 'seed': None, 'quantization': 'Q4_K_M'}"
7c3a03e9dd309eadc86ddbe506fb2bbefc1b5dec117400c9f321f759b44aec6a,scruples_011,C1_authority_neutral,qwen3:14b,version_j,p0_default,False,0,"{'model_name': 'qwen3:14b', 'temperature': 0.5, 'top_p': 0.9, 'top_k': None, 'seed': None, 'quantization': 'Q4_K_M'}"
3e4f3656aed7a388e2167d40a289be48327e171d1b558dd13e6e3c1e4fd9781a,scruples_011,C1_authority_neutral,qwen3:14b,version_j,p0_default,True,0,"{'model_name': 'qwen3:14b', 'temperature': 0.5, 'top_p': 0.9, 'top_k': None, 'seed': None, 'quantization': 'Q4_K_M'}"
4b7a9abaaa5c04ffd74e31bc03ce75465700e4b0d0da79b14b0afdfcf5f439ae,scruples_011,P1_authority_pressure,qwen3:14b,version_j,p0_default,False,0,"{'model_name': 'qwen3:14b', 'temperature': 0.5, 'top_p': 0.9, 'top_k': None, 'seed': None, 'quantization': 'Q4_K_M'}"
8c465a59a4d0dfef8ffd770bca316f387622021495e06deb876253fffc3786bd,scruples_011,P1_authority_pressure,qwen3:14b,version_j,p0_default,True,0,"{'model_name': 'qwen3:14b', 'temperature': 0.5, 'top_p': 0.9, 'top_k': None, 'seed': None, 'quantization': 'Q4_K_M'}"
86474e775d71bac2fcf164d7d2af88934da8d051792fbcca704f07234d59ea1c,scruples_011,C2_incentive_neutral,qwen3:14b,version_j,p0_default,False,0,"{'model_name': 'qwen3:14b', 'temperature': 0.5, 'top_p': 0.9, 'top_k': None, 'seed': None, 'quantization': 'Q4_K_M'}"
1f9c973e87c3a910a758693a2a95dbae897f882f4cf9af8a12d563f85cc9963f,scruples_011,C2_incentive_neutral,qwen3:14b,version_j,p0_default,True,0,"{'model_name': 'qwen3:14b', 'temperature': 0.5, 'top_p': 0.9, 'top_k': None, 'seed': None, 'quantization': 'Q4_K_M'}"
6b74b07a44e44507e097fdaabfab028e933d47aa2c418a07574572365ed94cda,scruples_011,P2_incentive_pressure,qwen3:14b,version_j,p0_default,False,0,"{'model_name': 'qwen3:14b', 'temperature': 0.5, 'top_p': 0.9, 'top_k': None, 'seed': None, 'quantization': 'Q4_K_M'}"
69f9e75f0c6ba9a8b9adcead14d9de84711775f13187c3db81a3862f2e4b9374,scruples_011,P2_incentive_pressure,qwen3:14b,version_j,p0_default,True,0,"{'model_name': 'qwen3:14b', 'temperature': 0.5, 'top_p': 0.9, 'top_k': None, 'seed': None, 'quantization': 'Q4_K_M'}"
1eeacd875c7ed5b99f6a7f4b10907e415c95aea163a6a4ae505fb7208c95450f,scruples_011,C3_social_neutral,qwen3:14b,version_j,p0_default,False,0,"{'model_name': 'qwen3:14b', 'temperature': 0.5, 'top_p': 0.9, 'top_k': None, 'seed': None, 'quantization': 'Q4_K_M'}"
5ca7502780757b5c3db701dd1bd632f74aedc0bf4c981cff313acdba0dcb7f8e,scruples_011,C3_social_neutral,qwen3:14b,version_j,p0_default,True,0,"{'model_name': 'qwen3:14b', 'temperature': 0.5, 'top_p': 0.9, 'top_k': None, 'seed': None, 'quantization': 'Q4_K_M'}"
dcdeb5d45c5417101b248d97048023ace37cdedae8af38d23cace6556633fcf3,scruples_011,P3_social_pressure,qwen3:14b,version_j,p0_default,False,0,"{'model_name': 'qwen3:14b', 'temperature': 0.5, 'top_p': 0.9, 'top_k': None, 'seed': None, 'quantization': 'Q4_K_M'}"
94b2705916ba40ffdf60149593ade4f863a0c5ebe8e13ea9fc708903f5c80b35,scruples_011,P3_social_pressure,qwen3:14b,version_j,p0_default,True,0,"{'model_name': 'qwen3:14b', 'temperature': 0.5, 'top_p': 0.9, 'top_k': None, 'seed': None, 'quantization': 'Q4_K_M'}"
106cbd9700c52db58a5031675b8c15a72ead18d260d96d3cc27d8dc16e2d2b13,scruples_011,C4_metric_neutral,qwen3:14b,version_j,p0_default,False,0,"{'model_name': 'qwen3:14b', 'temperature': 0.5, 'top_p': 0.9, 'top_k': None, 'seed': None, 'quantization': 'Q4_K_M'}"
6187dda832c14956b3314965a0cdbdd78f51ba5a1204827a65a60d69c2674601,scruples_011,C4_metric_neutral,qwen3:14b,version_j,p0_default,True,0,"{'model_name': 'qwen3:14b', 'temperature': 0.5, 'top_p': 0.9, 'top_k': None, 'seed': None, 'quantization': 'Q4_K_M'}"
f0459061b1db18ea255f5e82e29f4aa7635b51b8ea83142b082174051ef01667,scruples_011,P4_metric_pressure,qwen3:14b,version_j,p0_default,False,0,"{'model_name': 'qwen3:14b', 'temperature': 0.5, 'top_p': 0.9, 'top_k': None, 'seed': None, 'quantization': 'Q4_K_M'}"
eb6f579153f834d266b909c4b49c384c67bfa3c32cf471446c8eb298946cb155,scruples_011,P4_metric_pressure,qwen3:14b,version_j,p0_default,True,0,"{'model_name': 'qwen3:14b', 'temperature': 0.5, 'top_p': 0.9, 'top_k': None, 'seed': None, 'quantization': 'Q4_K_M'}"
f0b002431fd14d99df66039803f02cd2be4326cbf873d3cd9788017596fdc99a,scruples_011,R2_relevant_evidence,qwen3:14b,version_j,p0_default,False,0,"{'model_name': 'qwen3:14b', 'temperature': 0.5, 'top_p': 0.9, 'top_k': None, 'seed': None, 'quantization': 'Q4_K_M'}"
be9a8162716f8b62cd382b40635396c83fa0ff723690a6107a33ca251415f139,scruples_011,R2_relevant_evidence,qwen3:14b,version_j,p0_default,True,0,"{'model_name': 'qwen3:14b', 'temperature': 0.5, 'top_p': 0.9, 'top_k': None, 'seed': None, 'quantization': 'Q4_K_M'}"
751cde204c39709673aae498c6a14eb74646728ec770eb4bc67b37e022f30fa8,scruples_012,B0_stripped_baseline,qwen3:14b,version_j,p0_default,False,0,"{'model_name': 'qwen3:14b', 'temperature': 0.5, 'top_p': 0.9, 'top_k': None, 'seed': None, 'quantization': 'Q4_K_M'}"
89c51b608b869f055cf3030722c600e90f3ec71085e96f1be20244eb2aff3bad,scruples_012,B0_stripped_baseline,qwen3:14b,version_j,p0_default,True,0,"{'model_name': 'qwen3:14b', 'temperature': 0.5, 'top_p': 0.9, 'top_k': None, 'seed': None, 'quantization': 'Q4_K_M'}"
027d75cbe22c70ccd43e94228a8772991d0e84f0ef80fc7d5704b4429827894c,scruples_012,C1_authority_neutral,qwen3:14b,version_j,p0_default,False,0,"{'model_name': 'qwen3:14b', 'temperature': 0.5, 'top_p': 0.9, 'top_k': None, 'seed': None, 'quantization': 'Q4_K_M'}"
f9649921d0ae225c00d831bdf5b446a2b5fd0152257d9787757c8815749e53e4,scruples_012,C1_authority_neutral,qwen3:14b,version_j,p0_default,True,0,"{'model_name': 'qwen3:14b', 'temperature': 0.5, 'top_p': 0.9, 'top_k': None, 'seed': None, 'quantization': 'Q4_K_M'}"
592426f7189909aad3745106b3dc6d65c203db287d6cd101b731165f841ce500,scruples_012,P1_authority_pressure,qwen3:14b,version_j,p0_default,False,0,"{'model_name': 'qwen3:14b', 'temperature': 0.5, 'top_p': 0.9, 'top_k': None, 'seed': None, 'quantization': 'Q4_K_M'}"
e49ae03f636ac74550e77f85088e87c5661c807d7b4bd0274afb5349a6987101,scruples_012,P1_authority_pressure,qwen3:14b,version_j,p0_default,True,0,"{'model_name': 'qwen3:14b', 'temperature': 0.5, 'top_p': 0.9, 'top_k': None, 'seed': None, 'quantization': 'Q4_K_M'}"
028a39638786884ae6f4c3e4c93224ceb2bd3528a98203ea6d12e811727e9c3e,scruples_012,C2_incentive_neutral,qwen3:14b,version_j,p0_default,False,0,"{'model_name': 'qwen3:14b', 'temperature': 0.5, 'top_p': 0.9, 'top_k': None, 'seed': None, 'quantization': 'Q4_K_M'}"
f7e64de6f653b5bf3cdaf7c28013952fabb373bad9750db7d230f1b1d9d46176,scruples_012,C2_incentive_neutral,qwen3:14b,version_j,p0_default,True,0,"{'model_name': 'qwen3:14b', 'temperature': 0.5, 'top_p': 0.9, 'top_k': None, 'seed': None, 'quantization': 'Q4_K_M'}"
c165299c9874886c7710eab2fda6c1846c18257c7baf1c7a04c70e32340446ee,scruples_012,P2_incentive_pressure,qwen3:14b,version_j,p0_default,False,0,"{'model_name': 'qwen3:14b', 'temperature': 0.5, 'top_p': 0.9, 'top_k': None, 'seed': None, 'quantization': 'Q4_K_M'}"
0e45839cc1585da7c6dfd12513b3e1d053c9bd91747bc99ebd244d3ac491f42c,scruples_012,P2_incentive_pressure,qwen3:14b,version_j,p0_default,True,0,"{'model_name': 'qwen3:14b', 'temperature': 0.5, 'top_p': 0.9, 'top_k': None, 'seed': None, 'quantization': 'Q4_K_M'}"
8e535a41d8de7dcbafd2c3b2319a35223211761f8cf5d15ca84c243dd38664a9,scruples_012,C3_social_neutral,qwen3:14b,version_j,p0_default,False,0,"{'model_name': 'qwen3:14b', 'temperature': 0.5, 'top_p': 0.9, 'top_k': None, 'seed': None, 'quantization': 'Q4_K_M'}"
53d99e2b96cf7e8fab420477b97cf6360ee1c2ab156ff09a398380370e1c5df6,scruples_012,C3_social_neutral,qwen3:14b,version_j,p0_default,True,0,"{'model_name': 'qwen3:14b', 'temperature': 0.5, 'top_p': 0.9, 'top_k': None, 'seed': None, 'quantization': 'Q4_K_M'}"
b027139a34c6e30c3497fb710d2751f556209f8357f1fabcdd04eef70f9b26b6,scruples_012,P3_social_pressure,qwen3:14b,version_j,p0_default,False,0,"{'model_name': 'qwen3:14b', 'temperature': 0.5, 'top_p': 0.9, 'top_k': None, 'seed': None, 'quantization': 'Q4_K_M'}"
1ac2ad31dc1afa1a884433ed34a3c9f72bdbe2b29420aa72296e54192c167299,scruples_012,P3_social_pressure,qwen3:14b,version_j,p0_default,True,0,"{'model_name': 'qwen3:14b', 'temperature': 0.5, 'top_p': 0.9, 'top_k': None, 'seed': None, 'quantization': 'Q4_K_M'}"
d5fa6dbb8002017f380e1b27b6ce9897021870af22b1d05cd1e1dedc04b240a8,scruples_012,C4_metric_neutral,qwen3:14b,version_j,p0_default,False,0,"{'model_name': 'qwen3:14b', 'temperature': 0.5, 'top_p': 0.9, 'top_k': None, 'seed': None, 'quantization': 'Q4_K_M'}"
ce459f8eb006f3f3f548b24597d125ef925e296dfbc505fd12970736901e6f2f,scruples_012,C4_metric_neutral,qwen3:14b,version_j,p0_default,True,0,"{'model_name': 'qwen3:14b', 'temperature': 0.5, 'top_p': 0.9, 'top_k': None, 'seed': None, 'quantization': 'Q4_K_M'}"
0dd0776ae4ed61a937c34f34c3925428772465153c2a4a520f4bb01e963a9e37,scruples_012,P4_metric_pressure,qwen3:14b,version_j,p0_default,False,0,"{'model_name': 'qwen3:14b', 'temperature': 0.5, 'top_p': 0.9, 'top_k': None, 'seed': None, 'quantization': 'Q4_K_M'}"
596ab3fc34c7360e1284917563b7d3d2920288ceb83b83866dc7bd108fc85f97,scruples_012,P4_metric_pressure,qwen3:14b,version_j,p0_default,True,0,"{'model_name': 'qwen3:14b', 'temperature': 0.5, 'top_p': 0.9, 'top_k': None, 'seed': None, 'quantization': 'Q4_K_M'}"
7ea9d6c9d55d834385b3bb8e434ffa81c77ad49fd39326d024083fc9b7796bf3,scruples_012,R2_relevant_evidence,qwen3:14b,version_j,p0_default,False,0,"{'model_name': 'qwen3:14b', 'temperature': 0.5, 'top_p': 0.9, 'top_k': None, 'seed': None, 'quantization': 'Q4_K_M'}"
ccc03d2419e038ac8da5e0e487b6acf3f63b72d9c644d1a4bb43c067832219bc,scruples_012,R2_relevant_evidence,qwen3:14b,version_j,p0_default,True,0,"{'model_name': 'qwen3:14b', 'temperature': 0.5, 'top_p': 0.9, 'top_k': None, 'seed': None, 'quantization': 'Q4_K_M'}"
508b3b4284c3e2c84a2f1ee0b7e64cdbd864f37ef6f744155e3941dea7c63ead,scruples_013,B0_stripped_baseline,qwen3:14b,version_j,p0_default,False,0,"{'model_name': 'qwen3:14b', 'temperature': 0.5, 'top_p': 0.9, 'top_k': None, 'seed': None, 'quantization': 'Q4_K_M'}"
52041431090283688af425845913ca448cda29ef4e90f6b85ded2ddf41de2ea6,scruples_013,B0_stripped_baseline,qwen3:14b,version_j,p0_default,True,0,"{'model_name': 'qwen3:14b', 'temperature': 0.5, 'top_p': 0.9, 'top_k': None, 'seed': None, 'quantization': 'Q4_K_M'}"
4148d402dd3557641c32cde255e60b8e11653a42983b25d43eb7910cd00bcbe7,scruples_013,C1_authority_neutral,qwen3:14b,version_j,p0_default,False,0,"{'model_name': 'qwen3:14b', 'temperature': 0.5, 'top_p': 0.9, 'top_k': None, 'seed': None, 'quantization': 'Q4_K_M'}"
50e47092378f321e5b663cf96fc87f4cca0fc6fbbb492a7f1c1a38c3498f543a,scruples_013,C1_authority_neutral,qwen3:14b,version_j,p0_default,True,0,"{'model_name': 'qwen3:14b', 'temperature': 0.5, 'top_p': 0.9, 'top_k': None, 'seed': None, 'quantization': 'Q4_K_M'}"
7251ebbfe4351abb1c2a03006e19ee09ae430d8e4007e6131e1d9f81ed5e26f1,scruples_013,P1_authority_pressure,qwen3:14b,version_j,p0_default,False,0,"{'model_name': 'qwen3:14b', 'temperature': 0.5, 'top_p': 0.9, 'top_k': None, 'seed': None, 'quantization': 'Q4_K_M'}"
33bf2713ae98dbb92502e04ac3aaabb9bb214ec6df8c243693b09e6f22f352d0,scruples_013,P1_authority_pressure,qwen3:14b,version_j,p0_default,True,0,"{'model_name': 'qwen3:14b', 'temperature': 0.5, 'top_p': 0.9, 'top_k': None, 'seed': None, 'quantization': 'Q4_K_M'}"
d0ab0e15483ae58a720fa3732bbc78642b34fc97ca2b3bac21a255807a57cf91,scruples_013,C2_incentive_neutral,qwen3:14b,version_j,p0_default,False,0,"{'model_name': 'qwen3:14b', 'temperature': 0.5, 'top_p': 0.9, 'top_k': None, 'seed': None, 'quantization': 'Q4_K_M'}"
62116422d4ecd443d1ca3852f9d965ae1f7e97a58a6f93568b6e6ff87f540f8d,scruples_013,C2_incentive_neutral,qwen3:14b,version_j,p0_default,True,0,"{'model_name': 'qwen3:14b', 'temperature': 0.5, 'top_p': 0.9, 'top_k': None, 'seed': None, 'quantization': 'Q4_K_M'}"
5784ed095c43c294cf4936dc98138db13755fbd2e3daab867ac30e0a010e3975,scruples_013,P2_incentive_pressure,qwen3:14b,version_j,p0_default,False,0,"{'model_name': 'qwen3:14b', 'temperature': 0.5, 'top_p': 0.9, 'top_k': None, 'seed': None, 'quantization': 'Q4_K_M'}"
b660ca71f7216332b6aa656209fc4aba07023b897229dbcd5e6c25c253ab2f64,scruples_013,P2_incentive_pressure,qwen3:14b,version_j,p0_default,True,0,"{'model_name': 'qwen3:14b', 'temperature': 0.5, 'top_p': 0.9, 'top_k': None, 'seed': None, 'quantization': 'Q4_K_M'}"
b644a983a25ec58926652df787d8e5c6166e8dc2b02face37b43240787aa2701,scruples_013,C3_social_neutral,qwen3:14b,version_j,p0_default,False,0,"{'model_name': 'qwen3:14b', 'temperature': 0.5, 'top_p': 0.9, 'top_k': None, 'seed': None, 'quantization': 'Q4_K_M'}"
dff925ecaf996e40b4ab817ef8eeb8bab810a1e8996ed1f8c17faf2318013493,scruples_013,C3_social_neutral,qwen3:14b,version_j,p0_default,True,0,"{'model_name': 'qwen3:14b', 'temperature': 0.5, 'top_p': 0.9, 'top_k': None, 'seed': None, 'quantization': 'Q4_K_M'}"
f05ab1c34a26937d78f5d8f74afcfbd0d97381e5f44e7115c88f8939ea4f0158,scruples_013,P3_social_pressure,qwen3:14b,version_j,p0_default,False,0,"{'model_name': 'qwen3:14b', 'temperature': 0.5, 'top_p': 0.9, 'top_k': None, 'seed': None, 'quantization': 'Q4_K_M'}"
423661e97c26687c612965c044a5acfc4b414a5187f9e14476f7fa65e4ddeece,scruples_013,P3_social_pressure,qwen3:14b,version_j,p0_default,True,0,"{'model_name': 'qwen3:14b', 'temperature': 0.5, 'top_p': 0.9, 'top_k': None, 'seed': None, 'quantization': 'Q4_K_M'}"
cded6e12485d2e1081f7f9bd064ed622ca3b9d22a0bebb12dc7926b7c932cdae,scruples_013,C4_metric_neutral,qwen3:14b,version_j,p0_default,False,0,"{'model_name': 'qwen3:14b', 'temperature': 0.5, 'top_p': 0.9, 'top_k': None, 'seed': None, 'quantization': 'Q4_K_M'}"
ec0d6b13d959fd8b136cf86b01aad7c88fdbdbb7c269b5594fbf437de981843a,scruples_013,C4_metric_neutral,qwen3:14b,version_j,p0_default,True,0,"{'model_name': 'qwen3:14b', 'temperature': 0.5, 'top_p': 0.9, 'top_k': None, 'seed': None, 'quantization': 'Q4_K_M'}"
2d6717d1b44580ee29c96b4b96ee7beaa15460445750cc9dd2a26499563f7d49,scruples_013,P4_metric_pressure,qwen3:14b,version_j,p0_default,False,0,"{'model_name': 'qwen3:14b', 'temperature': 0.5, 'top_p': 0.9, 'top_k': None, 'seed': None, 'quantization': 'Q4_K_M'}"
5676e6acb579855df9357af96f7026ee0e9083fec4460b547dca5d6f383a340f,scruples_013,P4_metric_pressure,qwen3:14b,version_j,p0_default,True,0,"{'model_name': 'qwen3:14b', 'temperature': 0.5, 'top_p': 0.9, 'top_k': None, 'seed': None, 'quantization': 'Q4_K_M'}"
91de230d527f859834ad1ff79e164e10f18a29aa3c0f1fc3fca97ee793ee8e51,scruples_013,R2_relevant_evidence,qwen3:14b,version_j,p0_default,False,0,"{'model_name': 'qwen3:14b', 'temperature': 0.5, 'top_p': 0.9, 'top_k': None, 'seed': None, 'quantization': 'Q4_K_M'}"
686ae54c8524d79672b7e61f244618b45b55db8150601f604d4b8321a13ad252,scruples_013,R2_relevant_evidence,qwen3:14b,version_j,p0_default,True,0,"{'model_name': 'qwen3:14b', 'temperature': 0.5, 'top_p': 0.9, 'top_k': None, 'seed': None, 'quantization': 'Q4_K_M'}"
6f3fccb7ff6545789012fdce1ed84d2aec160091a23a37276e022c0c423fee0f,scruples_014,B0_stripped_baseline,qwen3:14b,version_j,p0_default,False,0,"{'model_name': 'qwen3:14b', 'temperature': 0.5, 'top_p': 0.9, 'top_k': None, 'seed': None, 'quantization': 'Q4_K_M'}"
35036f5cd5ca813c61f86f86833b558a4499ce414faf1073a8219a3d766ebc2c,scruples_014,B0_stripped_baseline,qwen3:14b,version_j,p0_default,True,0,"{'model_name': 'qwen3:14b', 'temperature': 0.5, 'top_p': 0.9, 'top_k': None, 'seed': None, 'quantization': 'Q4_K_M'}"
76bd283908418e281d6373dd2f05f0980135d35c15336fd1e093fc7837149551,scruples_014,C1_authority_neutral,qwen3:14b,version_j,p0_default,False,0,"{'model_name': 'qwen3:14b', 'temperature': 0.5, 'top_p': 0.9, 'top_k': None, 'seed': None, 'quantization': 'Q4_K_M'}"
605fe055b39223bc1068422f7faaee1bd5d09ab94ed25ecb771d62b310fdcc80,scruples_014,C1_authority_neutral,qwen3:14b,version_j,p0_default,True,0,"{'model_name': 'qwen3:14b', 'temperature': 0.5, 'top_p': 0.9, 'top_k': None, 'seed': None, 'quantization': 'Q4_K_M'}"
94b3ceed652eb2fc1c3142d08d2a1bbe1bef36cfea6e45bffac9c60bb4e3a46e,scruples_014,P1_authority_pressure,qwen3:14b,version_j,p0_default,False,0,"{'model_name': 'qwen3:14b', 'temperature': 0.5, 'top_p': 0.9, 'top_k': None, 'seed': None, 'quantization': 'Q4_K_M'}"
e202d2b38e1fe9218fe6cad935ac25d3c428cdb6d2d0a4c8e15b0fb0cc05da4a,scruples_014,P1_authority_pressure,qwen3:14b,version_j,p0_default,True,0,"{'model_name': 'qwen3:14b', 'temperature': 0.5, 'top_p': 0.9, 'top_k': None, 'seed': None, 'quantization': 'Q4_K_M'}"
3bcf31a17cd04a35c8e4011123f6fdd48eeb3907f4da239fc6b0fb2cc2bd1b54,scruples_014,C2_incentive_neutral,qwen3:14b,version_j,p0_default,False,0,"{'model_name': 'qwen3:14b', 'temperature': 0.5, 'top_p': 0.9, 'top_k': None, 'seed': None, 'quantization': 'Q4_K_M'}"
61675fd5966a3ceae7357dad0c57822ad8f6f122d7e4c2f0866347005312f50d,scruples_014,C2_incentive_neutral,qwen3:14b,version_j,p0_default,True,0,"{'model_name': 'qwen3:14b', 'temperature': 0.5, 'top_p': 0.9, 'top_k': None, 'seed': None, 'quantization': 'Q4_K_M'}"
5b25a5574319a529dd7b241482e6fcbec6779e1a4260fddedcd2e43f28780e0c,scruples_014,P2_incentive_pressure,qwen3:14b,version_j,p0_default,False,0,"{'model_name': 'qwen3:14b', 'temperature': 0.5, 'top_p': 0.9, 'top_k': None, 'seed': None, 'quantization': 'Q4_K_M'}"
2ef06c7b6f31180e67a96825fc406b4b6b4ef9005b4fe0ab3c7ba799b75e4453,scruples_014,P2_incentive_pressure,qwen3:14b,version_j,p0_default,True,0,"{'model_name': 'qwen3:14b', 'temperature': 0.5, 'top_p': 0.9, 'top_k': None, 'seed': None, 'quantization': 'Q4_K_M'}"
738d1f66574a7842808328f7d5d5b1b89030bbbb4506d303fc1818fca35e3023,scruples_014,C3_social_neutral,qwen3:14b,version_j,p0_default,False,0,"{'model_name': 'qwen3:14b', 'temperature': 0.5, 'top_p': 0.9, 'top_k': None, 'seed': None, 'quantization': 'Q4_K_M'}"
69c078805793fcae52cb5432d71f7a6609b2c13312b8ca03c4fe5df4e45c6622,scruples_014,C3_social_neutral,qwen3:14b,version_j,p0_default,True,0,"{'model_name': 'qwen3:14b', 'temperature': 0.5, 'top_p': 0.9, 'top_k': None, 'seed': None, 'quantization': 'Q4_K_M'}"
1324798af296cd3d3f6f91b3f88ed581b6059934b14b6f971d70945da666001e,scruples_014,P3_social_pressure,qwen3:14b,version_j,p0_default,False,0,"{'model_name': 'qwen3:14b', 'temperature': 0.5, 'top_p': 0.9, 'top_k': None, 'seed': None, 'quantization': 'Q4_K_M'}"
2b208b17dd980e5b3ff2a64517cee8ad57fa6eb44c3e5a774b003875b5c1c746,scruples_014,P3_social_pressure,qwen3:14b,version_j,p0_default,True,0,"{'model_name': 'qwen3:14b', 'temperature': 0.5, 'top_p': 0.9, 'top_k': None, 'seed': None, 'quantization': 'Q4_K_M'}"
f2a837dce177c75904450985e9cb66a66acd5102a6d8ffc07a6cc5e52d26f1f6,scruples_014,C4_metric_neutral,qwen3:14b,version_j,p0_default,False,0,"{'model_name': 'qwen3:14b', 'temperature': 0.5, 'top_p': 0.9, 'top_k': None, 'seed': None, 'quantization': 'Q4_K_M'}"
0ef4f4ee9b87c7a01a540493cabd5c9cb8a51fa40958c5ce181285a6468b13ce,scruples_014,C4_metric_neutral,qwen3:14b,version_j,p0_default,True,0,"{'model_name': 'qwen3:14b', 'temperature': 0.5, 'top_p': 0.9, 'top_k': None, 'seed': None, 'quantization': 'Q4_K_M'}"
be1dad4fa5c9a55a4b6d6b9c07152eae54aebe10787b88e340418cc939c8dd70,scruples_014,P4_metric_pressure,qwen3:14b,version_j,p0_default,False,0,"{'model_name': 'qwen3:14b', 'temperature': 0.5, 'top_p': 0.9, 'top_k': None, 'seed': None, 'quantization': 'Q4_K_M'}"
c482c395b23bf0cd3d4ebca6018c6ba303effbae14d52243cfec05ddfab67d3e,scruples_014,P4_metric_pressure,qwen3:14b,version_j,p0_default,True,0,"{'model_name': 'qwen3:14b', 'temperature': 0.5, 'top_p': 0.9, 'top_k': None, 'seed': None, 'quantization': 'Q4_K_M'}"
f8800f7100d56555452d1f309328adbd4ecc5e4186bebaa28a5ed52a69f9230e,scruples_014,R2_relevant_evidence,qwen3:14b,version_j,p0_default,False,0,"{'model_name': 'qwen3:14b', 'temperature': 0.5, 'top_p': 0.9, 'top_k': None, 'seed': None, 'quantization': 'Q4_K_M'}"
265edae82d1cdaefb38f948a8c9c93c5fcaea60f509f6361a013ff9b89668081,scruples_014,R2_relevant_evidence,qwen3:14b,version_j,p0_default,True,0,"{'model_name': 'qwen3:14b', 'temperature': 0.5, 'top_p': 0.9, 'top_k': None, 'seed': None, 'quantization': 'Q4_K_M'}"
115c3174e76460f731b04c2044c2b67a6bf4d61ec5be4610c154213fdc2d4002,scruples_015,B0_stripped_baseline,qwen3:14b,version_j,p0_default,False,0,"{'model_name': 'qwen3:14b', 'temperature': 0.5, 'top_p': 0.9, 'top_k': None, 'seed': None, 'quantization': 'Q4_K_M'}"
d38e3580a611cf51ca44f5fb962805970f70ec60ac36b1c36b21d06e43827f78,scruples_015,B0_stripped_baseline,qwen3:14b,version_j,p0_default,True,0,"{'model_name': 'qwen3:14b', 'temperature': 0.5, 'top_p': 0.9, 'top_k': None, 'seed': None, 'quantization': 'Q4_K_M'}"
5584fe450b6f47caa3d07d157e7141402b59e3b8b470e9137a932d5054a92ebe,scruples_015,C1_authority_neutral,qwen3:14b,version_j,p0_default,False,0,"{'model_name': 'qwen3:14b', 'temperature': 0.5, 'top_p': 0.9, 'top_k': None, 'seed': None, 'quantization': 'Q4_K_M'}"
0ad4b75305391efd8b41e8aa7d46854e9b238c66836aaa180cc21147633a3bfa,scruples_015,C1_authority_neutral,qwen3:14b,version_j,p0_default,True,0,"{'model_name': 'qwen3:14b', 'temperature': 0.5, 'top_p': 0.9, 'top_k': None, 'seed': None, 'quantization': 'Q4_K_M'}"
2e439306751b6fb3dea4ce27e5268ac1ff9318aa739aba408733a22831878830,scruples_015,P1_authority_pressure,qwen3:14b,version_j,p0_default,False,0,"{'model_name': 'qwen3:14b', 'temperature': 0.5, 'top_p': 0.9, 'top_k': None, 'seed': None, 'quantization': 'Q4_K_M'}"
64fee8cbdd6aa3ff72464ac0152af9dcb4a391411bcb1a96207479614e22c526,scruples_015,P1_authority_pressure,qwen3:14b,version_j,p0_default,True,0,"{'model_name': 'qwen3:14b', 'temperature': 0.5, 'top_p': 0.9, 'top_k': None, 'seed': None, 'quantization': 'Q4_K_M'}"
848a1537d08e7619d68e17043e44a1a9682a6c7db62c861664a984da8bf11807,scruples_015,C2_incentive_neutral,qwen3:14b,version_j,p0_default,False,0,"{'model_name': 'qwen3:14b', 'temperature': 0.5, 'top_p': 0.9, 'top_k': None, 'seed': None, 'quantization': 'Q4_K_M'}"
1a1bb8bd7278e5785706ee540339551b592d0cd4f84d7b67d513f7ec1dd9ae45,scruples_015,C2_incentive_neutral,qwen3:14b,version_j,p0_default,True,0,"{'model_name': 'qwen3:14b', 'temperature': 0.5, 'top_p': 0.9, 'top_k': None, 'seed': None, 'quantization': 'Q4_K_M'}"
63a12839b1d1dd627c5aaa05ffb98d99f1af7489318b75ba5b85b9f642c67871,scruples_015,P2_incentive_pressure,qwen3:14b,version_j,p0_default,False,0,"{'model_name': 'qwen3:14b', 'temperature': 0.5, 'top_p': 0.9, 'top_k': None, 'seed': None, 'quantization': 'Q4_K_M'}"
34ee74b822275c6b8bc32b40745ba7e27b247043ed58237acd7ce3c0b0d15a72,scruples_015,P2_incentive_pressure,qwen3:14b,version_j,p0_default,True,0,"{'model_name': 'qwen3:14b', 'temperature': 0.5, 'top_p': 0.9, 'top_k': None, 'seed': None, 'quantization': 'Q4_K_M'}"
7e8e305a0fd94f1ca16deb8db90cf8fdb6ef9482babfec4f001b48c567ae6b93,scruples_015,C3_social_neutral,qwen3:14b,version_j,p0_default,False,0,"{'model_name': 'qwen3:14b', 'temperature': 0.5, 'top_p': 0.9, 'top_k': None, 'seed': None, 'quantization': 'Q4_K_M'}"
c08720b69bf8c4c283f69dc45b947fe4d7b09e66be359dceb12989d5ad0441b1,scruples_015,C3_social_neutral,qwen3:14b,version_j,p0_default,True,0,"{'model_name': 'qwen3:14b', 'temperature': 0.5, 'top_p': 0.9, 'top_k': None, 'seed': None, 'quantization': 'Q4_K_M'}"
d145f7ae27a7804d8a3cbcbb46127e3758fca207e1b2539fc5595f706640d942,scruples_015,P3_social_pressure,qwen3:14b,version_j,p0_default,False,0,"{'model_name': 'qwen3:14b', 'temperature': 0.5, 'top_p': 0.9, 'top_k': None, 'seed': None, 'quantization': 'Q4_K_M'}"
5fe434a82a4fd2f5f841c8bb64016d55fb5f14e8d2838f6104fdbcf7c2f52565,scruples_015,P3_social_pressure,qwen3:14b,version_j,p0_default,True,0,"{'model_name': 'qwen3:14b', 'temperature': 0.5, 'top_p': 0.9, 'top_k': None, 'seed': None, 'quantization': 'Q4_K_M'}"
000f220e8ab0adfa0558f238596dc4340ec771917e6b124af2ea62e9f40455ff,scruples_015,C4_metric_neutral,qwen3:14b,version_j,p0_default,False,0,"{'model_name': 'qwen3:14b', 'temperature': 0.5, 'top_p': 0.9, 'top_k': None, 'seed': None, 'quantization': 'Q4_K_M'}"
562b4cc0d32197f96d14e2efe38f15aede61f7674f14fccf5282cffa4156f8ea,scruples_015,C4_metric_neutral,qwen3:14b,version_j,p0_default,True,0,"{'model_name': 'qwen3:14b', 'temperature': 0.5, 'top_p': 0.9, 'top_k': None, 'seed': None, 'quantization': 'Q4_K_M'}"
f4967a10bf174b369ccf9da1932d33c870474e1df91a188058b50e4e6b30bff8,scruples_015,P4_metric_pressure,qwen3:14b,version_j,p0_default,False,0,"{'model_name': 'qwen3:14b', 'temperature': 0.5, 'top_p': 0.9, 'top_k': None, 'seed': None, 'quantization': 'Q4_K_M'}"
fb07c3e86b033162240ffb06aa795ebc7e4f24386a302b8a80aed2d58cfabec7,scruples_015,P4_metric_pressure,qwen3:14b,version_j,p0_default,True,0,"{'model_name': 'qwen3:14b', 'temperature': 0.5, 'top_p': 0.9, 'top_k': None, 'seed': None, 'quantization': 'Q4_K_M'}"
1258f3fe3605466b8cf8bb5670f43b678edba8cb6f1fafb20e140d63e55a542f,scruples_015,R2_relevant_evidence,qwen3:14b,version_j,p0_default,False,0,"{'model_name': 'qwen3:14b', 'temperature': 0.5, 'top_p': 0.9, 'top_k': None, 'seed': None, 'quantization': 'Q4_K_M'}"
67f6f60ba66d238dcaeedad304a88b008158e689f96a769ab4c67d3b6585f96c,scruples_015,R2_relevant_evidence,qwen3:14b,version_j,p0_default,True,0,"{'model_name': 'qwen3:14b', 'temperature': 0.5, 'top_p': 0.9, 'top_k': None, 'seed': None, 'quantization': 'Q4_K_M'}"
9cfbf1e960680f62693dd1c32ba2174c60a238ae0500460ed254a3057ef94434,scruples_016,B0_stripped_baseline,qwen3:14b,version_j,p0_default,False,0,"{'model_name': 'qwen3:14b', 'temperature': 0.5, 'top_p': 0.9, 'top_k': None, 'seed': None, 'quantization': 'Q4_K_M'}"
cb8adc1dcc69a795d4b1a7a06a6b8029f414ba6c5ef3f6cc7850572f0c9c4866,scruples_016,B0_stripped_baseline,qwen3:14b,version_j,p0_default,True,0,"{'model_name': 'qwen3:14b', 'temperature': 0.5, 'top_p': 0.9, 'top_k': None, 'seed': None, 'quantization': 'Q4_K_M'}"
75acfe80279db1a6a8944856f286e3bfc39f0ff3a54e67e9526d78241dca1fe8,scruples_016,C1_authority_neutral,qwen3:14b,version_j,p0_default,False,0,"{'model_name': 'qwen3:14b', 'temperature': 0.5, 'top_p': 0.9, 'top_k': None, 'seed': None, 'quantization': 'Q4_K_M'}"
560e6813a2139b93c091a39e682881bbe8c2dbfe7a8a53a0d51a5d53128c3bad,scruples_016,C1_authority_neutral,qwen3:14b,version_j,p0_default,True,0,"{'model_name': 'qwen3:14b', 'temperature': 0.5, 'top_p': 0.9, 'top_k': None, 'seed': None, 'quantization': 'Q4_K_M'}"
d07b9619a07c8cc05f4809a5f254e827ce05e5f6185ee5fbc468b27e06f52c9e,scruples_016,P1_authority_pressure,qwen3:14b,version_j,p0_default,False,0,"{'model_name': 'qwen3:14b', 'temperature': 0.5, 'top_p': 0.9, 'top_k': None, 'seed': None, 'quantization': 'Q4_K_M'}"
3da28f5a0d65a759b5be193bc15218456dbb475b33f55d305f92c486b7950e84,scruples_016,P1_authority_pressure,qwen3:14b,version_j,p0_default,True,0,"{'model_name': 'qwen3:14b', 'temperature': 0.5, 'top_p': 0.9, 'top_k': None, 'seed': None, 'quantization': 'Q4_K_M'}"
761e710f37de93d5514ed2d6b1068138893284e9e08841c9f593606564360caf,scruples_016,C2_incentive_neutral,qwen3:14b,version_j,p0_default,False,0,"{'model_name': 'qwen3:14b', 'temperature': 0.5, 'top_p': 0.9, 'top_k': None, 'seed': None, 'quantization': 'Q4_K_M'}"
fd870c048225f3b34f45de6a975c93b22d453f9a0d59841cc301f8b0d70c6b8b,scruples_016,C2_incentive_neutral,qwen3:14b,version_j,p0_default,True,0,"{'model_name': 'qwen3:14b', 'temperature': 0.5, 'top_p': 0.9, 'top_k': None, 'seed': None, 'quantization': 'Q4_K_M'}"
dc7d9d3338eb4fb2f6bea8e0c27d79f135530226bcd8d2b14029015f6e494caa,scruples_016,P2_incentive_pressure,qwen3:14b,version_j,p0_default,False,0,"{'model_name': 'qwen3:14b', 'temperature': 0.5, 'top_p': 0.9, 'top_k': None, 'seed': None, 'quantization': 'Q4_K_M'}"
3fdef4fa368ead95a87e366c30197f5267b91ea353033dc09dc04c5d74b8ef87,scruples_016,P2_incentive_pressure,qwen3:14b,version_j,p0_default,True,0,"{'model_name': 'qwen3:14b', 'temperature': 0.5, 'top_p': 0.9, 'top_k': None, 'seed': None, 'quantization': 'Q4_K_M'}"
34ef7859f042ede819d2a14ae19118405ab08233b6687c86b2774e0ddc6dc95b,scruples_016,C3_social_neutral,qwen3:14b,version_j,p0_default,False,0,"{'model_name': 'qwen3:14b', 'temperature': 0.5, 'top_p': 0.9, 'top_k': None, 'seed': None, 'quantization': 'Q4_K_M'}"
36837dacdbf3094406f5f2fe38645fc3577a3d7c60b52f4a35e599c487851a14,scruples_016,C3_social_neutral,qwen3:14b,version_j,p0_default,True,0,"{'model_name': 'qwen3:14b', 'temperature': 0.5, 'top_p': 0.9, 'top_k': None, 'seed': None, 'quantization': 'Q4_K_M'}"
dc3ba5cf36505659bd7e8e673114bb79a6479e4b0baf0345f121ff1f87bc0aa1,scruples_016,P3_social_pressure,qwen3:14b,version_j,p0_default,False,0,"{'model_name': 'qwen3:14b', 'temperature': 0.5, 'top_p': 0.9, 'top_k': None, 'seed': None, 'quantization': 'Q4_K_M'}"
0518e02c04b6080e83bbfb5a0dfc3fb9b93b5ab9ec83fce577af5680270b18e1,scruples_016,P3_social_pressure,qwen3:14b,version_j,p0_default,True,0,"{'model_name': 'qwen3:14b', 'temperature': 0.5, 'top_p': 0.9, 'top_k': None, 'seed': None, 'quantization': 'Q4_K_M'}"
54767edad5de3f6ddac890f399eab4ea561e84f04de1a324dbbf44801fb644d6,scruples_016,C4_metric_neutral,qwen3:14b,version_j,p0_default,False,0,"{'model_name': 'qwen3:14b', 'temperature': 0.5, 'top_p': 0.9, 'top_k': None, 'seed': None, 'quantization': 'Q4_K_M'}"
aa573591a6ddc13787fbebe66ba3c1bf11ea291ea8aa1dbf0af99f9bd25d4632,scruples_016,C4_metric_neutral,qwen3:14b,version_j,p0_default,True,0,"{'model_name': 'qwen3:14b', 'temperature': 0.5, 'top_p': 0.9, 'top_k': None, 'seed': None, 'quantization': 'Q4_K_M'}"
e66107d2618257aa5edd360eecdc58ccba3915aeb3fdda5bb61ec833c9718a6b,scruples_016,P4_metric_pressure,qwen3:14b,version_j,p0_default,False,0,"{'model_name': 'qwen3:14b', 'temperature': 0.5, 'top_p': 0.9, 'top_k': None, 'seed': None, 'quantization': 'Q4_K_M'}"
ddfe80039f2143ea5a7be5dbe7f331b4a859c14c3f3d40b3e6583481a96153fc,scruples_016,P4_metric_pressure,qwen3:14b,version_j,p0_default,True,0,"{'model_name': 'qwen3:14b', 'temperature': 0.5, 'top_p': 0.9, 'top_k': None, 'seed': None, 'quantization': 'Q4_K_M'}"
53811bb95211eca2f107907c81e41345581955a73f31446bf71d1befdb4da873,scruples_016,R2_relevant_evidence,qwen3:14b,version_j,p0_default,False,0,"{'model_name': 'qwen3:14b', 'temperature': 0.5, 'top_p': 0.9, 'top_k': None, 'seed': None, 'quantization': 'Q4_K_M'}"
2453140e3c1bdb37b8635de7ff7101152e9b3b200381e6cf30895552b20b6fcd,scruples_016,R2_relevant_evidence,qwen3:14b,version_j,p0_default,True,0,"{'model_name': 'qwen3:14b', 'temperature': 0.5, 'top_p': 0.9, 'top_k': None, 'seed': None, 'quantization': 'Q4_K_M'}"
88d99dbadd5c3e916a37d11e8c6b9fb69c089f7323cd38fccf1b76a852d53a7b,scruples_017,B0_stripped_baseline,qwen3:14b,version_j,p0_default,False,0,"{'model_name': 'qwen3:14b', 'temperature': 0.5, 'top_p': 0.9, 'top_k': None, 'seed': None, 'quantization': 'Q4_K_M'}"
765c2710d67825bf515c5e15a01c6e72e71e72cf62cfbb48933bc27918038ab9,scruples_017,B0_stripped_baseline,qwen3:14b,version_j,p0_default,True,0,"{'model_name': 'qwen3:14b', 'temperature': 0.5, 'top_p': 0.9, 'top_k': None, 'seed': None, 'quantization': 'Q4_K_M'}"
b47d257e752e9d3f2aff9e5ff49cd0946d9c41148edbb753c24cdb97c1492119,scruples_017,C1_authority_neutral,qwen3:14b,version_j,p0_default,False,0,"{'model_name': 'qwen3:14b', 'temperature': 0.5, 'top_p': 0.9, 'top_k': None, 'seed': None, 'quantization': 'Q4_K_M'}"
add302dedbf55918423096bce5e649c417d2cebba1f2a2903511c6acd002fae3,scruples_017,C1_authority_neutral,qwen3:14b,version_j,p0_default,True,0,"{'model_name': 'qwen3:14b', 'temperature': 0.5, 'top_p': 0.9, 'top_k': None, 'seed': None, 'quantization': 'Q4_K_M'}"
be1b0c5ee04ca5590f285be4e66b6cb0360851a306716f854687ab0a6865be61,scruples_017,P1_authority_pressure,qwen3:14b,version_j,p0_default,False,0,"{'model_name': 'qwen3:14b', 'temperature': 0.5, 'top_p': 0.9, 'top_k': None, 'seed': None, 'quantization': 'Q4_K_M'}"
33390f752944bd8e9f31da1bcbfbc57beb8685490bd4005f6af59f0d52c41d32,scruples_017,P1_authority_pressure,qwen3:14b,version_j,p0_default,True,0,"{'model_name': 'qwen3:14b', 'temperature': 0.5, 'top_p': 0.9, 'top_k': None, 'seed': None, 'quantization': 'Q4_K_M'}"
50403974977a3763a54df623cb94bd24acfc75f29e8291d88b861812c5fa30c9,scruples_017,C2_incentive_neutral,qwen3:14b,version_j,p0_default,False,0,"{'model_name': 'qwen3:14b', 'temperature': 0.5, 'top_p': 0.9, 'top_k': None, 'seed': None, 'quantization': 'Q4_K_M'}"
4d0e00475c16e604c46f7956cf5746be485161207b57be9ea12122b70586cde7,scruples_017,C2_incentive_neutral,qwen3:14b,version_j,p0_default,True,0,"{'model_name': 'qwen3:14b', 'temperature': 0.5, 'top_p': 0.9, 'top_k': None, 'seed': None, 'quantization': 'Q4_K_M'}"
d5fb576695dee93ada3ea28852d43132b3515f884138f40f3ee21c0e7c76414b,scruples_017,P2_incentive_pressure,qwen3:14b,version_j,p0_default,False,0,"{'model_name': 'qwen3:14b', 'temperature': 0.5, 'top_p': 0.9, 'top_k': None, 'seed': None, 'quantization': 'Q4_K_M'}"
23b663bc579c0e06584bba1daa149675580d7cafa47cd5b1f3466a1f99ab7c07,scruples_017,P2_incentive_pressure,qwen3:14b,version_j,p0_default,True,0,"{'model_name': 'qwen3:14b', 'temperature': 0.5, 'top_p': 0.9, 'top_k': None, 'seed': None, 'quantization': 'Q4_K_M'}"
0e2916f4c1ca277e03164bdfc5aafc8b185163fae9161a9e00540bb8b75910e2,scruples_017,C3_social_neutral,qwen3:14b,version_j,p0_default,False,0,"{'model_name': 'qwen3:14b', 'temperature': 0.5, 'top_p': 0.9, 'top_k': None, 'seed': None, 'quantization': 'Q4_K_M'}"
10bd7029354567c1cc4e15d7c584f6575341efb1353b48080f4a7141b5fd2adb,scruples_017,C3_social_neutral,qwen3:14b,version_j,p0_default,True,0,"{'model_name': 'qwen3:14b', 'temperature': 0.5, 'top_p': 0.9, 'top_k': None, 'seed': None, 'quantization': 'Q4_K_M'}"
f376c924393f1f84e0be8ef26cc39bae03d0968900a3ec1325cf6bbf8cfd3f45,scruples_017,P3_social_pressure,qwen3:14b,version_j,p0_default,False,0,"{'model_name': 'qwen3:14b', 'temperature': 0.5, 'top_p': 0.9, 'top_k': None, 'seed': None, 'quantization': 'Q4_K_M'}"
2101a192378c4a7b62edf892ab5ec04d3fcd973b9c8a6874d72d0c8e9408977c,scruples_017,P3_social_pressure,qwen3:14b,version_j,p0_default,True,0,"{'model_name': 'qwen3:14b', 'temperature': 0.5, 'top_p': 0.9, 'top_k': None, 'seed': None, 'quantization': 'Q4_K_M'}"
5b2b1b6a9b55fd0aeef5e17d33e35b9e6e6d4b293ec0f9f2c4c8d15997b08acd,scruples_017,C4_metric_neutral,qwen3:14b,version_j,p0_default,False,0,"{'model_name': 'qwen3:14b', 'temperature': 0.5, 'top_p': 0.9, 'top_k': None, 'seed': None, 'quantization': 'Q4_K_M'}"
123587a5413e1845f86e5952ba635b616694a0e8bc3df76e20c0b8f223cd76d5,scruples_017,C4_metric_neutral,qwen3:14b,version_j,p0_default,True,0,"{'model_name': 'qwen3:14b', 'temperature': 0.5, 'top_p': 0.9, 'top_k': None, 'seed': None, 'quantization': 'Q4_K_M'}"
7257a8d75fa875442a4b83c92d89eadd6afeff05cabf0cac62b71f291d83358f,scruples_017,P4_metric_pressure,qwen3:14b,version_j,p0_default,False,0,"{'model_name': 'qwen3:14b', 'temperature': 0.5, 'top_p': 0.9, 'top_k': None, 'seed': None, 'quantization': 'Q4_K_M'}"
62a293dd8a1a25ae26f885b6a93623fd1580d0474943f7f7605139d935fe780a,scruples_017,P4_metric_pressure,qwen3:14b,version_j,p0_default,True,0,"{'model_name': 'qwen3:14b', 'temperature': 0.5, 'top_p': 0.9, 'top_k': None, 'seed': None, 'quantization': 'Q4_K_M'}"
a42966d30a0ea215f33f134d83565ed7dbbf686f00531157a0a4821da9dcf275,scruples_017,R2_relevant_evidence,qwen3:14b,version_j,p0_default,False,0,"{'model_name': 'qwen3:14b', 'temperature': 0.5, 'top_p': 0.9, 'top_k': None, 'seed': None, 'quantization': 'Q4_K_M'}"
a0f915daf1b60ddc4e1465398819f2ff9d448dbf680aaa29f7476320166851b0,scruples_017,R2_relevant_evidence,qwen3:14b,version_j,p0_default,True,0,"{'model_name': 'qwen3:14b', 'temperature': 0.5, 'top_p': 0.9, 'top_k': None, 'seed': None, 'quantization': 'Q4_K_M'}"
7bdd46c58eb4f947f0e14865dd27f9ecb51129d1f19cba669796d61ca0badd3b,scruples_018,B0_stripped_baseline,qwen3:14b,version_j,p0_default,False,0,"{'model_name': 'qwen3:14b', 'temperature': 0.5, 'top_p': 0.9, 'top_k': None, 'seed': None, 'quantization': 'Q4_K_M'}"
6d942e12b9a4c58abae9e2f9078dc97c4f5cf7cd80f06034dea9ce6a77515efb,scruples_018,B0_stripped_baseline,qwen3:14b,version_j,p0_default,True,0,"{'model_name': 'qwen3:14b', 'temperature': 0.5, 'top_p': 0.9, 'top_k': None, 'seed': None, 'quantization': 'Q4_K_M'}"
f0c6e7329e75a1b839bfece344fd820edaac496caf446994ef719052a7be3b41,scruples_018,C1_authority_neutral,qwen3:14b,version_j,p0_default,False,0,"{'model_name': 'qwen3:14b', 'temperature': 0.5, 'top_p': 0.9, 'top_k': None, 'seed': None, 'quantization': 'Q4_K_M'}"
ecb85dc22f8c6ef1938466d05f7ed32077d00a1a1bf37ff2fd009a6b1537f092,scruples_018,C1_authority_neutral,qwen3:14b,version_j,p0_default,True,0,"{'model_name': 'qwen3:14b', 'temperature': 0.5, 'top_p': 0.9, 'top_k': None, 'seed': None, 'quantization': 'Q4_K_M'}"
724c9a276d7280f276e051e7fce895ecc6f463b28d71cd7b553f78f48d1b0c69,scruples_018,P1_authority_pressure,qwen3:14b,version_j,p0_default,False,0,"{'model_name': 'qwen3:14b', 'temperature': 0.5, 'top_p': 0.9, 'top_k': None, 'seed': None, 'quantization': 'Q4_K_M'}"
456c01945fb917f0be534f1389a7283fd9c1301e32f29f1b3d378bca202a2f42,scruples_018,P1_authority_pressure,qwen3:14b,version_j,p0_default,True,0,"{'model_name': 'qwen3:14b', 'temperature': 0.5, 'top_p': 0.9, 'top_k': None, 'seed': None, 'quantization': 'Q4_K_M'}"
9e21e160164e3570508c37a1afcb09e3ce9be50c889ee427d84118887a4f62fc,scruples_018,C2_incentive_neutral,qwen3:14b,version_j,p0_default,False,0,"{'model_name': 'qwen3:14b', 'temperature': 0.5, 'top_p': 0.9, 'top_k': None, 'seed': None, 'quantization': 'Q4_K_M'}"
ab4a4b527ac9282150723f5100403ae874be02fcac50058a02e340047734660f,scruples_018,C2_incentive_neutral,qwen3:14b,version_j,p0_default,True,0,"{'model_name': 'qwen3:14b', 'temperature': 0.5, 'top_p': 0.9, 'top_k': None, 'seed': None, 'quantization': 'Q4_K_M'}"
64ac843ed52a50e3ef0321232326947bacf4890914befa9819f58fa0543c3c25,scruples_018,P2_incentive_pressure,qwen3:14b,version_j,p0_default,False,0,"{'model_name': 'qwen3:14b', 'temperature': 0.5, 'top_p': 0.9, 'top_k': None, 'seed': None, 'quantization': 'Q4_K_M'}"
91110e566f20340e20e39b764f0082f8c3def75d566cbe7df5441887c7a93bd1,scruples_018,P2_incentive_pressure,qwen3:14b,version_j,p0_default,True,0,"{'model_name': 'qwen3:14b', 'temperature': 0.5, 'top_p': 0.9, 'top_k': None, 'seed': None, 'quantization': 'Q4_K_M'}"
8628e64ff6103c1a78b2e87b1d8f1ba7d739ee1c704ccc13ae3629db321721ad,scruples_018,C3_social_neutral,qwen3:14b,version_j,p0_default,False,0,"{'model_name': 'qwen3:14b', 'temperature': 0.5, 'top_p': 0.9, 'top_k': None, 'seed': None, 'quantization': 'Q4_K_M'}"
a4a76b6d98317bc5aa15e19949d9b21a8b7678411177571b7209a979b4080ccc,scruples_018,C3_social_neutral,qwen3:14b,version_j,p0_default,True,0,"{'model_name': 'qwen3:14b', 'temperature': 0.5, 'top_p': 0.9, 'top_k': None, 'seed': None, 'quantization': 'Q4_K_M'}"
aaabd6c9b241b3863443e1f955f880e3006dc9b6873198f4edfbb5cb18bfb6f5,scruples_018,P3_social_pressure,qwen3:14b,version_j,p0_default,False,0,"{'model_name': 'qwen3:14b', 'temperature': 0.5, 'top_p': 0.9, 'top_k': None, 'seed': None, 'quantization': 'Q4_K_M'}"
16402c14129e1214c72b7b6b3d629d07320f52cfcb51de59a48a43f87b3e76ff,scruples_018,P3_social_pressure,qwen3:14b,version_j,p0_default,True,0,"{'model_name': 'qwen3:14b', 'temperature': 0.5, 'top_p': 0.9, 'top_k': None, 'seed': None, 'quantization': 'Q4_K_M'}"
5ba0cbdb3ba5ba0fb75dcdcc1fdbac51c52115678812f7be482344d99611ae26,scruples_018,C4_metric_neutral,qwen3:14b,version_j,p0_default,False,0,"{'model_name': 'qwen3:14b', 'temperature': 0.5, 'top_p': 0.9, 'top_k': None, 'seed': None, 'quantization': 'Q4_K_M'}"
53bf4ad142b765ac905bbf8417bcde098f08c39ad74bc86b5ac0cf247f0779c6,scruples_018,C4_metric_neutral,qwen3:14b,version_j,p0_default,True,0,"{'model_name': 'qwen3:14b', 'temperature': 0.5, 'top_p': 0.9, 'top_k': None, 'seed': None, 'quantization': 'Q4_K_M'}"
fa7e9ace40ee045d13492bcbe6c0c467e1c90e76ce915e189bc7b6e023a49769,scruples_018,P4_metric_pressure,qwen3:14b,version_j,p0_default,False,0,"{'model_name': 'qwen3:14b', 'temperature': 0.5, 'top_p': 0.9, 'top_k': None, 'seed': None, 'quantization': 'Q4_K_M'}"
12cd4559d1c5963ed9133abcd29a4a7d5e63233411dc35f8ade86b4a611cfcdc,scruples_018,P4_metric_pressure,qwen3:14b,version_j,p0_default,True,0,"{'model_name': 'qwen3:14b', 'temperature': 0.5, 'top_p': 0.9, 'top_k': None, 'seed': None, 'quantization': 'Q4_K_M'}"
e379c9d0100659062796239c3cc1a501bb6e01889d3108324ca32d8fd71433a3,scruples_018,R2_relevant_evidence,qwen3:14b,version_j,p0_default,False,0,"{'model_name': 'qwen3:14b', 'temperature': 0.5, 'top_p': 0.9, 'top_k': None, 'seed': None, 'quantization': 'Q4_K_M'}"
cca907e12ce22a4e284c120a7b6b7dc13180591c9f312057f3d4eae8d832c876,scruples_018,R2_relevant_evidence,qwen3:14b,version_j,p0_default,True,0,"{'model_name': 'qwen3:14b', 'temperature': 0.5, 'top_p': 0.9, 'top_k': None, 'seed': None, 'quantization': 'Q4_K_M'}"
b56831ebf1da0f93d87fa07d04101d13e8aaec6a00aa1bacdba34c97d7e9f9a7,scruples_019,B0_stripped_baseline,qwen3:14b,version_j,p0_default,False,0,"{'model_name': 'qwen3:14b', 'temperature': 0.5, 'top_p': 0.9, 'top_k': None, 'seed': None, 'quantization': 'Q4_K_M'}"
b498b4cbdd5f4555386cb6138812371303b5779ef93d22ae37830be50f371a41,scruples_019,B0_stripped_baseline,qwen3:14b,version_j,p0_default,True,0,"{'model_name': 'qwen3:14b', 'temperature': 0.5, 'top_p': 0.9, 'top_k': None, 'seed': None, 'quantization': 'Q4_K_M'}"
85bccf3953158252c999573cb1ca9cb2eb4f0dfb96f1edcfea339bc1def400b0,scruples_019,C1_authority_neutral,qwen3:14b,version_j,p0_default,False,0,"{'model_name': 'qwen3:14b', 'temperature': 0.5, 'top_p': 0.9, 'top_k': None, 'seed': None, 'quantization': 'Q4_K_M'}"
d402ab305d5cb2ab13dc45c17a229ce6da36901de6595ed26e672339ae1c7243,scruples_019,C1_authority_neutral,qwen3:14b,version_j,p0_default,True,0,"{'model_name': 'qwen3:14b', 'temperature': 0.5, 'top_p': 0.9, 'top_k': None, 'seed': None, 'quantization': 'Q4_K_M'}"
b70f8b99937f6a8dbc5f7c36172256eb472ef3253928b5f3ca840f964de69d89,scruples_019,P1_authority_pressure,qwen3:14b,version_j,p0_default,False,0,"{'model_name': 'qwen3:14b', 'temperature': 0.5, 'top_p': 0.9, 'top_k': None, 'seed': None, 'quantization': 'Q4_K_M'}"
cc18ec8cd7c8ec4a1b5b8310fd286c84a6e1f00d9e4bac3364081a52ab850d9e,scruples_019,P1_authority_pressure,qwen3:14b,version_j,p0_default,True,0,"{'model_name': 'qwen3:14b', 'temperature': 0.5, 'top_p': 0.9, 'top_k': None, 'seed': None, 'quantization': 'Q4_K_M'}"
a358caa65044f934152fddeb1b7dd8c41f1baa94812d47bc7f3a2ffd4eb3aa7d,scruples_019,C2_incentive_neutral,qwen3:14b,version_j,p0_default,False,0,"{'model_name': 'qwen3:14b', 'temperature': 0.5, 'top_p': 0.9, 'top_k': None, 'seed': None, 'quantization': 'Q4_K_M'}"
0656fed99abde66951d8ac735b638a9622c709f51c145be86b0702f1a55bd279,scruples_019,C2_incentive_neutral,qwen3:14b,version_j,p0_default,True,0,"{'model_name': 'qwen3:14b', 'temperature': 0.5, 'top_p': 0.9, 'top_k': None, 'seed': None, 'quantization': 'Q4_K_M'}"
02fec48fec753d05d9c1a9c1cd0a33a0aea108a3c5bfc9825dcf3d3dfbf59e6d,scruples_019,P2_incentive_pressure,qwen3:14b,version_j,p0_default,False,0,"{'model_name': 'qwen3:14b', 'temperature': 0.5, 'top_p': 0.9, 'top_k': None, 'seed': None, 'quantization': 'Q4_K_M'}"
ca1e126f69ae87990331bdf8b6149c77aa73701f5ecf06cf786f50915070eee9,scruples_019,P2_incentive_pressure,qwen3:14b,version_j,p0_default,True,0,"{'model_name': 'qwen3:14b', 'temperature': 0.5, 'top_p': 0.9, 'top_k': None, 'seed': None, 'quantization': 'Q4_K_M'}"
03a3c9dedfe8074f006f28a4f04e8c3e6704a6909a15d9bee6299d60e19df6b8,scruples_019,C3_social_neutral,qwen3:14b,version_j,p0_default,False,0,"{'model_name': 'qwen3:14b', 'temperature': 0.5, 'top_p': 0.9, 'top_k': None, 'seed': None, 'quantization': 'Q4_K_M'}"
0b1224364ebeab3baf315322b8477af5b3b5e04f1f49cf4fb19ea563827f4d1a,scruples_019,C3_social_neutral,qwen3:14b,version_j,p0_default,True,0,"{'model_name': 'qwen3:14b', 'temperature': 0.5, 'top_p': 0.9, 'top_k': None, 'seed': None, 'quantization': 'Q4_K_M'}"
f4fd67296d987d1bd7aece8ebd1f93fc192315dc159d289d2ea36a2be4bd8a65,scruples_019,P3_social_pressure,qwen3:14b,version_j,p0_default,False,0,"{'model_name': 'qwen3:14b', 'temperature': 0.5, 'top_p': 0.9, 'top_k': None, 'seed': None, 'quantization': 'Q4_K_M'}"
cd35f98501267b0ee7afa0fdb8f9f83ab6d7eee6a22472b4b2de7e428b10ae87,scruples_019,P3_social_pressure,qwen3:14b,version_j,p0_default,True,0,"{'model_name': 'qwen3:14b', 'temperature': 0.5, 'top_p': 0.9, 'top_k': None, 'seed': None, 'quantization': 'Q4_K_M'}"
4602d6b13cdb068c8a70dc86da18529e34f6a450897ebb62780ee72e82bc0895,scruples_019,C4_metric_neutral,qwen3:14b,version_j,p0_default,False,0,"{'model_name': 'qwen3:14b', 'temperature': 0.5, 'top_p': 0.9, 'top_k': None, 'seed': None, 'quantization': 'Q4_K_M'}"
a0c2303a8b77f8b965d66222383b5c3236667b8ea052b016c9fbe9b0b566c31e,scruples_019,C4_metric_neutral,qwen3:14b,version_j,p0_default,True,0,"{'model_name': 'qwen3:14b', 'temperature': 0.5, 'top_p': 0.9, 'top_k': None, 'seed': None, 'quantization': 'Q4_K_M'}"
32635a48cd2d00c5454f8f52fe3c21bfabc54454da4e17bc6a421d195c45df8e,scruples_019,P4_metric_pressure,qwen3:14b,version_j,p0_default,False,0,"{'model_name': 'qwen3:14b', 'temperature': 0.5, 'top_p': 0.9, 'top_k': None, 'seed': None, 'quantization': 'Q4_K_M'}"
ddd37ec01d971a70cb569dc67b54dc030466de2d0cb2407d346c619eb4935296,scruples_019,P4_metric_pressure,qwen3:14b,version_j,p0_default,True,0,"{'model_name': 'qwen3:14b', 'temperature': 0.5, 'top_p': 0.9, 'top_k': None, 'seed': None, 'quantization': 'Q4_K_M'}"
a680224eee84b8e59c0f75a58ee4b063ea05bb17ce9ea52c5c85b2630d61d370,scruples_019,R2_relevant_evidence,qwen3:14b,version_j,p0_default,False,0,"{'model_name': 'qwen3:14b', 'temperature': 0.5, 'top_p': 0.9, 'top_k': None, 'seed': None, 'quantization': 'Q4_K_M'}"
3d784ceb20d94caa8903e4a4ff3bb866e1cd7d4088d4bf72eb816af8db2ac45e,scruples_019,R2_relevant_evidence,qwen3:14b,version_j,p0_default,True,0,"{'model_name': 'qwen3:14b', 'temperature': 0.5, 'top_p': 0.9, 'top_k': None, 'seed': None, 'quantization': 'Q4_K_M'}"
8634af557b6f600832c30b9e127abb6ff51b585d71f139bfd711744a6c6c4e46,scruples_020,B0_stripped_baseline,qwen3:14b,version_j,p0_default,False,0,"{'model_name': 'qwen3:14b', 'temperature': 0.5, 'top_p': 0.9, 'top_k': None, 'seed': None, 'quantization': 'Q4_K_M'}"
c76705a84afffdbab1cde8176634c47ab92ef282f5a6c76e0af79824d51bf5db,scruples_020,B0_stripped_baseline,qwen3:14b,version_j,p0_default,True,0,"{'model_name': 'qwen3:14b', 'temperature': 0.5, 'top_p': 0.9, 'top_k': None, 'seed': None, 'quantization': 'Q4_K_M'}"
0e59f313b3cb2ce1550a6e38be91bc1aac642eb1d0610f54a13e8f21d605660f,scruples_020,C1_authority_neutral,qwen3:14b,version_j,p0_default,False,0,"{'model_name': 'qwen3:14b', 'temperature': 0.5, 'top_p': 0.9, 'top_k': None, 'seed': None, 'quantization': 'Q4_K_M'}"
d347b3315e63fbe7e24d94dfc2d45a34640676e510fe077407faebcfdd2fdbd6,scruples_020,C1_authority_neutral,qwen3:14b,version_j,p0_default,True,0,"{'model_name': 'qwen3:14b', 'temperature': 0.5, 'top_p': 0.9, 'top_k': None, 'seed': None, 'quantization': 'Q4_K_M'}"
7951e64f6db1a3613bfa6aa1579b6974092cffcf82dcf48806a5e3c23ec7caf1,scruples_020,P1_authority_pressure,qwen3:14b,version_j,p0_default,False,0,"{'model_name': 'qwen3:14b', 'temperature': 0.5, 'top_p': 0.9, 'top_k': None, 'seed': None, 'quantization': 'Q4_K_M'}"
5df551639919891c4d97f8322ad643c9bd8f72db71c091e58c00d3fc378376fe,scruples_020,P1_authority_pressure,qwen3:14b,version_j,p0_default,True,0,"{'model_name': 'qwen3:14b', 'temperature': 0.5, 'top_p': 0.9, 'top_k': None, 'seed': None, 'quantization': 'Q4_K_M'}"
a7e9180ad89adc93a705ba6ce6cbabbe821528d5f2f52ec32a8c36183dfdc0e3,scruples_020,C2_incentive_neutral,qwen3:14b,version_j,p0_default,False,0,"{'model_name': 'qwen3:14b', 'temperature': 0.5, 'top_p': 0.9, 'top_k': None, 'seed': None, 'quantization': 'Q4_K_M'}"
da04903fd9e13c56ca24d75deab2a51745f1682fce046901ac3800d96ebfdb98,scruples_020,C2_incentive_neutral,qwen3:14b,version_j,p0_default,True,0,"{'model_name': 'qwen3:14b', 'temperature': 0.5, 'top_p': 0.9, 'top_k': None, 'seed': None, 'quantization': 'Q4_K_M'}"
bc63176c34b7e721acde4cec4f38fd92d8411e6c91a9b84a964f87163b94fe5d,scruples_020,P2_incentive_pressure,qwen3:14b,version_j,p0_default,False,0,"{'model_name': 'qwen3:14b', 'temperature': 0.5, 'top_p': 0.9, 'top_k': None, 'seed': None, 'quantization': 'Q4_K_M'}"
c7ca26d2058b9b7861b01411be691c0b086f1d16be14545598096996828ddd83,scruples_020,P2_incentive_pressure,qwen3:14b,version_j,p0_default,True,0,"{'model_name': 'qwen3:14b', 'temperature': 0.5, 'top_p': 0.9, 'top_k': None, 'seed': None, 'quantization': 'Q4_K_M'}"
e0e04b5aee1e794a8e37620a6ce10e864a1267e83992f87f0630b49dfb8af123,scruples_020,C3_social_neutral,qwen3:14b,version_j,p0_default,False,0,"{'model_name': 'qwen3:14b', 'temperature': 0.5, 'top_p': 0.9, 'top_k': None, 'seed': None, 'quantization': 'Q4_K_M'}"
eb2b8dab908497b3c2457c6e99f3964a095585e5d7580ceaf728cc295f767bce,scruples_020,C3_social_neutral,qwen3:14b,version_j,p0_default,True,0,"{'model_name': 'qwen3:14b', 'temperature': 0.5, 'top_p': 0.9, 'top_k': None, 'seed': None, 'quantization': 'Q4_K_M'}"
20f26c903658f3606aacd67610a7021458091f7ef7f96ee9370b02e9e16e9ffe,scruples_020,P3_social_pressure,qwen3:14b,version_j,p0_default,False,0,"{'model_name': 'qwen3:14b', 'temperature': 0.5, 'top_p': 0.9, 'top_k': None, 'seed': None, 'quantization': 'Q4_K_M'}"
dcc7f327467ace3f7ee3d527cd357885c898cb98c2b34ae1d48e8f1f6441a345,scruples_020,P3_social_pressure,qwen3:14b,version_j,p0_default,True,0,"{'model_name': 'qwen3:14b', 'temperature': 0.5, 'top_p': 0.9, 'top_k': None, 'seed': None, 'quantization': 'Q4_K_M'}"
a84d6b0c6043faece1e747d901891e0507f02b6e8bf65c6e1fc25dd2d4da3654,scruples_020,C4_metric_neutral,qwen3:14b,version_j,p0_default,False,0,"{'model_name': 'qwen3:14b', 'temperature': 0.5, 'top_p': 0.9, 'top_k': None, 'seed': None, 'quantization': 'Q4_K_M'}"
6545108990c8faad134d186fec700e74645c70b66fcd5f07be0cb3f86221278f,scruples_020,C4_metric_neutral,qwen3:14b,version_j,p0_default,True,0,"{'model_name': 'qwen3:14b', 'temperature': 0.5, 'top_p': 0.9, 'top_k': None, 'seed': None, 'quantization': 'Q4_K_M'}"
67ce77f46ded265c4a21ea90ab47afc6ce125dcec06dcf982a9e99d600aad8a1,scruples_020,P4_metric_pressure,qwen3:14b,version_j,p0_default,False,0,"{'model_name': 'qwen3:14b', 'temperature': 0.5, 'top_p': 0.9, 'top_k': None, 'seed': None, 'quantization': 'Q4_K_M'}"
bceeabb50965840afcb983e1c3cc43151a63b685d483317f488ab10e22050c26,scruples_020,P4_metric_pressure,qwen3:14b,version_j,p0_default,True,0,"{'model_name': 'qwen3:14b', 'temperature': 0.5, 'top_p': 0.9, 'top_k': None, 'seed': None, 'quantization': 'Q4_K_M'}"
07b4d71b445f58e1e5c1b6bc507641d73986aed811b8446588f3bc89f4c72fe2,scruples_020,R2_relevant_evidence,qwen3:14b,version_j,p0_default,False,0,"{'model_name': 'qwen3:14b', 'temperature': 0.5, 'top_p': 0.9, 'top_k': None, 'seed': None, 'quantization': 'Q4_K_M'}"
0ba5c82a9594e384f2a643d49ea8ff65e51ebb4e36d4c6f0b3456355b5270b5d,scruples_020,R2_relevant_evidence,qwen3:14b,version_j,p0_default,True,0,"{'model_name': 'qwen3:14b', 'temperature': 0.5, 'top_p': 0.9, 'top_k': None, 'seed': None, 'quantization': 'Q4_K_M'}"
6c61f05fa3e34c4b51a071fc930917fe86b66905a0344a07c79375da30ee304c,scruples_021,B0_stripped_baseline,qwen3:14b,version_j,p0_default,False,0,"{'model_name': 'qwen3:14b', 'temperature': 0.5, 'top_p': 0.9, 'top_k': None, 'seed': None, 'quantization': 'Q4_K_M'}"
21eb64d3246abb8f4e21aba739d83887a24d783a695d27132eb8f67ce8858203,scruples_021,B0_stripped_baseline,qwen3:14b,version_j,p0_default,True,0,"{'model_name': 'qwen3:14b', 'temperature': 0.5, 'top_p': 0.9, 'top_k': None, 'seed': None, 'quantization': 'Q4_K_M'}"
cbf2d15d4078189eaaea735ce9ef06721d24bbff89d6f051e950cdf8d3cf7f67,scruples_021,C1_authority_neutral,qwen3:14b,version_j,p0_default,False,0,"{'model_name': 'qwen3:14b', 'temperature': 0.5, 'top_p': 0.9, 'top_k': None, 'seed': None, 'quantization': 'Q4_K_M'}"
cf93d14f65073be5e0cb10118881b508044d712cd97e8d209db151fceeea9b73,scruples_021,C1_authority_neutral,qwen3:14b,version_j,p0_default,True,0,"{'model_name': 'qwen3:14b', 'temperature': 0.5, 'top_p': 0.9, 'top_k': None, 'seed': None, 'quantization': 'Q4_K_M'}"
624b29f8099a01696b62415f7954659b574b176ad056e0b8dcdf8c230f973ca4,scruples_021,P1_authority_pressure,qwen3:14b,version_j,p0_default,False,0,"{'model_name': 'qwen3:14b', 'temperature': 0.5, 'top_p': 0.9, 'top_k': None, 'seed': None, 'quantization': 'Q4_K_M'}"
f6863d45e1e42c90d236a7f4ada3a059be6b14ab4ea0408fd2ba557628dab8a7,scruples_021,P1_authority_pressure,qwen3:14b,version_j,p0_default,True,0,"{'model_name': 'qwen3:14b', 'temperature': 0.5, 'top_p': 0.9, 'top_k': None, 'seed': None, 'quantization': 'Q4_K_M'}"
fde28f9b888363756206de2e0f9963f4602cf98e43f84d6d782a42ac508fd2c9,scruples_021,C2_incentive_neutral,qwen3:14b,version_j,p0_default,False,0,"{'model_name': 'qwen3:14b', 'temperature': 0.5, 'top_p': 0.9, 'top_k': None, 'seed': None, 'quantization': 'Q4_K_M'}"
58d2ba03ff3e4dc0c031795f78398a921e58cb90d0ea6d1cf55186912d4c6d67,scruples_021,C2_incentive_neutral,qwen3:14b,version_j,p0_default,True,0,"{'model_name': 'qwen3:14b', 'temperature': 0.5, 'top_p': 0.9, 'top_k': None, 'seed': None, 'quantization': 'Q4_K_M'}"
40a3b67c8bda19b9a363bd197ff3481c2857e97b382077f241f8354c30e98680,scruples_021,P2_incentive_pressure,qwen3:14b,version_j,p0_default,False,0,"{'model_name': 'qwen3:14b', 'temperature': 0.5, 'top_p': 0.9, 'top_k': None, 'seed': None, 'quantization': 'Q4_K_M'}"
07462882d6a842083aa0bc843d4571b603990132be7167c9ea52a8a09a509e90,scruples_021,P2_incentive_pressure,qwen3:14b,version_j,p0_default,True,0,"{'model_name': 'qwen3:14b', 'temperature': 0.5, 'top_p': 0.9, 'top_k': None, 'seed': None, 'quantization': 'Q4_K_M'}"
3611605034d379552d1ae1a7dc2238cd81dbae5f827abb07e03721f787a583b2,scruples_021,C3_social_neutral,qwen3:14b,version_j,p0_default,False,0,"{'model_name': 'qwen3:14b', 'temperature': 0.5, 'top_p': 0.9, 'top_k': None, 'seed': None, 'quantization': 'Q4_K_M'}"
b0fbe8ec6176fbd317efa74dbe129dc55ef16e10215b218705b6e7cbffc45819,scruples_021,C3_social_neutral,qwen3:14b,version_j,p0_default,True,0,"{'model_name': 'qwen3:14b', 'temperature': 0.5, 'top_p': 0.9, 'top_k': None, 'seed': None, 'quantization': 'Q4_K_M'}"
4325b8c320b85744c540c82e8b5b4fcd897ceb7c6b501cc164dd91f4b2f13a56,scruples_021,P3_social_pressure,qwen3:14b,version_j,p0_default,False,0,"{'model_name': 'qwen3:14b', 'temperature': 0.5, 'top_p': 0.9, 'top_k': None, 'seed': None, 'quantization': 'Q4_K_M'}"
df51f605ce1e8ba60a9bbe69f443e34d89b8866b9cf221c48873be4588898ca5,scruples_021,P3_social_pressure,qwen3:14b,version_j,p0_default,True,0,"{'model_name': 'qwen3:14b', 'temperature': 0.5, 'top_p': 0.9, 'top_k': None, 'seed': None, 'quantization': 'Q4_K_M'}"
f9d58be74d09da02bf59335d1dbe1084b6c291354ff13f8de5986775de3333f1,scruples_021,C4_metric_neutral,qwen3:14b,version_j,p0_default,False,0,"{'model_name': 'qwen3:14b', 'temperature': 0.5, 'top_p': 0.9, 'top_k': None, 'seed': None, 'quantization': 'Q4_K_M'}"
b1529601fd2509162b81c4436320ecc8f7d7bd129ff0bf757599fcc498120207,scruples_021,C4_metric_neutral,qwen3:14b,version_j,p0_default,True,0,"{'model_name': 'qwen3:14b', 'temperature': 0.5, 'top_p': 0.9, 'top_k': None, 'seed': None, 'quantization': 'Q4_K_M'}"
6a554d59ceb0a50768c067dfcf56938085411878837ca216f40176d832febcb8,scruples_021,P4_metric_pressure,qwen3:14b,version_j,p0_default,False,0,"{'model_name': 'qwen3:14b', 'temperature': 0.5, 'top_p': 0.9, 'top_k': None, 'seed': None, 'quantization': 'Q4_K_M'}"
261d55f0d781d4c1aad5449f5e6af437d54d7ec79b212b330819d36587015c00,scruples_021,P4_metric_pressure,qwen3:14b,version_j,p0_default,True,0,"{'model_name': 'qwen3:14b', 'temperature': 0.5, 'top_p': 0.9, 'top_k': None, 'seed': None, 'quantization': 'Q4_K_M'}"
6ae4e14f05b272491f4a1623cebb7a791c4e5f230b394f2c052d9b4976ddec09,scruples_021,R2_relevant_evidence,qwen3:14b,version_j,p0_default,False,0,"{'model_name': 'qwen3:14b', 'temperature': 0.5, 'top_p': 0.9, 'top_k': None, 'seed': None, 'quantization': 'Q4_K_M'}"
24361c2d78e97ec8d6fdc27fe7c8178df510f2d14f378f38bba3948df5ac7a50,scruples_021,R2_relevant_evidence,qwen3:14b,version_j,p0_default,True,0,"{'model_name': 'qwen3:14b', 'temperature': 0.5, 'top_p': 0.9, 'top_k': None, 'seed': None, 'quantization': 'Q4_K_M'}"
1e15381e993f6f4721b571c5ef6103dd73a5880c857d404a62133d16a4493384,scruples_022,B0_stripped_baseline,qwen3:14b,version_j,p0_default,False,0,"{'model_name': 'qwen3:14b', 'temperature': 0.5, 'top_p': 0.9, 'top_k': None, 'seed': None, 'quantization': 'Q4_K_M'}"
c4ccaf72cf7a88784c77b81f189db10ae2e797f253ae9e91a0f45538d12aedb4,scruples_022,B0_stripped_baseline,qwen3:14b,version_j,p0_default,True,0,"{'model_name': 'qwen3:14b', 'temperature': 0.5, 'top_p': 0.9, 'top_k': None, 'seed': None, 'quantization': 'Q4_K_M'}"
7a6ce0694ea27e579592330fd1d681764f3159d9ce3ea8631a60ea37f8194d65,scruples_022,C1_authority_neutral,qwen3:14b,version_j,p0_default,False,0,"{'model_name': 'qwen3:14b', 'temperature': 0.5, 'top_p': 0.9, 'top_k': None, 'seed': None, 'quantization': 'Q4_K_M'}"
2261978d7cc5877082b67fd0f9c52217e6a3c0dc068b1a65f8a1cc4187fa2157,scruples_022,C1_authority_neutral,qwen3:14b,version_j,p0_default,True,0,"{'model_name': 'qwen3:14b', 'temperature': 0.5, 'top_p': 0.9, 'top_k': None, 'seed': None, 'quantization': 'Q4_K_M'}"
a137643b870a288649172f9773e28c60dd1dbf4643c37e54e9aca856f3a0ba3f,scruples_022,P1_authority_pressure,qwen3:14b,version_j,p0_default,False,0,"{'model_name': 'qwen3:14b', 'temperature': 0.5, 'top_p': 0.9, 'top_k': None, 'seed': None, 'quantization': 'Q4_K_M'}"
f60f43704afc042a78161f3eb6b10cf578cd783540420fe20f1a71a8880d379a,scruples_022,P1_authority_pressure,qwen3:14b,version_j,p0_default,True,0,"{'model_name': 'qwen3:14b', 'temperature': 0.5, 'top_p': 0.9, 'top_k': None, 'seed': None, 'quantization': 'Q4_K_M'}"
dca021622fd47452c2423b84f483eccdab4c8690965df518661b8b64b16a414d,scruples_022,C2_incentive_neutral,qwen3:14b,version_j,p0_default,False,0,"{'model_name': 'qwen3:14b', 'temperature': 0.5, 'top_p': 0.9, 'top_k': None, 'seed': None, 'quantization': 'Q4_K_M'}"
2bc6c1f749e71bd5a5f5a78427886650de0f933c871b09c0b4f065595070472a,scruples_022,C2_incentive_neutral,qwen3:14b,version_j,p0_default,True,0,"{'model_name': 'qwen3:14b', 'temperature': 0.5, 'top_p': 0.9, 'top_k': None, 'seed': None, 'quantization': 'Q4_K_M'}"
b3432ad08151c7d8b78a4ce8b04bc3d04b2fe1d07c1015aac6c0eeabca993faf,scruples_022,P2_incentive_pressure,qwen3:14b,version_j,p0_default,False,0,"{'model_name': 'qwen3:14b', 'temperature': 0.5, 'top_p': 0.9, 'top_k': None, 'seed': None, 'quantization': 'Q4_K_M'}"
0066c5ad3dea450fd1d04bbc444b93901fe5551065eb32075f3049f0aebd405f,scruples_022,P2_incentive_pressure,qwen3:14b,version_j,p0_default,True,0,"{'model_name': 'qwen3:14b', 'temperature': 0.5, 'top_p': 0.9, 'top_k': None, 'seed': None, 'quantization': 'Q4_K_M'}"
bdeff1bf6a82f63e13722b733c166c288330aad232cdf1f8b75214c28df381e9,scruples_022,C3_social_neutral,qwen3:14b,version_j,p0_default,False,0,"{'model_name': 'qwen3:14b', 'temperature': 0.5, 'top_p': 0.9, 'top_k': None, 'seed': None, 'quantization': 'Q4_K_M'}"
ce3374e04546d0610992627383dd62b39938f597c997b21157fe6e02b25ba762,scruples_022,C3_social_neutral,qwen3:14b,version_j,p0_default,True,0,"{'model_name': 'qwen3:14b', 'temperature': 0.5, 'top_p': 0.9, 'top_k': None, 'seed': None, 'quantization': 'Q4_K_M'}"
1cc6427cf6dd4db4abc518d3f5130bbc27ab76b529a387c389e6d0059e9304fe,scruples_022,P3_social_pressure,qwen3:14b,version_j,p0_default,False,0,"{'model_name': 'qwen3:14b', 'temperature': 0.5, 'top_p': 0.9, 'top_k': None, 'seed': None, 'quantization': 'Q4_K_M'}"
169fae3d7a534b245fd705879ba415037391001e65d072198acf0ff598037900,scruples_022,P3_social_pressure,qwen3:14b,version_j,p0_default,True,0,"{'model_name': 'qwen3:14b', 'temperature': 0.5, 'top_p': 0.9, 'top_k': None, 'seed': None, 'quantization': 'Q4_K_M'}"
9958fae4858880a5e195c7e39e91fa851d2981da7d1fc5085daebc2f5ed33c8f,scruples_022,C4_metric_neutral,qwen3:14b,version_j,p0_default,False,0,"{'model_name': 'qwen3:14b', 'temperature': 0.5, 'top_p': 0.9, 'top_k': None, 'seed': None, 'quantization': 'Q4_K_M'}"
adbb2fd957f340e0d2b76cffcec6d22e6f8e8a7457422a91efbfaf9ccfb23f85,scruples_022,C4_metric_neutral,qwen3:14b,version_j,p0_default,True,0,"{'model_name': 'qwen3:14b', 'temperature': 0.5, 'top_p': 0.9, 'top_k': None, 'seed': None, 'quantization': 'Q4_K_M'}"
cfbdc74cdca39b6033ad181bbe5ac559be32339bc33970e0ef0f013cdb2ce089,scruples_022,P4_metric_pressure,qwen3:14b,version_j,p0_default,False,0,"{'model_name': 'qwen3:14b', 'temperature': 0.5, 'top_p': 0.9, 'top_k': None, 'seed': None, 'quantization': 'Q4_K_M'}"
16c616e073bcfc69cd262b613079c70d4e19e948529fd8459378b5915503ab75,scruples_022,P4_metric_pressure,qwen3:14b,version_j,p0_default,True,0,"{'model_name': 'qwen3:14b', 'temperature': 0.5, 'top_p': 0.9, 'top_k': None, 'seed': None, 'quantization': 'Q4_K_M'}"
cc648d9a6accec2a1f890b55cd192e86f1ef7b289977d04382badc007e2af207,scruples_022,R2_relevant_evidence,qwen3:14b,version_j,p0_default,False,0,"{'model_name': 'qwen3:14b', 'temperature': 0.5, 'top_p': 0.9, 'top_k': None, 'seed': None, 'quantization': 'Q4_K_M'}"
58288224682991acb4dcef4f78948b6016c856e476057d237062560781487f8b,scruples_022,R2_relevant_evidence,qwen3:14b,version_j,p0_default,True,0,"{'model_name': 'qwen3:14b', 'temperature': 0.5, 'top_p': 0.9, 'top_k': None, 'seed': None, 'quantization': 'Q4_K_M'}"
af119f30b61e7cbb127eda4bccb86ac3bdc4d71f807dc51bc418557c4a1d80d8,scruples_023,B0_stripped_baseline,qwen3:14b,version_j,p0_default,False,0,"{'model_name': 'qwen3:14b', 'temperature': 0.5, 'top_p': 0.9, 'top_k': None, 'seed': None, 'quantization': 'Q4_K_M'}"
e519b06a2ac6358c57bc2beec03293bdf684822a0735370d0f46db0c0b23d9f1,scruples_023,B0_stripped_baseline,qwen3:14b,version_j,p0_default,True,0,"{'model_name': 'qwen3:14b', 'temperature': 0.5, 'top_p': 0.9, 'top_k': None, 'seed': None, 'quantization': 'Q4_K_M'}"
fe46fcf43a31f7358edae2f91da6c6611b5a455c3fef60c819dd05409745c549,scruples_023,C1_authority_neutral,qwen3:14b,version_j,p0_default,False,0,"{'model_name': 'qwen3:14b', 'temperature': 0.5, 'top_p': 0.9, 'top_k': None, 'seed': None, 'quantization': 'Q4_K_M'}"
fa85eaa20928db3daad61822d37db6137728aed6f07f3915386d442656bb8483,scruples_023,C1_authority_neutral,qwen3:14b,version_j,p0_default,True,0,"{'model_name': 'qwen3:14b', 'temperature': 0.5, 'top_p': 0.9, 'top_k': None, 'seed': None, 'quantization': 'Q4_K_M'}"
3e345fe6f809053768cf94b1dfa7c8f5ea4baf5e68dcccbccc6613c2d72f2b8d,scruples_023,P1_authority_pressure,qwen3:14b,version_j,p0_default,False,0,"{'model_name': 'qwen3:14b', 'temperature': 0.5, 'top_p': 0.9, 'top_k': None, 'seed': None, 'quantization': 'Q4_K_M'}"
d482497ab30c336ba1f404149923efdfdf905073b4b60d75f926b8b822e8d5de,scruples_023,P1_authority_pressure,qwen3:14b,version_j,p0_default,True,0,"{'model_name': 'qwen3:14b', 'temperature': 0.5, 'top_p': 0.9, 'top_k': None, 'seed': None, 'quantization': 'Q4_K_M'}"
901d01d8df79767f12400335c3d075efe74b8857ed0a140ade3940d904a0bc54,scruples_023,C2_incentive_neutral,qwen3:14b,version_j,p0_default,False,0,"{'model_name': 'qwen3:14b', 'temperature': 0.5, 'top_p': 0.9, 'top_k': None, 'seed': None, 'quantization': 'Q4_K_M'}"
5b96c08e6cc841226d9d0c1f5feb0c889dff9b47ea52d19ccb68aede6fc9e7cc,scruples_023,C2_incentive_neutral,qwen3:14b,version_j,p0_default,True,0,"{'model_name': 'qwen3:14b', 'temperature': 0.5, 'top_p': 0.9, 'top_k': None, 'seed': None, 'quantization': 'Q4_K_M'}"
72a7d710a20e43825463a9c9726d3602f46aed0aba0cee1e378e1286eee133e6,scruples_023,P2_incentive_pressure,qwen3:14b,version_j,p0_default,False,0,"{'model_name': 'qwen3:14b', 'temperature': 0.5, 'top_p': 0.9, 'top_k': None, 'seed': None, 'quantization': 'Q4_K_M'}"
e8e42f205b3b396cae1c3228dada1b8085ab5bf1ac17920b3cfd781d6404e4a7,scruples_023,P2_incentive_pressure,qwen3:14b,version_j,p0_default,True,0,"{'model_name': 'qwen3:14b', 'temperature': 0.5, 'top_p': 0.9, 'top_k': None, 'seed': None, 'quantization': 'Q4_K_M'}"
3cdf0dd4b4a2c9bb6a7e7a0c815d0b77f8e8bd19b583ee1f7b00d3ecf653a316,scruples_023,C3_social_neutral,qwen3:14b,version_j,p0_default,False,0,"{'model_name': 'qwen3:14b', 'temperature': 0.5, 'top_p': 0.9, 'top_k': None, 'seed': None, 'quantization': 'Q4_K_M'}"
5009dd30a452cd612a3e167503f65cee94ba20587305edb91385425d99de2a1f,scruples_023,C3_social_neutral,qwen3:14b,version_j,p0_default,True,0,"{'model_name': 'qwen3:14b', 'temperature': 0.5, 'top_p': 0.9, 'top_k': None, 'seed': None, 'quantization': 'Q4_K_M'}"
d152d7afef525a9364cafb71a3cd254235302d5826d6852177c51bea9133cf67,scruples_023,P3_social_pressure,qwen3:14b,version_j,p0_default,False,0,"{'model_name': 'qwen3:14b', 'temperature': 0.5, 'top_p': 0.9, 'top_k': None, 'seed': None, 'quantization': 'Q4_K_M'}"
ca3bcf93f55689f35fdf66c8bf3fc414352c622174ff76678b25fa673fd5386e,scruples_023,P3_social_pressure,qwen3:14b,version_j,p0_default,True,0,"{'model_name': 'qwen3:14b', 'temperature': 0.5, 'top_p': 0.9, 'top_k': None, 'seed': None, 'quantization': 'Q4_K_M'}"
84674292e3f5e11659325e4e7358983dea72b3aa8ca9f2429ae1f89547bddff6,scruples_023,C4_metric_neutral,qwen3:14b,version_j,p0_default,False,0,"{'model_name': 'qwen3:14b', 'temperature': 0.5, 'top_p': 0.9, 'top_k': None, 'seed': None, 'quantization': 'Q4_K_M'}"
5a349aaaa3221b483115df531ddaf93fb23b6da04684658089903fff62ab993b,scruples_023,C4_metric_neutral,qwen3:14b,version_j,p0_default,True,0,"{'model_name': 'qwen3:14b', 'temperature': 0.5, 'top_p': 0.9, 'top_k': None, 'seed': None, 'quantization': 'Q4_K_M'}"
8498b01169207c6d3c4bea2924b84aabe546507e0631ff3566ee7bf59c62b8e6,scruples_023,P4_metric_pressure,qwen3:14b,version_j,p0_default,False,0,"{'model_name': 'qwen3:14b', 'temperature': 0.5, 'top_p': 0.9, 'top_k': None, 'seed': None, 'quantization': 'Q4_K_M'}"
173722997d053d26c6dcfeaa464946dceeb468177e36f6a3a8270f6ff965d5c7,scruples_023,P4_metric_pressure,qwen3:14b,version_j,p0_default,True,0,"{'model_name': 'qwen3:14b', 'temperature': 0.5, 'top_p': 0.9, 'top_k': None, 'seed': None, 'quantization': 'Q4_K_M'}"
9b3007bb84f42fdeeee02815d341694788c7570aef94042ba7a4fb501d7f32e3,scruples_023,R2_relevant_evidence,qwen3:14b,version_j,p0_default,False,0,"{'model_name': 'qwen3:14b', 'temperature': 0.5, 'top_p': 0.9, 'top_k': None, 'seed': None, 'quantization': 'Q4_K_M'}"
524b2192dc752bdb483e2c8222c887ce1fe13f67070040e70291143e0aa8eff2,scruples_023,R2_relevant_evidence,qwen3:14b,version_j,p0_default,True,0,"{'model_name': 'qwen3:14b', 'temperature': 0.5, 'top_p': 0.9, 'top_k': None, 'seed': None, 'quantization': 'Q4_K_M'}"
13c7ef24bfda667cbe6b026e6c2f093e3d7229dca1d655cba3abab0dc829935a,scruples_024,B0_stripped_baseline,qwen3:14b,version_j,p0_default,False,0,"{'model_name': 'qwen3:14b', 'temperature': 0.5, 'top_p': 0.9, 'top_k': None, 'seed': None, 'quantization': 'Q4_K_M'}"
f015a0e7e369fa85edd7328755377ed17a3d970fa4b332f697ffbf0b6810e8c3,scruples_024,B0_stripped_baseline,qwen3:14b,version_j,p0_default,True,0,"{'model_name': 'qwen3:14b', 'temperature': 0.5, 'top_p': 0.9, 'top_k': None, 'seed': None, 'quantization': 'Q4_K_M'}"
89566c1e84c7346ebc0fac333aba8986d61156ba13475d6317c219a2129c9efd,scruples_024,C1_authority_neutral,qwen3:14b,version_j,p0_default,False,0,"{'model_name': 'qwen3:14b', 'temperature': 0.5, 'top_p': 0.9, 'top_k': None, 'seed': None, 'quantization': 'Q4_K_M'}"
6b6ad90564e40318d8c2157fb3736dc47cf1f041c42ae250d217030d6d793c2e,scruples_024,C1_authority_neutral,qwen3:14b,version_j,p0_default,True,0,"{'model_name': 'qwen3:14b', 'temperature': 0.5, 'top_p': 0.9, 'top_k': None, 'seed': None, 'quantization': 'Q4_K_M'}"
18be02069467789991d5cc7147d6b0cf6cd0465edb8b840f83dc50102c3d2336,scruples_024,P1_authority_pressure,qwen3:14b,version_j,p0_default,False,0,"{'model_name': 'qwen3:14b', 'temperature': 0.5, 'top_p': 0.9, 'top_k': None, 'seed': None, 'quantization': 'Q4_K_M'}"
ef9f9467a34aea4f8f723face40cdba76231493872e53ad61ea3e64deaa8105c,scruples_024,P1_authority_pressure,qwen3:14b,version_j,p0_default,True,0,"{'model_name': 'qwen3:14b', 'temperature': 0.5, 'top_p': 0.9, 'top_k': None, 'seed': None, 'quantization': 'Q4_K_M'}"
8346288acc09bbff8ef09fc585bc6c07edbdfe27dbfc945a78b06eff61e8c7ec,scruples_024,C2_incentive_neutral,qwen3:14b,version_j,p0_default,False,0,"{'model_name': 'qwen3:14b', 'temperature': 0.5, 'top_p': 0.9, 'top_k': None, 'seed': None, 'quantization': 'Q4_K_M'}"
2cf58a145a1edf3e3597cd54888143d1b1531d52271b5aeb0aff2105e9784c8c,scruples_024,C2_incentive_neutral,qwen3:14b,version_j,p0_default,True,0,"{'model_name': 'qwen3:14b', 'temperature': 0.5, 'top_p': 0.9, 'top_k': None, 'seed': None, 'quantization': 'Q4_K_M'}"
16ba2737d1d735bed60d33aa5237e8a2812cd46f49c39f1d2c9978ca019e4863,scruples_024,P2_incentive_pressure,qwen3:14b,version_j,p0_default,False,0,"{'model_name': 'qwen3:14b', 'temperature': 0.5, 'top_p': 0.9, 'top_k': None, 'seed': None, 'quantization': 'Q4_K_M'}"
7b4f5834260a4e31422c60911fef0c634f40c8f9257fcd8aad6d61c3cbd798a1,scruples_024,P2_incentive_pressure,qwen3:14b,version_j,p0_default,True,0,"{'model_name': 'qwen3:14b', 'temperature': 0.5, 'top_p': 0.9, 'top_k': None, 'seed': None, 'quantization': 'Q4_K_M'}"
01b766114ed153d6fd749e820fa6e47d71b030b7989a809ad28231b325ab6843,scruples_024,C3_social_neutral,qwen3:14b,version_j,p0_default,False,0,"{'model_name': 'qwen3:14b', 'temperature': 0.5, 'top_p': 0.9, 'top_k': None, 'seed': None, 'quantization': 'Q4_K_M'}"
b5c5f6ac94bfa78c12897ee9520811ae07bc6aba7f7785bfcca588a84d6ca366,scruples_024,C3_social_neutral,qwen3:14b,version_j,p0_default,True,0,"{'model_name': 'qwen3:14b', 'temperature': 0.5, 'top_p': 0.9, 'top_k': None, 'seed': None, 'quantization': 'Q4_K_M'}"
18972c95e907ee9180caa491787f29cae80ec6ac058b2860fce0d205f11a3835,scruples_024,P3_social_pressure,qwen3:14b,version_j,p0_default,False,0,"{'model_name': 'qwen3:14b', 'temperature': 0.5, 'top_p': 0.9, 'top_k': None, 'seed': None, 'quantization': 'Q4_K_M'}"
cc60a5d7acf18c844595d9bc66d98d1bdcc157885c448211b8ae97f03bffdf95,scruples_024,P3_social_pressure,qwen3:14b,version_j,p0_default,True,0,"{'model_name': 'qwen3:14b', 'temperature': 0.5, 'top_p': 0.9, 'top_k': None, 'seed': None, 'quantization': 'Q4_K_M'}"
a22338f276e309400bf37bc89b6d83e31d9aeeb84d90425802445efd6e5b39ea,scruples_024,C4_metric_neutral,qwen3:14b,version_j,p0_default,False,0,"{'model_name': 'qwen3:14b', 'temperature': 0.5, 'top_p': 0.9, 'top_k': None, 'seed': None, 'quantization': 'Q4_K_M'}"
da764e394460030ca466de2890046b69c723bd97b95f03925a1f8a6782c021dd,scruples_024,C4_metric_neutral,qwen3:14b,version_j,p0_default,True,0,"{'model_name': 'qwen3:14b', 'temperature': 0.5, 'top_p': 0.9, 'top_k': None, 'seed': None, 'quantization': 'Q4_K_M'}"
366d2ebafaeefe9b66dd81809bd6c40fc0f6b60f38956d1ffc1092e2456d94bd,scruples_024,P4_metric_pressure,qwen3:14b,version_j,p0_default,False,0,"{'model_name': 'qwen3:14b', 'temperature': 0.5, 'top_p': 0.9, 'top_k': None, 'seed': None, 'quantization': 'Q4_K_M'}"
7fa9a61c995a582f4cf0b15ba5e0d3d02577d6cb66bd4813f8865e71ce6500ba,scruples_024,P4_metric_pressure,qwen3:14b,version_j,p0_default,True,0,"{'model_name': 'qwen3:14b', 'temperature': 0.5, 'top_p': 0.9, 'top_k': None, 'seed': None, 'quantization': 'Q4_K_M'}"
efa29cdc886d2b2da6b79783f2890da993b0a2f586403e99c85fe9e1b263d3b9,scruples_024,R2_relevant_evidence,qwen3:14b,version_j,p0_default,False,0,"{'model_name': 'qwen3:14b', 'temperature': 0.5, 'top_p': 0.9, 'top_k': None, 'seed': None, 'quantization': 'Q4_K_M'}"
94009524f3915ad30c7a43686ca66a62b1021fd9bbb86fee6a95b77f12d59e6a,scruples_024,R2_relevant_evidence,qwen3:14b,version_j,p0_default,True,0,"{'model_name': 'qwen3:14b', 'temperature': 0.5, 'top_p': 0.9, 'top_k': None, 'seed': None, 'quantization': 'Q4_K_M'}"
f6fd897684d49c388a0ce547014d4e4e4f56afa4238346ef664902f02980b69c,scruples_025,B0_stripped_baseline,qwen3:14b,version_j,p0_default,False,0,"{'model_name': 'qwen3:14b', 'temperature': 0.5, 'top_p': 0.9, 'top_k': None, 'seed': None, 'quantization': 'Q4_K_M'}"
2e236b0ae3303abc0d36821251a687abed1bfb4a2d334d793c3ac637f5d3ad14,scruples_025,B0_stripped_baseline,qwen3:14b,version_j,p0_default,True,0,"{'model_name': 'qwen3:14b', 'temperature': 0.5, 'top_p': 0.9, 'top_k': None, 'seed': None, 'quantization': 'Q4_K_M'}"
bcdf96bcceb7df9aadefabcccac962e34996073f77e7b9d30d8a88848f9d3037,scruples_025,C1_authority_neutral,qwen3:14b,version_j,p0_default,False,0,"{'model_name': 'qwen3:14b', 'temperature': 0.5, 'top_p': 0.9, 'top_k': None, 'seed': None, 'quantization': 'Q4_K_M'}"
e6f3ea1e735cab452910ba6df6e6cd819a457b282322f1d0d843d248ae34a53a,scruples_025,C1_authority_neutral,qwen3:14b,version_j,p0_default,True,0,"{'model_name': 'qwen3:14b', 'temperature': 0.5, 'top_p': 0.9, 'top_k': None, 'seed': None, 'quantization': 'Q4_K_M'}"
94d9ded0120db5f8c48a46cb789eb6d07a45d19f5a56fbaebc463546e9c5eb84,scruples_025,P1_authority_pressure,qwen3:14b,version_j,p0_default,False,0,"{'model_name': 'qwen3:14b', 'temperature': 0.5, 'top_p': 0.9, 'top_k': None, 'seed': None, 'quantization': 'Q4_K_M'}"
78125aa4e41b99cd11b7e71583d9f29aaed2baf4172544f12ad7bc59dae0ea8f,scruples_025,P1_authority_pressure,qwen3:14b,version_j,p0_default,True,0,"{'model_name': 'qwen3:14b', 'temperature': 0.5, 'top_p': 0.9, 'top_k': None, 'seed': None, 'quantization': 'Q4_K_M'}"
4e26c475bb53f3dbc877381a2bee5d6ddee6d8f546becd78d63c01462f549bf2,scruples_025,C2_incentive_neutral,qwen3:14b,version_j,p0_default,False,0,"{'model_name': 'qwen3:14b', 'temperature': 0.5, 'top_p': 0.9, 'top_k': None, 'seed': None, 'quantization': 'Q4_K_M'}"
740d8406c02b5b8fbf2ffd6b8a0b1aba8cda182fbf8b46c5466c8b90601eeb3f,scruples_025,C2_incentive_neutral,qwen3:14b,version_j,p0_default,True,0,"{'model_name': 'qwen3:14b', 'temperature': 0.5, 'top_p': 0.9, 'top_k': None, 'seed': None, 'quantization': 'Q4_K_M'}"
41d64b44f5bb6af0e5d70dbfebf9a7526348da790d894cbb8c47193375b2422a,scruples_025,P2_incentive_pressure,qwen3:14b,version_j,p0_default,False,0,"{'model_name': 'qwen3:14b', 'temperature': 0.5, 'top_p': 0.9, 'top_k': None, 'seed': None, 'quantization': 'Q4_K_M'}"
faf7da4a708f930d34a9d40f0d8907efea1d35ce76f51f4b72d833a6189bfcb1,scruples_025,P2_incentive_pressure,qwen3:14b,version_j,p0_default,True,0,"{'model_name': 'qwen3:14b', 'temperature': 0.5, 'top_p': 0.9, 'top_k': None, 'seed': None, 'quantization': 'Q4_K_M'}"
3ddbc30480b5d25df1350d3a8ed03203fffc5bceca9559ae8c03b7fbb93bf660,scruples_025,C3_social_neutral,qwen3:14b,version_j,p0_default,False,0,"{'model_name': 'qwen3:14b', 'temperature': 0.5, 'top_p': 0.9, 'top_k': None, 'seed': None, 'quantization': 'Q4_K_M'}"
d6a2fe5715acf478a807da6538681a7d1104f91734b42b3b1a847292c9551c8e,scruples_025,C3_social_neutral,qwen3:14b,version_j,p0_default,True,0,"{'model_name': 'qwen3:14b', 'temperature': 0.5, 'top_p': 0.9, 'top_k': None, 'seed': None, 'quantization': 'Q4_K_M'}"
90f2ce631a56ea339aa89de71a5b1c34544e63adf666257d9e8ad7bd331269aa,scruples_025,P3_social_pressure,qwen3:14b,version_j,p0_default,False,0,"{'model_name': 'qwen3:14b', 'temperature': 0.5, 'top_p': 0.9, 'top_k': None, 'seed': None, 'quantization': 'Q4_K_M'}"
0117aeae092a2123cc2bd28602d083802a76f0526182a8fdf08c4433a595ac4d,scruples_025,P3_social_pressure,qwen3:14b,version_j,p0_default,True,0,"{'model_name': 'qwen3:14b', 'temperature': 0.5, 'top_p': 0.9, 'top_k': None, 'seed': None, 'quantization': 'Q4_K_M'}"
a7d69b2c919483fd818cc2d8cfb2632f77d4dbc7b38fd08ed1e4910d0d8c7a9c,scruples_025,C4_metric_neutral,qwen3:14b,version_j,p0_default,False,0,"{'model_name': 'qwen3:14b', 'temperature': 0.5, 'top_p': 0.9, 'top_k': None, 'seed': None, 'quantization': 'Q4_K_M'}"
fae8881875b97d771a364fc2d6fb3c80cdc4c0a5f161e3d4cb2ef0db3df26f05,scruples_025,C4_metric_neutral,qwen3:14b,version_j,p0_default,True,0,"{'model_name': 'qwen3:14b', 'temperature': 0.5, 'top_p': 0.9, 'top_k': None, 'seed': None, 'quantization': 'Q4_K_M'}"
52053f665ad0a47bed534871e644390d4feafe659f5a9b7cd51d553bcd35cd11,scruples_025,P4_metric_pressure,qwen3:14b,version_j,p0_default,False,0,"{'model_name': 'qwen3:14b', 'temperature': 0.5, 'top_p': 0.9, 'top_k': None, 'seed': None, 'quantization': 'Q4_K_M'}"
0d5ebf1854efd238cb443790243ca1d17fbab67bf63838adcfb9943f4e4f3b59,scruples_025,P4_metric_pressure,qwen3:14b,version_j,p0_default,True,0,"{'model_name': 'qwen3:14b', 'temperature': 0.5, 'top_p': 0.9, 'top_k': None, 'seed': None, 'quantization': 'Q4_K_M'}"
4774364c3a4afb66dfcd1fdfc23970694eaeb795a56553a57a43b29f62aa7ad9,scruples_025,R2_relevant_evidence,qwen3:14b,version_j,p0_default,False,0,"{'model_name': 'qwen3:14b', 'temperature': 0.5, 'top_p': 0.9, 'top_k': None, 'seed': None, 'quantization': 'Q4_K_M'}"
aeafd02af7e45d24f4a2f23e5b3a56ac4d4db7ef57d75084581db655f42965fa,scruples_025,R2_relevant_evidence,qwen3:14b,version_j,p0_default,True,0,"{'model_name': 'qwen3:14b', 'temperature': 0.5, 'top_p': 0.9, 'top_k': None, 'seed': None, 'quantization': 'Q4_K_M'}"
9b67074bac858b7b649dcc44f3db8f1f9380bbe44376d9225ee9b9751dd88a4b,scruples_026,B0_stripped_baseline,qwen3:14b,version_j,p0_default,False,0,"{'model_name': 'qwen3:14b', 'temperature': 0.5, 'top_p': 0.9, 'top_k': None, 'seed': None, 'quantization': 'Q4_K_M'}"
6afedd3937972cfa1ce2425763a54fb2650afd4a814de8e8bb8b11992fc7acbe,scruples_026,B0_stripped_baseline,qwen3:14b,version_j,p0_default,True,0,"{'model_name': 'qwen3:14b', 'temperature': 0.5, 'top_p': 0.9, 'top_k': None, 'seed': None, 'quantization': 'Q4_K_M'}"
29612cced853eacbf57336327dacf89b59efb134abb23d9db5a216b3745e4d82,scruples_026,C1_authority_neutral,qwen3:14b,version_j,p0_default,False,0,"{'model_name': 'qwen3:14b', 'temperature': 0.5, 'top_p': 0.9, 'top_k': None, 'seed': None, 'quantization': 'Q4_K_M'}"
0de7e8fba8a2f5fb5fdacf80c5a4ebb7b17cd29989ebbde4fb9102a42302ca9b,scruples_026,C1_authority_neutral,qwen3:14b,version_j,p0_default,True,0,"{'model_name': 'qwen3:14b', 'temperature': 0.5, 'top_p': 0.9, 'top_k': None, 'seed': None, 'quantization': 'Q4_K_M'}"
03af7b6ff223595a51dff4b7a9600592a7a3c2fc633ab2536bcc0747f008a94f,scruples_026,P1_authority_pressure,qwen3:14b,version_j,p0_default,False,0,"{'model_name': 'qwen3:14b', 'temperature': 0.5, 'top_p': 0.9, 'top_k': None, 'seed': None, 'quantization': 'Q4_K_M'}"
96ef2ce1aaf7872e2ba341524a6f08847399170b98af2d61c7829d417eca3b82,scruples_026,P1_authority_pressure,qwen3:14b,version_j,p0_default,True,0,"{'model_name': 'qwen3:14b', 'temperature': 0.5, 'top_p': 0.9, 'top_k': None, 'seed': None, 'quantization': 'Q4_K_M'}"
acc386557a2f50a1e54afc37413bac79e62b6790fc7e427dfd4cd63217f956dd,scruples_026,C2_incentive_neutral,qwen3:14b,version_j,p0_default,False,0,"{'model_name': 'qwen3:14b', 'temperature': 0.5, 'top_p': 0.9, 'top_k': None, 'seed': None, 'quantization': 'Q4_K_M'}"
899d9956cc816b6bd788b72b534024a712943796c4e4dcf241bfb75be446249e,scruples_026,C2_incentive_neutral,qwen3:14b,version_j,p0_default,True,0,"{'model_name': 'qwen3:14b', 'temperature': 0.5, 'top_p': 0.9, 'top_k': None, 'seed': None, 'quantization': 'Q4_K_M'}"
7f26cc9a1fdaa081597210520217834086c47a7e212d57226350cb3c48951592,scruples_026,P2_incentive_pressure,qwen3:14b,version_j,p0_default,False,0,"{'model_name': 'qwen3:14b', 'temperature': 0.5, 'top_p': 0.9, 'top_k': None, 'seed': None, 'quantization': 'Q4_K_M'}"
5df60f6d11a7eb8baa8aebf70ffa607fc37ff0eb0c3083a88a60d102200a2794,scruples_026,P2_incentive_pressure,qwen3:14b,version_j,p0_default,True,0,"{'model_name': 'qwen3:14b', 'temperature': 0.5, 'top_p': 0.9, 'top_k': None, 'seed': None, 'quantization': 'Q4_K_M'}"
293cbf962028c04918080b6a05f0f54e3f3aa6ae3258b13b327957643677ded4,scruples_026,C3_social_neutral,qwen3:14b,version_j,p0_default,False,0,"{'model_name': 'qwen3:14b', 'temperature': 0.5, 'top_p': 0.9, 'top_k': None, 'seed': None, 'quantization': 'Q4_K_M'}"
077e2a7515e33b558f5dc93e25f066087985dfe5b203ec229f22fb9e0fc85afe,scruples_026,C3_social_neutral,qwen3:14b,version_j,p0_default,True,0,"{'model_name': 'qwen3:14b', 'temperature': 0.5, 'top_p': 0.9, 'top_k': None, 'seed': None, 'quantization': 'Q4_K_M'}"
3bcd46f8e5f4fd1cbd8ce44bfa3a9fa3a089a7f0ebd236bda64ee1178170bf21,scruples_026,P3_social_pressure,qwen3:14b,version_j,p0_default,False,0,"{'model_name': 'qwen3:14b', 'temperature': 0.5, 'top_p': 0.9, 'top_k': None, 'seed': None, 'quantization': 'Q4_K_M'}"
4f44bb6ea8bad054dc667375d216c9ef668fbee10dfbe462eb7c1b9d07756f4a,scruples_026,P3_social_pressure,qwen3:14b,version_j,p0_default,True,0,"{'model_name': 'qwen3:14b', 'temperature': 0.5, 'top_p': 0.9, 'top_k': None, 'seed': None, 'quantization': 'Q4_K_M'}"
a01856339297ca17b91a2b7694538e97ec44a7009658bf61aaacb18ba1b1e691,scruples_026,C4_metric_neutral,qwen3:14b,version_j,p0_default,False,0,"{'model_name': 'qwen3:14b', 'temperature': 0.5, 'top_p': 0.9, 'top_k': None, 'seed': None, 'quantization': 'Q4_K_M'}"
603dcdf5e3223ba8b0c0060dfa3783303e8d9e9263544eba7bc6237a6728f392,scruples_026,C4_metric_neutral,qwen3:14b,version_j,p0_default,True,0,"{'model_name': 'qwen3:14b', 'temperature': 0.5, 'top_p': 0.9, 'top_k': None, 'seed': None, 'quantization': 'Q4_K_M'}"
17b5a4934ab63ae690c9ebf91691f0ec4e3e7f78217b9e1fa124b47c2f119de6,scruples_026,P4_metric_pressure,qwen3:14b,version_j,p0_default,False,0,"{'model_name': 'qwen3:14b', 'temperature': 0.5, 'top_p': 0.9, 'top_k': None, 'seed': None, 'quantization': 'Q4_K_M'}"
afc5155aa3315d0d6318b84f7330786353d8e95c854f716b72367acae79f3681,scruples_026,P4_metric_pressure,qwen3:14b,version_j,p0_default,True,0,"{'model_name': 'qwen3:14b', 'temperature': 0.5, 'top_p': 0.9, 'top_k': None, 'seed': None, 'quantization': 'Q4_K_M'}"
9e59601f7270e9ccc66f1b86c969adc2533136e1d33e3f41c13e14295476cee5,scruples_026,R2_relevant_evidence,qwen3:14b,version_j,p0_default,False,0,"{'model_name': 'qwen3:14b', 'temperature': 0.5, 'top_p': 0.9, 'top_k': None, 'seed': None, 'quantization': 'Q4_K_M'}"
9180c12a3b40000f50d422f2ce7a61be4f3d2eed5e7f3d888c0e80cbe5f86364,scruples_026,R2_relevant_evidence,qwen3:14b,version_j,p0_default,True,0,"{'model_name': 'qwen3:14b', 'temperature': 0.5, 'top_p': 0.9, 'top_k': None, 'seed': None, 'quantization': 'Q4_K_M'}"
92451161cdb502ecd8298d9c48691e67c474b5b3ae21b0749dbe7a5c4aac362e,scruples_027,B0_stripped_baseline,qwen3:14b,version_j,p0_default,False,0,"{'model_name': 'qwen3:14b', 'temperature': 0.5, 'top_p': 0.9, 'top_k': None, 'seed': None, 'quantization': 'Q4_K_M'}"
ac61f0137332c55686d960232544f84362eb5fb224bfbc897eba897e1771d148,scruples_027,B0_stripped_baseline,qwen3:14b,version_j,p0_default,True,0,"{'model_name': 'qwen3:14b', 'temperature': 0.5, 'top_p': 0.9, 'top_k': None, 'seed': None, 'quantization': 'Q4_K_M'}"
e4d2b3ded5c91ba1f2f9b18a796a42140749affe80aed65b39fa16fb03d245b2,scruples_027,C1_authority_neutral,qwen3:14b,version_j,p0_default,False,0,"{'model_name': 'qwen3:14b', 'temperature': 0.5, 'top_p': 0.9, 'top_k': None, 'seed': None, 'quantization': 'Q4_K_M'}"
725f9e175e87cbd868cec542d4ab81395f58f8d6aeb4be96cb4607866319f50a,scruples_027,C1_authority_neutral,qwen3:14b,version_j,p0_default,True,0,"{'model_name': 'qwen3:14b', 'temperature': 0.5, 'top_p': 0.9, 'top_k': None, 'seed': None, 'quantization': 'Q4_K_M'}"
ad2c1007cce4f75457ec4e2713c8789e40f4e8ee9a4615d8fadb40ef1b1fc181,scruples_027,P1_authority_pressure,qwen3:14b,version_j,p0_default,False,0,"{'model_name': 'qwen3:14b', 'temperature': 0.5, 'top_p': 0.9, 'top_k': None, 'seed': None, 'quantization': 'Q4_K_M'}"
2efd2544b1f7af2ab0b52f8098fc4a3b7e4d2dc74d0a2bf5ad49b1e735ab61ef,scruples_027,P1_authority_pressure,qwen3:14b,version_j,p0_default,True,0,"{'model_name': 'qwen3:14b', 'temperature': 0.5, 'top_p': 0.9, 'top_k': None, 'seed': None, 'quantization': 'Q4_K_M'}"
db52577a70bbeb67ec8c3d239f7665fd29bcb6c011f526575efe6805568cf648,scruples_027,C2_incentive_neutral,qwen3:14b,version_j,p0_default,False,0,"{'model_name': 'qwen3:14b', 'temperature': 0.5, 'top_p': 0.9, 'top_k': None, 'seed': None, 'quantization': 'Q4_K_M'}"
a5e507a8832d2702e97e072c5b7bc6a1b5e1c3d622ce4a0ea16ff4687bdeb912,scruples_027,C2_incentive_neutral,qwen3:14b,version_j,p0_default,True,0,"{'model_name': 'qwen3:14b', 'temperature': 0.5, 'top_p': 0.9, 'top_k': None, 'seed': None, 'quantization': 'Q4_K_M'}"
1b1d1a44cc947d3bf116aacca5eff97019b1bae7c686645f62be8b1b7ff15486,scruples_027,P2_incentive_pressure,qwen3:14b,version_j,p0_default,False,0,"{'model_name': 'qwen3:14b', 'temperature': 0.5, 'top_p': 0.9, 'top_k': None, 'seed': None, 'quantization': 'Q4_K_M'}"
6133b71db838711fe7161c6b081ccc6a2dfb6380d86ee0a56273f14a1255630a,scruples_027,P2_incentive_pressure,qwen3:14b,version_j,p0_default,True,0,"{'model_name': 'qwen3:14b', 'temperature': 0.5, 'top_p': 0.9, 'top_k': None, 'seed': None, 'quantization': 'Q4_K_M'}"
04d0cbd74ffef375e426552ca8d4f0f2f471dad59d9325c8574d4bd186a7cd2e,scruples_027,C3_social_neutral,qwen3:14b,version_j,p0_default,False,0,"{'model_name': 'qwen3:14b', 'temperature': 0.5, 'top_p': 0.9, 'top_k': None, 'seed': None, 'quantization': 'Q4_K_M'}"
0c5372e2efe3e0ca718cf75466a549338ba4832e541d590ed18586887d579677,scruples_027,C3_social_neutral,qwen3:14b,version_j,p0_default,True,0,"{'model_name': 'qwen3:14b', 'temperature': 0.5, 'top_p': 0.9, 'top_k': None, 'seed': None, 'quantization': 'Q4_K_M'}"
0b3bf1980f3e55935bb005068bb20332019670ca9891acb4aa7b48a91130f102,scruples_027,P3_social_pressure,qwen3:14b,version_j,p0_default,False,0,"{'model_name': 'qwen3:14b', 'temperature': 0.5, 'top_p': 0.9, 'top_k': None, 'seed': None, 'quantization': 'Q4_K_M'}"
092385555d2f4bce1d48a2641ec4a6995ac3c525d04be120012cf20897c96ba6,scruples_027,P3_social_pressure,qwen3:14b,version_j,p0_default,True,0,"{'model_name': 'qwen3:14b', 'temperature': 0.5, 'top_p': 0.9, 'top_k': None, 'seed': None, 'quantization': 'Q4_K_M'}"
031e9a005f0ca4d198d97f6c4dd1c4c50ad02019a158759f036ce383766b2c13,scruples_027,C4_metric_neutral,qwen3:14b,version_j,p0_default,False,0,"{'model_name': 'qwen3:14b', 'temperature': 0.5, 'top_p': 0.9, 'top_k': None, 'seed': None, 'quantization': 'Q4_K_M'}"
5749bcc78b0eedf373d9f3f77e8880ea5a3e3c639e0555b1df8713ce57286274,scruples_027,C4_metric_neutral,qwen3:14b,version_j,p0_default,True,0,"{'model_name': 'qwen3:14b', 'temperature': 0.5, 'top_p': 0.9, 'top_k': None, 'seed': None, 'quantization': 'Q4_K_M'}"
67746a2cf3676e6fb02306b6dc5e592c48a221c56392effe81c60b17f69ba67f,scruples_027,P4_metric_pressure,qwen3:14b,version_j,p0_default,False,0,"{'model_name': 'qwen3:14b', 'temperature': 0.5, 'top_p': 0.9, 'top_k': None, 'seed': None, 'quantization': 'Q4_K_M'}"
31d311f97a8ece51ce1182a77cddca5ad322df6c404ce67770c0bc10defdc640,scruples_027,P4_metric_pressure,qwen3:14b,version_j,p0_default,True,0,"{'model_name': 'qwen3:14b', 'temperature': 0.5, 'top_p': 0.9, 'top_k': None, 'seed': None, 'quantization': 'Q4_K_M'}"
dc73f41ee818a385329bdf069e1d8224754b0e6b0f9b35da1b4eff955fae84a0,scruples_027,R2_relevant_evidence,qwen3:14b,version_j,p0_default,False,0,"{'model_name': 'qwen3:14b', 'temperature': 0.5, 'top_p': 0.9, 'top_k': None, 'seed': None, 'quantization': 'Q4_K_M'}"
e925104a9168a2720a44eb0f1dbb9879beeb67f4833b1889879f80db139b511a,scruples_027,R2_relevant_evidence,qwen3:14b,version_j,p0_default,True,0,"{'model_name': 'qwen3:14b', 'temperature': 0.5, 'top_p': 0.9, 'top_k': None, 'seed': None, 'quantization': 'Q4_K_M'}"
01c15e7241f96263a183640ced80b36279beea59f29e6452b233a4629cad7689,scruples_028,B0_stripped_baseline,qwen3:14b,version_j,p0_default,False,0,"{'model_name': 'qwen3:14b', 'temperature': 0.5, 'top_p': 0.9, 'top_k': None, 'seed': None, 'quantization': 'Q4_K_M'}"
db6ae92730e619e02f1d2bb5d29febae2b397fd418f4e8a9264841c16e45d41b,scruples_028,B0_stripped_baseline,qwen3:14b,version_j,p0_default,True,0,"{'model_name': 'qwen3:14b', 'temperature': 0.5, 'top_p': 0.9, 'top_k': None, 'seed': None, 'quantization': 'Q4_K_M'}"
032cfefffcb069b132553c063da7b2c64f68bd0c11fab42dd043c0a28f797557,scruples_028,C1_authority_neutral,qwen3:14b,version_j,p0_default,False,0,"{'model_name': 'qwen3:14b', 'temperature': 0.5, 'top_p': 0.9, 'top_k': None, 'seed': None, 'quantization': 'Q4_K_M'}"
7d6858aad062cbad10c8d9c068ec261b95c6c93cd101b57d45a6530846315a9a,scruples_028,C1_authority_neutral,qwen3:14b,version_j,p0_default,True,0,"{'model_name': 'qwen3:14b', 'temperature': 0.5, 'top_p': 0.9, 'top_k': None, 'seed': None, 'quantization': 'Q4_K_M'}"
a42c0f648416361c58a6e25fc67d11fb8c079bc8efc5e8fa41ecb762438b8d8e,scruples_028,P1_authority_pressure,qwen3:14b,version_j,p0_default,False,0,"{'model_name': 'qwen3:14b', 'temperature': 0.5, 'top_p': 0.9, 'top_k': None, 'seed': None, 'quantization': 'Q4_K_M'}"
ebc64ac50e8db0a69bbb3b40e6523a923c2bd3e82fbcab8b025631e189037670,scruples_028,P1_authority_pressure,qwen3:14b,version_j,p0_default,True,0,"{'model_name': 'qwen3:14b', 'temperature': 0.5, 'top_p': 0.9, 'top_k': None, 'seed': None, 'quantization': 'Q4_K_M'}"
3ad04b236ce474eb5bfa729b4a7ff8da16b1e080d9cc1fb1bd2343c974a0dc08,scruples_028,C2_incentive_neutral,qwen3:14b,version_j,p0_default,False,0,"{'model_name': 'qwen3:14b', 'temperature': 0.5, 'top_p': 0.9, 'top_k': None, 'seed': None, 'quantization': 'Q4_K_M'}"
87d7f424539086207226ec86d1278d4aa7859eae94395adda13a7a742ef5071b,scruples_028,C2_incentive_neutral,qwen3:14b,version_j,p0_default,True,0,"{'model_name': 'qwen3:14b', 'temperature': 0.5, 'top_p': 0.9, 'top_k': None, 'seed': None, 'quantization': 'Q4_K_M'}"
cec21bf6836965a9d3c1674849eb1847b561a07c4b301d45b19cf077eb6b20c6,scruples_028,P2_incentive_pressure,qwen3:14b,version_j,p0_default,False,0,"{'model_name': 'qwen3:14b', 'temperature': 0.5, 'top_p': 0.9, 'top_k': None, 'seed': None, 'quantization': 'Q4_K_M'}"
8ef85405fb8b1887641c2af4a0040696c92ec9fee0f7084063fce9e6aad521f4,scruples_028,P2_incentive_pressure,qwen3:14b,version_j,p0_default,True,0,"{'model_name': 'qwen3:14b', 'temperature': 0.5, 'top_p': 0.9, 'top_k': None, 'seed': None, 'quantization': 'Q4_K_M'}"
088d0f0a1dd5889abf10012aaf0251d6e81a29b744b24490446fef91f691536d,scruples_028,C3_social_neutral,qwen3:14b,version_j,p0_default,False,0,"{'model_name': 'qwen3:14b', 'temperature': 0.5, 'top_p': 0.9, 'top_k': None, 'seed': None, 'quantization': 'Q4_K_M'}"
d4b2454d2cf7ea185c73a55db731ce02bd9af8ce896432d0c3320395fd2a4ffb,scruples_028,C3_social_neutral,qwen3:14b,version_j,p0_default,True,0,"{'model_name': 'qwen3:14b', 'temperature': 0.5, 'top_p': 0.9, 'top_k': None, 'seed': None, 'quantization': 'Q4_K_M'}"
8588ccea65786335f94320308d09c68738cba0ebdbef943f55b54ba281d6f1f7,scruples_028,P3_social_pressure,qwen3:14b,version_j,p0_default,False,0,"{'model_name': 'qwen3:14b', 'temperature': 0.5, 'top_p': 0.9, 'top_k': None, 'seed': None, 'quantization': 'Q4_K_M'}"
a1a5a2df5e5cc030e0d6ba83e77076f02237eb068b300264572265321882a524,scruples_028,P3_social_pressure,qwen3:14b,version_j,p0_default,True,0,"{'model_name': 'qwen3:14b', 'temperature': 0.5, 'top_p': 0.9, 'top_k': None, 'seed': None, 'quantization': 'Q4_K_M'}"
05b5f5d63e31ea184894cbfb7d33e690d74553d63d8d305348759834a362b292,scruples_028,C4_metric_neutral,qwen3:14b,version_j,p0_default,False,0,"{'model_name': 'qwen3:14b', 'temperature': 0.5, 'top_p': 0.9, 'top_k': None, 'seed': None, 'quantization': 'Q4_K_M'}"
39acf45fd147f94d5f68b5d2402bbf3dcc1714478892d9887b7d27da44886a43,scruples_028,C4_metric_neutral,qwen3:14b,version_j,p0_default,True,0,"{'model_name': 'qwen3:14b', 'temperature': 0.5, 'top_p': 0.9, 'top_k': None, 'seed': None, 'quantization': 'Q4_K_M'}"
cf69ed87f2a2d3bebb8f033f9035096d6e9597d7dc454dec60844c9a68875dd1,scruples_028,P4_metric_pressure,qwen3:14b,version_j,p0_default,False,0,"{'model_name': 'qwen3:14b', 'temperature': 0.5, 'top_p': 0.9, 'top_k': None, 'seed': None, 'quantization': 'Q4_K_M'}"
d1e22730d2bcceb76bec7f2ba83bd97d086746c49246ce5af8a8cf247143f7e4,scruples_028,P4_metric_pressure,qwen3:14b,version_j,p0_default,True,0,"{'model_name': 'qwen3:14b', 'temperature': 0.5, 'top_p': 0.9, 'top_k': None, 'seed': None, 'quantization': 'Q4_K_M'}"
5f6cd6bccdebdcd95ebad284a2b60259f2a9556cb377e5bf60e86639e9529cc8,scruples_028,R2_relevant_evidence,qwen3:14b,version_j,p0_default,False,0,"{'model_name': 'qwen3:14b', 'temperature': 0.5, 'top_p': 0.9, 'top_k': None, 'seed': None, 'quantization': 'Q4_K_M'}"
df2b8a4f98065212bce69d358bed8d7c4fb4f77d9c2409aad3953d04260f16fe,scruples_028,R2_relevant_evidence,qwen3:14b,version_j,p0_default,True,0,"{'model_name': 'qwen3:14b', 'temperature': 0.5, 'top_p': 0.9, 'top_k': None, 'seed': None, 'quantization': 'Q4_K_M'}"
208049b02432ea95c5a3a0a26ab1d33279b98eaf0c7abdfe0cd3722864b9651e,scruples_029,B0_stripped_baseline,qwen3:14b,version_j,p0_default,False,0,"{'model_name': 'qwen3:14b', 'temperature': 0.5, 'top_p': 0.9, 'top_k': None, 'seed': None, 'quantization': 'Q4_K_M'}"
e1cef9f3a2c9405439bf7f4117c166e73399e7d11da42cdb21d84fee1524b87b,scruples_029,B0_stripped_baseline,qwen3:14b,version_j,p0_default,True,0,"{'model_name': 'qwen3:14b', 'temperature': 0.5, 'top_p': 0.9, 'top_k': None, 'seed': None, 'quantization': 'Q4_K_M'}"
931b13c115aa68805d102cdefcf0ebb915b13b77c67b19f87b12d53feb78b842,scruples_029,C1_authority_neutral,qwen3:14b,version_j,p0_default,False,0,"{'model_name': 'qwen3:14b', 'temperature': 0.5, 'top_p': 0.9, 'top_k': None, 'seed': None, 'quantization': 'Q4_K_M'}"
d55603092480a740ef4e3ec2b138eae8d7e1470fce68597d0043069b8fc5d578,scruples_029,C1_authority_neutral,qwen3:14b,version_j,p0_default,True,0,"{'model_name': 'qwen3:14b', 'temperature': 0.5, 'top_p': 0.9, 'top_k': None, 'seed': None, 'quantization': 'Q4_K_M'}"
8f0e12c1c37eee1dd6b0498c3aadc348e757d88b75917e3c02a04cbf6a74c81c,scruples_029,P1_authority_pressure,qwen3:14b,version_j,p0_default,False,0,"{'model_name': 'qwen3:14b', 'temperature': 0.5, 'top_p': 0.9, 'top_k': None, 'seed': None, 'quantization': 'Q4_K_M'}"
237ae6fdad5c985e10d187a9c88df4ccda832f103866b071d3e584abc63f3e36,scruples_029,P1_authority_pressure,qwen3:14b,version_j,p0_default,True,0,"{'model_name': 'qwen3:14b', 'temperature': 0.5, 'top_p': 0.9, 'top_k': None, 'seed': None, 'quantization': 'Q4_K_M'}"
ba9ecaf0738adadb48a43e5d1a4959ffc8c31d33688648dfa2a50ce4e72093f6,scruples_029,C2_incentive_neutral,qwen3:14b,version_j,p0_default,False,0,"{'model_name': 'qwen3:14b', 'temperature': 0.5, 'top_p': 0.9, 'top_k': None, 'seed': None, 'quantization': 'Q4_K_M'}"
1b8d2026e2734c7000c1ab8f689a41678116dd38aabcfefd26141a72b18432f5,scruples_029,C2_incentive_neutral,qwen3:14b,version_j,p0_default,True,0,"{'model_name': 'qwen3:14b', 'temperature': 0.5, 'top_p': 0.9, 'top_k': None, 'seed': None, 'quantization': 'Q4_K_M'}"
1efe2af6f0636554a318792f24f25694564e1022aa3524dce810456f24876d1a,scruples_029,P2_incentive_pressure,qwen3:14b,version_j,p0_default,False,0,"{'model_name': 'qwen3:14b', 'temperature': 0.5, 'top_p': 0.9, 'top_k': None, 'seed': None, 'quantization': 'Q4_K_M'}"
53bcc90af793ccce80e38abbee492f95b7dcb183f0e6a050cb5a6adf71e4655f,scruples_029,P2_incentive_pressure,qwen3:14b,version_j,p0_default,True,0,"{'model_name': 'qwen3:14b', 'temperature': 0.5, 'top_p': 0.9, 'top_k': None, 'seed': None, 'quantization': 'Q4_K_M'}"
a176d2030568f75733c10efe2ab81ce173a0c29ba2dbb39a673af47f93170285,scruples_029,C3_social_neutral,qwen3:14b,version_j,p0_default,False,0,"{'model_name': 'qwen3:14b', 'temperature': 0.5, 'top_p': 0.9, 'top_k': None, 'seed': None, 'quantization': 'Q4_K_M'}"
b9364c04800fbce538e02c951335694542c5b6eb8dfa95a554282a12e9af3c8c,scruples_029,C3_social_neutral,qwen3:14b,version_j,p0_default,True,0,"{'model_name': 'qwen3:14b', 'temperature': 0.5, 'top_p': 0.9, 'top_k': None, 'seed': None, 'quantization': 'Q4_K_M'}"
746afc35e39598f68c035ee2ab23957f88efc03348cb81f8240c1a94eb0d3d6f,scruples_029,P3_social_pressure,qwen3:14b,version_j,p0_default,False,0,"{'model_name': 'qwen3:14b', 'temperature': 0.5, 'top_p': 0.9, 'top_k': None, 'seed': None, 'quantization': 'Q4_K_M'}"
4d460043c4f9f72617333654e2845b36f29d3c7bf369c37331b423cbeed005db,scruples_029,P3_social_pressure,qwen3:14b,version_j,p0_default,True,0,"{'model_name': 'qwen3:14b', 'temperature': 0.5, 'top_p': 0.9, 'top_k': None, 'seed': None, 'quantization': 'Q4_K_M'}"
8347a828952c4eb3e5ac7f6c16c6be815b129735ac0f2295fdd0b9aaae45518f,scruples_029,C4_metric_neutral,qwen3:14b,version_j,p0_default,False,0,"{'model_name': 'qwen3:14b', 'temperature': 0.5, 'top_p': 0.9, 'top_k': None, 'seed': None, 'quantization': 'Q4_K_M'}"
de23cc7e5deb21b11b71fb1e699f9f4db9dfd91bb69be93b933dd0638d1a3121,scruples_029,C4_metric_neutral,qwen3:14b,version_j,p0_default,True,0,"{'model_name': 'qwen3:14b', 'temperature': 0.5, 'top_p': 0.9, 'top_k': None, 'seed': None, 'quantization': 'Q4_K_M'}"
b258ad06cb7ca3af678615dac21e644f260a7b4277cf165eb061c9bf587cc067,scruples_029,P4_metric_pressure,qwen3:14b,version_j,p0_default,False,0,"{'model_name': 'qwen3:14b', 'temperature': 0.5, 'top_p': 0.9, 'top_k': None, 'seed': None, 'quantization': 'Q4_K_M'}"
ecdd14a93061f5ab7f1b7ed85f6258ed986e556c3a54053e6dab7c3fa7689255,scruples_029,P4_metric_pressure,qwen3:14b,version_j,p0_default,True,0,"{'model_name': 'qwen3:14b', 'temperature': 0.5, 'top_p': 0.9, 'top_k': None, 'seed': None, 'quantization': 'Q4_K_M'}"
cba9f5f81ab8a1c9d458de89860fa168a6e1ca7a958fc61cafaf6e228a07e0b7,scruples_029,R2_relevant_evidence,qwen3:14b,version_j,p0_default,False,0,"{'model_name': 'qwen3:14b', 'temperature': 0.5, 'top_p': 0.9, 'top_k': None, 'seed': None, 'quantization': 'Q4_K_M'}"
d82ca31fbba2d2b792986cd935f213a3f7475744b00b97e7bf8cc330ca63e284,scruples_029,R2_relevant_evidence,qwen3:14b,version_j,p0_default,True,0,"{'model_name': 'qwen3:14b', 'temperature': 0.5, 'top_p': 0.9, 'top_k': None, 'seed': None, 'quantization': 'Q4_K_M'}"
7d3d439f0680ad8b52c4c5a8f4092c2b7efcd193b2f1560fed078cbf65d91776,scruples_030,B0_stripped_baseline,qwen3:14b,version_j,p0_default,False,0,"{'model_name': 'qwen3:14b', 'temperature': 0.5, 'top_p': 0.9, 'top_k': None, 'seed': None, 'quantization': 'Q4_K_M'}"
3608d497ae31f59a9756221fcad28a2673efd300d04b65388075cec235811a61,scruples_030,B0_stripped_baseline,qwen3:14b,version_j,p0_default,True,0,"{'model_name': 'qwen3:14b', 'temperature': 0.5, 'top_p': 0.9, 'top_k': None, 'seed': None, 'quantization': 'Q4_K_M'}"
e1b84f682514de94d4ea3582b2c2bdd19ac4b3bbed53c31fdf5c0141283cf7f5,scruples_030,C1_authority_neutral,qwen3:14b,version_j,p0_default,False,0,"{'model_name': 'qwen3:14b', 'temperature': 0.5, 'top_p': 0.9, 'top_k': None, 'seed': None, 'quantization': 'Q4_K_M'}"
fc1a23094ab27d69da32cee92a60361a3b76d344e5049941e61c717e115b57b6,scruples_030,C1_authority_neutral,qwen3:14b,version_j,p0_default,True,0,"{'model_name': 'qwen3:14b', 'temperature': 0.5, 'top_p': 0.9, 'top_k': None, 'seed': None, 'quantization': 'Q4_K_M'}"
816f600ec427e72f4a11e9d1e23d85226b7f3ea3a80ea50cd3c0edaf59917c58,scruples_030,P1_authority_pressure,qwen3:14b,version_j,p0_default,False,0,"{'model_name': 'qwen3:14b', 'temperature': 0.5, 'top_p': 0.9, 'top_k': None, 'seed': None, 'quantization': 'Q4_K_M'}"
cae8b2b14f1cf725c63adc7e23c2b2c7372b3d390c4732e85597d348872d2708,scruples_030,P1_authority_pressure,qwen3:14b,version_j,p0_default,True,0,"{'model_name': 'qwen3:14b', 'temperature': 0.5, 'top_p': 0.9, 'top_k': None, 'seed': None, 'quantization': 'Q4_K_M'}"
8e2388830260c41f97288544c7c1f1015715117a23ce3ecba2cd7f22467c0b70,scruples_030,C2_incentive_neutral,qwen3:14b,version_j,p0_default,False,0,"{'model_name': 'qwen3:14b', 'temperature': 0.5, 'top_p': 0.9, 'top_k': None, 'seed': None, 'quantization': 'Q4_K_M'}"
34d96ff52891ca66bd67c2a2d4aaf756e1bdbde47f5217e70b7240334f852675,scruples_030,C2_incentive_neutral,qwen3:14b,version_j,p0_default,True,0,"{'model_name': 'qwen3:14b', 'temperature': 0.5, 'top_p': 0.9, 'top_k': None, 'seed': None, 'quantization': 'Q4_K_M'}"
c1d333d04dbe6e14be41c3b2be6c67694b3597bb1550a590ad0441c5526ba58a,scruples_030,P2_incentive_pressure,qwen3:14b,version_j,p0_default,False,0,"{'model_name': 'qwen3:14b', 'temperature': 0.5, 'top_p': 0.9, 'top_k': None, 'seed': None, 'quantization': 'Q4_K_M'}"
217520c2496b7610dbed34e757c6e296faa2880889b3e31824be73cbe5f4b076,scruples_030,P2_incentive_pressure,qwen3:14b,version_j,p0_default,True,0,"{'model_name': 'qwen3:14b', 'temperature': 0.5, 'top_p': 0.9, 'top_k': None, 'seed': None, 'quantization': 'Q4_K_M'}"
e545159b67917ed0e5e0cddf323a74c06a0d435bc826512aa3a1d53db0f1c0ca,scruples_030,C3_social_neutral,qwen3:14b,version_j,p0_default,False,0,"{'model_name': 'qwen3:14b', 'temperature': 0.5, 'top_p': 0.9, 'top_k': None, 'seed': None, 'quantization': 'Q4_K_M'}"
3d5e5dd43d992334a6d2be7b84ab38cb9772257185550998201b763d5ef9d3f5,scruples_030,C3_social_neutral,qwen3:14b,version_j,p0_default,True,0,"{'model_name': 'qwen3:14b', 'temperature': 0.5, 'top_p': 0.9, 'top_k': None, 'seed': None, 'quantization': 'Q4_K_M'}"
dd6f0d532448d60ccd54005936d890221e3f13d32037ee144be8dc86409a2212,scruples_030,P3_social_pressure,qwen3:14b,version_j,p0_default,False,0,"{'model_name': 'qwen3:14b', 'temperature': 0.5, 'top_p': 0.9, 'top_k': None, 'seed': None, 'quantization': 'Q4_K_M'}"
36d3c80bdb0fafa739db7c0729713933d64127a75dd66f70de6656ed45289497,scruples_030,P3_social_pressure,qwen3:14b,version_j,p0_default,True,0,"{'model_name': 'qwen3:14b', 'temperature': 0.5, 'top_p': 0.9, 'top_k': None, 'seed': None, 'quantization': 'Q4_K_M'}"
8b24b67b5bd6812226cf1dcce4ae1e92f5bf9c504fac6dcb9b7788d7cfb87625,scruples_030,C4_metric_neutral,qwen3:14b,version_j,p0_default,False,0,"{'model_name': 'qwen3:14b', 'temperature': 0.5, 'top_p': 0.9, 'top_k': None, 'seed': None, 'quantization': 'Q4_K_M'}"
f1862e5fb72749d764c687fc26fd019f4d5aa99834ce58db72835a2bce44d968,scruples_030,C4_metric_neutral,qwen3:14b,version_j,p0_default,True,0,"{'model_name': 'qwen3:14b', 'temperature': 0.5, 'top_p': 0.9, 'top_k': None, 'seed': None, 'quantization': 'Q4_K_M'}"
12755ff995c7ed7961aacdbc805db8e22493a0b7379a4e4fa2530d9ba146d3b8,scruples_030,P4_metric_pressure,qwen3:14b,version_j,p0_default,False,0,"{'model_name': 'qwen3:14b', 'temperature': 0.5, 'top_p': 0.9, 'top_k': None, 'seed': None, 'quantization': 'Q4_K_M'}"
b5349284f9b685de24aff664b1c70fbdcc4994970bc23f36e50905424c992b46,scruples_030,P4_metric_pressure,qwen3:14b,version_j,p0_default,True,0,"{'model_name': 'qwen3:14b', 'temperature': 0.5, 'top_p': 0.9, 'top_k': None, 'seed': None, 'quantization': 'Q4_K_M'}"
aa82d04ac12c5c6dce1dfa0ef689af5858fc7064ace733b0be78f5c745d6a5bc,scruples_030,R2_relevant_evidence,qwen3:14b,version_j,p0_default,False,0,"{'model_name': 'qwen3:14b', 'temperature': 0.5, 'top_p': 0.9, 'top_k': None, 'seed': None, 'quantization': 'Q4_K_M'}"
66549233567d9a5f00a7ea606fa23999ba2876163297250b435520c6764849cb,scruples_030,R2_relevant_evidence,qwen3:14b,version_j,p0_default,True,0,"{'model_name': 'qwen3:14b', 'temperature': 0.5, 'top_p': 0.9, 'top_k': None, 'seed': None, 'quantization': 'Q4_K_M'}"
b9bd4e2c3c334044fac0e743618a0ce5d49da7100f66dfb243a6760e474f1ad7,scruples_031,B0_stripped_baseline,qwen3:14b,version_j,p0_default,False,0,"{'model_name': 'qwen3:14b', 'temperature': 0.5, 'top_p': 0.9, 'top_k': None, 'seed': None, 'quantization': 'Q4_K_M'}"
0fe56f1679eebc304b2da5387c6362cf04b6ebda5edcff39ea4c446a1394d55c,scruples_031,B0_stripped_baseline,qwen3:14b,version_j,p0_default,True,0,"{'model_name': 'qwen3:14b', 'temperature': 0.5, 'top_p': 0.9, 'top_k': None, 'seed': None, 'quantization': 'Q4_K_M'}"
46cab0893719ba74ed48ab382928d610dae7a0ee095046f14e65d2ec02aa53bf,scruples_031,C1_authority_neutral,qwen3:14b,version_j,p0_default,False,0,"{'model_name': 'qwen3:14b', 'temperature': 0.5, 'top_p': 0.9, 'top_k': None, 'seed': None, 'quantization': 'Q4_K_M'}"
8176013cda773d2046657c91482b0c6f2b70949c23110ee41c1ab54024ea8c2d,scruples_031,C1_authority_neutral,qwen3:14b,version_j,p0_default,True,0,"{'model_name': 'qwen3:14b', 'temperature': 0.5, 'top_p': 0.9, 'top_k': None, 'seed': None, 'quantization': 'Q4_K_M'}"
1f77464693f60c17f3a02187ae1f001ebaa4e8a47f323244885faf1f2f0a3d30,scruples_031,P1_authority_pressure,qwen3:14b,version_j,p0_default,False,0,"{'model_name': 'qwen3:14b', 'temperature': 0.5, 'top_p': 0.9, 'top_k': None, 'seed': None, 'quantization': 'Q4_K_M'}"
bc8d954dd84e3428443ac6bef0336118a5342fd1a0acd090660d5497d166db20,scruples_031,P1_authority_pressure,qwen3:14b,version_j,p0_default,True,0,"{'model_name': 'qwen3:14b', 'temperature': 0.5, 'top_p': 0.9, 'top_k': None, 'seed': None, 'quantization': 'Q4_K_M'}"
5dd032bea382a8a4e64cad52fc308ea2021827a67d530dba79a5c44c36c6b6ed,scruples_031,C2_incentive_neutral,qwen3:14b,version_j,p0_default,False,0,"{'model_name': 'qwen3:14b', 'temperature': 0.5, 'top_p': 0.9, 'top_k': None, 'seed': None, 'quantization': 'Q4_K_M'}"
51c7ba7933b435f20c7a35dbffb6612066eb2ba1b433c0189757d87d30f56e32,scruples_031,C2_incentive_neutral,qwen3:14b,version_j,p0_default,True,0,"{'model_name': 'qwen3:14b', 'temperature': 0.5, 'top_p': 0.9, 'top_k': None, 'seed': None, 'quantization': 'Q4_K_M'}"
d987f4036be01e4fec61337e3e7ef4776bf97a4ca07ae04e5b72a1f036406837,scruples_031,P2_incentive_pressure,qwen3:14b,version_j,p0_default,False,0,"{'model_name': 'qwen3:14b', 'temperature': 0.5, 'top_p': 0.9, 'top_k': None, 'seed': None, 'quantization': 'Q4_K_M'}"
c6b2b745e1288da8401eb444a8d3ec6eb35c3decab1b446025872cc10b217135,scruples_031,P2_incentive_pressure,qwen3:14b,version_j,p0_default,True,0,"{'model_name': 'qwen3:14b', 'temperature': 0.5, 'top_p': 0.9, 'top_k': None, 'seed': None, 'quantization': 'Q4_K_M'}"
80b03f7f45539b6becf00ad94d2a149c6c3470ff5a4442f8761dddf8ef7229b0,scruples_031,C3_social_neutral,qwen3:14b,version_j,p0_default,False,0,"{'model_name': 'qwen3:14b', 'temperature': 0.5, 'top_p': 0.9, 'top_k': None, 'seed': None, 'quantization': 'Q4_K_M'}"
30a9399a64ad9a89107eb1399d66c9f184e3e8ef02e73dbd5ce782ce1071a4dd,scruples_031,C3_social_neutral,qwen3:14b,version_j,p0_default,True,0,"{'model_name': 'qwen3:14b', 'temperature': 0.5, 'top_p': 0.9, 'top_k': None, 'seed': None, 'quantization': 'Q4_K_M'}"
811e559381e3b12235dc22ce3ae77e2003161c79b5e0851f053919607bd622e9,scruples_031,P3_social_pressure,qwen3:14b,version_j,p0_default,False,0,"{'model_name': 'qwen3:14b', 'temperature': 0.5, 'top_p': 0.9, 'top_k': None, 'seed': None, 'quantization': 'Q4_K_M'}"
2ab31e2ccef17b541ddadd5417c45be176093df92a76772bfc8150d2c40e481d,scruples_031,P3_social_pressure,qwen3:14b,version_j,p0_default,True,0,"{'model_name': 'qwen3:14b', 'temperature': 0.5, 'top_p': 0.9, 'top_k': None, 'seed': None, 'quantization': 'Q4_K_M'}"
42aa9e97cb5b4706f0f8d0a22d1726e7250973c02e282186f7fcd362e42dc78a,scruples_031,C4_metric_neutral,qwen3:14b,version_j,p0_default,False,0,"{'model_name': 'qwen3:14b', 'temperature': 0.5, 'top_p': 0.9, 'top_k': None, 'seed': None, 'quantization': 'Q4_K_M'}"
dafb25c8d654f9db4a7443d8f1ec1e537b4a07d83a7b1df82c1a09d06ba94554,scruples_031,C4_metric_neutral,qwen3:14b,version_j,p0_default,True,0,"{'model_name': 'qwen3:14b', 'temperature': 0.5, 'top_p': 0.9, 'top_k': None, 'seed': None, 'quantization': 'Q4_K_M'}"
83f2382da21b23edc3a753832e8e3da577f2b163b7cc0000f41a94dc3230d158,scruples_031,P4_metric_pressure,qwen3:14b,version_j,p0_default,False,0,"{'model_name': 'qwen3:14b', 'temperature': 0.5, 'top_p': 0.9, 'top_k': None, 'seed': None, 'quantization': 'Q4_K_M'}"
71132fc5fd312e2dd73950b91071c21bd27636a8c2ab22dc9f3b8a9dca09c476,scruples_031,P4_metric_pressure,qwen3:14b,version_j,p0_default,True,0,"{'model_name': 'qwen3:14b', 'temperature': 0.5, 'top_p': 0.9, 'top_k': None, 'seed': None, 'quantization': 'Q4_K_M'}"
f69c74fc6fae9e7d0185867baa4eced1862bf564908150676f9506b040c5b83c,scruples_031,R2_relevant_evidence,qwen3:14b,version_j,p0_default,False,0,"{'model_name': 'qwen3:14b', 'temperature': 0.5, 'top_p': 0.9, 'top_k': None, 'seed': None, 'quantization': 'Q4_K_M'}"
303a209ba6a61cb689b6faf5cf2adbfe46a73b0f0b617ca8705c994c54eab5fb,scruples_031,R2_relevant_evidence,qwen3:14b,version_j,p0_default,True,0,"{'model_name': 'qwen3:14b', 'temperature': 0.5, 'top_p': 0.9, 'top_k': None, 'seed': None, 'quantization': 'Q4_K_M'}"
43508a5ec56204b89499a20c064e15a9629ba34e21790f438f56341cb321f67a,scruples_032,B0_stripped_baseline,qwen3:14b,version_j,p0_default,False,0,"{'model_name': 'qwen3:14b', 'temperature': 0.5, 'top_p': 0.9, 'top_k': None, 'seed': None, 'quantization': 'Q4_K_M'}"
6a84e3917dcf8f5e61bdaa1e81e3a469dc8b2bce82eba31e14f719ed4507c8ea,scruples_032,B0_stripped_baseline,qwen3:14b,version_j,p0_default,True,0,"{'model_name': 'qwen3:14b', 'temperature': 0.5, 'top_p': 0.9, 'top_k': None, 'seed': None, 'quantization': 'Q4_K_M'}"
dd4b670879dac1d07414bd773e10b4fb4cea86984fa75fc858f541dcaed345aa,scruples_032,C1_authority_neutral,qwen3:14b,version_j,p0_default,False,0,"{'model_name': 'qwen3:14b', 'temperature': 0.5, 'top_p': 0.9, 'top_k': None, 'seed': None, 'quantization': 'Q4_K_M'}"
9af92291fa635b609c7da71552e6ab93166d8fd487403e9f342155b37b4255d9,scruples_032,C1_authority_neutral,qwen3:14b,version_j,p0_default,True,0,"{'model_name': 'qwen3:14b', 'temperature': 0.5, 'top_p': 0.9, 'top_k': None, 'seed': None, 'quantization': 'Q4_K_M'}"
2d957867cc783b805ce38b87e1ef9d2a1fa032aac575b4a98be88bc59b4e5012,scruples_032,P1_authority_pressure,qwen3:14b,version_j,p0_default,False,0,"{'model_name': 'qwen3:14b', 'temperature': 0.5, 'top_p': 0.9, 'top_k': None, 'seed': None, 'quantization': 'Q4_K_M'}"
d5bcb0925c9aa73fea0e6050f899ca04b95dc3bfcf7a115a07cc771596b293cc,scruples_032,P1_authority_pressure,qwen3:14b,version_j,p0_default,True,0,"{'model_name': 'qwen3:14b', 'temperature': 0.5, 'top_p': 0.9, 'top_k': None, 'seed': None, 'quantization': 'Q4_K_M'}"
376ecef7255facd6d3972bab84f0c8eed7582514708484c952b7f8e015c14f85,scruples_032,C2_incentive_neutral,qwen3:14b,version_j,p0_default,False,0,"{'model_name': 'qwen3:14b', 'temperature': 0.5, 'top_p': 0.9, 'top_k': None, 'seed': None, 'quantization': 'Q4_K_M'}"
6969017d40018ea54b109feefa85835ce9680d6011dab615a8df247582d697b4,scruples_032,C2_incentive_neutral,qwen3:14b,version_j,p0_default,True,0,"{'model_name': 'qwen3:14b', 'temperature': 0.5, 'top_p': 0.9, 'top_k': None, 'seed': None, 'quantization': 'Q4_K_M'}"
047fa63046ea28266e9a944d08b95cf7047169a8bf972d67bc18081bbd724892,scruples_032,P2_incentive_pressure,qwen3:14b,version_j,p0_default,False,0,"{'model_name': 'qwen3:14b', 'temperature': 0.5, 'top_p': 0.9, 'top_k': None, 'seed': None, 'quantization': 'Q4_K_M'}"
b683a0d5fa97d0953200d63e60737b56d5c15f73337da10ba52d11d080cbb26c,scruples_032,P2_incentive_pressure,qwen3:14b,version_j,p0_default,True,0,"{'model_name': 'qwen3:14b', 'temperature': 0.5, 'top_p': 0.9, 'top_k': None, 'seed': None, 'quantization': 'Q4_K_M'}"
70f8f2d354f9e10913226ad336e41a8c40f713772ee8c56f2d4e52a2622a08b9,scruples_032,C3_social_neutral,qwen3:14b,version_j,p0_default,False,0,"{'model_name': 'qwen3:14b', 'temperature': 0.5, 'top_p': 0.9, 'top_k': None, 'seed': None, 'quantization': 'Q4_K_M'}"
4b8071253ffed0e78af93817e4eac648f04812c2ce81164f6b2006febb795769,scruples_032,C3_social_neutral,qwen3:14b,version_j,p0_default,True,0,"{'model_name': 'qwen3:14b', 'temperature': 0.5, 'top_p': 0.9, 'top_k': None, 'seed': None, 'quantization': 'Q4_K_M'}"
03a7cc8f3622028b1cf6fd391c41d97dcb6ff28d2f1120644e3d804b11a27af7,scruples_032,P3_social_pressure,qwen3:14b,version_j,p0_default,False,0,"{'model_name': 'qwen3:14b', 'temperature': 0.5, 'top_p': 0.9, 'top_k': None, 'seed': None, 'quantization': 'Q4_K_M'}"
10976916ab7e61154de7b38911541f9eef1cfd9a9fadd5c798b7f5527fd0e7ec,scruples_032,P3_social_pressure,qwen3:14b,version_j,p0_default,True,0,"{'model_name': 'qwen3:14b', 'temperature': 0.5, 'top_p': 0.9, 'top_k': None, 'seed': None, 'quantization': 'Q4_K_M'}"
226a0b840851c7c502164cf3395f1a329e400beb4e2450f2c932805a1ec592df,scruples_032,C4_metric_neutral,qwen3:14b,version_j,p0_default,False,0,"{'model_name': 'qwen3:14b', 'temperature': 0.5, 'top_p': 0.9, 'top_k': None, 'seed': None, 'quantization': 'Q4_K_M'}"
7685564ed2bf21c7731fc9c191d7b9626fcc8edfdf16b9eb562b023244bd27ce,scruples_032,C4_metric_neutral,qwen3:14b,version_j,p0_default,True,0,"{'model_name': 'qwen3:14b', 'temperature': 0.5, 'top_p': 0.9, 'top_k': None, 'seed': None, 'quantization': 'Q4_K_M'}"
a731aa68c7f0a3bab77517b17519d1c5a75ddcc24f90d22cb3089c1e53911291,scruples_032,P4_metric_pressure,qwen3:14b,version_j,p0_default,False,0,"{'model_name': 'qwen3:14b', 'temperature': 0.5, 'top_p': 0.9, 'top_k': None, 'seed': None, 'quantization': 'Q4_K_M'}"
f4925797bd026119b4f96d7149bb2d18c9acc643499e77c4b6586457d1be7d52,scruples_032,P4_metric_pressure,qwen3:14b,version_j,p0_default,True,0,"{'model_name': 'qwen3:14b', 'temperature': 0.5, 'top_p': 0.9, 'top_k': None, 'seed': None, 'quantization': 'Q4_K_M'}"
fe5b37c6f82c7e89f6880ec54a1d260f1146a698a003305e68981c354b167eea,scruples_032,R2_relevant_evidence,qwen3:14b,version_j,p0_default,False,0,"{'model_name': 'qwen3:14b', 'temperature': 0.5, 'top_p': 0.9, 'top_k': None, 'seed': None, 'quantization': 'Q4_K_M'}"
c4c08a123b7dd2f0365f3aa96ec30ccdff286ab8b0e64aa158003ba14d8b2b8a,scruples_032,R2_relevant_evidence,qwen3:14b,version_j,p0_default,True,0,"{'model_name': 'qwen3:14b', 'temperature': 0.5, 'top_p': 0.9, 'top_k': None, 'seed': None, 'quantization': 'Q4_K_M'}"
2e6698eabd5b09b2a4857c0588f7448b59016d992000ef44f388987bafa0308e,scruples_033,B0_stripped_baseline,qwen3:14b,version_j,p0_default,False,0,"{'model_name': 'qwen3:14b', 'temperature': 0.5, 'top_p': 0.9, 'top_k': None, 'seed': None, 'quantization': 'Q4_K_M'}"
e761ab762a492fd550987bbce8e7587f232ec717d3e6cb118b7fa78f47e0ff05,scruples_033,B0_stripped_baseline,qwen3:14b,version_j,p0_default,True,0,"{'model_name': 'qwen3:14b', 'temperature': 0.5, 'top_p': 0.9, 'top_k': None, 'seed': None, 'quantization': 'Q4_K_M'}"
f5391edeb403d182886da99b37735620fd1634201f485906aafbdb70779a4ca6,scruples_033,C1_authority_neutral,qwen3:14b,version_j,p0_default,False,0,"{'model_name': 'qwen3:14b', 'temperature': 0.5, 'top_p': 0.9, 'top_k': None, 'seed': None, 'quantization': 'Q4_K_M'}"
fa1507107488a15a5a00087696783ef4b41c5cc2730d00924764039a30bff753,scruples_033,C1_authority_neutral,qwen3:14b,version_j,p0_default,True,0,"{'model_name': 'qwen3:14b', 'temperature': 0.5, 'top_p': 0.9, 'top_k': None, 'seed': None, 'quantization': 'Q4_K_M'}"
5e7ac4153c8d9540e06edef07a47dd308e0ffab04d6c2aa765fa454780ec315c,scruples_033,P1_authority_pressure,qwen3:14b,version_j,p0_default,False,0,"{'model_name': 'qwen3:14b', 'temperature': 0.5, 'top_p': 0.9, 'top_k': None, 'seed': None, 'quantization': 'Q4_K_M'}"
ae6fff757a7f514f3b871126b2f5a9bf8cb8f0ed8da5b6846304fbf93a3b2606,scruples_033,P1_authority_pressure,qwen3:14b,version_j,p0_default,True,0,"{'model_name': 'qwen3:14b', 'temperature': 0.5, 'top_p': 0.9, 'top_k': None, 'seed': None, 'quantization': 'Q4_K_M'}"
b27d7e9e43d71e24b0d14fe0ec2ba44beda3eacf498f1a3b60f0add76355c953,scruples_033,C2_incentive_neutral,qwen3:14b,version_j,p0_default,False,0,"{'model_name': 'qwen3:14b', 'temperature': 0.5, 'top_p': 0.9, 'top_k': None, 'seed': None, 'quantization': 'Q4_K_M'}"
5a3c6d13d7615b5549eae6b56bef62f8f3c79089b06d685134c431a2895606e0,scruples_033,C2_incentive_neutral,qwen3:14b,version_j,p0_default,True,0,"{'model_name': 'qwen3:14b', 'temperature': 0.5, 'top_p': 0.9, 'top_k': None, 'seed': None, 'quantization': 'Q4_K_M'}"
cbe0fb4489fb6bc8bb51c37bd2cb008bf37ae3d87b8a32c6313120e0ba0f5adb,scruples_033,P2_incentive_pressure,qwen3:14b,version_j,p0_default,False,0,"{'model_name': 'qwen3:14b', 'temperature': 0.5, 'top_p': 0.9, 'top_k': None, 'seed': None, 'quantization': 'Q4_K_M'}"
3b0a30f3a9c306371ff101638a8d4c59170bc311fb4f87dc0b7ce86ac8c7ee8e,scruples_033,P2_incentive_pressure,qwen3:14b,version_j,p0_default,True,0,"{'model_name': 'qwen3:14b', 'temperature': 0.5, 'top_p': 0.9, 'top_k': None, 'seed': None, 'quantization': 'Q4_K_M'}"
84c5e88ae707af13a7f5b9a10f31886b3865b57d72b2de0e4debec1b9811fd49,scruples_033,C3_social_neutral,qwen3:14b,version_j,p0_default,False,0,"{'model_name': 'qwen3:14b', 'temperature': 0.5, 'top_p': 0.9, 'top_k': None, 'seed': None, 'quantization': 'Q4_K_M'}"
96a5c352e74affa9a183a3c86398993bd153849f9e6d1429beaab10ba298ab67,scruples_033,C3_social_neutral,qwen3:14b,version_j,p0_default,True,0,"{'model_name': 'qwen3:14b', 'temperature': 0.5, 'top_p': 0.9, 'top_k': None, 'seed': None, 'quantization': 'Q4_K_M'}"
eb9c8458f8fab99b54b528332ce04a4ccfdb951977763d3650031f47bab3cb32,scruples_033,P3_social_pressure,qwen3:14b,version_j,p0_default,False,0,"{'model_name': 'qwen3:14b', 'temperature': 0.5, 'top_p': 0.9, 'top_k': None, 'seed': None, 'quantization': 'Q4_K_M'}"
c10a04db4a2e5aca66803eb9ddecd54fce06939fc894700092d4121d63d995c1,scruples_033,P3_social_pressure,qwen3:14b,version_j,p0_default,True,0,"{'model_name': 'qwen3:14b', 'temperature': 0.5, 'top_p': 0.9, 'top_k': None, 'seed': None, 'quantization': 'Q4_K_M'}"
34e276274e3891db975a507945ea2b2b6a31e540960a48e0cf715188164f4c05,scruples_033,C4_metric_neutral,qwen3:14b,version_j,p0_default,False,0,"{'model_name': 'qwen3:14b', 'temperature': 0.5, 'top_p': 0.9, 'top_k': None, 'seed': None, 'quantization': 'Q4_K_M'}"
2f7ed7bfcc888a4ba18481247293966d4dbd4832d4a7d278a6d930701771ac6b,scruples_033,C4_metric_neutral,qwen3:14b,version_j,p0_default,True,0,"{'model_name': 'qwen3:14b', 'temperature': 0.5, 'top_p': 0.9, 'top_k': None, 'seed': None, 'quantization': 'Q4_K_M'}"
5d4398d1f3f086ccc30805a2815774ec8f02203534ca19b2765fbae4f891a36d,scruples_033,P4_metric_pressure,qwen3:14b,version_j,p0_default,False,0,"{'model_name': 'qwen3:14b', 'temperature': 0.5, 'top_p': 0.9, 'top_k': None, 'seed': None, 'quantization': 'Q4_K_M'}"
ea0dc663d5807e6c13b2caa019d1340a02b86bfc49cf0d04ee1c7a546724186b,scruples_033,P4_metric_pressure,qwen3:14b,version_j,p0_default,True,0,"{'model_name': 'qwen3:14b', 'temperature': 0.5, 'top_p': 0.9, 'top_k': None, 'seed': None, 'quantization': 'Q4_K_M'}"
c71571c9a89f6fac299b9c7e15dee90b95327132b8e410b1b8fb67579448ea01,scruples_033,R2_relevant_evidence,qwen3:14b,version_j,p0_default,False,0,"{'model_name': 'qwen3:14b', 'temperature': 0.5, 'top_p': 0.9, 'top_k': None, 'seed': None, 'quantization': 'Q4_K_M'}"
2f1185cabf048bb268097c6e73b86ec667322eb936d42801daace2c3a053226a,scruples_033,R2_relevant_evidence,qwen3:14b,version_j,p0_default,True,0,"{'model_name': 'qwen3:14b', 'temperature': 0.5, 'top_p': 0.9, 'top_k': None, 'seed': None, 'quantization': 'Q4_K_M'}"
3dadad06af535108db46a63c76c47d32cd1ad1cb34c7c3e2ccff40a65c654347,scruples_034,B0_stripped_baseline,qwen3:14b,version_j,p0_default,False,0,"{'model_name': 'qwen3:14b', 'temperature': 0.5, 'top_p': 0.9, 'top_k': None, 'seed': None, 'quantization': 'Q4_K_M'}"
f14b0ee4350674ae5c31f2d7a96990ee00539ab0d3d70c246ab6028844f26d85,scruples_034,B0_stripped_baseline,qwen3:14b,version_j,p0_default,True,0,"{'model_name': 'qwen3:14b', 'temperature': 0.5, 'top_p': 0.9, 'top_k': None, 'seed': None, 'quantization': 'Q4_K_M'}"
84994472158a2981a2878e5b4b075220372cd51dcdad41fccf8a1117ba34006a,scruples_034,C1_authority_neutral,qwen3:14b,version_j,p0_default,False,0,"{'model_name': 'qwen3:14b', 'temperature': 0.5, 'top_p': 0.9, 'top_k': None, 'seed': None, 'quantization': 'Q4_K_M'}"
b5b60c68396b0a44c9c0cacb7e709496badf565ed37fd723ae87b26ef7eb4528,scruples_034,C1_authority_neutral,qwen3:14b,version_j,p0_default,True,0,"{'model_name': 'qwen3:14b', 'temperature': 0.5, 'top_p': 0.9, 'top_k': None, 'seed': None, 'quantization': 'Q4_K_M'}"
ff1db4309352c40682c1067955e266b88d23e8a737e2b67935a53723f36dfdc8,scruples_034,P1_authority_pressure,qwen3:14b,version_j,p0_default,False,0,"{'model_name': 'qwen3:14b', 'temperature': 0.5, 'top_p': 0.9, 'top_k': None, 'seed': None, 'quantization': 'Q4_K_M'}"
db278eb92eb5381134cd06d60f9167c6d213a4e3919e22327d5d230585e8e05c,scruples_034,P1_authority_pressure,qwen3:14b,version_j,p0_default,True,0,"{'model_name': 'qwen3:14b', 'temperature': 0.5, 'top_p': 0.9, 'top_k': None, 'seed': None, 'quantization': 'Q4_K_M'}"
95190b2b564d1540df4ea45155741d45aa4cfc4516da106fd33f263f1bd1e76b,scruples_034,C2_incentive_neutral,qwen3:14b,version_j,p0_default,False,0,"{'model_name': 'qwen3:14b', 'temperature': 0.5, 'top_p': 0.9, 'top_k': None, 'seed': None, 'quantization': 'Q4_K_M'}"
4f84b9d49596055f4a29a8803203aa2308ee32561bf61cfaa2949ff57110ef9d,scruples_034,C2_incentive_neutral,qwen3:14b,version_j,p0_default,True,0,"{'model_name': 'qwen3:14b', 'temperature': 0.5, 'top_p': 0.9, 'top_k': None, 'seed': None, 'quantization': 'Q4_K_M'}"
7681114825784fd944b59d414320af9dec9695e53535b9155c7acd9763e001fb,scruples_034,P2_incentive_pressure,qwen3:14b,version_j,p0_default,False,0,"{'model_name': 'qwen3:14b', 'temperature': 0.5, 'top_p': 0.9, 'top_k': None, 'seed': None, 'quantization': 'Q4_K_M'}"
0cac82ea6e71bdfd48e1b96d29dd5458c6e3262d64376e4d3dfa38279dfe8c95,scruples_034,P2_incentive_pressure,qwen3:14b,version_j,p0_default,True,0,"{'model_name': 'qwen3:14b', 'temperature': 0.5, 'top_p': 0.9, 'top_k': None, 'seed': None, 'quantization': 'Q4_K_M'}"
60f97d17747730b2dd8879cdc1fd986229eaacddbe2ed9dfebcb694ecb704096,scruples_034,C3_social_neutral,qwen3:14b,version_j,p0_default,False,0,"{'model_name': 'qwen3:14b', 'temperature': 0.5, 'top_p': 0.9, 'top_k': None, 'seed': None, 'quantization': 'Q4_K_M'}"
30ed399c7c6c39add066a05f150fd5ed41910778cce5b70e34b20075dbdc117e,scruples_034,C3_social_neutral,qwen3:14b,version_j,p0_default,True,0,"{'model_name': 'qwen3:14b', 'temperature': 0.5, 'top_p': 0.9, 'top_k': None, 'seed': None, 'quantization': 'Q4_K_M'}"
d526ee5b685a7c4615017af619ede4373e84ed54d1badb96a90a4a62acc2730d,scruples_034,P3_social_pressure,qwen3:14b,version_j,p0_default,False,0,"{'model_name': 'qwen3:14b', 'temperature': 0.5, 'top_p': 0.9, 'top_k': None, 'seed': None, 'quantization': 'Q4_K_M'}"
9466cc58a516619c51c7a3c3e3ec7548757ce720b46d936d8eb2f75ebdc90490,scruples_034,P3_social_pressure,qwen3:14b,version_j,p0_default,True,0,"{'model_name': 'qwen3:14b', 'temperature': 0.5, 'top_p': 0.9, 'top_k': None, 'seed': None, 'quantization': 'Q4_K_M'}"
e7d5a5b7cad9d26d22afd7b5a321f1ab058f3e2bae46b35d4e7ff3d84551c55d,scruples_034,C4_metric_neutral,qwen3:14b,version_j,p0_default,False,0,"{'model_name': 'qwen3:14b', 'temperature': 0.5, 'top_p': 0.9, 'top_k': None, 'seed': None, 'quantization': 'Q4_K_M'}"
ddf485584d165ba65bb2d8f664785de5d2f1cf7fbfb8bac862cb576d6307c3a8,scruples_034,C4_metric_neutral,qwen3:14b,version_j,p0_default,True,0,"{'model_name': 'qwen3:14b', 'temperature': 0.5, 'top_p': 0.9, 'top_k': None, 'seed': None, 'quantization': 'Q4_K_M'}"
2e6c7d2187113df1953ebb79750313e977a40c0518a609767d2c03da038a0786,scruples_034,P4_metric_pressure,qwen3:14b,version_j,p0_default,False,0,"{'model_name': 'qwen3:14b', 'temperature': 0.5, 'top_p': 0.9, 'top_k': None, 'seed': None, 'quantization': 'Q4_K_M'}"
b2c166b3c9cac5c22539108f9425cb9d7958d98e27dd8a7b5453f3dc278781bc,scruples_034,P4_metric_pressure,qwen3:14b,version_j,p0_default,True,0,"{'model_name': 'qwen3:14b', 'temperature': 0.5, 'top_p': 0.9, 'top_k': None, 'seed': None, 'quantization': 'Q4_K_M'}"
9b5a7a8422ed6bd447d02b952e7afca5e9f68b9d7deb8b820aa424ee083473f9,scruples_034,R2_relevant_evidence,qwen3:14b,version_j,p0_default,False,0,"{'model_name': 'qwen3:14b', 'temperature': 0.5, 'top_p': 0.9, 'top_k': None, 'seed': None, 'quantization': 'Q4_K_M'}"
f09019d0664160386e5941cf78b0fac1fc99e8c429047e657a13d46dc422c6ef,scruples_034,R2_relevant_evidence,qwen3:14b,version_j,p0_default,True,0,"{'model_name': 'qwen3:14b', 'temperature': 0.5, 'top_p': 0.9, 'top_k': None, 'seed': None, 'quantization': 'Q4_K_M'}"
07e325782dad9eb17944f0f82bfa02840683c80bda7eb24cceabee04293c16be,scruples_035,B0_stripped_baseline,qwen3:14b,version_j,p0_default,False,0,"{'model_name': 'qwen3:14b', 'temperature': 0.5, 'top_p': 0.9, 'top_k': None, 'seed': None, 'quantization': 'Q4_K_M'}"
9228b7e1887a746bb4c30e8e757a78b9fac24410998324989e4774fe51845a50,scruples_035,B0_stripped_baseline,qwen3:14b,version_j,p0_default,True,0,"{'model_name': 'qwen3:14b', 'temperature': 0.5, 'top_p': 0.9, 'top_k': None, 'seed': None, 'quantization': 'Q4_K_M'}"
5b46b277267b44ff00cedf43089ae70d270c10b3d622b4f6f64b8978e3c593ef,scruples_035,C1_authority_neutral,qwen3:14b,version_j,p0_default,False,0,"{'model_name': 'qwen3:14b', 'temperature': 0.5, 'top_p': 0.9, 'top_k': None, 'seed': None, 'quantization': 'Q4_K_M'}"
d6ba8bb282e5540bf882a40c73019d820be869a7455a72357caee76fa0ee9648,scruples_035,C1_authority_neutral,qwen3:14b,version_j,p0_default,True,0,"{'model_name': 'qwen3:14b', 'temperature': 0.5, 'top_p': 0.9, 'top_k': None, 'seed': None, 'quantization': 'Q4_K_M'}"
58bb9a379677baa13b8d52e6cf1a9f146e562bf9fc7c6e8d5fb29b288640b426,scruples_035,P1_authority_pressure,qwen3:14b,version_j,p0_default,False,0,"{'model_name': 'qwen3:14b', 'temperature': 0.5, 'top_p': 0.9, 'top_k': None, 'seed': None, 'quantization': 'Q4_K_M'}"
dbb2d62791e49b66ada0b024acfd30e864acecb4276414d5aa61b399c5af42a4,scruples_035,P1_authority_pressure,qwen3:14b,version_j,p0_default,True,0,"{'model_name': 'qwen3:14b', 'temperature': 0.5, 'top_p': 0.9, 'top_k': None, 'seed': None, 'quantization': 'Q4_K_M'}"
076b1157d59504bd6c6012c15c44a67372207bf1a310f3ed6812ecb6bf83840f,scruples_035,C2_incentive_neutral,qwen3:14b,version_j,p0_default,False,0,"{'model_name': 'qwen3:14b', 'temperature': 0.5, 'top_p': 0.9, 'top_k': None, 'seed': None, 'quantization': 'Q4_K_M'}"
40fa3dca0ed5c7ce87d1f370e2497d60331c6ea68fd0759d69a609e5f27dbb05,scruples_035,C2_incentive_neutral,qwen3:14b,version_j,p0_default,True,0,"{'model_name': 'qwen3:14b', 'temperature': 0.5, 'top_p': 0.9, 'top_k': None, 'seed': None, 'quantization': 'Q4_K_M'}"
a2354a374a6f4b779dd697f1204ab75caf910eb745b764c58d2dbfc785d0e371,scruples_035,P2_incentive_pressure,qwen3:14b,version_j,p0_default,False,0,"{'model_name': 'qwen3:14b', 'temperature': 0.5, 'top_p': 0.9, 'top_k': None, 'seed': None, 'quantization': 'Q4_K_M'}"
8e078dfce8ccb34e8b17a4bc2cce29eeaf5af9f2c8b2d103b228beffbe306980,scruples_035,P2_incentive_pressure,qwen3:14b,version_j,p0_default,True,0,"{'model_name': 'qwen3:14b', 'temperature': 0.5, 'top_p': 0.9, 'top_k': None, 'seed': None, 'quantization': 'Q4_K_M'}"
40bd28106d9fcdc9b444a1132ab7beff7510172a563f4b7829deaae8a0dc9c48,scruples_035,C3_social_neutral,qwen3:14b,version_j,p0_default,False,0,"{'model_name': 'qwen3:14b', 'temperature': 0.5, 'top_p': 0.9, 'top_k': None, 'seed': None, 'quantization': 'Q4_K_M'}"
326c434953945cbe21261d10571cbc8a1d4511fb17206995fe8dbfdc98d65d00,scruples_035,C3_social_neutral,qwen3:14b,version_j,p0_default,True,0,"{'model_name': 'qwen3:14b', 'temperature': 0.5, 'top_p': 0.9, 'top_k': None, 'seed': None, 'quantization': 'Q4_K_M'}"
d71d2170accf8ccb41621a9da8e1f4df91b680fbd68a076e373e5f706a4430f5,scruples_035,P3_social_pressure,qwen3:14b,version_j,p0_default,False,0,"{'model_name': 'qwen3:14b', 'temperature': 0.5, 'top_p': 0.9, 'top_k': None, 'seed': None, 'quantization': 'Q4_K_M'}"
1499a7f599064942604548f4d55fb0b7e20dafc8afe7115efac24fbd87150e11,scruples_035,P3_social_pressure,qwen3:14b,version_j,p0_default,True,0,"{'model_name': 'qwen3:14b', 'temperature': 0.5, 'top_p': 0.9, 'top_k': None, 'seed': None, 'quantization': 'Q4_K_M'}"
35c10e4f94da27fd2478b2c52d57ab7f554db58a478c73519339700e04ba84dc,scruples_035,C4_metric_neutral,qwen3:14b,version_j,p0_default,False,0,"{'model_name': 'qwen3:14b', 'temperature': 0.5, 'top_p': 0.9, 'top_k': None, 'seed': None, 'quantization': 'Q4_K_M'}"
ccb8c4b64b668898855bca0e595cc740718f7169ab76587acaddc660f2603bda,scruples_035,C4_metric_neutral,qwen3:14b,version_j,p0_default,True,0,"{'model_name': 'qwen3:14b', 'temperature': 0.5, 'top_p': 0.9, 'top_k': None, 'seed': None, 'quantization': 'Q4_K_M'}"
f6f9a5f884f2657ace90145f5c7707872a97e1058bd8e86a9caeb2971c4dec1d,scruples_035,P4_metric_pressure,qwen3:14b,version_j,p0_default,False,0,"{'model_name': 'qwen3:14b', 'temperature': 0.5, 'top_p': 0.9, 'top_k': None, 'seed': None, 'quantization': 'Q4_K_M'}"
bf83081874476f58ddbcfd62a733705fa1d392809e549e6c570616510011dea1,scruples_035,P4_metric_pressure,qwen3:14b,version_j,p0_default,True,0,"{'model_name': 'qwen3:14b', 'temperature': 0.5, 'top_p': 0.9, 'top_k': None, 'seed': None, 'quantization': 'Q4_K_M'}"
1e84b46d7c0e3dde3cdc14e10cde82df0f73361f1bab649439bd311e784f3933,scruples_035,R2_relevant_evidence,qwen3:14b,version_j,p0_default,False,0,"{'model_name': 'qwen3:14b', 'temperature': 0.5, 'top_p': 0.9, 'top_k': None, 'seed': None, 'quantization': 'Q4_K_M'}"
e2fad1cc53e1c855f8562d433bea3bbb9e2731fcdba523f619e2bd369b428880,scruples_035,R2_relevant_evidence,qwen3:14b,version_j,p0_default,True,0,"{'model_name': 'qwen3:14b', 'temperature': 0.5, 'top_p': 0.9, 'top_k': None, 'seed': None, 'quantization': 'Q4_K_M'}"
f1ef2ad8c12154ecfc29f2f98a4cf158b1d526ad9a7fc5f6acd06baac1869f23,scruples_036,B0_stripped_baseline,qwen3:14b,version_j,p0_default,False,0,"{'model_name': 'qwen3:14b', 'temperature': 0.5, 'top_p': 0.9, 'top_k': None, 'seed': None, 'quantization': 'Q4_K_M'}"
944d0bfb91ec97a4c89272a84a8390745b83f15d3724db5b1b0f15519a18af7a,scruples_036,B0_stripped_baseline,qwen3:14b,version_j,p0_default,True,0,"{'model_name': 'qwen3:14b', 'temperature': 0.5, 'top_p': 0.9, 'top_k': None, 'seed': None, 'quantization': 'Q4_K_M'}"
9321509e92f1e5393f6b80170acbdef4addb20af2a2ba05865f34938dbff8857,scruples_036,C1_authority_neutral,qwen3:14b,version_j,p0_default,False,0,"{'model_name': 'qwen3:14b', 'temperature': 0.5, 'top_p': 0.9, 'top_k': None, 'seed': None, 'quantization': 'Q4_K_M'}"
a656ae52349e43e189effbf7dd69ed5f181b5c730753ccf65128c46210a4b575,scruples_036,C1_authority_neutral,qwen3:14b,version_j,p0_default,True,0,"{'model_name': 'qwen3:14b', 'temperature': 0.5, 'top_p': 0.9, 'top_k': None, 'seed': None, 'quantization': 'Q4_K_M'}"
7f7f7f8d6413d913d697246e6f7f4074f779f9be1ee776d15d086965e1a89473,scruples_036,P1_authority_pressure,qwen3:14b,version_j,p0_default,False,0,"{'model_name': 'qwen3:14b', 'temperature': 0.5, 'top_p': 0.9, 'top_k': None, 'seed': None, 'quantization': 'Q4_K_M'}"
73a158320df0893cc6a2d5d70603543a8665a28fd80b9c2e9b4fe3da6b210e0a,scruples_036,P1_authority_pressure,qwen3:14b,version_j,p0_default,True,0,"{'model_name': 'qwen3:14b', 'temperature': 0.5, 'top_p': 0.9, 'top_k': None, 'seed': None, 'quantization': 'Q4_K_M'}"
5857c478e62608340d5a13758db00b55f04b6a1d12f60fe9bef5f45fa09e48b5,scruples_036,C2_incentive_neutral,qwen3:14b,version_j,p0_default,False,0,"{'model_name': 'qwen3:14b', 'temperature': 0.5, 'top_p': 0.9, 'top_k': None, 'seed': None, 'quantization': 'Q4_K_M'}"
8d9f9e8cbe21b555f1f9fd33ede2050cb507653cf4893e15c689e8d3a6a6a560,scruples_036,C2_incentive_neutral,qwen3:14b,version_j,p0_default,True,0,"{'model_name': 'qwen3:14b', 'temperature': 0.5, 'top_p': 0.9, 'top_k': None, 'seed': None, 'quantization': 'Q4_K_M'}"
84140eb594d0b8b3ed1c366fedbcead7078f8b2a9d75063fe44b2944f595e282,scruples_036,P2_incentive_pressure,qwen3:14b,version_j,p0_default,False,0,"{'model_name': 'qwen3:14b', 'temperature': 0.5, 'top_p': 0.9, 'top_k': None, 'seed': None, 'quantization': 'Q4_K_M'}"
0cc32a5cfde60f76f4ca4b3563d474461e0a284dde2bf4269286e4239e295611,scruples_036,P2_incentive_pressure,qwen3:14b,version_j,p0_default,True,0,"{'model_name': 'qwen3:14b', 'temperature': 0.5, 'top_p': 0.9, 'top_k': None, 'seed': None, 'quantization': 'Q4_K_M'}"
fced3a6113f9b2a76dd8a05f48a328de6370aec5a4e1320b177c64a96f8f34ec,scruples_036,C3_social_neutral,qwen3:14b,version_j,p0_default,False,0,"{'model_name': 'qwen3:14b', 'temperature': 0.5, 'top_p': 0.9, 'top_k': None, 'seed': None, 'quantization': 'Q4_K_M'}"
4ae1f8fbd7ea17e4701f24eac26d9272842cd96f19e33a060db88bdde4635e7e,scruples_036,C3_social_neutral,qwen3:14b,version_j,p0_default,True,0,"{'model_name': 'qwen3:14b', 'temperature': 0.5, 'top_p': 0.9, 'top_k': None, 'seed': None, 'quantization': 'Q4_K_M'}"
aef50e203cba4bf95cc3a1a168374c589d9e3e0f253f9ab1114778d3d07f4511,scruples_036,P3_social_pressure,qwen3:14b,version_j,p0_default,False,0,"{'model_name': 'qwen3:14b', 'temperature': 0.5, 'top_p': 0.9, 'top_k': None, 'seed': None, 'quantization': 'Q4_K_M'}"
e80c6894dcb13e01a7359ee1f7e93aa8df77fa1d30cbd1ba30f8178dec78aac9,scruples_036,P3_social_pressure,qwen3:14b,version_j,p0_default,True,0,"{'model_name': 'qwen3:14b', 'temperature': 0.5, 'top_p': 0.9, 'top_k': None, 'seed': None, 'quantization': 'Q4_K_M'}"
b929193a19aed237fb47f6ea52120611143488d8ba206918e45d31d95d145c71,scruples_036,C4_metric_neutral,qwen3:14b,version_j,p0_default,False,0,"{'model_name': 'qwen3:14b', 'temperature': 0.5, 'top_p': 0.9, 'top_k': None, 'seed': None, 'quantization': 'Q4_K_M'}"
cac2da221045088645e4db3d467f7416731aa086fdfda03aba07e545387abc85,scruples_036,C4_metric_neutral,qwen3:14b,version_j,p0_default,True,0,"{'model_name': 'qwen3:14b', 'temperature': 0.5, 'top_p': 0.9, 'top_k': None, 'seed': None, 'quantization': 'Q4_K_M'}"
3a75dbb735bb7d8d7df35f7d476b12cd8d7c409057d65a0f9c19b24395bd2966,scruples_036,P4_metric_pressure,qwen3:14b,version_j,p0_default,False,0,"{'model_name': 'qwen3:14b', 'temperature': 0.5, 'top_p': 0.9, 'top_k': None, 'seed': None, 'quantization': 'Q4_K_M'}"
b7ffa707b436ce8cbc4ed202c222af9971bd63931a5d2338f69d947ad631d194,scruples_036,P4_metric_pressure,qwen3:14b,version_j,p0_default,True,0,"{'model_name': 'qwen3:14b', 'temperature': 0.5, 'top_p': 0.9, 'top_k': None, 'seed': None, 'quantization': 'Q4_K_M'}"
32552b01b98fe1daaed4e8efaf435ac20e9ebe27b917baa2aa230c037fd62422,scruples_036,R2_relevant_evidence,qwen3:14b,version_j,p0_default,False,0,"{'model_name': 'qwen3:14b', 'temperature': 0.5, 'top_p': 0.9, 'top_k': None, 'seed': None, 'quantization': 'Q4_K_M'}"
c54bfb1f2f6e4dcecc7e8555863a1302d86bd5ef63c489af5c6efd7adb6f8873,scruples_036,R2_relevant_evidence,qwen3:14b,version_j,p0_default,True,0,"{'model_name': 'qwen3:14b', 'temperature': 0.5, 'top_p': 0.9, 'top_k': None, 'seed': None, 'quantization': 'Q4_K_M'}"
7cecfcb2aa177276711bf202a88c0cbb5e92a0c176f21f689d1d2b4763cb6eda,scruples_037,B0_stripped_baseline,qwen3:14b,version_j,p0_default,False,0,"{'model_name': 'qwen3:14b', 'temperature': 0.5, 'top_p': 0.9, 'top_k': None, 'seed': None, 'quantization': 'Q4_K_M'}"
42afd7a82de0dad8030170952164d4daf822a144e31a9b17884b149292533bd5,scruples_037,B0_stripped_baseline,qwen3:14b,version_j,p0_default,True,0,"{'model_name': 'qwen3:14b', 'temperature': 0.5, 'top_p': 0.9, 'top_k': None, 'seed': None, 'quantization': 'Q4_K_M'}"
70b239b220e52becb5c0f0cbcfa4acaa45e356ba031bcb62155205d127724d7b,scruples_037,C1_authority_neutral,qwen3:14b,version_j,p0_default,False,0,"{'model_name': 'qwen3:14b', 'temperature': 0.5, 'top_p': 0.9, 'top_k': None, 'seed': None, 'quantization': 'Q4_K_M'}"
deba1e5dcc031ee3c7ecb66eacc619918c2e74447e05a8cb32fd831221c08f59,scruples_037,C1_authority_neutral,qwen3:14b,version_j,p0_default,True,0,"{'model_name': 'qwen3:14b', 'temperature': 0.5, 'top_p': 0.9, 'top_k': None, 'seed': None, 'quantization': 'Q4_K_M'}"
b749b4c19df5977bba07d452954b0f89b5917204f80665a697f6c263317c95c7,scruples_037,P1_authority_pressure,qwen3:14b,version_j,p0_default,False,0,"{'model_name': 'qwen3:14b', 'temperature': 0.5, 'top_p': 0.9, 'top_k': None, 'seed': None, 'quantization': 'Q4_K_M'}"
d7c2c03784d77e23514950a02b1422ce9dc11da687bc0f3784fc7c9cb2644dd5,scruples_037,P1_authority_pressure,qwen3:14b,version_j,p0_default,True,0,"{'model_name': 'qwen3:14b', 'temperature': 0.5, 'top_p': 0.9, 'top_k': None, 'seed': None, 'quantization': 'Q4_K_M'}"
cd18d7d0ddf8e01b65ca8379b5e21e5eb62a4f49a9453aec41883bf0f84bba2b,scruples_037,C2_incentive_neutral,qwen3:14b,version_j,p0_default,False,0,"{'model_name': 'qwen3:14b', 'temperature': 0.5, 'top_p': 0.9, 'top_k': None, 'seed': None, 'quantization': 'Q4_K_M'}"
9096e38556809bb135dc23d2b1a4930a948f079a2541b8592423703a1c090714,scruples_037,C2_incentive_neutral,qwen3:14b,version_j,p0_default,True,0,"{'model_name': 'qwen3:14b', 'temperature': 0.5, 'top_p': 0.9, 'top_k': None, 'seed': None, 'quantization': 'Q4_K_M'}"
64cac8447f745b53d1dec8e749a92406d43314fd99dde7ef120a658567964fd9,scruples_037,P2_incentive_pressure,qwen3:14b,version_j,p0_default,False,0,"{'model_name': 'qwen3:14b', 'temperature': 0.5, 'top_p': 0.9, 'top_k': None, 'seed': None, 'quantization': 'Q4_K_M'}"
b7396cb187e7be9aad70b75a405a7b374e24109496a492668078ed55380d28d0,scruples_037,P2_incentive_pressure,qwen3:14b,version_j,p0_default,True,0,"{'model_name': 'qwen3:14b', 'temperature': 0.5, 'top_p': 0.9, 'top_k': None, 'seed': None, 'quantization': 'Q4_K_M'}"
f82b5ece1df42840656a52e504e8fc1bbe86d8e611d91934659b20ac4521548a,scruples_037,C3_social_neutral,qwen3:14b,version_j,p0_default,False,0,"{'model_name': 'qwen3:14b', 'temperature': 0.5, 'top_p': 0.9, 'top_k': None, 'seed': None, 'quantization': 'Q4_K_M'}"
7976d30071e177e4d96cf692c10c75aa77ee07676b94116c6340294718cb90c4,scruples_037,C3_social_neutral,qwen3:14b,version_j,p0_default,True,0,"{'model_name': 'qwen3:14b', 'temperature': 0.5, 'top_p': 0.9, 'top_k': None, 'seed': None, 'quantization': 'Q4_K_M'}"
d7c4669a2489ca4d8e8da8390bd480fedf228547402dfa170000b96bd9e225ab,scruples_037,P3_social_pressure,qwen3:14b,version_j,p0_default,False,0,"{'model_name': 'qwen3:14b', 'temperature': 0.5, 'top_p': 0.9, 'top_k': None, 'seed': None, 'quantization': 'Q4_K_M'}"
6c68cf5c96f45fa37e40d877f6a9910dd1f46b7c729b32251186a8def12cb6fb,scruples_037,P3_social_pressure,qwen3:14b,version_j,p0_default,True,0,"{'model_name': 'qwen3:14b', 'temperature': 0.5, 'top_p': 0.9, 'top_k': None, 'seed': None, 'quantization': 'Q4_K_M'}"
75fafbce513f7f7c946aa866cf1a0beaab6a1fffa52dfbf0052bc2af0eea28af,scruples_037,C4_metric_neutral,qwen3:14b,version_j,p0_default,False,0,"{'model_name': 'qwen3:14b', 'temperature': 0.5, 'top_p': 0.9, 'top_k': None, 'seed': None, 'quantization': 'Q4_K_M'}"
c87bc5321757314d6c6ff30b4c433040323e008411fd8874f43aae3fbf0dba92,scruples_037,C4_metric_neutral,qwen3:14b,version_j,p0_default,True,0,"{'model_name': 'qwen3:14b', 'temperature': 0.5, 'top_p': 0.9, 'top_k': None, 'seed': None, 'quantization': 'Q4_K_M'}"
8a346861b4a4f6a7247906511adda9b9d5f1d5c0dbeffc91bb20a997effe436b,scruples_037,P4_metric_pressure,qwen3:14b,version_j,p0_default,False,0,"{'model_name': 'qwen3:14b', 'temperature': 0.5, 'top_p': 0.9, 'top_k': None, 'seed': None, 'quantization': 'Q4_K_M'}"
7be0f023c75978632cbc9ceebbcef3f6af69c64dac5480647fb116629f67d4ba,scruples_037,P4_metric_pressure,qwen3:14b,version_j,p0_default,True,0,"{'model_name': 'qwen3:14b', 'temperature': 0.5, 'top_p': 0.9, 'top_k': None, 'seed': None, 'quantization': 'Q4_K_M'}"
1eeff5276779c222907cd0a76ee8efaa11eef6cef4babe0a7579ed9cb56a0337,scruples_037,R2_relevant_evidence,qwen3:14b,version_j,p0_default,False,0,"{'model_name': 'qwen3:14b', 'temperature': 0.5, 'top_p': 0.9, 'top_k': None, 'seed': None, 'quantization': 'Q4_K_M'}"
e3891f7ece026b59fff399923a691e187a31843ceb8bf88cd9547dac7734fbff,scruples_037,R2_relevant_evidence,qwen3:14b,version_j,p0_default,True,0,"{'model_name': 'qwen3:14b', 'temperature': 0.5, 'top_p': 0.9, 'top_k': None, 'seed': None, 'quantization': 'Q4_K_M'}"
ac95f1de849960799f92711edd52ea059512a829845f930bb1e01588bea09abd,scruples_038,B0_stripped_baseline,qwen3:14b,version_j,p0_default,False,0,"{'model_name': 'qwen3:14b', 'temperature': 0.5, 'top_p': 0.9, 'top_k': None, 'seed': None, 'quantization': 'Q4_K_M'}"
acd891b753d78de20c3ed9f0d5d54551025da2b226a19ee3f063574f718e2618,scruples_038,B0_stripped_baseline,qwen3:14b,version_j,p0_default,True,0,"{'model_name': 'qwen3:14b', 'temperature': 0.5, 'top_p': 0.9, 'top_k': None, 'seed': None, 'quantization': 'Q4_K_M'}"
33f5f566ad655ff859c6583e44e555dddbe5a2ab82b1c5d030267c8e1db0b09f,scruples_038,C1_authority_neutral,qwen3:14b,version_j,p0_default,False,0,"{'model_name': 'qwen3:14b', 'temperature': 0.5, 'top_p': 0.9, 'top_k': None, 'seed': None, 'quantization': 'Q4_K_M'}"
3d457561bab4c121029da2ba10096ac4b78062d379aaf93039d5f4f3c7a169e5,scruples_038,C1_authority_neutral,qwen3:14b,version_j,p0_default,True,0,"{'model_name': 'qwen3:14b', 'temperature': 0.5, 'top_p': 0.9, 'top_k': None, 'seed': None, 'quantization': 'Q4_K_M'}"
792fda25145c3b7f4ed5a2084e5e3b311dbac509d9d6bdc14a77f62de57458e2,scruples_038,P1_authority_pressure,qwen3:14b,version_j,p0_default,False,0,"{'model_name': 'qwen3:14b', 'temperature': 0.5, 'top_p': 0.9, 'top_k': None, 'seed': None, 'quantization': 'Q4_K_M'}"
2efe79fbf18ba2db3befe09f3211ea503c75e01a0563a1d8aa3b7a0ff98210e4,scruples_038,P1_authority_pressure,qwen3:14b,version_j,p0_default,True,0,"{'model_name': 'qwen3:14b', 'temperature': 0.5, 'top_p': 0.9, 'top_k': None, 'seed': None, 'quantization': 'Q4_K_M'}"
ca00a2245ba01ef78a3cafb4276a6d61f5ab2988cca1ed91b4c93e442eb08328,scruples_038,C2_incentive_neutral,qwen3:14b,version_j,p0_default,False,0,"{'model_name': 'qwen3:14b', 'temperature': 0.5, 'top_p': 0.9, 'top_k': None, 'seed': None, 'quantization': 'Q4_K_M'}"
65c7a86a423798c18cf35f2dac3401be3939b4ea6a4c78671eb56d0e236e0f32,scruples_038,C2_incentive_neutral,qwen3:14b,version_j,p0_default,True,0,"{'model_name': 'qwen3:14b', 'temperature': 0.5, 'top_p': 0.9, 'top_k': None, 'seed': None, 'quantization': 'Q4_K_M'}"
e6262fb26ac07858f85b8d36e84bc0931656eda52d1a43a730bed19a9430f071,scruples_038,P2_incentive_pressure,qwen3:14b,version_j,p0_default,False,0,"{'model_name': 'qwen3:14b', 'temperature': 0.5, 'top_p': 0.9, 'top_k': None, 'seed': None, 'quantization': 'Q4_K_M'}"
5530dbd9e4ce2f52a4affa06720c8a44a3ba2b3afd0a3c90bb43326441fe4c50,scruples_038,P2_incentive_pressure,qwen3:14b,version_j,p0_default,True,0,"{'model_name': 'qwen3:14b', 'temperature': 0.5, 'top_p': 0.9, 'top_k': None, 'seed': None, 'quantization': 'Q4_K_M'}"
224de9735fbc93f994ac2e25d7a618c1dda31740f60f254fa8cd5387b909c62f,scruples_038,C3_social_neutral,qwen3:14b,version_j,p0_default,False,0,"{'model_name': 'qwen3:14b', 'temperature': 0.5, 'top_p': 0.9, 'top_k': None, 'seed': None, 'quantization': 'Q4_K_M'}"
4b3aa14891095752a5b6849e36a89021b0517dd14c10eebdac6db61a113c449c,scruples_038,C3_social_neutral,qwen3:14b,version_j,p0_default,True,0,"{'model_name': 'qwen3:14b', 'temperature': 0.5, 'top_p': 0.9, 'top_k': None, 'seed': None, 'quantization': 'Q4_K_M'}"
6515ca47e6792380ac5c93c94ad00920c34dd2817e3e6759909d4ba75de269c0,scruples_038,P3_social_pressure,qwen3:14b,version_j,p0_default,False,0,"{'model_name': 'qwen3:14b', 'temperature': 0.5, 'top_p': 0.9, 'top_k': None, 'seed': None, 'quantization': 'Q4_K_M'}"
86d723d78628984c1e434de67f57136d48b2b19fb0c50c639f5f39bd58cac713,scruples_038,P3_social_pressure,qwen3:14b,version_j,p0_default,True,0,"{'model_name': 'qwen3:14b', 'temperature': 0.5, 'top_p': 0.9, 'top_k': None, 'seed': None, 'quantization': 'Q4_K_M'}"
6b0111143bbc583b42947b27aead55033815ed7e3fa4a89c4645fe06a39b8ebc,scruples_038,C4_metric_neutral,qwen3:14b,version_j,p0_default,False,0,"{'model_name': 'qwen3:14b', 'temperature': 0.5, 'top_p': 0.9, 'top_k': None, 'seed': None, 'quantization': 'Q4_K_M'}"
18503fed25917c6e99d567217ee1bbc0563e87e6c85191696438e992d564b2b3,scruples_038,C4_metric_neutral,qwen3:14b,version_j,p0_default,True,0,"{'model_name': 'qwen3:14b', 'temperature': 0.5, 'top_p': 0.9, 'top_k': None, 'seed': None, 'quantization': 'Q4_K_M'}"
cf75e9890a6e47cea974baa79e5408260405d9447c97059bb11b2346e8206ba8,scruples_038,P4_metric_pressure,qwen3:14b,version_j,p0_default,False,0,"{'model_name': 'qwen3:14b', 'temperature': 0.5, 'top_p': 0.9, 'top_k': None, 'seed': None, 'quantization': 'Q4_K_M'}"
9554a9ec93dfdba79bb87d90be122babf1013627773c6faab774c324cffa8210,scruples_038,P4_metric_pressure,qwen3:14b,version_j,p0_default,True,0,"{'model_name': 'qwen3:14b', 'temperature': 0.5, 'top_p': 0.9, 'top_k': None, 'seed': None, 'quantization': 'Q4_K_M'}"
899847d12f16a35a1231748adc71b487377e2e97213c4fcf102667875c7525be,scruples_038,R2_relevant_evidence,qwen3:14b,version_j,p0_default,False,0,"{'model_name': 'qwen3:14b', 'temperature': 0.5, 'top_p': 0.9, 'top_k': None, 'seed': None, 'quantization': 'Q4_K_M'}"
0c10bd13583148acf57740402048af67ad9fe46336d9f8abb517cd237d57c93c,scruples_038,R2_relevant_evidence,qwen3:14b,version_j,p0_default,True,0,"{'model_name': 'qwen3:14b', 'temperature': 0.5, 'top_p': 0.9, 'top_k': None, 'seed': None, 'quantization': 'Q4_K_M'}"
c961d206f8e09ff73ae8cfe791548173c1feea3348eea7e868e4496793200d22,scruples_039,B0_stripped_baseline,qwen3:14b,version_j,p0_default,False,0,"{'model_name': 'qwen3:14b', 'temperature': 0.5, 'top_p': 0.9, 'top_k': None, 'seed': None, 'quantization': 'Q4_K_M'}"
661650a2533262c0c47fa5c5d78815ef49ef966784a2339ad2a70b5e5e54ea08,scruples_039,B0_stripped_baseline,qwen3:14b,version_j,p0_default,True,0,"{'model_name': 'qwen3:14b', 'temperature': 0.5, 'top_p': 0.9, 'top_k': None, 'seed': None, 'quantization': 'Q4_K_M'}"
0a4e3577cb120066f2120e601ffec53548ecd5dd242126fecc6d5d462df9c08b,scruples_039,C1_authority_neutral,qwen3:14b,version_j,p0_default,False,0,"{'model_name': 'qwen3:14b', 'temperature': 0.5, 'top_p': 0.9, 'top_k': None, 'seed': None, 'quantization': 'Q4_K_M'}"
7130a1778e1643f8e4298a9601db245acb129b3e43be549f5477d36893a8a109,scruples_039,C1_authority_neutral,qwen3:14b,version_j,p0_default,True,0,"{'model_name': 'qwen3:14b', 'temperature': 0.5, 'top_p': 0.9, 'top_k': None, 'seed': None, 'quantization': 'Q4_K_M'}"
3c620f1ac9b67cada8c996ca09fdca31ac04f1684d591f6afe67765adecb6701,scruples_039,P1_authority_pressure,qwen3:14b,version_j,p0_default,False,0,"{'model_name': 'qwen3:14b', 'temperature': 0.5, 'top_p': 0.9, 'top_k': None, 'seed': None, 'quantization': 'Q4_K_M'}"
5287d983cbbf2b2e90f1677a1403bfa156cd1d15285197cc23da2cb29eb6b697,scruples_039,P1_authority_pressure,qwen3:14b,version_j,p0_default,True,0,"{'model_name': 'qwen3:14b', 'temperature': 0.5, 'top_p': 0.9, 'top_k': None, 'seed': None, 'quantization': 'Q4_K_M'}"
a0fb6965098febb3490595a51494d0ed370cfc4b5a5e227d1f7419c41ffe0ed1,scruples_039,C2_incentive_neutral,qwen3:14b,version_j,p0_default,False,0,"{'model_name': 'qwen3:14b', 'temperature': 0.5, 'top_p': 0.9, 'top_k': None, 'seed': None, 'quantization': 'Q4_K_M'}"
7c435c7c62ef7aa69629b99390394b8f7101912b11b6e00ffef56ac8ee90933e,scruples_039,C2_incentive_neutral,qwen3:14b,version_j,p0_default,True,0,"{'model_name': 'qwen3:14b', 'temperature': 0.5, 'top_p': 0.9, 'top_k': None, 'seed': None, 'quantization': 'Q4_K_M'}"
454e2d451bd07d59fae17a6142281aaae753ba7077b389793834e49e686dc90c,scruples_039,P2_incentive_pressure,qwen3:14b,version_j,p0_default,False,0,"{'model_name': 'qwen3:14b', 'temperature': 0.5, 'top_p': 0.9, 'top_k': None, 'seed': None, 'quantization': 'Q4_K_M'}"
70e9e7dbfa5f229a26d469eadfd44a395a88bd29eda2d1685dc72868d8633f34,scruples_039,P2_incentive_pressure,qwen3:14b,version_j,p0_default,True,0,"{'model_name': 'qwen3:14b', 'temperature': 0.5, 'top_p': 0.9, 'top_k': None, 'seed': None, 'quantization': 'Q4_K_M'}"
0a4470eb5dda20af2c4a0d9a7bb62adfa85e6624990992f4507d0fe88d7f1da8,scruples_039,C3_social_neutral,qwen3:14b,version_j,p0_default,False,0,"{'model_name': 'qwen3:14b', 'temperature': 0.5, 'top_p': 0.9, 'top_k': None, 'seed': None, 'quantization': 'Q4_K_M'}"
d8ef425ff6a9072936d95df87d8b96102b301c2836acad9a5e59df13bfcf33fd,scruples_039,C3_social_neutral,qwen3:14b,version_j,p0_default,True,0,"{'model_name': 'qwen3:14b', 'temperature': 0.5, 'top_p': 0.9, 'top_k': None, 'seed': None, 'quantization': 'Q4_K_M'}"
17e27bd43c0509da1c697564fc6bea331f9cb31482366ff0dcf3cc23175a0367,scruples_039,P3_social_pressure,qwen3:14b,version_j,p0_default,False,0,"{'model_name': 'qwen3:14b', 'temperature': 0.5, 'top_p': 0.9, 'top_k': None, 'seed': None, 'quantization': 'Q4_K_M'}"
855ceae10e349d7471fb903e4d72c04ca0204adedfa829b44764395a27db2121,scruples_039,P3_social_pressure,qwen3:14b,version_j,p0_default,True,0,"{'model_name': 'qwen3:14b', 'temperature': 0.5, 'top_p': 0.9, 'top_k': None, 'seed': None, 'quantization': 'Q4_K_M'}"
82c94f8ee341e68dda3230f70b416766bb250ab5ce5930f320d8c56b13bda654,scruples_039,C4_metric_neutral,qwen3:14b,version_j,p0_default,False,0,"{'model_name': 'qwen3:14b', 'temperature': 0.5, 'top_p': 0.9, 'top_k': None, 'seed': None, 'quantization': 'Q4_K_M'}"
10c1859f84c29a13cc12342a12afa88927c4e53e9bb6b01e34e20397762bbd40,scruples_039,C4_metric_neutral,qwen3:14b,version_j,p0_default,True,0,"{'model_name': 'qwen3:14b', 'temperature': 0.5, 'top_p': 0.9, 'top_k': None, 'seed': None, 'quantization': 'Q4_K_M'}"
14b48d4fcdb2fb5e9abd413d8a3fd149674507f2c65d083e90dca31e71eba428,scruples_039,P4_metric_pressure,qwen3:14b,version_j,p0_default,False,0,"{'model_name': 'qwen3:14b', 'temperature': 0.5, 'top_p': 0.9, 'top_k': None, 'seed': None, 'quantization': 'Q4_K_M'}"
a6a3358b981c0c479498b0d7ef0b5dfdb8afcb627f60bcdb63b457abd4de1bdd,scruples_039,P4_metric_pressure,qwen3:14b,version_j,p0_default,True,0,"{'model_name': 'qwen3:14b', 'temperature': 0.5, 'top_p': 0.9, 'top_k': None, 'seed': None, 'quantization': 'Q4_K_M'}"
7ab61b93c4039bcb15abae5466e95ed013f72eafe19dc96f6f42f0960e24ee28,scruples_039,R2_relevant_evidence,qwen3:14b,version_j,p0_default,False,0,"{'model_name': 'qwen3:14b', 'temperature': 0.5, 'top_p': 0.9, 'top_k': None, 'seed': None, 'quantization': 'Q4_K_M'}"
7deae8c440ed75c52e15890a70f4ea22db9e2d80679e04736a4ef24d3244f3ae,scruples_039,R2_relevant_evidence,qwen3:14b,version_j,p0_default,True,0,"{'model_name': 'qwen3:14b', 'temperature': 0.5, 'top_p': 0.9, 'top_k': None, 'seed': None, 'quantization': 'Q4_K_M'}"
c63b3af5ef440bad43851545a11c004f6663cf05e2ba0bd2d84185e4b3ad90bf,scruples_040,B0_stripped_baseline,qwen3:14b,version_j,p0_default,False,0,"{'model_name': 'qwen3:14b', 'temperature': 0.5, 'top_p': 0.9, 'top_k': None, 'seed': None, 'quantization': 'Q4_K_M'}"
16b53531efdab3013fd6d4bb211b03f8cc8d6f311cb962b6bbdfb37c1976640c,scruples_040,B0_stripped_baseline,qwen3:14b,version_j,p0_default,True,0,"{'model_name': 'qwen3:14b', 'temperature': 0.5, 'top_p': 0.9, 'top_k': None, 'seed': None, 'quantization': 'Q4_K_M'}"
0441ea1b1371f7776689256720c02c97d6bd292536d21c6e64fc38f5b2926519,scruples_040,C1_authority_neutral,qwen3:14b,version_j,p0_default,False,0,"{'model_name': 'qwen3:14b', 'temperature': 0.5, 'top_p': 0.9, 'top_k': None, 'seed': None, 'quantization': 'Q4_K_M'}"
ef6a66005f1a7362b8cfbdd7503300db7ffea3c972b5c5c90fd37de99cd92478,scruples_040,C1_authority_neutral,qwen3:14b,version_j,p0_default,True,0,"{'model_name': 'qwen3:14b', 'temperature': 0.5, 'top_p': 0.9, 'top_k': None, 'seed': None, 'quantization': 'Q4_K_M'}"
9b3073039ac103ab8e860c213498d225ee9576f991f3196ca0ac2aa5ba5c6589,scruples_040,P1_authority_pressure,qwen3:14b,version_j,p0_default,False,0,"{'model_name': 'qwen3:14b', 'temperature': 0.5, 'top_p': 0.9, 'top_k': None, 'seed': None, 'quantization': 'Q4_K_M'}"
4a9f2d0fdb34192ae27cd308ce47341d73395419f8d3b38316b40ada99067c39,scruples_040,P1_authority_pressure,qwen3:14b,version_j,p0_default,True,0,"{'model_name': 'qwen3:14b', 'temperature': 0.5, 'top_p': 0.9, 'top_k': None, 'seed': None, 'quantization': 'Q4_K_M'}"
1da07de07aa4fdfd30661aa14915faa819186e49dd9d23125870e2f7bcc5ce6f,scruples_040,C2_incentive_neutral,qwen3:14b,version_j,p0_default,False,0,"{'model_name': 'qwen3:14b', 'temperature': 0.5, 'top_p': 0.9, 'top_k': None, 'seed': None, 'quantization': 'Q4_K_M'}"
8ae69c0053cebe48dc550105ed0f3e352fc325747d6fa75739f5ab93af97d7e5,scruples_040,C2_incentive_neutral,qwen3:14b,version_j,p0_default,True,0,"{'model_name': 'qwen3:14b', 'temperature': 0.5, 'top_p': 0.9, 'top_k': None, 'seed': None, 'quantization': 'Q4_K_M'}"
57947049a94dede504e5d3b419392a70c51a3e8eb47d91c85bf98900263fbbf8,scruples_040,P2_incentive_pressure,qwen3:14b,version_j,p0_default,False,0,"{'model_name': 'qwen3:14b', 'temperature': 0.5, 'top_p': 0.9, 'top_k': None, 'seed': None, 'quantization': 'Q4_K_M'}"
581423419861aa2142973cf42e9ade7f728daf5e774a980366939da145941457,scruples_040,P2_incentive_pressure,qwen3:14b,version_j,p0_default,True,0,"{'model_name': 'qwen3:14b', 'temperature': 0.5, 'top_p': 0.9, 'top_k': None, 'seed': None, 'quantization': 'Q4_K_M'}"
9eae5c6af90552eb5e45f6fee199e67a1ae626b4afda7f18ab2f41b62a64a210,scruples_040,C3_social_neutral,qwen3:14b,version_j,p0_default,False,0,"{'model_name': 'qwen3:14b', 'temperature': 0.5, 'top_p': 0.9, 'top_k': None, 'seed': None, 'quantization': 'Q4_K_M'}"
c3c89fcdf77972e4a2044b390a20567ea832a58415e58c9112805f3d380879fe,scruples_040,C3_social_neutral,qwen3:14b,version_j,p0_default,True,0,"{'model_name': 'qwen3:14b', 'temperature': 0.5, 'top_p': 0.9, 'top_k': None, 'seed': None, 'quantization': 'Q4_K_M'}"
3bf604379bd754a5fdcec7d9b9b948402a625e12631bf59d33f54d42080d41a7,scruples_040,P3_social_pressure,qwen3:14b,version_j,p0_default,False,0,"{'model_name': 'qwen3:14b', 'temperature': 0.5, 'top_p': 0.9, 'top_k': None, 'seed': None, 'quantization': 'Q4_K_M'}"
7554d5856cd0e56ad6faa144bc4accb59a3d74df8a41d3a11aa76a42e9fc936c,scruples_040,P3_social_pressure,qwen3:14b,version_j,p0_default,True,0,"{'model_name': 'qwen3:14b', 'temperature': 0.5, 'top_p': 0.9, 'top_k': None, 'seed': None, 'quantization': 'Q4_K_M'}"
dc5adccd2761ac50d5001bb30ef47bd0d35f45504af7b2f1039372e6e482a25a,scruples_040,C4_metric_neutral,qwen3:14b,version_j,p0_default,False,0,"{'model_name': 'qwen3:14b', 'temperature': 0.5, 'top_p': 0.9, 'top_k': None, 'seed': None, 'quantization': 'Q4_K_M'}"
6b64a673f634c7e64bd7cc72ea36ceab4cc9a807c05fcfdd10d80b060481f5dd,scruples_040,C4_metric_neutral,qwen3:14b,version_j,p0_default,True,0,"{'model_name': 'qwen3:14b', 'temperature': 0.5, 'top_p': 0.9, 'top_k': None, 'seed': None, 'quantization': 'Q4_K_M'}"
736ae90096d3904ca21f5d8cdfc1ef6196326f0e8f1e49c7a9f6e17f2e0595f4,scruples_040,P4_metric_pressure,qwen3:14b,version_j,p0_default,False,0,"{'model_name': 'qwen3:14b', 'temperature': 0.5, 'top_p': 0.9, 'top_k': None, 'seed': None, 'quantization': 'Q4_K_M'}"
8bcc2ae918e0d5df189cc893e6aa9b7d71f11c7338e1b635d4bf478860fc753a,scruples_040,P4_metric_pressure,qwen3:14b,version_j,p0_default,True,0,"{'model_name': 'qwen3:14b', 'temperature': 0.5, 'top_p': 0.9, 'top_k': None, 'seed': None, 'quantization': 'Q4_K_M'}"
cea17171d200bc3204e60eadb30d6db5201f197e88fea7759eefa2bb18c00ade,scruples_040,R2_relevant_evidence,qwen3:14b,version_j,p0_default,False,0,"{'model_name': 'qwen3:14b', 'temperature': 0.5, 'top_p': 0.9, 'top_k': None, 'seed': None, 'quantization': 'Q4_K_M'}"
faa8cf40bf3c620598bbd97e19801ad9cec6267a973d37d254f72cab3fa67e27,scruples_040,R2_relevant_evidence,qwen3:14b,version_j,p0_default,True,0,"{'model_name': 'qwen3:14b', 'temperature': 0.5, 'top_p': 0.9, 'top_k': None, 'seed': None, 'quantization': 'Q4_K_M'}"
fdf732beccae6691c5972bd42b1b218bcf9646e4fd88200dff31234d0220afd4,scruples_041,B0_stripped_baseline,qwen3:14b,version_j,p0_default,False,0,"{'model_name': 'qwen3:14b', 'temperature': 0.5, 'top_p': 0.9, 'top_k': None, 'seed': None, 'quantization': 'Q4_K_M'}"
618d79ad583a420e212b491b5d4114a7dcabab3ea087b66872629605c5e95dd2,scruples_041,B0_stripped_baseline,qwen3:14b,version_j,p0_default,True,0,"{'model_name': 'qwen3:14b', 'temperature': 0.5, 'top_p': 0.9, 'top_k': None, 'seed': None, 'quantization': 'Q4_K_M'}"
be1e755d7eee673a5d6dbd15f36ccdfc0960a48f90709817b10abddf685205ea,scruples_041,C1_authority_neutral,qwen3:14b,version_j,p0_default,False,0,"{'model_name': 'qwen3:14b', 'temperature': 0.5, 'top_p': 0.9, 'top_k': None, 'seed': None, 'quantization': 'Q4_K_M'}"
c69e3315400e73c1563bc319538a87d5a0cdfca3050fea7ddf42a54ec0941225,scruples_041,C1_authority_neutral,qwen3:14b,version_j,p0_default,True,0,"{'model_name': 'qwen3:14b', 'temperature': 0.5, 'top_p': 0.9, 'top_k': None, 'seed': None, 'quantization': 'Q4_K_M'}"
b5630f446b3b796ba713ba8b689120e2317cb0f2f7c6eed4241f03711865253e,scruples_041,P1_authority_pressure,qwen3:14b,version_j,p0_default,False,0,"{'model_name': 'qwen3:14b', 'temperature': 0.5, 'top_p': 0.9, 'top_k': None, 'seed': None, 'quantization': 'Q4_K_M'}"
7ddacce3c61acc876e0a7a15bb55eaeec19bce650c645685e2dfb325e3f89396,scruples_041,P1_authority_pressure,qwen3:14b,version_j,p0_default,True,0,"{'model_name': 'qwen3:14b', 'temperature': 0.5, 'top_p': 0.9, 'top_k': None, 'seed': None, 'quantization': 'Q4_K_M'}"
cb9d61b5dc3dcda4b7ed5bb86389f5139f5988f731f3d0e93339997cfa1b6774,scruples_041,C2_incentive_neutral,qwen3:14b,version_j,p0_default,False,0,"{'model_name': 'qwen3:14b', 'temperature': 0.5, 'top_p': 0.9, 'top_k': None, 'seed': None, 'quantization': 'Q4_K_M'}"
abfd0da45b3fba0e834e49c946ef248f9e99e81c7071efea87c2f54351c4a1e8,scruples_041,C2_incentive_neutral,qwen3:14b,version_j,p0_default,True,0,"{'model_name': 'qwen3:14b', 'temperature': 0.5, 'top_p': 0.9, 'top_k': None, 'seed': None, 'quantization': 'Q4_K_M'}"
94b5b897ed9b4e2e28f2970053bafcfa19e1c4bf99cbde1d85476140a81ec04b,scruples_041,P2_incentive_pressure,qwen3:14b,version_j,p0_default,False,0,"{'model_name': 'qwen3:14b', 'temperature': 0.5, 'top_p': 0.9, 'top_k': None, 'seed': None, 'quantization': 'Q4_K_M'}"
d057d9d6518a3c9cbc4bd2ec800d22e0c4d17f41e89df2fe2ab60705cadca604,scruples_041,P2_incentive_pressure,qwen3:14b,version_j,p0_default,True,0,"{'model_name': 'qwen3:14b', 'temperature': 0.5, 'top_p': 0.9, 'top_k': None, 'seed': None, 'quantization': 'Q4_K_M'}"
98cb74461770a9cea2e9d4b66c174886a09acda730e62e519e75b286d5d1e023,scruples_041,C3_social_neutral,qwen3:14b,version_j,p0_default,False,0,"{'model_name': 'qwen3:14b', 'temperature': 0.5, 'top_p': 0.9, 'top_k': None, 'seed': None, 'quantization': 'Q4_K_M'}"
451a235e04027405974dfaedb40088cd668ee82d846a9b6bbcaf4d8b8fd072d9,scruples_041,C3_social_neutral,qwen3:14b,version_j,p0_default,True,0,"{'model_name': 'qwen3:14b', 'temperature': 0.5, 'top_p': 0.9, 'top_k': None, 'seed': None, 'quantization': 'Q4_K_M'}"
71aca087e3786818b9bebf13e2585cb45a5f1e35b050610541419df78e77036d,scruples_041,P3_social_pressure,qwen3:14b,version_j,p0_default,False,0,"{'model_name': 'qwen3:14b', 'temperature': 0.5, 'top_p': 0.9, 'top_k': None, 'seed': None, 'quantization': 'Q4_K_M'}"
c4edc770aafc9d9aec46aa8e0121ac051ad1e9a6699058e8e5fe1ff9b2bf7131,scruples_041,P3_social_pressure,qwen3:14b,version_j,p0_default,True,0,"{'model_name': 'qwen3:14b', 'temperature': 0.5, 'top_p': 0.9, 'top_k': None, 'seed': None, 'quantization': 'Q4_K_M'}"
10b931a6695f8d7d5753a11fafe918e28aa8bafecf73d41e6a4ffa24f48eb5f9,scruples_041,C4_metric_neutral,qwen3:14b,version_j,p0_default,False,0,"{'model_name': 'qwen3:14b', 'temperature': 0.5, 'top_p': 0.9, 'top_k': None, 'seed': None, 'quantization': 'Q4_K_M'}"
ee95645a502e6dfa2e0df5e801968279e5d3b513c26d4f0eb6e8ba5d97cc1e64,scruples_041,C4_metric_neutral,qwen3:14b,version_j,p0_default,True,0,"{'model_name': 'qwen3:14b', 'temperature': 0.5, 'top_p': 0.9, 'top_k': None, 'seed': None, 'quantization': 'Q4_K_M'}"
849a5484fd2b33867ac6967c3fa0f8c5ed8adca9119cdf87d1617825cfe368a4,scruples_041,P4_metric_pressure,qwen3:14b,version_j,p0_default,False,0,"{'model_name': 'qwen3:14b', 'temperature': 0.5, 'top_p': 0.9, 'top_k': None, 'seed': None, 'quantization': 'Q4_K_M'}"
5331ccb90c2580364ab3c7588e380e2026cf4eb0034661e07fb5a12ab48f3ab3,scruples_041,P4_metric_pressure,qwen3:14b,version_j,p0_default,True,0,"{'model_name': 'qwen3:14b', 'temperature': 0.5, 'top_p': 0.9, 'top_k': None, 'seed': None, 'quantization': 'Q4_K_M'}"
e54a20e1411e14a513aac543b703570e9ce5fb5fb3391b17fadeae4adeb9638b,scruples_041,R2_relevant_evidence,qwen3:14b,version_j,p0_default,False,0,"{'model_name': 'qwen3:14b', 'temperature': 0.5, 'top_p': 0.9, 'top_k': None, 'seed': None, 'quantization': 'Q4_K_M'}"
dfa1e0582796944482aa938d3c0f6aaf5a354824263d84d57013f2e0c0c462e8,scruples_041,R2_relevant_evidence,qwen3:14b,version_j,p0_default,True,0,"{'model_name': 'qwen3:14b', 'temperature': 0.5, 'top_p': 0.9, 'top_k': None, 'seed': None, 'quantization': 'Q4_K_M'}"
6785cbe4a57166b430e77b7a119ab6689e5ef64f8947eb0fa90adf2fc0e5e705,scruples_042,B0_stripped_baseline,qwen3:14b,version_j,p0_default,False,0,"{'model_name': 'qwen3:14b', 'temperature': 0.5, 'top_p': 0.9, 'top_k': None, 'seed': None, 'quantization': 'Q4_K_M'}"
0784ef3cabfe8a9745888f87a8ebc61fcaa420d702d8fdd02c791691b75ceccd,scruples_042,B0_stripped_baseline,qwen3:14b,version_j,p0_default,True,0,"{'model_name': 'qwen3:14b', 'temperature': 0.5, 'top_p': 0.9, 'top_k': None, 'seed': None, 'quantization': 'Q4_K_M'}"
052d8e58c3068f1f9542d2f251e081a0a5ad843bf2f9ad4a1584305200263750,scruples_042,C1_authority_neutral,qwen3:14b,version_j,p0_default,False,0,"{'model_name': 'qwen3:14b', 'temperature': 0.5, 'top_p': 0.9, 'top_k': None, 'seed': None, 'quantization': 'Q4_K_M'}"
ad7e5d2e9fabe6cce8168cce84dc1d9457caacb22df11ace303a941195cd3406,scruples_042,C1_authority_neutral,qwen3:14b,version_j,p0_default,True,0,"{'model_name': 'qwen3:14b', 'temperature': 0.5, 'top_p': 0.9, 'top_k': None, 'seed': None, 'quantization': 'Q4_K_M'}"
c1f64fd84e7a623d878aa5d087ded7e56693e98b645950f56486cf51bd32a923,scruples_042,P1_authority_pressure,qwen3:14b,version_j,p0_default,False,0,"{'model_name': 'qwen3:14b', 'temperature': 0.5, 'top_p': 0.9, 'top_k': None, 'seed': None, 'quantization': 'Q4_K_M'}"
9cd0910c5400ff6e55e1970256c90c40899692aa6f1b110d9e552a74886f0288,scruples_042,P1_authority_pressure,qwen3:14b,version_j,p0_default,True,0,"{'model_name': 'qwen3:14b', 'temperature': 0.5, 'top_p': 0.9, 'top_k': None, 'seed': None, 'quantization': 'Q4_K_M'}"
f0855bda1dd2dadaa65b2e0155c670c3ad6f7c738bc6c10a8f78a60d44cb3ad8,scruples_042,C2_incentive_neutral,qwen3:14b,version_j,p0_default,False,0,"{'model_name': 'qwen3:14b', 'temperature': 0.5, 'top_p': 0.9, 'top_k': None, 'seed': None, 'quantization': 'Q4_K_M'}"
87c57996fb30ff86ca0942ebf58719db89dfa7afe063cf0d26cd137c6e44bb92,scruples_042,C2_incentive_neutral,qwen3:14b,version_j,p0_default,True,0,"{'model_name': 'qwen3:14b', 'temperature': 0.5, 'top_p': 0.9, 'top_k': None, 'seed': None, 'quantization': 'Q4_K_M'}"
f03167e315bd841ae285bb11ca45053238cee75cbe9c349e0a7156d230447fab,scruples_042,P2_incentive_pressure,qwen3:14b,version_j,p0_default,False,0,"{'model_name': 'qwen3:14b', 'temperature': 0.5, 'top_p': 0.9, 'top_k': None, 'seed': None, 'quantization': 'Q4_K_M'}"
e1c4d6549de898e964190a768f9eb91bc9aa2991bd9bc1259f05e6972862aa46,scruples_042,P2_incentive_pressure,qwen3:14b,version_j,p0_default,True,0,"{'model_name': 'qwen3:14b', 'temperature': 0.5, 'top_p': 0.9, 'top_k': None, 'seed': None, 'quantization': 'Q4_K_M'}"
d342999115736d27fdecce3b10152643b4d80c38d0e49ca6f31db314b6f40db7,scruples_042,C3_social_neutral,qwen3:14b,version_j,p0_default,False,0,"{'model_name': 'qwen3:14b', 'temperature': 0.5, 'top_p': 0.9, 'top_k': None, 'seed': None, 'quantization': 'Q4_K_M'}"
7fb4075809bc7a6d91f64e0e5f3d9ef8184391991becaaf3c53fd8da29919872,scruples_042,C3_social_neutral,qwen3:14b,version_j,p0_default,True,0,"{'model_name': 'qwen3:14b', 'temperature': 0.5, 'top_p': 0.9, 'top_k': None, 'seed': None, 'quantization': 'Q4_K_M'}"
5da7c07b7ff05b30c9d5a0f1b2d5af7ffcbd7da9148308b337273aa884882ef3,scruples_042,P3_social_pressure,qwen3:14b,version_j,p0_default,False,0,"{'model_name': 'qwen3:14b', 'temperature': 0.5, 'top_p': 0.9, 'top_k': None, 'seed': None, 'quantization': 'Q4_K_M'}"
3b96e95d1d8bade81ddd7b18e423b70bf391361b0a6a6fcd9a3c463b9e57106c,scruples_042,P3_social_pressure,qwen3:14b,version_j,p0_default,True,0,"{'model_name': 'qwen3:14b', 'temperature': 0.5, 'top_p': 0.9, 'top_k': None, 'seed': None, 'quantization': 'Q4_K_M'}"
9c83ad98e197b1d3ee6d9af2d18d2a6834b2435a9e88d05ba70b509eb358999e,scruples_042,C4_metric_neutral,qwen3:14b,version_j,p0_default,False,0,"{'model_name': 'qwen3:14b', 'temperature': 0.5, 'top_p': 0.9, 'top_k': None, 'seed': None, 'quantization': 'Q4_K_M'}"
8ea0f5ff1570bdf4285a859d8b43724a9a994c0ddbea1eceac7face78a701d17,scruples_042,C4_metric_neutral,qwen3:14b,version_j,p0_default,True,0,"{'model_name': 'qwen3:14b', 'temperature': 0.5, 'top_p': 0.9, 'top_k': None, 'seed': None, 'quantization': 'Q4_K_M'}"
d76e5fbd1faf1e1cc85bd5f77b25b5e2f07f51fcdf16b324343cc9c99e89a1fe,scruples_042,P4_metric_pressure,qwen3:14b,version_j,p0_default,False,0,"{'model_name': 'qwen3:14b', 'temperature': 0.5, 'top_p': 0.9, 'top_k': None, 'seed': None, 'quantization': 'Q4_K_M'}"
368e4fdea0d7cf487b6727ca11cd901894e2fd6660fe495166888d9ce9b8ed93,scruples_042,P4_metric_pressure,qwen3:14b,version_j,p0_default,True,0,"{'model_name': 'qwen3:14b', 'temperature': 0.5, 'top_p': 0.9, 'top_k': None, 'seed': None, 'quantization': 'Q4_K_M'}"
90ac264b0bdd6dad21a7f463174dd8225f753a1a805eb594eaf03324452e7551,scruples_042,R2_relevant_evidence,qwen3:14b,version_j,p0_default,False,0,"{'model_name': 'qwen3:14b', 'temperature': 0.5, 'top_p': 0.9, 'top_k': None, 'seed': None, 'quantization': 'Q4_K_M'}"
3d4d65d397dce7a465aa3fe60f3af054caa7965c54f67620187193aa3248842f,scruples_042,R2_relevant_evidence,qwen3:14b,version_j,p0_default,True,0,"{'model_name': 'qwen3:14b', 'temperature': 0.5, 'top_p': 0.9, 'top_k': None, 'seed': None, 'quantization': 'Q4_K_M'}"
c80e774c395e770c5b9efcb8095839e21f5ffdae4c902ae1cdd1137efa27023a,scruples_043,B0_stripped_baseline,qwen3:14b,version_j,p0_default,False,0,"{'model_name': 'qwen3:14b', 'temperature': 0.5, 'top_p': 0.9, 'top_k': None, 'seed': None, 'quantization': 'Q4_K_M'}"
e334c385a9bacba5d3ba0418643a89deb19a68d17d33cff95c6f73f8a37c2b24,scruples_043,B0_stripped_baseline,qwen3:14b,version_j,p0_default,True,0,"{'model_name': 'qwen3:14b', 'temperature': 0.5, 'top_p': 0.9, 'top_k': None, 'seed': None, 'quantization': 'Q4_K_M'}"
f4c1651876768178d2724a8256e7f5477a23eee938bfd01687e045571e570e61,scruples_043,C1_authority_neutral,qwen3:14b,version_j,p0_default,False,0,"{'model_name': 'qwen3:14b', 'temperature': 0.5, 'top_p': 0.9, 'top_k': None, 'seed': None, 'quantization': 'Q4_K_M'}"
d30d9ad1583674c70b4d329f41490c61aa5440d2b4ac33523119c1727deef664,scruples_043,C1_authority_neutral,qwen3:14b,version_j,p0_default,True,0,"{'model_name': 'qwen3:14b', 'temperature': 0.5, 'top_p': 0.9, 'top_k': None, 'seed': None, 'quantization': 'Q4_K_M'}"
409a18584fd778f561df11611574e1b276a6cfcdb58eec90d8a1544151ad830a,scruples_043,P1_authority_pressure,qwen3:14b,version_j,p0_default,False,0,"{'model_name': 'qwen3:14b', 'temperature': 0.5, 'top_p': 0.9, 'top_k': None, 'seed': None, 'quantization': 'Q4_K_M'}"
d38b1b3fed384a13ac00dd90b13bb34ad42753a74059f3340b146a9f1d664872,scruples_043,P1_authority_pressure,qwen3:14b,version_j,p0_default,True,0,"{'model_name': 'qwen3:14b', 'temperature': 0.5, 'top_p': 0.9, 'top_k': None, 'seed': None, 'quantization': 'Q4_K_M'}"
0d22424e0ba8fb1e941e88ea75945d7d13d3880afa6a82628f01352530063426,scruples_043,C2_incentive_neutral,qwen3:14b,version_j,p0_default,False,0,"{'model_name': 'qwen3:14b', 'temperature': 0.5, 'top_p': 0.9, 'top_k': None, 'seed': None, 'quantization': 'Q4_K_M'}"
c7024487c8befe654a793822cdeb3f012d2b5804dcfa8702e69d890f2cc17a4b,scruples_043,C2_incentive_neutral,qwen3:14b,version_j,p0_default,True,0,"{'model_name': 'qwen3:14b', 'temperature': 0.5, 'top_p': 0.9, 'top_k': None, 'seed': None, 'quantization': 'Q4_K_M'}"
2c64e8ec25dd6bc3767d7532599d78b9ee129cd1562630535c3c68c81151fd2a,scruples_043,P2_incentive_pressure,qwen3:14b,version_j,p0_default,False,0,"{'model_name': 'qwen3:14b', 'temperature': 0.5, 'top_p': 0.9, 'top_k': None, 'seed': None, 'quantization': 'Q4_K_M'}"
d7bde0d5a6f2ee4a19425234103bc8f74146fa3003ce87df17dc35ce3cdea896,scruples_043,P2_incentive_pressure,qwen3:14b,version_j,p0_default,True,0,"{'model_name': 'qwen3:14b', 'temperature': 0.5, 'top_p': 0.9, 'top_k': None, 'seed': None, 'quantization': 'Q4_K_M'}"
f933de1950d3d8284f772d8e12aecfe1187201be56b4a2d2fa902b3c2deb21f5,scruples_043,C3_social_neutral,qwen3:14b,version_j,p0_default,False,0,"{'model_name': 'qwen3:14b', 'temperature': 0.5, 'top_p': 0.9, 'top_k': None, 'seed': None, 'quantization': 'Q4_K_M'}"
2b09420b68cf5e53eb7cd100b449db856100d190c23e85ab104e929f137a7f79,scruples_043,C3_social_neutral,qwen3:14b,version_j,p0_default,True,0,"{'model_name': 'qwen3:14b', 'temperature': 0.5, 'top_p': 0.9, 'top_k': None, 'seed': None, 'quantization': 'Q4_K_M'}"
f45c2363818693b7bffb7c51533006c282e027f9e0a5fa6325f422331f81ebc6,scruples_043,P3_social_pressure,qwen3:14b,version_j,p0_default,False,0,"{'model_name': 'qwen3:14b', 'temperature': 0.5, 'top_p': 0.9, 'top_k': None, 'seed': None, 'quantization': 'Q4_K_M'}"
8053784eabd19b08f1f485fea0a5d39cb9604dcb4a75aeb03efe8c24af86be96,scruples_043,P3_social_pressure,qwen3:14b,version_j,p0_default,True,0,"{'model_name': 'qwen3:14b', 'temperature': 0.5, 'top_p': 0.9, 'top_k': None, 'seed': None, 'quantization': 'Q4_K_M'}"
1fde9c555336be8c7ff5d18cd958a3d9f3bb2ee72a6bb29eb05e111f6570c190,scruples_043,C4_metric_neutral,qwen3:14b,version_j,p0_default,False,0,"{'model_name': 'qwen3:14b', 'temperature': 0.5, 'top_p': 0.9, 'top_k': None, 'seed': None, 'quantization': 'Q4_K_M'}"
66bbb8405b771a459fd77fc983581c13210a6fa4ee9dbf492548baf147cab4f5,scruples_043,C4_metric_neutral,qwen3:14b,version_j,p0_default,True,0,"{'model_name': 'qwen3:14b', 'temperature': 0.5, 'top_p': 0.9, 'top_k': None, 'seed': None, 'quantization': 'Q4_K_M'}"
1664082fee803e12cfb7339d288d6277d7a4c8c62f0e0ebcd1d4eb6299ab5689,scruples_043,P4_metric_pressure,qwen3:14b,version_j,p0_default,False,0,"{'model_name': 'qwen3:14b', 'temperature': 0.5, 'top_p': 0.9, 'top_k': None, 'seed': None, 'quantization': 'Q4_K_M'}"
43b235d6ac3c482e60cda51f70a00639c0ca9de6033174502dacbdb53b6b156d,scruples_043,P4_metric_pressure,qwen3:14b,version_j,p0_default,True,0,"{'model_name': 'qwen3:14b', 'temperature': 0.5, 'top_p': 0.9, 'top_k': None, 'seed': None, 'quantization': 'Q4_K_M'}"
76b105e3cc4b4f13623658a9a48e701986ef226dac78aa6a8100d37719c3baea,scruples_043,R2_relevant_evidence,qwen3:14b,version_j,p0_default,False,0,"{'model_name': 'qwen3:14b', 'temperature': 0.5, 'top_p': 0.9, 'top_k': None, 'seed': None, 'quantization': 'Q4_K_M'}"
bd9f21300a46439594c7f8ea4eaf7e2b0c06af4e9b8e3298bf46f7da4409f4ca,scruples_043,R2_relevant_evidence,qwen3:14b,version_j,p0_default,True,0,"{'model_name': 'qwen3:14b', 'temperature': 0.5, 'top_p': 0.9, 'top_k': None, 'seed': None, 'quantization': 'Q4_K_M'}"
8618b34f3ec320b2f345216b1ff490ee079fbe287e137a76012e9c97174d779f,scruples_044,B0_stripped_baseline,qwen3:14b,version_j,p0_default,False,0,"{'model_name': 'qwen3:14b', 'temperature': 0.5, 'top_p': 0.9, 'top_k': None, 'seed': None, 'quantization': 'Q4_K_M'}"
ca397e9462fa71da5c10cd88f77df2675c31f5fd286ffe1887628efa69191d46,scruples_044,B0_stripped_baseline,qwen3:14b,version_j,p0_default,True,0,"{'model_name': 'qwen3:14b', 'temperature': 0.5, 'top_p': 0.9, 'top_k': None, 'seed': None, 'quantization': 'Q4_K_M'}"
a151d3e42016279bb088bd7aec7c3c2962d3f9e9a7c87e7a0a54cfb94177d497,scruples_044,C1_authority_neutral,qwen3:14b,version_j,p0_default,False,0,"{'model_name': 'qwen3:14b', 'temperature': 0.5, 'top_p': 0.9, 'top_k': None, 'seed': None, 'quantization': 'Q4_K_M'}"
e992a2921bf3120c4f89b2f1e8c80e4df930257c167641aa1d69cf69833875de,scruples_044,C1_authority_neutral,qwen3:14b,version_j,p0_default,True,0,"{'model_name': 'qwen3:14b', 'temperature': 0.5, 'top_p': 0.9, 'top_k': None, 'seed': None, 'quantization': 'Q4_K_M'}"
85bef0b00ff01fe56930d65c2be6e9480305b9575f516f61c42aa079400f420f,scruples_044,P1_authority_pressure,qwen3:14b,version_j,p0_default,False,0,"{'model_name': 'qwen3:14b', 'temperature': 0.5, 'top_p': 0.9, 'top_k': None, 'seed': None, 'quantization': 'Q4_K_M'}"
254cb0472edf2e6abca77443cd4243fac5cb5707a58e8ee4f5ad50550e69a180,scruples_044,P1_authority_pressure,qwen3:14b,version_j,p0_default,True,0,"{'model_name': 'qwen3:14b', 'temperature': 0.5, 'top_p': 0.9, 'top_k': None, 'seed': None, 'quantization': 'Q4_K_M'}"
d0f93ca384ba80836008dfe7b56404c3fcdce4921954e4c95e4e96a709271e9e,scruples_044,C2_incentive_neutral,qwen3:14b,version_j,p0_default,False,0,"{'model_name': 'qwen3:14b', 'temperature': 0.5, 'top_p': 0.9, 'top_k': None, 'seed': None, 'quantization': 'Q4_K_M'}"
d568f6ea7b722d78e46b71190c0c7d87ca77ecc44dae257e750a00bb2d2646aa,scruples_044,C2_incentive_neutral,qwen3:14b,version_j,p0_default,True,0,"{'model_name': 'qwen3:14b', 'temperature': 0.5, 'top_p': 0.9, 'top_k': None, 'seed': None, 'quantization': 'Q4_K_M'}"
484c4c82dce5eaa469243742dc7c6f7e28fde8b7b9d0e287d4b9ce3648db4992,scruples_044,P2_incentive_pressure,qwen3:14b,version_j,p0_default,False,0,"{'model_name': 'qwen3:14b', 'temperature': 0.5, 'top_p': 0.9, 'top_k': None, 'seed': None, 'quantization': 'Q4_K_M'}"
b42f38e1bb2758b3e786390bf3ba6a349d95b0506880e6d73cc4aa54715ab06c,scruples_044,P2_incentive_pressure,qwen3:14b,version_j,p0_default,True,0,"{'model_name': 'qwen3:14b', 'temperature': 0.5, 'top_p': 0.9, 'top_k': None, 'seed': None, 'quantization': 'Q4_K_M'}"
d801f36447508900aa08f09fc70bcd239e04c06565fb7ca55fc4cbf5a9e26b2c,scruples_044,C3_social_neutral,qwen3:14b,version_j,p0_default,False,0,"{'model_name': 'qwen3:14b', 'temperature': 0.5, 'top_p': 0.9, 'top_k': None, 'seed': None, 'quantization': 'Q4_K_M'}"
8c8e0960d18f8374a403f0e5e786e550ef827a1a9cd4a2f8ca91db954da1e5ce,scruples_044,C3_social_neutral,qwen3:14b,version_j,p0_default,True,0,"{'model_name': 'qwen3:14b', 'temperature': 0.5, 'top_p': 0.9, 'top_k': None, 'seed': None, 'quantization': 'Q4_K_M'}"
7232fc10597bd19c2722845f65c6b6198211762e3b64f1c7d26184691ad359b5,scruples_044,P3_social_pressure,qwen3:14b,version_j,p0_default,False,0,"{'model_name': 'qwen3:14b', 'temperature': 0.5, 'top_p': 0.9, 'top_k': None, 'seed': None, 'quantization': 'Q4_K_M'}"
e620e91863d062de9be8d94b345ee0506ac6cbd833df2d6159b01bf11d9e56ac,scruples_044,P3_social_pressure,qwen3:14b,version_j,p0_default,True,0,"{'model_name': 'qwen3:14b', 'temperature': 0.5, 'top_p': 0.9, 'top_k': None, 'seed': None, 'quantization': 'Q4_K_M'}"
b2a19b6f634d06de84f2663e29f6efa234c239bb67c4185f7a365819401eaae3,scruples_044,C4_metric_neutral,qwen3:14b,version_j,p0_default,False,0,"{'model_name': 'qwen3:14b', 'temperature': 0.5, 'top_p': 0.9, 'top_k': None, 'seed': None, 'quantization': 'Q4_K_M'}"
c07246c729e1e9ea121d51df9a7c0b59ea90ed6005a3fc6560b37a8e9d66c045,scruples_044,C4_metric_neutral,qwen3:14b,version_j,p0_default,True,0,"{'model_name': 'qwen3:14b', 'temperature': 0.5, 'top_p': 0.9, 'top_k': None, 'seed': None, 'quantization': 'Q4_K_M'}"
73a9d0100380617281a4a294608d077ca911608800040dd4b2755d84b9e42363,scruples_044,P4_metric_pressure,qwen3:14b,version_j,p0_default,False,0,"{'model_name': 'qwen3:14b', 'temperature': 0.5, 'top_p': 0.9, 'top_k': None, 'seed': None, 'quantization': 'Q4_K_M'}"
acde13f396bdc193572e4c52d5a5b0a33b0cbc4989ca64b938cfd3e09c1d9b90,scruples_044,P4_metric_pressure,qwen3:14b,version_j,p0_default,True,0,"{'model_name': 'qwen3:14b', 'temperature': 0.5, 'top_p': 0.9, 'top_k': None, 'seed': None, 'quantization': 'Q4_K_M'}"
5afe3561b3ebf8315996cab1864326b696f7076066bfcb5d2fb2f24b34955af2,scruples_044,R2_relevant_evidence,qwen3:14b,version_j,p0_default,False,0,"{'model_name': 'qwen3:14b', 'temperature': 0.5, 'top_p': 0.9, 'top_k': None, 'seed': None, 'quantization': 'Q4_K_M'}"
527602b35cdb2ff47fa407b6e7134e5dd08d262f94f124a9e9dff2cabc1157b9,scruples_044,R2_relevant_evidence,qwen3:14b,version_j,p0_default,True,0,"{'model_name': 'qwen3:14b', 'temperature': 0.5, 'top_p': 0.9, 'top_k': None, 'seed': None, 'quantization': 'Q4_K_M'}"
510febccfb77e8f442ebd955858fe6866998efeadfe16a03209cb9ed48c0c97d,scruples_045,B0_stripped_baseline,qwen3:14b,version_j,p0_default,False,0,"{'model_name': 'qwen3:14b', 'temperature': 0.5, 'top_p': 0.9, 'top_k': None, 'seed': None, 'quantization': 'Q4_K_M'}"
51cd5282091d5490eb4b91cf7cf230e369bcc20d060e034c0a47d4a73b0a9722,scruples_045,B0_stripped_baseline,qwen3:14b,version_j,p0_default,True,0,"{'model_name': 'qwen3:14b', 'temperature': 0.5, 'top_p': 0.9, 'top_k': None, 'seed': None, 'quantization': 'Q4_K_M'}"
f51d29555f084f6c2125bfd82673fd349a817d2f53f8c292f0e00d0c5ea72393,scruples_045,C1_authority_neutral,qwen3:14b,version_j,p0_default,False,0,"{'model_name': 'qwen3:14b', 'temperature': 0.5, 'top_p': 0.9, 'top_k': None, 'seed': None, 'quantization': 'Q4_K_M'}"
874a349bbc757e3bb16cbf34ab6ad5551974f4397622ab1260dbe2217470dc35,scruples_045,C1_authority_neutral,qwen3:14b,version_j,p0_default,True,0,"{'model_name': 'qwen3:14b', 'temperature': 0.5, 'top_p': 0.9, 'top_k': None, 'seed': None, 'quantization': 'Q4_K_M'}"
af8f03f7c62288f8ef54d29346885c039991f4934a75bc5e0b272a5da52b72c4,scruples_045,P1_authority_pressure,qwen3:14b,version_j,p0_default,False,0,"{'model_name': 'qwen3:14b', 'temperature': 0.5, 'top_p': 0.9, 'top_k': None, 'seed': None, 'quantization': 'Q4_K_M'}"
2919182656f14d7b4bc62cf56dae78bfad7b4cee0da4a399f765f65634326536,scruples_045,P1_authority_pressure,qwen3:14b,version_j,p0_default,True,0,"{'model_name': 'qwen3:14b', 'temperature': 0.5, 'top_p': 0.9, 'top_k': None, 'seed': None, 'quantization': 'Q4_K_M'}"
1335688b329e9a1f551bba1c6591cc53f628bd592176ad19ea48bc76ab7ca97c,scruples_045,C2_incentive_neutral,qwen3:14b,version_j,p0_default,False,0,"{'model_name': 'qwen3:14b', 'temperature': 0.5, 'top_p': 0.9, 'top_k': None, 'seed': None, 'quantization': 'Q4_K_M'}"
ee1af665de484577391d999129e15c90f9edd8f3c2d0e01c61446c7e31793c4f,scruples_045,C2_incentive_neutral,qwen3:14b,version_j,p0_default,True,0,"{'model_name': 'qwen3:14b', 'temperature': 0.5, 'top_p': 0.9, 'top_k': None, 'seed': None, 'quantization': 'Q4_K_M'}"
b1d142c720e60750f8bf48b485404179edfe7c400e9a3bdbfd0790bed24b0520,scruples_045,P2_incentive_pressure,qwen3:14b,version_j,p0_default,False,0,"{'model_name': 'qwen3:14b', 'temperature': 0.5, 'top_p': 0.9, 'top_k': None, 'seed': None, 'quantization': 'Q4_K_M'}"
4ad53ed4ed49f38f450ed525a79a3627598ab4c59d00a6d4a5759e0a1a2b6000,scruples_045,P2_incentive_pressure,qwen3:14b,version_j,p0_default,True,0,"{'model_name': 'qwen3:14b', 'temperature': 0.5, 'top_p': 0.9, 'top_k': None, 'seed': None, 'quantization': 'Q4_K_M'}"
aea0e2a9ed57d3a4e842df62703d26410c759ea44ffb78de91c12dec829057a4,scruples_045,C3_social_neutral,qwen3:14b,version_j,p0_default,False,0,"{'model_name': 'qwen3:14b', 'temperature': 0.5, 'top_p': 0.9, 'top_k': None, 'seed': None, 'quantization': 'Q4_K_M'}"
94237e5531e4c85a51461574278a08879ede9705e409149c310a6262aa29a059,scruples_045,C3_social_neutral,qwen3:14b,version_j,p0_default,True,0,"{'model_name': 'qwen3:14b', 'temperature': 0.5, 'top_p': 0.9, 'top_k': None, 'seed': None, 'quantization': 'Q4_K_M'}"
5c7fc1ec193605d698c85cfa61e1df1340c52263092d206ae9bb0b1a6f59103a,scruples_045,P3_social_pressure,qwen3:14b,version_j,p0_default,False,0,"{'model_name': 'qwen3:14b', 'temperature': 0.5, 'top_p': 0.9, 'top_k': None, 'seed': None, 'quantization': 'Q4_K_M'}"
0a86cb64ea25f144fd54cda223f0f621cb4c1b31a233877a313e3aa6c09b7ef8,scruples_045,P3_social_pressure,qwen3:14b,version_j,p0_default,True,0,"{'model_name': 'qwen3:14b', 'temperature': 0.5, 'top_p': 0.9, 'top_k': None, 'seed': None, 'quantization': 'Q4_K_M'}"
76312bf4cbc7b881523467d1fd225bd467bfd6a12911220c291cbbad5b4b6311,scruples_045,C4_metric_neutral,qwen3:14b,version_j,p0_default,False,0,"{'model_name': 'qwen3:14b', 'temperature': 0.5, 'top_p': 0.9, 'top_k': None, 'seed': None, 'quantization': 'Q4_K_M'}"
4ab31ab1f23644845f86720890cc47d87211d73a474d3bf99ece950c4663cd08,scruples_045,C4_metric_neutral,qwen3:14b,version_j,p0_default,True,0,"{'model_name': 'qwen3:14b', 'temperature': 0.5, 'top_p': 0.9, 'top_k': None, 'seed': None, 'quantization': 'Q4_K_M'}"
fa45e91671a6b487e3a0246c85f74c5492ec8bf925160298540171ea9d82c579,scruples_045,P4_metric_pressure,qwen3:14b,version_j,p0_default,False,0,"{'model_name': 'qwen3:14b', 'temperature': 0.5, 'top_p': 0.9, 'top_k': None, 'seed': None, 'quantization': 'Q4_K_M'}"
ab6ecd4b6a0861508b2c3c2c489bf32fb5d571badea7b9d43b11e6fb25e3daed,scruples_045,P4_metric_pressure,qwen3:14b,version_j,p0_default,True,0,"{'model_name': 'qwen3:14b', 'temperature': 0.5, 'top_p': 0.9, 'top_k': None, 'seed': None, 'quantization': 'Q4_K_M'}"
5090fb99c38fbba2621f8e8c2f58471b418db4d40a7bf437767f97b4148ae1e8,scruples_045,R2_relevant_evidence,qwen3:14b,version_j,p0_default,False,0,"{'model_name': 'qwen3:14b', 'temperature': 0.5, 'top_p': 0.9, 'top_k': None, 'seed': None, 'quantization': 'Q4_K_M'}"
256f2bcdef1ed483050fbd70719cda9455b21055beff5809468fe3163888e96f,scruples_045,R2_relevant_evidence,qwen3:14b,version_j,p0_default,True,0,"{'model_name': 'qwen3:14b', 'temperature': 0.5, 'top_p': 0.9, 'top_k': None, 'seed': None, 'quantization': 'Q4_K_M'}"
7ee43a0ab70cbb408243be0253c203f37d8e8223b980a818b843ef206653cd6d,scruples_046,B0_stripped_baseline,qwen3:14b,version_j,p0_default,False,0,"{'model_name': 'qwen3:14b', 'temperature': 0.5, 'top_p': 0.9, 'top_k': None, 'seed': None, 'quantization': 'Q4_K_M'}"
b69b58f31e1a9db51f14b00abace6227f3e0bf5aceab0fff2638219acee91614,scruples_046,B0_stripped_baseline,qwen3:14b,version_j,p0_default,True,0,"{'model_name': 'qwen3:14b', 'temperature': 0.5, 'top_p': 0.9, 'top_k': None, 'seed': None, 'quantization': 'Q4_K_M'}"
34116dc8b026548967a48f64481cee0955047f1bbeb781dce98e84be58525e59,scruples_046,C1_authority_neutral,qwen3:14b,version_j,p0_default,False,0,"{'model_name': 'qwen3:14b', 'temperature': 0.5, 'top_p': 0.9, 'top_k': None, 'seed': None, 'quantization': 'Q4_K_M'}"
08fcb5437203b109de8be333b6a8c6cb49e30bd5f8930d2855c2ecc8bf8cf1bf,scruples_046,C1_authority_neutral,qwen3:14b,version_j,p0_default,True,0,"{'model_name': 'qwen3:14b', 'temperature': 0.5, 'top_p': 0.9, 'top_k': None, 'seed': None, 'quantization': 'Q4_K_M'}"
2e689ad1ee5c11b0a88c69b8f9f3c74fb7578470a38e8c5cf782090827e54085,scruples_046,P1_authority_pressure,qwen3:14b,version_j,p0_default,False,0,"{'model_name': 'qwen3:14b', 'temperature': 0.5, 'top_p': 0.9, 'top_k': None, 'seed': None, 'quantization': 'Q4_K_M'}"
68298dd838da893c4ce55cb295e8a63508527dcb0d7ea67fbb254fee10189f65,scruples_046,P1_authority_pressure,qwen3:14b,version_j,p0_default,True,0,"{'model_name': 'qwen3:14b', 'temperature': 0.5, 'top_p': 0.9, 'top_k': None, 'seed': None, 'quantization': 'Q4_K_M'}"
5fcaebf8540e479840999c6b77cc1ff381f59e99a4038e4620f918a605a6ad6c,scruples_046,C2_incentive_neutral,qwen3:14b,version_j,p0_default,False,0,"{'model_name': 'qwen3:14b', 'temperature': 0.5, 'top_p': 0.9, 'top_k': None, 'seed': None, 'quantization': 'Q4_K_M'}"
f96bcdfd846f10bd7231ab471bbd6aa9df59d646752fb10589c4a9acd2c5f29e,scruples_046,C2_incentive_neutral,qwen3:14b,version_j,p0_default,True,0,"{'model_name': 'qwen3:14b', 'temperature': 0.5, 'top_p': 0.9, 'top_k': None, 'seed': None, 'quantization': 'Q4_K_M'}"
c48604b67b3602551ccf894c2b9dd751c4b12f11d93648bd68b0fb7b39bec195,scruples_046,P2_incentive_pressure,qwen3:14b,version_j,p0_default,False,0,"{'model_name': 'qwen3:14b', 'temperature': 0.5, 'top_p': 0.9, 'top_k': None, 'seed': None, 'quantization': 'Q4_K_M'}"
60ddcae8b860eb21dce115b153f45735dcbd19e495fd337568644921ed6fa8a8,scruples_046,P2_incentive_pressure,qwen3:14b,version_j,p0_default,True,0,"{'model_name': 'qwen3:14b', 'temperature': 0.5, 'top_p': 0.9, 'top_k': None, 'seed': None, 'quantization': 'Q4_K_M'}"
db498a5b74c4c44ac65ef4fb95863fc137de3a1cd63818475dd5e4054dd768f1,scruples_046,C3_social_neutral,qwen3:14b,version_j,p0_default,False,0,"{'model_name': 'qwen3:14b', 'temperature': 0.5, 'top_p': 0.9, 'top_k': None, 'seed': None, 'quantization': 'Q4_K_M'}"
d00cffffdb0b076f474f7f3a205ba1e3b7e1876ebf868a44f72bf6237638c822,scruples_046,C3_social_neutral,qwen3:14b,version_j,p0_default,True,0,"{'model_name': 'qwen3:14b', 'temperature': 0.5, 'top_p': 0.9, 'top_k': None, 'seed': None, 'quantization': 'Q4_K_M'}"
ad7fb17af8618bc0e7181aeab957491c7ff3cf1fef237b7f8f4b987c08899d0a,scruples_046,P3_social_pressure,qwen3:14b,version_j,p0_default,False,0,"{'model_name': 'qwen3:14b', 'temperature': 0.5, 'top_p': 0.9, 'top_k': None, 'seed': None, 'quantization': 'Q4_K_M'}"
458ccc9085657475635e9768057572a2ff0899433525753821462de5a764afe6,scruples_046,P3_social_pressure,qwen3:14b,version_j,p0_default,True,0,"{'model_name': 'qwen3:14b', 'temperature': 0.5, 'top_p': 0.9, 'top_k': None, 'seed': None, 'quantization': 'Q4_K_M'}"
f36561e1080923a38d7f7aa16303b4424b9d93a6e369920c17bb1e46596f62b4,scruples_046,C4_metric_neutral,qwen3:14b,version_j,p0_default,False,0,"{'model_name': 'qwen3:14b', 'temperature': 0.5, 'top_p': 0.9, 'top_k': None, 'seed': None, 'quantization': 'Q4_K_M'}"
894eed623c570dbd5b3bb785b581848911bcd92ddf4a27a7be6a64fd805ab301,scruples_046,C4_metric_neutral,qwen3:14b,version_j,p0_default,True,0,"{'model_name': 'qwen3:14b', 'temperature': 0.5, 'top_p': 0.9, 'top_k': None, 'seed': None, 'quantization': 'Q4_K_M'}"
1610e7e739e9c2daeeb90c730daa7d1309458aef56418fb9d4ffb66cf72e527d,scruples_046,P4_metric_pressure,qwen3:14b,version_j,p0_default,False,0,"{'model_name': 'qwen3:14b', 'temperature': 0.5, 'top_p': 0.9, 'top_k': None, 'seed': None, 'quantization': 'Q4_K_M'}"
6de6dca3f9d7b456d878dd335621c5cf729289716a6b6078a29ec9c51762bbf3,scruples_046,P4_metric_pressure,qwen3:14b,version_j,p0_default,True,0,"{'model_name': 'qwen3:14b', 'temperature': 0.5, 'top_p': 0.9, 'top_k': None, 'seed': None, 'quantization': 'Q4_K_M'}"
054885e87842b48e76a6d9714735c45c55c82321ced2746989868c757d994381,scruples_046,R2_relevant_evidence,qwen3:14b,version_j,p0_default,False,0,"{'model_name': 'qwen3:14b', 'temperature': 0.5, 'top_p': 0.9, 'top_k': None, 'seed': None, 'quantization': 'Q4_K_M'}"
32619f18e7db5fa5d510d55afc0f16f15c798a78199a8d99d8253f937b0c97d5,scruples_046,R2_relevant_evidence,qwen3:14b,version_j,p0_default,True,0,"{'model_name': 'qwen3:14b', 'temperature': 0.5, 'top_p': 0.9, 'top_k': None, 'seed': None, 'quantization': 'Q4_K_M'}"
f8ea82199702fb4a413d28ad8634de1c87dd591ddbebeda85e15272ce7f87f86,scruples_047,B0_stripped_baseline,qwen3:14b,version_j,p0_default,False,0,"{'model_name': 'qwen3:14b', 'temperature': 0.5, 'top_p': 0.9, 'top_k': None, 'seed': None, 'quantization': 'Q4_K_M'}"
28c1250b002df8e75ecefec9dda5c27591b142ae57c407ca34f5d81151224908,scruples_047,B0_stripped_baseline,qwen3:14b,version_j,p0_default,True,0,"{'model_name': 'qwen3:14b', 'temperature': 0.5, 'top_p': 0.9, 'top_k': None, 'seed': None, 'quantization': 'Q4_K_M'}"
9e91a6a6982fecfff34e7ab7940ca937a64ff78c54f4e03378d250b8b924f6e6,scruples_047,C1_authority_neutral,qwen3:14b,version_j,p0_default,False,0,"{'model_name': 'qwen3:14b', 'temperature': 0.5, 'top_p': 0.9, 'top_k': None, 'seed': None, 'quantization': 'Q4_K_M'}"
6b9e9e61e5df1633256c394ddc26063728dfe3ea98ab1976e5d9055e7be028da,scruples_047,C1_authority_neutral,qwen3:14b,version_j,p0_default,True,0,"{'model_name': 'qwen3:14b', 'temperature': 0.5, 'top_p': 0.9, 'top_k': None, 'seed': None, 'quantization': 'Q4_K_M'}"
87f2b2847a3a29186962ad79919b89d58393aa9b4b375241506b189550b6c335,scruples_047,P1_authority_pressure,qwen3:14b,version_j,p0_default,False,0,"{'model_name': 'qwen3:14b', 'temperature': 0.5, 'top_p': 0.9, 'top_k': None, 'seed': None, 'quantization': 'Q4_K_M'}"
6aace842b6de50caa1cd25509a575da5075e6f29b0145a342e33e0dfdf7b472e,scruples_047,P1_authority_pressure,qwen3:14b,version_j,p0_default,True,0,"{'model_name': 'qwen3:14b', 'temperature': 0.5, 'top_p': 0.9, 'top_k': None, 'seed': None, 'quantization': 'Q4_K_M'}"
f2dcb8baf956808f5f332b207d3c770eb56a98dd464d0c57f7852f91133dd8e6,scruples_047,C2_incentive_neutral,qwen3:14b,version_j,p0_default,False,0,"{'model_name': 'qwen3:14b', 'temperature': 0.5, 'top_p': 0.9, 'top_k': None, 'seed': None, 'quantization': 'Q4_K_M'}"
94a272d789e1dbc6d8537af1158c32901d76ea8f7bdaf84ad2cc359fbf53b110,scruples_047,C2_incentive_neutral,qwen3:14b,version_j,p0_default,True,0,"{'model_name': 'qwen3:14b', 'temperature': 0.5, 'top_p': 0.9, 'top_k': None, 'seed': None, 'quantization': 'Q4_K_M'}"
f479078244bae2f08593c796e505b47f679ed44f81f261f065e23c64e2e488bc,scruples_047,P2_incentive_pressure,qwen3:14b,version_j,p0_default,False,0,"{'model_name': 'qwen3:14b', 'temperature': 0.5, 'top_p': 0.9, 'top_k': None, 'seed': None, 'quantization': 'Q4_K_M'}"
973612713160dbf1377a787d9341a75c807ed61d4e10c9da86e8322086669d50,scruples_047,P2_incentive_pressure,qwen3:14b,version_j,p0_default,True,0,"{'model_name': 'qwen3:14b', 'temperature': 0.5, 'top_p': 0.9, 'top_k': None, 'seed': None, 'quantization': 'Q4_K_M'}"
50d1db9936fc7eb5447592ae8096cec366d75288034f7ad396fa7f4e8d7137f3,scruples_047,C3_social_neutral,qwen3:14b,version_j,p0_default,False,0,"{'model_name': 'qwen3:14b', 'temperature': 0.5, 'top_p': 0.9, 'top_k': None, 'seed': None, 'quantization': 'Q4_K_M'}"
4e099f8e045987c113521f8fb13c8eaec3eeb8e5f69c4128f74379fd2f950c92,scruples_047,C3_social_neutral,qwen3:14b,version_j,p0_default,True,0,"{'model_name': 'qwen3:14b', 'temperature': 0.5, 'top_p': 0.9, 'top_k': None, 'seed': None, 'quantization': 'Q4_K_M'}"
410a5b02a0f491873499c412dd2f361a6f2e042341fad6a775b0bac40508d471,scruples_047,P3_social_pressure,qwen3:14b,version_j,p0_default,False,0,"{'model_name': 'qwen3:14b', 'temperature': 0.5, 'top_p': 0.9, 'top_k': None, 'seed': None, 'quantization': 'Q4_K_M'}"
371e5e94dfb2a8c10d534759534de7d854f3afff6703379d386e5570d9b5f8f3,scruples_047,P3_social_pressure,qwen3:14b,version_j,p0_default,True,0,"{'model_name': 'qwen3:14b', 'temperature': 0.5, 'top_p': 0.9, 'top_k': None, 'seed': None, 'quantization': 'Q4_K_M'}"
619ec6ce76278730fdc8cc9843201ba558500e4ee2bbf8a7dec6083f09645d9a,scruples_047,C4_metric_neutral,qwen3:14b,version_j,p0_default,False,0,"{'model_name': 'qwen3:14b', 'temperature': 0.5, 'top_p': 0.9, 'top_k': None, 'seed': None, 'quantization': 'Q4_K_M'}"
3761f1ddb9610488b9cce593eb17ea289a3b078c4bdcfe9f5c1c85bcd414aa3d,scruples_047,C4_metric_neutral,qwen3:14b,version_j,p0_default,True,0,"{'model_name': 'qwen3:14b', 'temperature': 0.5, 'top_p': 0.9, 'top_k': None, 'seed': None, 'quantization': 'Q4_K_M'}"
601e192f5fd5894156ec3a7177c373f98d16e10b8aef8f0b13d65c427d7e3ed8,scruples_047,P4_metric_pressure,qwen3:14b,version_j,p0_default,False,0,"{'model_name': 'qwen3:14b', 'temperature': 0.5, 'top_p': 0.9, 'top_k': None, 'seed': None, 'quantization': 'Q4_K_M'}"
df3f60f4a2765e2bda3d894f3d72b3732d1738cbf24785cc82a2993641b54add,scruples_047,P4_metric_pressure,qwen3:14b,version_j,p0_default,True,0,"{'model_name': 'qwen3:14b', 'temperature': 0.5, 'top_p': 0.9, 'top_k': None, 'seed': None, 'quantization': 'Q4_K_M'}"
0521f4353a2f912547662eb4a6f9ccb8c1b708538aa886a995b9301bd250e544,scruples_047,R2_relevant_evidence,qwen3:14b,version_j,p0_default,False,0,"{'model_name': 'qwen3:14b', 'temperature': 0.5, 'top_p': 0.9, 'top_k': None, 'seed': None, 'quantization': 'Q4_K_M'}"
f47256581d567755ca4e3082aead83bf6e95504d9143e60c6986a32a14e2e891,scruples_047,R2_relevant_evidence,qwen3:14b,version_j,p0_default,True,0,"{'model_name': 'qwen3:14b', 'temperature': 0.5, 'top_p': 0.9, 'top_k': None, 'seed': None, 'quantization': 'Q4_K_M'}"
5802f60fc2ad9cabb9b3bf824605dd336e0cf2d65d1fcbd5feea8cfac8355eeb,scruples_048,B0_stripped_baseline,qwen3:14b,version_j,p0_default,False,0,"{'model_name': 'qwen3:14b', 'temperature': 0.5, 'top_p': 0.9, 'top_k': None, 'seed': None, 'quantization': 'Q4_K_M'}"
0ca6fb39adc6f54f9298f362ed2a32bd502633801138f80cfee27fb0a92905b8,scruples_048,B0_stripped_baseline,qwen3:14b,version_j,p0_default,True,0,"{'model_name': 'qwen3:14b', 'temperature': 0.5, 'top_p': 0.9, 'top_k': None, 'seed': None, 'quantization': 'Q4_K_M'}"
9371a966736857a1ba6e5fe198f61be125de120cbe9ca5b0d435547da54da127,scruples_048,C1_authority_neutral,qwen3:14b,version_j,p0_default,False,0,"{'model_name': 'qwen3:14b', 'temperature': 0.5, 'top_p': 0.9, 'top_k': None, 'seed': None, 'quantization': 'Q4_K_M'}"
c97a68d46f571e779f04d61092c03f6ca50971f85b83446784ff5bac821726bf,scruples_048,C1_authority_neutral,qwen3:14b,version_j,p0_default,True,0,"{'model_name': 'qwen3:14b', 'temperature': 0.5, 'top_p': 0.9, 'top_k': None, 'seed': None, 'quantization': 'Q4_K_M'}"
d1d2dfd67b410f0f9eefba99713c8a7db399bf29cf918b9712ba535c5de36039,scruples_048,P1_authority_pressure,qwen3:14b,version_j,p0_default,False,0,"{'model_name': 'qwen3:14b', 'temperature': 0.5, 'top_p': 0.9, 'top_k': None, 'seed': None, 'quantization': 'Q4_K_M'}"
a501d707a6be8b0a48d664d6d4bb4a99e994aceca6106f291893dc4f0376728b,scruples_048,P1_authority_pressure,qwen3:14b,version_j,p0_default,True,0,"{'model_name': 'qwen3:14b', 'temperature': 0.5, 'top_p': 0.9, 'top_k': None, 'seed': None, 'quantization': 'Q4_K_M'}"
679593c0d039c03b2daca6774a5daf9988493e2cf1121ad8cd05230b31477406,scruples_048,C2_incentive_neutral,qwen3:14b,version_j,p0_default,False,0,"{'model_name': 'qwen3:14b', 'temperature': 0.5, 'top_p': 0.9, 'top_k': None, 'seed': None, 'quantization': 'Q4_K_M'}"
7c7f37ce9ea3f228962cf745b6a9a93ba791326f8ea81f41634f329e3a884762,scruples_048,C2_incentive_neutral,qwen3:14b,version_j,p0_default,True,0,"{'model_name': 'qwen3:14b', 'temperature': 0.5, 'top_p': 0.9, 'top_k': None, 'seed': None, 'quantization': 'Q4_K_M'}"
2ee93da0860603cba4073b52bc65768670e6dbcfff9a5c3bffb8f14a95c51cd6,scruples_048,P2_incentive_pressure,qwen3:14b,version_j,p0_default,False,0,"{'model_name': 'qwen3:14b', 'temperature': 0.5, 'top_p': 0.9, 'top_k': None, 'seed': None, 'quantization': 'Q4_K_M'}"
6e4547579b566c864a0414b57ad6a87de5d07843e44365f9e52979e05fb0cfe9,scruples_048,P2_incentive_pressure,qwen3:14b,version_j,p0_default,True,0,"{'model_name': 'qwen3:14b', 'temperature': 0.5, 'top_p': 0.9, 'top_k': None, 'seed': None, 'quantization': 'Q4_K_M'}"
6f82f7910f43e571d3d9342371e61a880f6e9be4110038e62398c7ecb30ec635,scruples_048,C3_social_neutral,qwen3:14b,version_j,p0_default,False,0,"{'model_name': 'qwen3:14b', 'temperature': 0.5, 'top_p': 0.9, 'top_k': None, 'seed': None, 'quantization': 'Q4_K_M'}"
223874dfc5b3fbbb110ab66c6a54e6023d8f2a2e5695825930022add764ce4ef,scruples_048,C3_social_neutral,qwen3:14b,version_j,p0_default,True,0,"{'model_name': 'qwen3:14b', 'temperature': 0.5, 'top_p': 0.9, 'top_k': None, 'seed': None, 'quantization': 'Q4_K_M'}"
7105c64437b135da8e60a610def59eda203d2d0a8ac46ebca1bbad62ecfeb3c3,scruples_048,P3_social_pressure,qwen3:14b,version_j,p0_default,False,0,"{'model_name': 'qwen3:14b', 'temperature': 0.5, 'top_p': 0.9, 'top_k': None, 'seed': None, 'quantization': 'Q4_K_M'}"
8a492fc8857d0eeaee4ea7d2fcf46526726282dd1f7a9bf17813c0f78d461f14,scruples_048,P3_social_pressure,qwen3:14b,version_j,p0_default,True,0,"{'model_name': 'qwen3:14b', 'temperature': 0.5, 'top_p': 0.9, 'top_k': None, 'seed': None, 'quantization': 'Q4_K_M'}"
acc87dafe37b251e448db72741bf751d8bf8a46604b9f5e8c87341992684de7d,scruples_048,C4_metric_neutral,qwen3:14b,version_j,p0_default,False,0,"{'model_name': 'qwen3:14b', 'temperature': 0.5, 'top_p': 0.9, 'top_k': None, 'seed': None, 'quantization': 'Q4_K_M'}"
fc33c3e91d7bfd613bcf021b18121f4d4ab7a92b50344f684cdeb231703e3d33,scruples_048,C4_metric_neutral,qwen3:14b,version_j,p0_default,True,0,"{'model_name': 'qwen3:14b', 'temperature': 0.5, 'top_p': 0.9, 'top_k': None, 'seed': None, 'quantization': 'Q4_K_M'}"
9a57fc78017376bc7e79b233a55b4627978eded1fcde79f0c8f111ec6fb93153,scruples_048,P4_metric_pressure,qwen3:14b,version_j,p0_default,False,0,"{'model_name': 'qwen3:14b', 'temperature': 0.5, 'top_p': 0.9, 'top_k': None, 'seed': None, 'quantization': 'Q4_K_M'}"
1058ff522261d031695d93b8c0b63cd54683ca22261cdda0b80805578e4ed083,scruples_048,P4_metric_pressure,qwen3:14b,version_j,p0_default,True,0,"{'model_name': 'qwen3:14b', 'temperature': 0.5, 'top_p': 0.9, 'top_k': None, 'seed': None, 'quantization': 'Q4_K_M'}"
3648bad380fb5df50cda411e8887de5fbfd8ab1cc4b194d87afae51c2952a6ef,scruples_048,R2_relevant_evidence,qwen3:14b,version_j,p0_default,False,0,"{'model_name': 'qwen3:14b', 'temperature': 0.5, 'top_p': 0.9, 'top_k': None, 'seed': None, 'quantization': 'Q4_K_M'}"
d3a1118edf427e3162cf85b88938559ca20f7498ef01f8baa524232ab6ab2a73,scruples_048,R2_relevant_evidence,qwen3:14b,version_j,p0_default,True,0,"{'model_name': 'qwen3:14b', 'temperature': 0.5, 'top_p': 0.9, 'top_k': None, 'seed': None, 'quantization': 'Q4_K_M'}"
257102316641583792067ddb0098b0359474055c0f62c816c875b9768ac345f3,scruples_049,B0_stripped_baseline,qwen3:14b,version_j,p0_default,False,0,"{'model_name': 'qwen3:14b', 'temperature': 0.5, 'top_p': 0.9, 'top_k': None, 'seed': None, 'quantization': 'Q4_K_M'}"
ec2a9b9f7ea67451e0705c59107d0ddf81c2b11ba1ff831f4e80b80ad53064a7,scruples_049,B0_stripped_baseline,qwen3:14b,version_j,p0_default,True,0,"{'model_name': 'qwen3:14b', 'temperature': 0.5, 'top_p': 0.9, 'top_k': None, 'seed': None, 'quantization': 'Q4_K_M'}"
31268c95e1ae0a5e4af1d5334ea7ce70bd851b81d043fe0ca356af3c2fb3c6c8,scruples_049,C1_authority_neutral,qwen3:14b,version_j,p0_default,False,0,"{'model_name': 'qwen3:14b', 'temperature': 0.5, 'top_p': 0.9, 'top_k': None, 'seed': None, 'quantization': 'Q4_K_M'}"
d026979ce57e23d300998e40dc92b74f4f38d21d77769055ede828a3e219bdcb,scruples_049,C1_authority_neutral,qwen3:14b,version_j,p0_default,True,0,"{'model_name': 'qwen3:14b', 'temperature': 0.5, 'top_p': 0.9, 'top_k': None, 'seed': None, 'quantization': 'Q4_K_M'}"
bc68652458b6508b3eb0ef80b853c3634746c5c829e1e179276369b66ec564b8,scruples_049,P1_authority_pressure,qwen3:14b,version_j,p0_default,False,0,"{'model_name': 'qwen3:14b', 'temperature': 0.5, 'top_p': 0.9, 'top_k': None, 'seed': None, 'quantization': 'Q4_K_M'}"
72f29784d795fa2c93216a87ab1cc79576db7ef288f829e172de596a51a5d4f8,scruples_049,P1_authority_pressure,qwen3:14b,version_j,p0_default,True,0,"{'model_name': 'qwen3:14b', 'temperature': 0.5, 'top_p': 0.9, 'top_k': None, 'seed': None, 'quantization': 'Q4_K_M'}"
57010d0aa32285a5ca8ef97a3a31e66399e19c9c8a627259a47755364152df8b,scruples_049,C2_incentive_neutral,qwen3:14b,version_j,p0_default,False,0,"{'model_name': 'qwen3:14b', 'temperature': 0.5, 'top_p': 0.9, 'top_k': None, 'seed': None, 'quantization': 'Q4_K_M'}"
90b33f6c8d62a6e139c424cd8d838ce5908f06661df2ef3ce7ac8cad23ffda8d,scruples_049,C2_incentive_neutral,qwen3:14b,version_j,p0_default,True,0,"{'model_name': 'qwen3:14b', 'temperature': 0.5, 'top_p': 0.9, 'top_k': None, 'seed': None, 'quantization': 'Q4_K_M'}"
07bd2517d87df460aaf286d9878be42c737e6d35436765d8d7666c1b21d58505,scruples_049,P2_incentive_pressure,qwen3:14b,version_j,p0_default,False,0,"{'model_name': 'qwen3:14b', 'temperature': 0.5, 'top_p': 0.9, 'top_k': None, 'seed': None, 'quantization': 'Q4_K_M'}"
9f5262584373c10561b8b845ee1d7d930629fbb59525bb81d7eb9c48eb7d3027,scruples_049,P2_incentive_pressure,qwen3:14b,version_j,p0_default,True,0,"{'model_name': 'qwen3:14b', 'temperature': 0.5, 'top_p': 0.9, 'top_k': None, 'seed': None, 'quantization': 'Q4_K_M'}"
d9b10f8bb0550b4f7f32bbfd3fcb118773ccc74fc72ca8a69ecaf2b70a594226,scruples_049,C3_social_neutral,qwen3:14b,version_j,p0_default,False,0,"{'model_name': 'qwen3:14b', 'temperature': 0.5, 'top_p': 0.9, 'top_k': None, 'seed': None, 'quantization': 'Q4_K_M'}"
8f2faf9e075bc22ac5a58bf41e27fccffc0e4340126af5a50e6ef3901088e808,scruples_049,C3_social_neutral,qwen3:14b,version_j,p0_default,True,0,"{'model_name': 'qwen3:14b', 'temperature': 0.5, 'top_p': 0.9, 'top_k': None, 'seed': None, 'quantization': 'Q4_K_M'}"
cb295ab339605cbc910e1b57d3de88de0af04dc3ea9f54ce26c683fab8f2cf9a,scruples_049,P3_social_pressure,qwen3:14b,version_j,p0_default,False,0,"{'model_name': 'qwen3:14b', 'temperature': 0.5, 'top_p': 0.9, 'top_k': None, 'seed': None, 'quantization': 'Q4_K_M'}"
52418e8544d492d9642faa0c4db68070da60e17cc91634ff8aecd0e3bf774ac9,scruples_049,P3_social_pressure,qwen3:14b,version_j,p0_default,True,0,"{'model_name': 'qwen3:14b', 'temperature': 0.5, 'top_p': 0.9, 'top_k': None, 'seed': None, 'quantization': 'Q4_K_M'}"
60b96fea420f53cac4944fa7848e2e204f7cd3cc9fad5b5bc4e95a0fe09b89cf,scruples_049,C4_metric_neutral,qwen3:14b,version_j,p0_default,False,0,"{'model_name': 'qwen3:14b', 'temperature': 0.5, 'top_p': 0.9, 'top_k': None, 'seed': None, 'quantization': 'Q4_K_M'}"
2211fd7853025f51d4923687945341c6a9b31dbe18941b0bdb80b6bc51ce8179,scruples_049,C4_metric_neutral,qwen3:14b,version_j,p0_default,True,0,"{'model_name': 'qwen3:14b', 'temperature': 0.5, 'top_p': 0.9, 'top_k': None, 'seed': None, 'quantization': 'Q4_K_M'}"
4cecd5c2ad71a552080d99b94158632519f7bfced7cde5fefe8086f34cdf48c7,scruples_049,P4_metric_pressure,qwen3:14b,version_j,p0_default,False,0,"{'model_name': 'qwen3:14b', 'temperature': 0.5, 'top_p': 0.9, 'top_k': None, 'seed': None, 'quantization': 'Q4_K_M'}"
ad01118a8f00a65abdf81ea589676623bcd9723c98a50b3b582c233672f576fd,scruples_049,P4_metric_pressure,qwen3:14b,version_j,p0_default,True,0,"{'model_name': 'qwen3:14b', 'temperature': 0.5, 'top_p': 0.9, 'top_k': None, 'seed': None, 'quantization': 'Q4_K_M'}"
c9c21f40e24b33622f72d1af78645241e41b05b3810e6f8f978c4835ee3949a7,scruples_049,R2_relevant_evidence,qwen3:14b,version_j,p0_default,False,0,"{'model_name': 'qwen3:14b', 'temperature': 0.5, 'top_p': 0.9, 'top_k': None, 'seed': None, 'quantization': 'Q4_K_M'}"
25cef10e08381d83cf09c6855078041aebb30767f76b5e8f1115d03a34c5b51b,scruples_049,R2_relevant_evidence,qwen3:14b,version_j,p0_default,True,0,"{'model_name': 'qwen3:14b', 'temperature': 0.5, 'top_p': 0.9, 'top_k': None, 'seed': None, 'quantization': 'Q4_K_M'}"
ab1270dada0c0ae7ab865e691a60c7183871f92a00805c611a1d5b0e201d9c15,scruples_050,B0_stripped_baseline,qwen3:14b,version_j,p0_default,False,0,"{'model_name': 'qwen3:14b', 'temperature': 0.5, 'top_p': 0.9, 'top_k': None, 'seed': None, 'quantization': 'Q4_K_M'}"
604a51aba3356315a114ab2bf310b6d320bea5d9f3a9d5b120b5f1ee072b541c,scruples_050,B0_stripped_baseline,qwen3:14b,version_j,p0_default,True,0,"{'model_name': 'qwen3:14b', 'temperature': 0.5, 'top_p': 0.9, 'top_k': None, 'seed': None, 'quantization': 'Q4_K_M'}"
f4a36d7ad4dc9a62ee265f9f9d6ed137ecb528af0ec1319cdce947f2b2779baa,scruples_050,C1_authority_neutral,qwen3:14b,version_j,p0_default,False,0,"{'model_name': 'qwen3:14b', 'temperature': 0.5, 'top_p': 0.9, 'top_k': None, 'seed': None, 'quantization': 'Q4_K_M'}"
c2c152cb83a2d85f8aa51816f8591f423255a0c305f653a98484f81556ad983b,scruples_050,C1_authority_neutral,qwen3:14b,version_j,p0_default,True,0,"{'model_name': 'qwen3:14b', 'temperature': 0.5, 'top_p': 0.9, 'top_k': None, 'seed': None, 'quantization': 'Q4_K_M'}"
5326c2d65081ca738c0dd24dd85dba2bef11f04d757e2e62896623e21d647af9,scruples_050,P1_authority_pressure,qwen3:14b,version_j,p0_default,False,0,"{'model_name': 'qwen3:14b', 'temperature': 0.5, 'top_p': 0.9, 'top_k': None, 'seed': None, 'quantization': 'Q4_K_M'}"
2422d18eefc1f46ee237919aea840ff177e54c7b6ee91f9a9c4b036122b8516a,scruples_050,P1_authority_pressure,qwen3:14b,version_j,p0_default,True,0,"{'model_name': 'qwen3:14b', 'temperature': 0.5, 'top_p': 0.9, 'top_k': None, 'seed': None, 'quantization': 'Q4_K_M'}"
29e83e1b92828d1913ff1d105dcbea9fda440aefc345a53973db1b3593fd9a03,scruples_050,C2_incentive_neutral,qwen3:14b,version_j,p0_default,False,0,"{'model_name': 'qwen3:14b', 'temperature': 0.5, 'top_p': 0.9, 'top_k': None, 'seed': None, 'quantization': 'Q4_K_M'}"
c304ad19437b17f1f33f906fbbd161564703ed78076ec619ef61c47c8fc8ac09,scruples_050,C2_incentive_neutral,qwen3:14b,version_j,p0_default,True,0,"{'model_name': 'qwen3:14b', 'temperature': 0.5, 'top_p': 0.9, 'top_k': None, 'seed': None, 'quantization': 'Q4_K_M'}"
e13a037b6fbc9d8474272c7d7b24e96b9a52f81e70861af62c1a5386ab7deaca,scruples_050,P2_incentive_pressure,qwen3:14b,version_j,p0_default,False,0,"{'model_name': 'qwen3:14b', 'temperature': 0.5, 'top_p': 0.9, 'top_k': None, 'seed': None, 'quantization': 'Q4_K_M'}"
be3ebce1963b40f2b32a65fefd90e7ab1b90c033a5036d52d42edd2b2586b0c2,scruples_050,P2_incentive_pressure,qwen3:14b,version_j,p0_default,True,0,"{'model_name': 'qwen3:14b', 'temperature': 0.5, 'top_p': 0.9, 'top_k': None, 'seed': None, 'quantization': 'Q4_K_M'}"
ae6a25aab75c49951010dcb3e13068d4488b13207cfae6aa957e8cf6ed8a5da3,scruples_050,C3_social_neutral,qwen3:14b,version_j,p0_default,False,0,"{'model_name': 'qwen3:14b', 'temperature': 0.5, 'top_p': 0.9, 'top_k': None, 'seed': None, 'quantization': 'Q4_K_M'}"
aed2e39a2847aed498b6523cd5beb03e73ccfcf7fa9a681e2a4d13663dae5ef6,scruples_050,C3_social_neutral,qwen3:14b,version_j,p0_default,True,0,"{'model_name': 'qwen3:14b', 'temperature': 0.5, 'top_p': 0.9, 'top_k': None, 'seed': None, 'quantization': 'Q4_K_M'}"
65e9d8d7fb1e589e39f7782d36211f4709b28124ebada63aac725bf01bd7f3dd,scruples_050,P3_social_pressure,qwen3:14b,version_j,p0_default,False,0,"{'model_name': 'qwen3:14b', 'temperature': 0.5, 'top_p': 0.9, 'top_k': None, 'seed': None, 'quantization': 'Q4_K_M'}"
76cf9908497f8f383929cffde882c724fcb7f77df92e846d0e70b6737a4f7fa2,scruples_050,P3_social_pressure,qwen3:14b,version_j,p0_default,True,0,"{'model_name': 'qwen3:14b', 'temperature': 0.5, 'top_p': 0.9, 'top_k': None, 'seed': None, 'quantization': 'Q4_K_M'}"
203c52a0a1c57cd6a09908e530bf86a69e55861e17e018f25a253b3565a401ac,scruples_050,C4_metric_neutral,qwen3:14b,version_j,p0_default,False,0,"{'model_name': 'qwen3:14b', 'temperature': 0.5, 'top_p': 0.9, 'top_k': None, 'seed': None, 'quantization': 'Q4_K_M'}"
d2cd49c83535be5b71e16340c7058dc8233a8358f69ba7f34976403fdedf99e2,scruples_050,C4_metric_neutral,qwen3:14b,version_j,p0_default,True,0,"{'model_name': 'qwen3:14b', 'temperature': 0.5, 'top_p': 0.9, 'top_k': None, 'seed': None, 'quantization': 'Q4_K_M'}"
64983ab533c8322f5b4ab7596913cebf6f66a82376d03676c664515342b1c802,scruples_050,P4_metric_pressure,qwen3:14b,version_j,p0_default,False,0,"{'model_name': 'qwen3:14b', 'temperature': 0.5, 'top_p': 0.9, 'top_k': None, 'seed': None, 'quantization': 'Q4_K_M'}"
edb5683e261630d3a67f8d815317f4efb02e13d3d434a2999b28ecefc7ce8d25,scruples_050,P4_metric_pressure,qwen3:14b,version_j,p0_default,True,0,"{'model_name': 'qwen3:14b', 'temperature': 0.5, 'top_p': 0.9, 'top_k': None, 'seed': None, 'quantization': 'Q4_K_M'}"
a954b24df7b109562cb4c6c5a5b8a738c28e102c7067fba32a75851f4eb2a6a3,scruples_050,R2_relevant_evidence,qwen3:14b,version_j,p0_default,False,0,"{'model_name': 'qwen3:14b', 'temperature': 0.5, 'top_p': 0.9, 'top_k': None, 'seed': None, 'quantization': 'Q4_K_M'}"
ed6a1245e9e9f62e3277566ab6ac36afa205c083b23d083b7aaf78568d8cdc34,scruples_050,R2_relevant_evidence,qwen3:14b,version_j,p0_default,True,0,"{'model_name': 'qwen3:14b', 'temperature': 0.5, 'top_p': 0.9, 'top_k': None, 'seed': None, 'quantization': 'Q4_K_M'}"
bd4f49f025c7239c95f897312473cb3c7dff175e8bf88d73a87ef0e9a9de9376,scruples_051,B0_stripped_baseline,qwen3:14b,version_j,p0_default,False,0,"{'model_name': 'qwen3:14b', 'temperature': 0.5, 'top_p': 0.9, 'top_k': None, 'seed': None, 'quantization': 'Q4_K_M'}"
3bccb2880de7443c283e6e04e224e1eff87ba979d7fd4e6c3d390915caf2f6a1,scruples_051,B0_stripped_baseline,qwen3:14b,version_j,p0_default,True,0,"{'model_name': 'qwen3:14b', 'temperature': 0.5, 'top_p': 0.9, 'top_k': None, 'seed': None, 'quantization': 'Q4_K_M'}"
e5657b8cc28e585aa57a53bf6b5ab58d40c3d4615f3cd491a40455cac1e2980d,scruples_051,C1_authority_neutral,qwen3:14b,version_j,p0_default,False,0,"{'model_name': 'qwen3:14b', 'temperature': 0.5, 'top_p': 0.9, 'top_k': None, 'seed': None, 'quantization': 'Q4_K_M'}"
9871662c4a4b39ce4d511ac81b620c7f83929e01ac2aff67a74118288bc77ca9,scruples_051,C1_authority_neutral,qwen3:14b,version_j,p0_default,True,0,"{'model_name': 'qwen3:14b', 'temperature': 0.5, 'top_p': 0.9, 'top_k': None, 'seed': None, 'quantization': 'Q4_K_M'}"
5f886b9f89914dc435d95489735017f2916ccc1d2ed7a9415713a1ef8352cf0a,scruples_051,P1_authority_pressure,qwen3:14b,version_j,p0_default,False,0,"{'model_name': 'qwen3:14b', 'temperature': 0.5, 'top_p': 0.9, 'top_k': None, 'seed': None, 'quantization': 'Q4_K_M'}"
561564e9875cbd732618f1cc3332f3ac6f71c21001a68bce4d685ab527970856,scruples_051,P1_authority_pressure,qwen3:14b,version_j,p0_default,True,0,"{'model_name': 'qwen3:14b', 'temperature': 0.5, 'top_p': 0.9, 'top_k': None, 'seed': None, 'quantization': 'Q4_K_M'}"
f8b193ba97f34c432f6582d415f1b09fb4175cf19eabd9eed15f9281cf40fe76,scruples_051,C2_incentive_neutral,qwen3:14b,version_j,p0_default,False,0,"{'model_name': 'qwen3:14b', 'temperature': 0.5, 'top_p': 0.9, 'top_k': None, 'seed': None, 'quantization': 'Q4_K_M'}"
ad536a766d7052c0e5b42417b1b0a4c2208e4ae74fc7f88ffd3d345b626099e2,scruples_051,C2_incentive_neutral,qwen3:14b,version_j,p0_default,True,0,"{'model_name': 'qwen3:14b', 'temperature': 0.5, 'top_p': 0.9, 'top_k': None, 'seed': None, 'quantization': 'Q4_K_M'}"
7590d805d7b49048074ebf33e5420e49c12928d9ec6a7243cc7c0f1eda89c9cd,scruples_051,P2_incentive_pressure,qwen3:14b,version_j,p0_default,False,0,"{'model_name': 'qwen3:14b', 'temperature': 0.5, 'top_p': 0.9, 'top_k': None, 'seed': None, 'quantization': 'Q4_K_M'}"
21664d6aedc7ce11d0c34478c2525249f385737e8480b3bf77b61fae69c442af,scruples_051,P2_incentive_pressure,qwen3:14b,version_j,p0_default,True,0,"{'model_name': 'qwen3:14b', 'temperature': 0.5, 'top_p': 0.9, 'top_k': None, 'seed': None, 'quantization': 'Q4_K_M'}"
6072324ac05889e8fb849c9298fbe88de99675d290e447e30868e289b5fc47b2,scruples_051,C3_social_neutral,qwen3:14b,version_j,p0_default,False,0,"{'model_name': 'qwen3:14b', 'temperature': 0.5, 'top_p': 0.9, 'top_k': None, 'seed': None, 'quantization': 'Q4_K_M'}"
1ff9dd7632b8175b7946ce3df7b4af6f11aa6b54f153384f706b538cefe16f94,scruples_051,C3_social_neutral,qwen3:14b,version_j,p0_default,True,0,"{'model_name': 'qwen3:14b', 'temperature': 0.5, 'top_p': 0.9, 'top_k': None, 'seed': None, 'quantization': 'Q4_K_M'}"
ba2bbde03ccf3b92867c07d38d88a3f77b6e0af5f7d6e0d29494f771cfc7ae3b,scruples_051,P3_social_pressure,qwen3:14b,version_j,p0_default,False,0,"{'model_name': 'qwen3:14b', 'temperature': 0.5, 'top_p': 0.9, 'top_k': None, 'seed': None, 'quantization': 'Q4_K_M'}"
b9e0ae9098b8f03bd44c943de5e20b7f08e5fa6940ea448a9686e1f7371ff8e8,scruples_051,P3_social_pressure,qwen3:14b,version_j,p0_default,True,0,"{'model_name': 'qwen3:14b', 'temperature': 0.5, 'top_p': 0.9, 'top_k': None, 'seed': None, 'quantization': 'Q4_K_M'}"
bb52ca4c73d3b6be8189d6697b543ba0b1ec58cc6074448065b121bcf2c4df15,scruples_051,C4_metric_neutral,qwen3:14b,version_j,p0_default,False,0,"{'model_name': 'qwen3:14b', 'temperature': 0.5, 'top_p': 0.9, 'top_k': None, 'seed': None, 'quantization': 'Q4_K_M'}"
47306998220875a560aace577346b6d0ca1a78f21a7fe7705a892f36d196a797,scruples_051,C4_metric_neutral,qwen3:14b,version_j,p0_default,True,0,"{'model_name': 'qwen3:14b', 'temperature': 0.5, 'top_p': 0.9, 'top_k': None, 'seed': None, 'quantization': 'Q4_K_M'}"
fe635ce07e0506fb2c8f68ed46a0df07f9628ad48ac76165b8ebfe44ff5ec7ad,scruples_051,P4_metric_pressure,qwen3:14b,version_j,p0_default,False,0,"{'model_name': 'qwen3:14b', 'temperature': 0.5, 'top_p': 0.9, 'top_k': None, 'seed': None, 'quantization': 'Q4_K_M'}"
23da7bb327e941a35a0ac8f076027bd7eb11256be714ee5f101480e0a1e568e4,scruples_051,P4_metric_pressure,qwen3:14b,version_j,p0_default,True,0,"{'model_name': 'qwen3:14b', 'temperature': 0.5, 'top_p': 0.9, 'top_k': None, 'seed': None, 'quantization': 'Q4_K_M'}"
10640856815a8f45cd62351a8d8c48c4f5f35ba984c83b779ce87ef4561c1df3,scruples_051,R2_relevant_evidence,qwen3:14b,version_j,p0_default,False,0,"{'model_name': 'qwen3:14b', 'temperature': 0.5, 'top_p': 0.9, 'top_k': None, 'seed': None, 'quantization': 'Q4_K_M'}"
703cbba4fd3528061b14d384381f94ca65b2f6a2235500815c66e62a3057e49a,scruples_051,R2_relevant_evidence,qwen3:14b,version_j,p0_default,True,0,"{'model_name': 'qwen3:14b', 'temperature': 0.5, 'top_p': 0.9, 'top_k': None, 'seed': None, 'quantization': 'Q4_K_M'}"
c4c79edbf04c014857e5893a62d9652388680f5954783250dcc277a4555f01d6,scruples_052,B0_stripped_baseline,qwen3:14b,version_j,p0_default,False,0,"{'model_name': 'qwen3:14b', 'temperature': 0.5, 'top_p': 0.9, 'top_k': None, 'seed': None, 'quantization': 'Q4_K_M'}"
cbbc23dfa673cc2c06843223c449ebe9e6c7930ae6e6b9e64a0f9d6e9989a8a4,scruples_052,B0_stripped_baseline,qwen3:14b,version_j,p0_default,True,0,"{'model_name': 'qwen3:14b', 'temperature': 0.5, 'top_p': 0.9, 'top_k': None, 'seed': None, 'quantization': 'Q4_K_M'}"
7bb2490a5dcef10cdbbdc2387b45c681633e0614520de0d07517c5eccc828412,scruples_052,C1_authority_neutral,qwen3:14b,version_j,p0_default,False,0,"{'model_name': 'qwen3:14b', 'temperature': 0.5, 'top_p': 0.9, 'top_k': None, 'seed': None, 'quantization': 'Q4_K_M'}"
6779bc75f9fabb6be37e8c2e90da08aa3e200e5e817d56d928918016e7548b64,scruples_052,C1_authority_neutral,qwen3:14b,version_j,p0_default,True,0,"{'model_name': 'qwen3:14b', 'temperature': 0.5, 'top_p': 0.9, 'top_k': None, 'seed': None, 'quantization': 'Q4_K_M'}"
87d25348c9cc68dc70c488b3ff1968a2d8e9d3108e288eeb29761b8a22091b56,scruples_052,P1_authority_pressure,qwen3:14b,version_j,p0_default,False,0,"{'model_name': 'qwen3:14b', 'temperature': 0.5, 'top_p': 0.9, 'top_k': None, 'seed': None, 'quantization': 'Q4_K_M'}"
c42534097c9037e655f238dbc1acc2e59dbff439240278d0541a0c3607995ffe,scruples_052,P1_authority_pressure,qwen3:14b,version_j,p0_default,True,0,"{'model_name': 'qwen3:14b', 'temperature': 0.5, 'top_p': 0.9, 'top_k': None, 'seed': None, 'quantization': 'Q4_K_M'}"
024ee5682f81cc03ac7d86879df44972171dc60a1fb841d7168c05db7732618f,scruples_052,C2_incentive_neutral,qwen3:14b,version_j,p0_default,False,0,"{'model_name': 'qwen3:14b', 'temperature': 0.5, 'top_p': 0.9, 'top_k': None, 'seed': None, 'quantization': 'Q4_K_M'}"
32aef8d386e1edebb835c8954961ba87406e1463542ba31d3bd74cbc18db6e5f,scruples_052,C2_incentive_neutral,qwen3:14b,version_j,p0_default,True,0,"{'model_name': 'qwen3:14b', 'temperature': 0.5, 'top_p': 0.9, 'top_k': None, 'seed': None, 'quantization': 'Q4_K_M'}"
f5c5d1b6e2556143b079fbde1ba3d608c40196d1629feee8ff07f9d7ff1326d4,scruples_052,P2_incentive_pressure,qwen3:14b,version_j,p0_default,False,0,"{'model_name': 'qwen3:14b', 'temperature': 0.5, 'top_p': 0.9, 'top_k': None, 'seed': None, 'quantization': 'Q4_K_M'}"
db1268f4b0f73cf6784638c1fb50883155d832f11adf5b3037cc6ebf1d410fe4,scruples_052,P2_incentive_pressure,qwen3:14b,version_j,p0_default,True,0,"{'model_name': 'qwen3:14b', 'temperature': 0.5, 'top_p': 0.9, 'top_k': None, 'seed': None, 'quantization': 'Q4_K_M'}"
05384e6118e632771d9c59b28642217eafed0bfcb0fcca64d51457c26847164a,scruples_052,C3_social_neutral,qwen3:14b,version_j,p0_default,False,0,"{'model_name': 'qwen3:14b', 'temperature': 0.5, 'top_p': 0.9, 'top_k': None, 'seed': None, 'quantization': 'Q4_K_M'}"
1643a810c4e0a1ae688c8ffa8ad5aeceeb5cdd017e6e92d36f69ae4f9ca41212,scruples_052,C3_social_neutral,qwen3:14b,version_j,p0_default,True,0,"{'model_name': 'qwen3:14b', 'temperature': 0.5, 'top_p': 0.9, 'top_k': None, 'seed': None, 'quantization': 'Q4_K_M'}"
e0f6743c48a72a544732c51b29b230087257e5ea782ee38ccc8926bf8a754e46,scruples_052,P3_social_pressure,qwen3:14b,version_j,p0_default,False,0,"{'model_name': 'qwen3:14b', 'temperature': 0.5, 'top_p': 0.9, 'top_k': None, 'seed': None, 'quantization': 'Q4_K_M'}"
a443529eec39495e469ae373aecc8e877ad0efff8f57570a44cfdd88b15dcc69,scruples_052,P3_social_pressure,qwen3:14b,version_j,p0_default,True,0,"{'model_name': 'qwen3:14b', 'temperature': 0.5, 'top_p': 0.9, 'top_k': None, 'seed': None, 'quantization': 'Q4_K_M'}"
8448de0a91495a6f36d6035c1a6dc72b5c4c211441b71d407be5555300dd110e,scruples_052,C4_metric_neutral,qwen3:14b,version_j,p0_default,False,0,"{'model_name': 'qwen3:14b', 'temperature': 0.5, 'top_p': 0.9, 'top_k': None, 'seed': None, 'quantization': 'Q4_K_M'}"
8b215e0c4ac9fb92e4806facdf08b289fd59ae2734556d6dcf80872430ae60b9,scruples_052,C4_metric_neutral,qwen3:14b,version_j,p0_default,True,0,"{'model_name': 'qwen3:14b', 'temperature': 0.5, 'top_p': 0.9, 'top_k': None, 'seed': None, 'quantization': 'Q4_K_M'}"
38b613caae9125868e125c3855f80a18ab98b88a7ae165e89e2b11e247d4a3ff,scruples_052,P4_metric_pressure,qwen3:14b,version_j,p0_default,False,0,"{'model_name': 'qwen3:14b', 'temperature': 0.5, 'top_p': 0.9, 'top_k': None, 'seed': None, 'quantization': 'Q4_K_M'}"
bf381a4f62cb85744c7a49de54f1343bd5167e4aa847547ed206fc7f2aad1b04,scruples_052,P4_metric_pressure,qwen3:14b,version_j,p0_default,True,0,"{'model_name': 'qwen3:14b', 'temperature': 0.5, 'top_p': 0.9, 'top_k': None, 'seed': None, 'quantization': 'Q4_K_M'}"
621a1023a27d30808c4841759fcb54582cdc74d6bcffb61a7b80f1f4c8f59913,scruples_052,R2_relevant_evidence,qwen3:14b,version_j,p0_default,False,0,"{'model_name': 'qwen3:14b', 'temperature': 0.5, 'top_p': 0.9, 'top_k': None, 'seed': None, 'quantization': 'Q4_K_M'}"
8fb948a1d9ddf13c6c55a853bb7a4a05366c224d45e1b51f5f23225a7e85bcde,scruples_052,R2_relevant_evidence,qwen3:14b,version_j,p0_default,True,0,"{'model_name': 'qwen3:14b', 'temperature': 0.5, 'top_p': 0.9, 'top_k': None, 'seed': None, 'quantization': 'Q4_K_M'}"
3d7fb89ef7863d5df90aa77d549f9e5435980a7a7419ecb0f1de425132a4af43,scruples_053,B0_stripped_baseline,qwen3:14b,version_j,p0_default,False,0,"{'model_name': 'qwen3:14b', 'temperature': 0.5, 'top_p': 0.9, 'top_k': None, 'seed': None, 'quantization': 'Q4_K_M'}"
4684ef5f4455209400b20774ebce39a7e63849fd10b124b3183c6719f298ded3,scruples_053,B0_stripped_baseline,qwen3:14b,version_j,p0_default,True,0,"{'model_name': 'qwen3:14b', 'temperature': 0.5, 'top_p': 0.9, 'top_k': None, 'seed': None, 'quantization': 'Q4_K_M'}"
4be02aa158c8e2dd066a0b2915ca61da1e9dcebc2eb089852de3adc123ffdd9d,scruples_053,C1_authority_neutral,qwen3:14b,version_j,p0_default,False,0,"{'model_name': 'qwen3:14b', 'temperature': 0.5, 'top_p': 0.9, 'top_k': None, 'seed': None, 'quantization': 'Q4_K_M'}"
7a45e0e3ac547064a7eecf74b9f12ebb420fef314a85a0818b1424c37dfa70dc,scruples_053,C1_authority_neutral,qwen3:14b,version_j,p0_default,True,0,"{'model_name': 'qwen3:14b', 'temperature': 0.5, 'top_p': 0.9, 'top_k': None, 'seed': None, 'quantization': 'Q4_K_M'}"
12a18efac79c2fe7b0d443d5a8977ef4acfb43add607500b471dd27289816ff9,scruples_053,P1_authority_pressure,qwen3:14b,version_j,p0_default,False,0,"{'model_name': 'qwen3:14b', 'temperature': 0.5, 'top_p': 0.9, 'top_k': None, 'seed': None, 'quantization': 'Q4_K_M'}"
944d4da5cb3322f8d756f5d8b03bfd8ca2bc109cf7709959873b0354b150784d,scruples_053,P1_authority_pressure,qwen3:14b,version_j,p0_default,True,0,"{'model_name': 'qwen3:14b', 'temperature': 0.5, 'top_p': 0.9, 'top_k': None, 'seed': None, 'quantization': 'Q4_K_M'}"
2c3bec68839a2709ea01f4cd3a1c514b2bd0447a29562b0624b24ff49b8c2fb0,scruples_053,C2_incentive_neutral,qwen3:14b,version_j,p0_default,False,0,"{'model_name': 'qwen3:14b', 'temperature': 0.5, 'top_p': 0.9, 'top_k': None, 'seed': None, 'quantization': 'Q4_K_M'}"
b18b8e2c42e0559d79148a28f23e96dadf70469642ff8d6c473211a64be9f332,scruples_053,C2_incentive_neutral,qwen3:14b,version_j,p0_default,True,0,"{'model_name': 'qwen3:14b', 'temperature': 0.5, 'top_p': 0.9, 'top_k': None, 'seed': None, 'quantization': 'Q4_K_M'}"
77aa2f4b4b5285d21b14fcb0b67f13740e24a3860ba833ff39693f3c7bd10a9e,scruples_053,P2_incentive_pressure,qwen3:14b,version_j,p0_default,False,0,"{'model_name': 'qwen3:14b', 'temperature': 0.5, 'top_p': 0.9, 'top_k': None, 'seed': None, 'quantization': 'Q4_K_M'}"
9f72c7dc3740ff3dd43cc87416ab22c934f4a960b72030fc218f9b365fc35a17,scruples_053,P2_incentive_pressure,qwen3:14b,version_j,p0_default,True,0,"{'model_name': 'qwen3:14b', 'temperature': 0.5, 'top_p': 0.9, 'top_k': None, 'seed': None, 'quantization': 'Q4_K_M'}"
3b6c69078cc0a4111ba67099fe071c8936615cbba1c858efd9e684ecb57a4965,scruples_053,C3_social_neutral,qwen3:14b,version_j,p0_default,False,0,"{'model_name': 'qwen3:14b', 'temperature': 0.5, 'top_p': 0.9, 'top_k': None, 'seed': None, 'quantization': 'Q4_K_M'}"
b2c498e726672ead4bf2a134ea61363e36ede36519772aa3f7b3dbd2f57e27cb,scruples_053,C3_social_neutral,qwen3:14b,version_j,p0_default,True,0,"{'model_name': 'qwen3:14b', 'temperature': 0.5, 'top_p': 0.9, 'top_k': None, 'seed': None, 'quantization': 'Q4_K_M'}"
cc9b9935cdcc465b9da1be107f2ebeb595670a38d5d4e044be7fd3bf0d5c25d1,scruples_053,P3_social_pressure,qwen3:14b,version_j,p0_default,False,0,"{'model_name': 'qwen3:14b', 'temperature': 0.5, 'top_p': 0.9, 'top_k': None, 'seed': None, 'quantization': 'Q4_K_M'}"
ab757a8d6f232f4a5d618ef428f419abd159a103bbd86cfc1cdae733dc1a6ce4,scruples_053,P3_social_pressure,qwen3:14b,version_j,p0_default,True,0,"{'model_name': 'qwen3:14b', 'temperature': 0.5, 'top_p': 0.9, 'top_k': None, 'seed': None, 'quantization': 'Q4_K_M'}"
7e0d40da2a85d3fa5fad06e4be6c7720b0dbbeed0adbefe4f570318a836efd11,scruples_053,C4_metric_neutral,qwen3:14b,version_j,p0_default,False,0,"{'model_name': 'qwen3:14b', 'temperature': 0.5, 'top_p': 0.9, 'top_k': None, 'seed': None, 'quantization': 'Q4_K_M'}"
7bec3f38d9df35e2a2a5a8e45ef62e4c6aa046ad757dac77253b8c29425576a1,scruples_053,C4_metric_neutral,qwen3:14b,version_j,p0_default,True,0,"{'model_name': 'qwen3:14b', 'temperature': 0.5, 'top_p': 0.9, 'top_k': None, 'seed': None, 'quantization': 'Q4_K_M'}"
31abb96a4f2e87a6028b0a0804b483cb03def49f9e124c2a33684c443a5d55d9,scruples_053,P4_metric_pressure,qwen3:14b,version_j,p0_default,False,0,"{'model_name': 'qwen3:14b', 'temperature': 0.5, 'top_p': 0.9, 'top_k': None, 'seed': None, 'quantization': 'Q4_K_M'}"
0342a7efa5fc4baf3a341ef44c4e249797beb6992ef54c7dce8dca4aa83d71ee,scruples_053,P4_metric_pressure,qwen3:14b,version_j,p0_default,True,0,"{'model_name': 'qwen3:14b', 'temperature': 0.5, 'top_p': 0.9, 'top_k': None, 'seed': None, 'quantization': 'Q4_K_M'}"
d06c3ceb82bf26ce8f572120e198fcd381ff48616e50356d58e8e39112b30e00,scruples_053,R2_relevant_evidence,qwen3:14b,version_j,p0_default,False,0,"{'model_name': 'qwen3:14b', 'temperature': 0.5, 'top_p': 0.9, 'top_k': None, 'seed': None, 'quantization': 'Q4_K_M'}"
1c1c661a0743393a31088b34d98e2e047e91114efe87291897639f4c20521976,scruples_053,R2_relevant_evidence,qwen3:14b,version_j,p0_default,True,0,"{'model_name': 'qwen3:14b', 'temperature': 0.5, 'top_p': 0.9, 'top_k': None, 'seed': None, 'quantization': 'Q4_K_M'}"
d2dceef40f58b05d51a8e0418b0ba8fa27c9c0579b97e96971fdf31cd5a9c0de,scruples_054,B0_stripped_baseline,qwen3:14b,version_j,p0_default,False,0,"{'model_name': 'qwen3:14b', 'temperature': 0.5, 'top_p': 0.9, 'top_k': None, 'seed': None, 'quantization': 'Q4_K_M'}"
bbef277ee2a436ce1fa812d1d6fb6e20536e6cd64a78faa4cb29458cf96cf1cd,scruples_054,B0_stripped_baseline,qwen3:14b,version_j,p0_default,True,0,"{'model_name': 'qwen3:14b', 'temperature': 0.5, 'top_p': 0.9, 'top_k': None, 'seed': None, 'quantization': 'Q4_K_M'}"
9319cf61aa12f10f8a3553c04dcabcff6d1d72cd65ac0d26efb7759b168b2364,scruples_054,C1_authority_neutral,qwen3:14b,version_j,p0_default,False,0,"{'model_name': 'qwen3:14b', 'temperature': 0.5, 'top_p': 0.9, 'top_k': None, 'seed': None, 'quantization': 'Q4_K_M'}"
3b444c8a87f634bd25eb5111a65eb4cec2ca054b87c8b7ef7ff99d114867f261,scruples_054,C1_authority_neutral,qwen3:14b,version_j,p0_default,True,0,"{'model_name': 'qwen3:14b', 'temperature': 0.5, 'top_p': 0.9, 'top_k': None, 'seed': None, 'quantization': 'Q4_K_M'}"
b1812f2307848be368d1950b9d2f3d473c9a1680b10160455805a679b9521d0a,scruples_054,P1_authority_pressure,qwen3:14b,version_j,p0_default,False,0,"{'model_name': 'qwen3:14b', 'temperature': 0.5, 'top_p': 0.9, 'top_k': None, 'seed': None, 'quantization': 'Q4_K_M'}"
d14f50b46625a2d241a2e4ccee70219ef0dc93f38a511461dd0dd75af1947341,scruples_054,P1_authority_pressure,qwen3:14b,version_j,p0_default,True,0,"{'model_name': 'qwen3:14b', 'temperature': 0.5, 'top_p': 0.9, 'top_k': None, 'seed': None, 'quantization': 'Q4_K_M'}"
86fbd073163e67849e72c1df12a7454a7a29dea7028043cba7775843c904362a,scruples_054,C2_incentive_neutral,qwen3:14b,version_j,p0_default,False,0,"{'model_name': 'qwen3:14b', 'temperature': 0.5, 'top_p': 0.9, 'top_k': None, 'seed': None, 'quantization': 'Q4_K_M'}"
7fd9431147f2d72084324b8a50ae09b20d285d7516e7e2ae464caed4cee86b18,scruples_054,C2_incentive_neutral,qwen3:14b,version_j,p0_default,True,0,"{'model_name': 'qwen3:14b', 'temperature': 0.5, 'top_p': 0.9, 'top_k': None, 'seed': None, 'quantization': 'Q4_K_M'}"
4851ffb7fefdd002bf3f0333285edc54c21d9dfd90aca087e7344e4f7ae2bc08,scruples_054,P2_incentive_pressure,qwen3:14b,version_j,p0_default,False,0,"{'model_name': 'qwen3:14b', 'temperature': 0.5, 'top_p': 0.9, 'top_k': None, 'seed': None, 'quantization': 'Q4_K_M'}"
d343dd7a344c0daa3a34c5125e1d5c9a29c591cfec1c05d227ac3724a7804ca5,scruples_054,P2_incentive_pressure,qwen3:14b,version_j,p0_default,True,0,"{'model_name': 'qwen3:14b', 'temperature': 0.5, 'top_p': 0.9, 'top_k': None, 'seed': None, 'quantization': 'Q4_K_M'}"
bf217f50261f7f8fedc22d58b7b1ee2ca20ecda289db69f8c30579130ba9a051,scruples_054,C3_social_neutral,qwen3:14b,version_j,p0_default,False,0,"{'model_name': 'qwen3:14b', 'temperature': 0.5, 'top_p': 0.9, 'top_k': None, 'seed': None, 'quantization': 'Q4_K_M'}"
bff94215533ddef4ffb88ff97c5d48bd2f72cb48c3d0b987a945461bd686df15,scruples_054,C3_social_neutral,qwen3:14b,version_j,p0_default,True,0,"{'model_name': 'qwen3:14b', 'temperature': 0.5, 'top_p': 0.9, 'top_k': None, 'seed': None, 'quantization': 'Q4_K_M'}"
2d57439a10302f85ae683037f16c36e9bea067ff1e39b7e69bfda66e9de62222,scruples_054,P3_social_pressure,qwen3:14b,version_j,p0_default,False,0,"{'model_name': 'qwen3:14b', 'temperature': 0.5, 'top_p': 0.9, 'top_k': None, 'seed': None, 'quantization': 'Q4_K_M'}"
efd012251d9798745ae25c1b7ac1752d1bdee0c1ac845ce301d935f8f0b43fb3,scruples_054,P3_social_pressure,qwen3:14b,version_j,p0_default,True,0,"{'model_name': 'qwen3:14b', 'temperature': 0.5, 'top_p': 0.9, 'top_k': None, 'seed': None, 'quantization': 'Q4_K_M'}"
34957bb55c11a66e05a93569ec6062afe36f5c1f94b53ba767655f39806e7ce1,scruples_054,C4_metric_neutral,qwen3:14b,version_j,p0_default,False,0,"{'model_name': 'qwen3:14b', 'temperature': 0.5, 'top_p': 0.9, 'top_k': None, 'seed': None, 'quantization': 'Q4_K_M'}"
65849bc155a9c940bc22aa49d3f100ad53afe7607c9b48c05d5d30677c8991eb,scruples_054,C4_metric_neutral,qwen3:14b,version_j,p0_default,True,0,"{'model_name': 'qwen3:14b', 'temperature': 0.5, 'top_p': 0.9, 'top_k': None, 'seed': None, 'quantization': 'Q4_K_M'}"
2b8e6412bccd3fd616181d29ec97cac636647ad792ae9e28692839d0eed8ff18,scruples_054,P4_metric_pressure,qwen3:14b,version_j,p0_default,False,0,"{'model_name': 'qwen3:14b', 'temperature': 0.5, 'top_p': 0.9, 'top_k': None, 'seed': None, 'quantization': 'Q4_K_M'}"
da96ff3bd0136be37a180485a7b2c51b245a9f934fb13443d0cb7d0c72d0098f,scruples_054,P4_metric_pressure,qwen3:14b,version_j,p0_default,True,0,"{'model_name': 'qwen3:14b', 'temperature': 0.5, 'top_p': 0.9, 'top_k': None, 'seed': None, 'quantization': 'Q4_K_M'}"
3fa0948472de14665f761274db8096235dc33ced62f811e9d26b31ae05a6b3c9,scruples_054,R2_relevant_evidence,qwen3:14b,version_j,p0_default,False,0,"{'model_name': 'qwen3:14b', 'temperature': 0.5, 'top_p': 0.9, 'top_k': None, 'seed': None, 'quantization': 'Q4_K_M'}"
c9ff56b74136995650f22ce2d521fcf6561fc71f14f0deebb7f5cff3b0cd1be2,scruples_054,R2_relevant_evidence,qwen3:14b,version_j,p0_default,True,0,"{'model_name': 'qwen3:14b', 'temperature': 0.5, 'top_p': 0.9, 'top_k': None, 'seed': None, 'quantization': 'Q4_K_M'}"
d8749985824eafe9b55d094af39f11a60ddf2c3344a05f58e5b92d387c22512c,scruples_055,B0_stripped_baseline,qwen3:14b,version_j,p0_default,False,0,"{'model_name': 'qwen3:14b', 'temperature': 0.5, 'top_p': 0.9, 'top_k': None, 'seed': None, 'quantization': 'Q4_K_M'}"
028267c99d67c97ecb0e025c6fc83db3fc7244c1590bb16589c7b194ad7c5984,scruples_055,B0_stripped_baseline,qwen3:14b,version_j,p0_default,True,0,"{'model_name': 'qwen3:14b', 'temperature': 0.5, 'top_p': 0.9, 'top_k': None, 'seed': None, 'quantization': 'Q4_K_M'}"
6cd46aa0e65946b7d165c41a0d5d6038414345eeccc2e98519663476498dab01,scruples_055,C1_authority_neutral,qwen3:14b,version_j,p0_default,False,0,"{'model_name': 'qwen3:14b', 'temperature': 0.5, 'top_p': 0.9, 'top_k': None, 'seed': None, 'quantization': 'Q4_K_M'}"
a73dd668d485c1a9f08ab9448c693e197017f9f00d5cd3a8cc671ed21c67957e,scruples_055,C1_authority_neutral,qwen3:14b,version_j,p0_default,True,0,"{'model_name': 'qwen3:14b', 'temperature': 0.5, 'top_p': 0.9, 'top_k': None, 'seed': None, 'quantization': 'Q4_K_M'}"
48b936f429889f812b76a20620bc581979f4daf0cf6f1dfdbff01cf61329f785,scruples_055,P1_authority_pressure,qwen3:14b,version_j,p0_default,False,0,"{'model_name': 'qwen3:14b', 'temperature': 0.5, 'top_p': 0.9, 'top_k': None, 'seed': None, 'quantization': 'Q4_K_M'}"
f5afe9a31ec358ad5fd1d7f4560582a92c461c8360679917fb3d0fee986002d6,scruples_055,P1_authority_pressure,qwen3:14b,version_j,p0_default,True,0,"{'model_name': 'qwen3:14b', 'temperature': 0.5, 'top_p': 0.9, 'top_k': None, 'seed': None, 'quantization': 'Q4_K_M'}"
6531ed978134c60b434acf2dc3de7f85fa412db38e8c67d8648d40e89046d502,scruples_055,C2_incentive_neutral,qwen3:14b,version_j,p0_default,False,0,"{'model_name': 'qwen3:14b', 'temperature': 0.5, 'top_p': 0.9, 'top_k': None, 'seed': None, 'quantization': 'Q4_K_M'}"
d1d6495e092453206cd6510966b5df46600828118fba2141b55c96a9de13a17f,scruples_055,C2_incentive_neutral,qwen3:14b,version_j,p0_default,True,0,"{'model_name': 'qwen3:14b', 'temperature': 0.5, 'top_p': 0.9, 'top_k': None, 'seed': None, 'quantization': 'Q4_K_M'}"
07180ad7e49655129dd66656361fa970d94e37bd50c5187935ebb7b4f242cf9a,scruples_055,P2_incentive_pressure,qwen3:14b,version_j,p0_default,False,0,"{'model_name': 'qwen3:14b', 'temperature': 0.5, 'top_p': 0.9, 'top_k': None, 'seed': None, 'quantization': 'Q4_K_M'}"
1c24d0e123d90ffcac6fdc7d550afc00a68c3cd0cfd3bcd852e1191dba33864e,scruples_055,P2_incentive_pressure,qwen3:14b,version_j,p0_default,True,0,"{'model_name': 'qwen3:14b', 'temperature': 0.5, 'top_p': 0.9, 'top_k': None, 'seed': None, 'quantization': 'Q4_K_M'}"
0912da4afe7a7688e08fe86718e00133783524799e67d1fbf60a8dba090a3fdd,scruples_055,C3_social_neutral,qwen3:14b,version_j,p0_default,False,0,"{'model_name': 'qwen3:14b', 'temperature': 0.5, 'top_p': 0.9, 'top_k': None, 'seed': None, 'quantization': 'Q4_K_M'}"
eb4eb8f62b423d8fe1e86d76a6284ade2b089c326a07f9d195185c9d38d10e9b,scruples_055,C3_social_neutral,qwen3:14b,version_j,p0_default,True,0,"{'model_name': 'qwen3:14b', 'temperature': 0.5, 'top_p': 0.9, 'top_k': None, 'seed': None, 'quantization': 'Q4_K_M'}"
1a445207309c0356cca2d70154d85c1bf8aba32b20fb211a405a999588cca82a,scruples_055,P3_social_pressure,qwen3:14b,version_j,p0_default,False,0,"{'model_name': 'qwen3:14b', 'temperature': 0.5, 'top_p': 0.9, 'top_k': None, 'seed': None, 'quantization': 'Q4_K_M'}"
d743ca37ea641da4df773af4fdc3e206dbfb91b0a3b4ab127c2d823ef9a20865,scruples_055,P3_social_pressure,qwen3:14b,version_j,p0_default,True,0,"{'model_name': 'qwen3:14b', 'temperature': 0.5, 'top_p': 0.9, 'top_k': None, 'seed': None, 'quantization': 'Q4_K_M'}"
a9f1461ccf6edff31b65072288f3ef7cba6ed706ee02f7d9b88347d19654f7b6,scruples_055,C4_metric_neutral,qwen3:14b,version_j,p0_default,False,0,"{'model_name': 'qwen3:14b', 'temperature': 0.5, 'top_p': 0.9, 'top_k': None, 'seed': None, 'quantization': 'Q4_K_M'}"
d0d9bccd3f3c59e48d484ee82dec391c79bf501cdc88e397c6b68508bf07ec92,scruples_055,C4_metric_neutral,qwen3:14b,version_j,p0_default,True,0,"{'model_name': 'qwen3:14b', 'temperature': 0.5, 'top_p': 0.9, 'top_k': None, 'seed': None, 'quantization': 'Q4_K_M'}"
d9f466ceb8782d5467996aeede27bc008f3edd9fc64592bb662ec8577e031a19,scruples_055,P4_metric_pressure,qwen3:14b,version_j,p0_default,False,0,"{'model_name': 'qwen3:14b', 'temperature': 0.5, 'top_p': 0.9, 'top_k': None, 'seed': None, 'quantization': 'Q4_K_M'}"
1a76b2c91e31773add92522ce9333aa33fadb9fad834ba1ff21a0ea53741c9c8,scruples_055,P4_metric_pressure,qwen3:14b,version_j,p0_default,True,0,"{'model_name': 'qwen3:14b', 'temperature': 0.5, 'top_p': 0.9, 'top_k': None, 'seed': None, 'quantization': 'Q4_K_M'}"
7826f2d815ef0c2645b0747add96a7b0c6117b58ecca163feeb77af85e6a16a0,scruples_055,R2_relevant_evidence,qwen3:14b,version_j,p0_default,False,0,"{'model_name': 'qwen3:14b', 'temperature': 0.5, 'top_p': 0.9, 'top_k': None, 'seed': None, 'quantization': 'Q4_K_M'}"
38e6eda81fb2b8e7927336a95d17730c52b2209ab9cef8a4152722bff78216df,scruples_055,R2_relevant_evidence,qwen3:14b,version_j,p0_default,True,0,"{'model_name': 'qwen3:14b', 'temperature': 0.5, 'top_p': 0.9, 'top_k': None, 'seed': None, 'quantization': 'Q4_K_M'}"
dbc40d1716c701c8cf5ce0346c5d1331617d81f65433de00c863d71b9258c729,scruples_056,B0_stripped_baseline,qwen3:14b,version_j,p0_default,False,0,"{'model_name': 'qwen3:14b', 'temperature': 0.5, 'top_p': 0.9, 'top_k': None, 'seed': None, 'quantization': 'Q4_K_M'}"
d468392679bf7b76c2d96ea15f6ec6d533c6d86499847ed5ad5395bab28d766e,scruples_056,B0_stripped_baseline,qwen3:14b,version_j,p0_default,True,0,"{'model_name': 'qwen3:14b', 'temperature': 0.5, 'top_p': 0.9, 'top_k': None, 'seed': None, 'quantization': 'Q4_K_M'}"
e234c2ca4af5d94c84a9d6455482d65ef2de6b9fa6c0ddb9a8a9c189ae824e51,scruples_056,C1_authority_neutral,qwen3:14b,version_j,p0_default,False,0,"{'model_name': 'qwen3:14b', 'temperature': 0.5, 'top_p': 0.9, 'top_k': None, 'seed': None, 'quantization': 'Q4_K_M'}"
e75368d4913f807a242669fb69c9ecc3f96ff2c85ea9634bb61567951d4cd5b1,scruples_056,C1_authority_neutral,qwen3:14b,version_j,p0_default,True,0,"{'model_name': 'qwen3:14b', 'temperature': 0.5, 'top_p': 0.9, 'top_k': None, 'seed': None, 'quantization': 'Q4_K_M'}"
3c78faba4a7b345958fbe77621565dd17281631517164c283f78e504ee44bc15,scruples_056,P1_authority_pressure,qwen3:14b,version_j,p0_default,False,0,"{'model_name': 'qwen3:14b', 'temperature': 0.5, 'top_p': 0.9, 'top_k': None, 'seed': None, 'quantization': 'Q4_K_M'}"
00fb1efcde0e90c7df98958434abdb3831b334780c629df249ebfb8e6fffad37,scruples_056,P1_authority_pressure,qwen3:14b,version_j,p0_default,True,0,"{'model_name': 'qwen3:14b', 'temperature': 0.5, 'top_p': 0.9, 'top_k': None, 'seed': None, 'quantization': 'Q4_K_M'}"
5f7fed7b9b4e5f9a753ddcebc8479f851920f1a3125ea21b807294e6d71d27d1,scruples_056,C2_incentive_neutral,qwen3:14b,version_j,p0_default,False,0,"{'model_name': 'qwen3:14b', 'temperature': 0.5, 'top_p': 0.9, 'top_k': None, 'seed': None, 'quantization': 'Q4_K_M'}"
ab5d78aa454c5f417590942cee98521e1466259751845b7ff97584871223eb51,scruples_056,C2_incentive_neutral,qwen3:14b,version_j,p0_default,True,0,"{'model_name': 'qwen3:14b', 'temperature': 0.5, 'top_p': 0.9, 'top_k': None, 'seed': None, 'quantization': 'Q4_K_M'}"
ffeb14f9bb3ce49f19f8ac6b3f3c201be55fa21039ce7c787936ce90a2939454,scruples_056,P2_incentive_pressure,qwen3:14b,version_j,p0_default,False,0,"{'model_name': 'qwen3:14b', 'temperature': 0.5, 'top_p': 0.9, 'top_k': None, 'seed': None, 'quantization': 'Q4_K_M'}"
6b654a547d8ed18a6e51642845db81ac5d599299c8c8610fe37ee95c0fbef6ab,scruples_056,P2_incentive_pressure,qwen3:14b,version_j,p0_default,True,0,"{'model_name': 'qwen3:14b', 'temperature': 0.5, 'top_p': 0.9, 'top_k': None, 'seed': None, 'quantization': 'Q4_K_M'}"
5a747b915eff97cba058d8a998732a606291ff6a94ecd53fe55e07687ac52ec3,scruples_056,C3_social_neutral,qwen3:14b,version_j,p0_default,False,0,"{'model_name': 'qwen3:14b', 'temperature': 0.5, 'top_p': 0.9, 'top_k': None, 'seed': None, 'quantization': 'Q4_K_M'}"
de240b42f6c3293f9a3b42556bd9e0a53a1b10a3af374de04e3c3b0227872c38,scruples_056,C3_social_neutral,qwen3:14b,version_j,p0_default,True,0,"{'model_name': 'qwen3:14b', 'temperature': 0.5, 'top_p': 0.9, 'top_k': None, 'seed': None, 'quantization': 'Q4_K_M'}"
195bccb0831d071d2d85fd52c6a7901855840f21218d4d687c9380e160efb003,scruples_056,P3_social_pressure,qwen3:14b,version_j,p0_default,False,0,"{'model_name': 'qwen3:14b', 'temperature': 0.5, 'top_p': 0.9, 'top_k': None, 'seed': None, 'quantization': 'Q4_K_M'}"
b2a569a7bf803a095e72f4573b81a62d8d86ac1c3f13f8d53dccc2a917611eef,scruples_056,P3_social_pressure,qwen3:14b,version_j,p0_default,True,0,"{'model_name': 'qwen3:14b', 'temperature': 0.5, 'top_p': 0.9, 'top_k': None, 'seed': None, 'quantization': 'Q4_K_M'}"
7e0ef15713aabb49d8f157e054092fe8a0e6bbb24e682d09afe3045ee976c2e0,scruples_056,C4_metric_neutral,qwen3:14b,version_j,p0_default,False,0,"{'model_name': 'qwen3:14b', 'temperature': 0.5, 'top_p': 0.9, 'top_k': None, 'seed': None, 'quantization': 'Q4_K_M'}"
1311c34f1c029576ba85e561371467722bf88ca1acddc0c0081ae7e2abcd462d,scruples_056,C4_metric_neutral,qwen3:14b,version_j,p0_default,True,0,"{'model_name': 'qwen3:14b', 'temperature': 0.5, 'top_p': 0.9, 'top_k': None, 'seed': None, 'quantization': 'Q4_K_M'}"
0fd28a20734f1e4498ebaf01b54b668ef066d1c9c1c5f5fea21e3dfe7926c995,scruples_056,P4_metric_pressure,qwen3:14b,version_j,p0_default,False,0,"{'model_name': 'qwen3:14b', 'temperature': 0.5, 'top_p': 0.9, 'top_k': None, 'seed': None, 'quantization': 'Q4_K_M'}"
f1d0da9fc08e1740f8727d184ba361b080347764d6a76b5afeaa604504401a2d,scruples_056,P4_metric_pressure,qwen3:14b,version_j,p0_default,True,0,"{'model_name': 'qwen3:14b', 'temperature': 0.5, 'top_p': 0.9, 'top_k': None, 'seed': None, 'quantization': 'Q4_K_M'}"
f42821d22635878ea440492a246ae9b407dd7d0d8a1239c006a03011e4731733,scruples_056,R2_relevant_evidence,qwen3:14b,version_j,p0_default,False,0,"{'model_name': 'qwen3:14b', 'temperature': 0.5, 'top_p': 0.9, 'top_k': None, 'seed': None, 'quantization': 'Q4_K_M'}"
650b0cd298b0b1adbb90ff7cfcf1134c94fde08ccf1f39bc912c72312850d059,scruples_056,R2_relevant_evidence,qwen3:14b,version_j,p0_default,True,0,"{'model_name': 'qwen3:14b', 'temperature': 0.5, 'top_p': 0.9, 'top_k': None, 'seed': None, 'quantization': 'Q4_K_M'}"
445cbf35dcbe28bd894a8d0f1b8a37f065ed8b6670d20ab20072a9aff7425312,scruples_057,B0_stripped_baseline,qwen3:14b,version_j,p0_default,False,0,"{'model_name': 'qwen3:14b', 'temperature': 0.5, 'top_p': 0.9, 'top_k': None, 'seed': None, 'quantization': 'Q4_K_M'}"
a9b762adc129ef3cfef575200d1a31a629827fa2646e958dbd042e06c6668e3c,scruples_057,B0_stripped_baseline,qwen3:14b,version_j,p0_default,True,0,"{'model_name': 'qwen3:14b', 'temperature': 0.5, 'top_p': 0.9, 'top_k': None, 'seed': None, 'quantization': 'Q4_K_M'}"
b147738323c6a7a05849a9b945cd5f16384038a00ae00287513248842d213ce3,scruples_057,C1_authority_neutral,qwen3:14b,version_j,p0_default,False,0,"{'model_name': 'qwen3:14b', 'temperature': 0.5, 'top_p': 0.9, 'top_k': None, 'seed': None, 'quantization': 'Q4_K_M'}"
7286285de17acb122b66668f242c64270e8df59231c916c1f2fd001cadb0074c,scruples_057,C1_authority_neutral,qwen3:14b,version_j,p0_default,True,0,"{'model_name': 'qwen3:14b', 'temperature': 0.5, 'top_p': 0.9, 'top_k': None, 'seed': None, 'quantization': 'Q4_K_M'}"
3b2dcf91061a673503cf616ada944c98b65c0ebcf827a34544a054d51f6bbdf8,scruples_057,P1_authority_pressure,qwen3:14b,version_j,p0_default,False,0,"{'model_name': 'qwen3:14b', 'temperature': 0.5, 'top_p': 0.9, 'top_k': None, 'seed': None, 'quantization': 'Q4_K_M'}"
8de5a32073e612538399c834ddc9e19f4d4e758ef758dc2388634e63f910835d,scruples_057,P1_authority_pressure,qwen3:14b,version_j,p0_default,True,0,"{'model_name': 'qwen3:14b', 'temperature': 0.5, 'top_p': 0.9, 'top_k': None, 'seed': None, 'quantization': 'Q4_K_M'}"
f803c7e9a0d56a509df249047fc4288365922fbd20e757bdd94a057332148a3b,scruples_057,C2_incentive_neutral,qwen3:14b,version_j,p0_default,False,0,"{'model_name': 'qwen3:14b', 'temperature': 0.5, 'top_p': 0.9, 'top_k': None, 'seed': None, 'quantization': 'Q4_K_M'}"
d4b4eb951f24776a9b203fef70a7bdbfff7ca80ab5d0a4994018050bd8eb6e2c,scruples_057,C2_incentive_neutral,qwen3:14b,version_j,p0_default,True,0,"{'model_name': 'qwen3:14b', 'temperature': 0.5, 'top_p': 0.9, 'top_k': None, 'seed': None, 'quantization': 'Q4_K_M'}"
582247b01aa566064a41a0e643bc6958a807dd000e29d5e4b00a832282d692ec,scruples_057,P2_incentive_pressure,qwen3:14b,version_j,p0_default,False,0,"{'model_name': 'qwen3:14b', 'temperature': 0.5, 'top_p': 0.9, 'top_k': None, 'seed': None, 'quantization': 'Q4_K_M'}"
d465913942ef297d68e519e155327cab13fd1fe64f4cf5fffc9753fb37596d84,scruples_057,P2_incentive_pressure,qwen3:14b,version_j,p0_default,True,0,"{'model_name': 'qwen3:14b', 'temperature': 0.5, 'top_p': 0.9, 'top_k': None, 'seed': None, 'quantization': 'Q4_K_M'}"
4300aaadb10150f25961f2629e55aa557a22bb7b1e02f457b9af9cb26fc2d4dc,scruples_057,C3_social_neutral,qwen3:14b,version_j,p0_default,False,0,"{'model_name': 'qwen3:14b', 'temperature': 0.5, 'top_p': 0.9, 'top_k': None, 'seed': None, 'quantization': 'Q4_K_M'}"
3f244e41ec52343c08ccbb6e9c7ee9d51ed5c9e24e0b375a8534cde68683084f,scruples_057,C3_social_neutral,qwen3:14b,version_j,p0_default,True,0,"{'model_name': 'qwen3:14b', 'temperature': 0.5, 'top_p': 0.9, 'top_k': None, 'seed': None, 'quantization': 'Q4_K_M'}"
d80774638c31c62cffc9158c713babd0f36ce1a5ad661988adcd8ecebabac08c,scruples_057,P3_social_pressure,qwen3:14b,version_j,p0_default,False,0,"{'model_name': 'qwen3:14b', 'temperature': 0.5, 'top_p': 0.9, 'top_k': None, 'seed': None, 'quantization': 'Q4_K_M'}"
98d51ef601e3f11b79a8654b870a737796a2ad8610d0d26c371b063c1fc423e8,scruples_057,P3_social_pressure,qwen3:14b,version_j,p0_default,True,0,"{'model_name': 'qwen3:14b', 'temperature': 0.5, 'top_p': 0.9, 'top_k': None, 'seed': None, 'quantization': 'Q4_K_M'}"
be1d7f3109af13156f6508ebbbf47df5a209af4bdb4cd8ec9c14df699af0b96e,scruples_057,C4_metric_neutral,qwen3:14b,version_j,p0_default,False,0,"{'model_name': 'qwen3:14b', 'temperature': 0.5, 'top_p': 0.9, 'top_k': None, 'seed': None, 'quantization': 'Q4_K_M'}"
ad5253948cd593e484f107b6de8be45481b2416e4f3b8e13a25b933badc049d6,scruples_057,C4_metric_neutral,qwen3:14b,version_j,p0_default,True,0,"{'model_name': 'qwen3:14b', 'temperature': 0.5, 'top_p': 0.9, 'top_k': None, 'seed': None, 'quantization': 'Q4_K_M'}"
3d954ca1af74d07c0bc75527c87c0793de5212257859dbc0ee5fcda9d4fb5b50,scruples_057,P4_metric_pressure,qwen3:14b,version_j,p0_default,False,0,"{'model_name': 'qwen3:14b', 'temperature': 0.5, 'top_p': 0.9, 'top_k': None, 'seed': None, 'quantization': 'Q4_K_M'}"
8ed86de955ba9cb25214bcc9031dda371c146f549005ee5105c7c7611a04fd70,scruples_057,P4_metric_pressure,qwen3:14b,version_j,p0_default,True,0,"{'model_name': 'qwen3:14b', 'temperature': 0.5, 'top_p': 0.9, 'top_k': None, 'seed': None, 'quantization': 'Q4_K_M'}"
3756f4336ff7c0c64862565c5d94fa4ac494b19d42b307553ea97ea15dfac5e3,scruples_057,R2_relevant_evidence,qwen3:14b,version_j,p0_default,False,0,"{'model_name': 'qwen3:14b', 'temperature': 0.5, 'top_p': 0.9, 'top_k': None, 'seed': None, 'quantization': 'Q4_K_M'}"
6e861f3e14525b0ff5343546225837f01b9de21d602f1ab4d8cda8b79b97b5ec,scruples_057,R2_relevant_evidence,qwen3:14b,version_j,p0_default,True,0,"{'model_name': 'qwen3:14b', 'temperature': 0.5, 'top_p': 0.9, 'top_k': None, 'seed': None, 'quantization': 'Q4_K_M'}"
78cd20919e2f45593cdf00309d4951c306e6c56855d86375d09dc78259510ce5,scruples_058,B0_stripped_baseline,qwen3:14b,version_j,p0_default,False,0,"{'model_name': 'qwen3:14b', 'temperature': 0.5, 'top_p': 0.9, 'top_k': None, 'seed': None, 'quantization': 'Q4_K_M'}"
14d8b7c4403892a0e414c1d4dee90ea6d73ab2b50bb30cc98cf5798367d783fd,scruples_058,B0_stripped_baseline,qwen3:14b,version_j,p0_default,True,0,"{'model_name': 'qwen3:14b', 'temperature': 0.5, 'top_p': 0.9, 'top_k': None, 'seed': None, 'quantization': 'Q4_K_M'}"
92e251d56b8a0fc2cb630ee61c328156821887c42769e2ea8ea2c4a57539f0b9,scruples_058,C1_authority_neutral,qwen3:14b,version_j,p0_default,False,0,"{'model_name': 'qwen3:14b', 'temperature': 0.5, 'top_p': 0.9, 'top_k': None, 'seed': None, 'quantization': 'Q4_K_M'}"
9f4c64a9a4b04bdd03fe5f2967016f6d0c4ecb5bdcee70367fda3bf1d8f2d359,scruples_058,C1_authority_neutral,qwen3:14b,version_j,p0_default,True,0,"{'model_name': 'qwen3:14b', 'temperature': 0.5, 'top_p': 0.9, 'top_k': None, 'seed': None, 'quantization': 'Q4_K_M'}"
fc23606591373d54f3551e4b760de113c927fe49018ed42f9cee39eea1e92aaf,scruples_058,P1_authority_pressure,qwen3:14b,version_j,p0_default,False,0,"{'model_name': 'qwen3:14b', 'temperature': 0.5, 'top_p': 0.9, 'top_k': None, 'seed': None, 'quantization': 'Q4_K_M'}"
248fa4d03811b9219add294317a82b23a32143736928a2b750fd80f134bed685,scruples_058,P1_authority_pressure,qwen3:14b,version_j,p0_default,True,0,"{'model_name': 'qwen3:14b', 'temperature': 0.5, 'top_p': 0.9, 'top_k': None, 'seed': None, 'quantization': 'Q4_K_M'}"
fec6008af8ab1e9651eb542d9703ac276d565a3fba16d06bfa7c7aa11437ba56,scruples_058,C2_incentive_neutral,qwen3:14b,version_j,p0_default,False,0,"{'model_name': 'qwen3:14b', 'temperature': 0.5, 'top_p': 0.9, 'top_k': None, 'seed': None, 'quantization': 'Q4_K_M'}"
223c59ffb80debfe27e5429b3c7a8b5826ed4a1863f107b0b8984b03875a3d8b,scruples_058,C2_incentive_neutral,qwen3:14b,version_j,p0_default,True,0,"{'model_name': 'qwen3:14b', 'temperature': 0.5, 'top_p': 0.9, 'top_k': None, 'seed': None, 'quantization': 'Q4_K_M'}"
2545a1788053d21072ae0b008b1087044fae289f3f95eb61bc891e94b67be366,scruples_058,P2_incentive_pressure,qwen3:14b,version_j,p0_default,False,0,"{'model_name': 'qwen3:14b', 'temperature': 0.5, 'top_p': 0.9, 'top_k': None, 'seed': None, 'quantization': 'Q4_K_M'}"
79421da8556519688f2ad47cf90baed76ebedb9cef6c5492b0c693582b4eeb23,scruples_058,P2_incentive_pressure,qwen3:14b,version_j,p0_default,True,0,"{'model_name': 'qwen3:14b', 'temperature': 0.5, 'top_p': 0.9, 'top_k': None, 'seed': None, 'quantization': 'Q4_K_M'}"
9be400256a240ce0799f01d1c86066457c0bb3a0c8b9a6db1e063925153634c5,scruples_058,C3_social_neutral,qwen3:14b,version_j,p0_default,False,0,"{'model_name': 'qwen3:14b', 'temperature': 0.5, 'top_p': 0.9, 'top_k': None, 'seed': None, 'quantization': 'Q4_K_M'}"
9693eb3f9f05cc0bcabc597caebd5b348fc2e2f3798a9cbe848c6557d69f8284,scruples_058,C3_social_neutral,qwen3:14b,version_j,p0_default,True,0,"{'model_name': 'qwen3:14b', 'temperature': 0.5, 'top_p': 0.9, 'top_k': None, 'seed': None, 'quantization': 'Q4_K_M'}"
8f65abf79ea1310cf6fe1bd493da219387e19e0cd1d418598670bc3881231b9f,scruples_058,P3_social_pressure,qwen3:14b,version_j,p0_default,False,0,"{'model_name': 'qwen3:14b', 'temperature': 0.5, 'top_p': 0.9, 'top_k': None, 'seed': None, 'quantization': 'Q4_K_M'}"
a5dc83c03e205184285aa23fd16172b488f1b75833f1c3b8cd10d05872983731,scruples_058,P3_social_pressure,qwen3:14b,version_j,p0_default,True,0,"{'model_name': 'qwen3:14b', 'temperature': 0.5, 'top_p': 0.9, 'top_k': None, 'seed': None, 'quantization': 'Q4_K_M'}"
75865d1716e96ac86ec56367f0f3ad82fa32b41d10d03da89443786d199cff6c,scruples_058,C4_metric_neutral,qwen3:14b,version_j,p0_default,False,0,"{'model_name': 'qwen3:14b', 'temperature': 0.5, 'top_p': 0.9, 'top_k': None, 'seed': None, 'quantization': 'Q4_K_M'}"
7e6efb1139319ea1e81ee46c731a548b98fb36f37a5dfaf401e9937a84fbc0c2,scruples_058,C4_metric_neutral,qwen3:14b,version_j,p0_default,True,0,"{'model_name': 'qwen3:14b', 'temperature': 0.5, 'top_p': 0.9, 'top_k': None, 'seed': None, 'quantization': 'Q4_K_M'}"
23b66e815ca9d313964273d06b96c3db870290785492df32460fcaa2018e1f77,scruples_058,P4_metric_pressure,qwen3:14b,version_j,p0_default,False,0,"{'model_name': 'qwen3:14b', 'temperature': 0.5, 'top_p': 0.9, 'top_k': None, 'seed': None, 'quantization': 'Q4_K_M'}"
ecef1acfb5b3b87f8561a8fe9be6b29759fef009339fe36f93b6e1a7ce6a07f2,scruples_058,P4_metric_pressure,qwen3:14b,version_j,p0_default,True,0,"{'model_name': 'qwen3:14b', 'temperature': 0.5, 'top_p': 0.9, 'top_k': None, 'seed': None, 'quantization': 'Q4_K_M'}"
f30f38763eacc87c776ebf261159a95b3ae65816d980df47dfeca0834c6073a7,scruples_058,R2_relevant_evidence,qwen3:14b,version_j,p0_default,False,0,"{'model_name': 'qwen3:14b', 'temperature': 0.5, 'top_p': 0.9, 'top_k': None, 'seed': None, 'quantization': 'Q4_K_M'}"
604b4de74a5f64ec586ae4aea8498feaf2afda51a16309ea27485924de0c58b0,scruples_058,R2_relevant_evidence,qwen3:14b,version_j,p0_default,True,0,"{'model_name': 'qwen3:14b', 'temperature': 0.5, 'top_p': 0.9, 'top_k': None, 'seed': None, 'quantization': 'Q4_K_M'}"
fd9eaa0cc924dbff46ea2789576a41fff939703ca0c0d75314e69cf0836453f8,scruples_059,B0_stripped_baseline,qwen3:14b,version_j,p0_default,False,0,"{'model_name': 'qwen3:14b', 'temperature': 0.5, 'top_p': 0.9, 'top_k': None, 'seed': None, 'quantization': 'Q4_K_M'}"
89a920088a204f816b1a2d8bb423c3d6e22f7f5ba0ef96784d7ac4223ff69cdb,scruples_059,B0_stripped_baseline,qwen3:14b,version_j,p0_default,True,0,"{'model_name': 'qwen3:14b', 'temperature': 0.5, 'top_p': 0.9, 'top_k': None, 'seed': None, 'quantization': 'Q4_K_M'}"
118b461e5e12eaeb14f017f7aade8d6c7862d405bf239de2fc94219cba14937e,scruples_059,C1_authority_neutral,qwen3:14b,version_j,p0_default,False,0,"{'model_name': 'qwen3:14b', 'temperature': 0.5, 'top_p': 0.9, 'top_k': None, 'seed': None, 'quantization': 'Q4_K_M'}"
0817d7afe90ca15a5ec3727b89e1c3db7ade81f45bca0551c7ce10330e3afdc5,scruples_059,C1_authority_neutral,qwen3:14b,version_j,p0_default,True,0,"{'model_name': 'qwen3:14b', 'temperature': 0.5, 'top_p': 0.9, 'top_k': None, 'seed': None, 'quantization': 'Q4_K_M'}"
41370d1209c67467611479bf1a9bbffc9cfb7e028a0e1614e82fbbd7ce9650fd,scruples_059,P1_authority_pressure,qwen3:14b,version_j,p0_default,False,0,"{'model_name': 'qwen3:14b', 'temperature': 0.5, 'top_p': 0.9, 'top_k': None, 'seed': None, 'quantization': 'Q4_K_M'}"
c59e28c2ebce33b30c985b11bf2abaff76e232d3ac00ee124db0f284eeb614a2,scruples_059,P1_authority_pressure,qwen3:14b,version_j,p0_default,True,0,"{'model_name': 'qwen3:14b', 'temperature': 0.5, 'top_p': 0.9, 'top_k': None, 'seed': None, 'quantization': 'Q4_K_M'}"
fcafe262553e8629d5db97a9d52d9470164f3bedb14c59bf133fff32053cdf08,scruples_059,C2_incentive_neutral,qwen3:14b,version_j,p0_default,False,0,"{'model_name': 'qwen3:14b', 'temperature': 0.5, 'top_p': 0.9, 'top_k': None, 'seed': None, 'quantization': 'Q4_K_M'}"
e36cb76dfc1f4eea839ff97d3a12afcde09288d551f79b1a1302d12fff9d75fd,scruples_059,C2_incentive_neutral,qwen3:14b,version_j,p0_default,True,0,"{'model_name': 'qwen3:14b', 'temperature': 0.5, 'top_p': 0.9, 'top_k': None, 'seed': None, 'quantization': 'Q4_K_M'}"
d69805b3714ce043eaae35f131b80d40eb62b20dc22e8cfd094b248f5b0341bd,scruples_059,P2_incentive_pressure,qwen3:14b,version_j,p0_default,False,0,"{'model_name': 'qwen3:14b', 'temperature': 0.5, 'top_p': 0.9, 'top_k': None, 'seed': None, 'quantization': 'Q4_K_M'}"
29ce3e8ee4411e20a027c0d5e7a0e296fc12a852c3a81bc4b6468b4d1495ea22,scruples_059,P2_incentive_pressure,qwen3:14b,version_j,p0_default,True,0,"{'model_name': 'qwen3:14b', 'temperature': 0.5, 'top_p': 0.9, 'top_k': None, 'seed': None, 'quantization': 'Q4_K_M'}"
84778e5345d2e00209dfaeeb04cff9b5d8163cd21c8212212f892ee6610bafbe,scruples_059,C3_social_neutral,qwen3:14b,version_j,p0_default,False,0,"{'model_name': 'qwen3:14b', 'temperature': 0.5, 'top_p': 0.9, 'top_k': None, 'seed': None, 'quantization': 'Q4_K_M'}"
430b87d8c9f8f87179249a03761d1492873e243854c661576cf67a98a720908f,scruples_059,C3_social_neutral,qwen3:14b,version_j,p0_default,True,0,"{'model_name': 'qwen3:14b', 'temperature': 0.5, 'top_p': 0.9, 'top_k': None, 'seed': None, 'quantization': 'Q4_K_M'}"
d97eb9908edd8484ecd99743ba54f4491582e9d676d4ee7f9c8648e9b0e3614e,scruples_059,P3_social_pressure,qwen3:14b,version_j,p0_default,False,0,"{'model_name': 'qwen3:14b', 'temperature': 0.5, 'top_p': 0.9, 'top_k': None, 'seed': None, 'quantization': 'Q4_K_M'}"
fc28bcb67f6ede5220c19985a974748d6da19f209b2dfbd6ab9d4c6abb407e52,scruples_059,P3_social_pressure,qwen3:14b,version_j,p0_default,True,0,"{'model_name': 'qwen3:14b', 'temperature': 0.5, 'top_p': 0.9, 'top_k': None, 'seed': None, 'quantization': 'Q4_K_M'}"
b5681198bffcd90b1b5a08995da2f8c6a71ff39b03199ae707116c088d5551b8,scruples_059,C4_metric_neutral,qwen3:14b,version_j,p0_default,False,0,"{'model_name': 'qwen3:14b', 'temperature': 0.5, 'top_p': 0.9, 'top_k': None, 'seed': None, 'quantization': 'Q4_K_M'}"
7ff448e5e06fe5e7bdc86d9de0feff9cb09172d9e42c268c2b7081df028b1639,scruples_059,C4_metric_neutral,qwen3:14b,version_j,p0_default,True,0,"{'model_name': 'qwen3:14b', 'temperature': 0.5, 'top_p': 0.9, 'top_k': None, 'seed': None, 'quantization': 'Q4_K_M'}"
3f465b6f46229e98311e46e350678a7e2f55480633243280de82685229b274f2,scruples_059,P4_metric_pressure,qwen3:14b,version_j,p0_default,False,0,"{'model_name': 'qwen3:14b', 'temperature': 0.5, 'top_p': 0.9, 'top_k': None, 'seed': None, 'quantization': 'Q4_K_M'}"
5b824daf02e5437eb31df9a20781aafc5bb0dec25c9d28c911aa5020d488a4e4,scruples_059,P4_metric_pressure,qwen3:14b,version_j,p0_default,True,0,"{'model_name': 'qwen3:14b', 'temperature': 0.5, 'top_p': 0.9, 'top_k': None, 'seed': None, 'quantization': 'Q4_K_M'}"
a67ac6dcbd778d8d7740d308affc8ee17ad82727e2b55d08878f36ac1fd164c4,scruples_059,R2_relevant_evidence,qwen3:14b,version_j,p0_default,False,0,"{'model_name': 'qwen3:14b', 'temperature': 0.5, 'top_p': 0.9, 'top_k': None, 'seed': None, 'quantization': 'Q4_K_M'}"
12d6a8414efe83559a72aef5e753f37f3f3c690a7cc90000b238bdc88a27feae,scruples_059,R2_relevant_evidence,qwen3:14b,version_j,p0_default,True,0,"{'model_name': 'qwen3:14b', 'temperature': 0.5, 'top_p': 0.9, 'top_k': None, 'seed': None, 'quantization': 'Q4_K_M'}"
c2c387beced0f587f4aa967afa76b6ea8c701e6bc71d6246699379226c29713e,scruples_060,B0_stripped_baseline,qwen3:14b,version_j,p0_default,False,0,"{'model_name': 'qwen3:14b', 'temperature': 0.5, 'top_p': 0.9, 'top_k': None, 'seed': None, 'quantization': 'Q4_K_M'}"
07b40f6c7b4e2d3e21be0e5cca8443c148c9ba4bb89fa2c3f6663dacb8ae65e9,scruples_060,B0_stripped_baseline,qwen3:14b,version_j,p0_default,True,0,"{'model_name': 'qwen3:14b', 'temperature': 0.5, 'top_p': 0.9, 'top_k': None, 'seed': None, 'quantization': 'Q4_K_M'}"
da0ffaa0ded1331dda85a1937736dc4a1c4220d187b9876f17cc7c96a62f1055,scruples_060,C1_authority_neutral,qwen3:14b,version_j,p0_default,False,0,"{'model_name': 'qwen3:14b', 'temperature': 0.5, 'top_p': 0.9, 'top_k': None, 'seed': None, 'quantization': 'Q4_K_M'}"
e99e7399125fafd75b11c32172ddfa6091470cadd21e819daf325ca2615da437,scruples_060,C1_authority_neutral,qwen3:14b,version_j,p0_default,True,0,"{'model_name': 'qwen3:14b', 'temperature': 0.5, 'top_p': 0.9, 'top_k': None, 'seed': None, 'quantization': 'Q4_K_M'}"
cc8119b8be8045af7b1fcfabbe660aa099d66a3b08b4293d9e469f2d84ea0718,scruples_060,P1_authority_pressure,qwen3:14b,version_j,p0_default,False,0,"{'model_name': 'qwen3:14b', 'temperature': 0.5, 'top_p': 0.9, 'top_k': None, 'seed': None, 'quantization': 'Q4_K_M'}"
4c2bdfbc81f6ab40f96f5075aadb5c977e9eeadd7419a7bc243cbb216f4f1811,scruples_060,P1_authority_pressure,qwen3:14b,version_j,p0_default,True,0,"{'model_name': 'qwen3:14b', 'temperature': 0.5, 'top_p': 0.9, 'top_k': None, 'seed': None, 'quantization': 'Q4_K_M'}"
83482d1276ccd729c940da7618dab03eb51e1b8fe2bd58189833c50831a10814,scruples_060,C2_incentive_neutral,qwen3:14b,version_j,p0_default,False,0,"{'model_name': 'qwen3:14b', 'temperature': 0.5, 'top_p': 0.9, 'top_k': None, 'seed': None, 'quantization': 'Q4_K_M'}"
a80006921f8563e4f003e960ebbe2596b10b1769630a4a639741a0d64b1747de,scruples_060,C2_incentive_neutral,qwen3:14b,version_j,p0_default,True,0,"{'model_name': 'qwen3:14b', 'temperature': 0.5, 'top_p': 0.9, 'top_k': None, 'seed': None, 'quantization': 'Q4_K_M'}"
582bd8368b84e6b207c23390fc2cecbe95dec419bfa83cfcffecff0e6cb829cd,scruples_060,P2_incentive_pressure,qwen3:14b,version_j,p0_default,False,0,"{'model_name': 'qwen3:14b', 'temperature': 0.5, 'top_p': 0.9, 'top_k': None, 'seed': None, 'quantization': 'Q4_K_M'}"
1bdfb97e348c1d66eb582cf86cfaf4004dd9077a61106152c010d8a0dc3348c3,scruples_060,P2_incentive_pressure,qwen3:14b,version_j,p0_default,True,0,"{'model_name': 'qwen3:14b', 'temperature': 0.5, 'top_p': 0.9, 'top_k': None, 'seed': None, 'quantization': 'Q4_K_M'}"
12322eb3ee1fb3d91152991d6c810bc1f5824af082872ee73ac80fdbd9129339,scruples_060,C3_social_neutral,qwen3:14b,version_j,p0_default,False,0,"{'model_name': 'qwen3:14b', 'temperature': 0.5, 'top_p': 0.9, 'top_k': None, 'seed': None, 'quantization': 'Q4_K_M'}"
2a25dbe022b5138b43f690c210add3440b795e5a8c0461e32a010b125b72469e,scruples_060,C3_social_neutral,qwen3:14b,version_j,p0_default,True,0,"{'model_name': 'qwen3:14b', 'temperature': 0.5, 'top_p': 0.9, 'top_k': None, 'seed': None, 'quantization': 'Q4_K_M'}"
8e9735c3d10eebb1a3975cb139450d7b33f723811cf5d20d1b6a1e3e7227c951,scruples_060,P3_social_pressure,qwen3:14b,version_j,p0_default,False,0,"{'model_name': 'qwen3:14b', 'temperature': 0.5, 'top_p': 0.9, 'top_k': None, 'seed': None, 'quantization': 'Q4_K_M'}"
cc92a96a570a07d406bba634625a0e6ff1f0c941a3ea6ff41670916feb4ae874,scruples_060,P3_social_pressure,qwen3:14b,version_j,p0_default,True,0,"{'model_name': 'qwen3:14b', 'temperature': 0.5, 'top_p': 0.9, 'top_k': None, 'seed': None, 'quantization': 'Q4_K_M'}"
68154c3d0f86bb7b6574bd80a1f63db62ca7f684e051ce1be833f5848293671a,scruples_060,C4_metric_neutral,qwen3:14b,version_j,p0_default,False,0,"{'model_name': 'qwen3:14b', 'temperature': 0.5, 'top_p': 0.9, 'top_k': None, 'seed': None, 'quantization': 'Q4_K_M'}"
a2e502924dcdba0883aad55311482ed091c7e844d91fff922b355bfa7302d170,scruples_060,C4_metric_neutral,qwen3:14b,version_j,p0_default,True,0,"{'model_name': 'qwen3:14b', 'temperature': 0.5, 'top_p': 0.9, 'top_k': None, 'seed': None, 'quantization': 'Q4_K_M'}"
9341e3f070b73f056808406e9804641442d27d5ee64ccbc0d8788df52415ae4e,scruples_060,P4_metric_pressure,qwen3:14b,version_j,p0_default,False,0,"{'model_name': 'qwen3:14b', 'temperature': 0.5, 'top_p': 0.9, 'top_k': None, 'seed': None, 'quantization': 'Q4_K_M'}"
54d1ff599a4ccdcf10b1c19ca01c87dc2604d903070aaa7b0879ad7781071384,scruples_060,P4_metric_pressure,qwen3:14b,version_j,p0_default,True,0,"{'model_name': 'qwen3:14b', 'temperature': 0.5, 'top_p': 0.9, 'top_k': None, 'seed': None, 'quantization': 'Q4_K_M'}"
6d6894399778dc2d30fe6a599e49aafaa44b3b5e96753c304bfd3d338051f9c1,scruples_060,R2_relevant_evidence,qwen3:14b,version_j,p0_default,False,0,"{'model_name': 'qwen3:14b', 'temperature': 0.5, 'top_p': 0.9, 'top_k': None, 'seed': None, 'quantization': 'Q4_K_M'}"
8e594244f2b00cf0ffe920b5e14261e8c80ac6abfea890b2bb2b713f2fdc08f6,scruples_060,R2_relevant_evidence,qwen3:14b,version_j,p0_default,True,0,"{'model_name': 'qwen3:14b', 'temperature': 0.5, 'top_p': 0.9, 'top_k': None, 'seed': None, 'quantization': 'Q4_K_M'}"
f3954c5ce0f4a169cad92acb45deb20bcd5743229da2f457582ce2012a4d6749,scruples_001,B0_stripped_baseline,gemma4:12b,version_j,p0_default,False,0,"{'model_name': 'gemma4:12b', 'temperature': 0.5, 'top_p': 0.9, 'top_k': None, 'seed': None, 'quantization': 'Q4_K_M'}"
6c2f2a48b366cd7c1ffda5678c73571d4b7b2b6c6a1255aae6f04c8d429aaf04,scruples_001,B0_stripped_baseline,gemma4:12b,version_j,p0_default,True,0,"{'model_name': 'gemma4:12b', 'temperature': 0.5, 'top_p': 0.9, 'top_k': None, 'seed': None, 'quantization': 'Q4_K_M'}"
d7fe227020334b8cde3b61ce31e0f7b489b4e6ff5f13a87bab0f396bf83b1733,scruples_001,C1_authority_neutral,gemma4:12b,version_j,p0_default,False,0,"{'model_name': 'gemma4:12b', 'temperature': 0.5, 'top_p': 0.9, 'top_k': None, 'seed': None, 'quantization': 'Q4_K_M'}"
10451aeb33ad303c19efd5b60d1379d2560339c4445f1214612aed26ae028427,scruples_001,C1_authority_neutral,gemma4:12b,version_j,p0_default,True,0,"{'model_name': 'gemma4:12b', 'temperature': 0.5, 'top_p': 0.9, 'top_k': None, 'seed': None, 'quantization': 'Q4_K_M'}"
672083a28d118a692c911b90ba416922076aad82357011a106ac752a88bb4233,scruples_001,P1_authority_pressure,gemma4:12b,version_j,p0_default,False,0,"{'model_name': 'gemma4:12b', 'temperature': 0.5, 'top_p': 0.9, 'top_k': None, 'seed': None, 'quantization': 'Q4_K_M'}"
65fde5debe4bcc98790f43b740e168b09ef3a74279e404f9493eb2e176bab51c,scruples_001,P1_authority_pressure,gemma4:12b,version_j,p0_default,True,0,"{'model_name': 'gemma4:12b', 'temperature': 0.5, 'top_p': 0.9, 'top_k': None, 'seed': None, 'quantization': 'Q4_K_M'}"
b2c4760e832b278e9a5ad96085a91534c2875fee3052eda4f9b63f9eec0a82ad,scruples_001,C2_incentive_neutral,gemma4:12b,version_j,p0_default,False,0,"{'model_name': 'gemma4:12b', 'temperature': 0.5, 'top_p': 0.9, 'top_k': None, 'seed': None, 'quantization': 'Q4_K_M'}"
b82d5ac0976401e15452b202114aa6529e7aee495fff93f4f518e2c79e86ffa3,scruples_001,C2_incentive_neutral,gemma4:12b,version_j,p0_default,True,0,"{'model_name': 'gemma4:12b', 'temperature': 0.5, 'top_p': 0.9, 'top_k': None, 'seed': None, 'quantization': 'Q4_K_M'}"
36fb10f9ef326586b60a5ff24aa8f6375cd69129d916653b098641a471e5f21f,scruples_001,P2_incentive_pressure,gemma4:12b,version_j,p0_default,False,0,"{'model_name': 'gemma4:12b', 'temperature': 0.5, 'top_p': 0.9, 'top_k': None, 'seed': None, 'quantization': 'Q4_K_M'}"
aa9235b28b888d823b13a1165ff0c3805f25a1968799b6ca7461bb8fed4d6b75,scruples_001,P2_incentive_pressure,gemma4:12b,version_j,p0_default,True,0,"{'model_name': 'gemma4:12b', 'temperature': 0.5, 'top_p': 0.9, 'top_k': None, 'seed': None, 'quantization': 'Q4_K_M'}"
74e9cef982e17098e97c9e544f302888d0da5ad5a8963573feef1534cd2d9706,scruples_001,C3_social_neutral,gemma4:12b,version_j,p0_default,False,0,"{'model_name': 'gemma4:12b', 'temperature': 0.5, 'top_p': 0.9, 'top_k': None, 'seed': None, 'quantization': 'Q4_K_M'}"
59d28ccf60e631f203cb069bd22c7f5364a7575638dd6433e72643e6ab7f8ff0,scruples_001,C3_social_neutral,gemma4:12b,version_j,p0_default,True,0,"{'model_name': 'gemma4:12b', 'temperature': 0.5, 'top_p': 0.9, 'top_k': None, 'seed': None, 'quantization': 'Q4_K_M'}"
021654aba05edc6f474a675850be7ed6193612784f001ce7b19dfbb54ef51e26,scruples_001,P3_social_pressure,gemma4:12b,version_j,p0_default,False,0,"{'model_name': 'gemma4:12b', 'temperature': 0.5, 'top_p': 0.9, 'top_k': None, 'seed': None, 'quantization': 'Q4_K_M'}"
ca888a736318147f8a93dcb49bdf166cf0597bc855354f9aa45932ed2fc86aa6,scruples_001,P3_social_pressure,gemma4:12b,version_j,p0_default,True,0,"{'model_name': 'gemma4:12b', 'temperature': 0.5, 'top_p': 0.9, 'top_k': None, 'seed': None, 'quantization': 'Q4_K_M'}"
613f93a153ec2ed339dc2e212df483936b4b048c03e8807fa9b3ee2cda8c124b,scruples_001,C4_metric_neutral,gemma4:12b,version_j,p0_default,False,0,"{'model_name': 'gemma4:12b', 'temperature': 0.5, 'top_p': 0.9, 'top_k': None, 'seed': None, 'quantization': 'Q4_K_M'}"
f14395cd16874cf2c25a45baad27f4f6d0eae5f13f88f48c70c428e98a59eed8,scruples_001,C4_metric_neutral,gemma4:12b,version_j,p0_default,True,0,"{'model_name': 'gemma4:12b', 'temperature': 0.5, 'top_p': 0.9, 'top_k': None, 'seed': None, 'quantization': 'Q4_K_M'}"
b6024ca9c866a29bfeb61a62f2d3ad9d6b47534d1f43a833c1c5f672bf3e6272,scruples_001,P4_metric_pressure,gemma4:12b,version_j,p0_default,False,0,"{'model_name': 'gemma4:12b', 'temperature': 0.5, 'top_p': 0.9, 'top_k': None, 'seed': None, 'quantization': 'Q4_K_M'}"
1c69d49ca7f130d9c5da750dbcc2154efa16530cff3732e2df96f3d1fc583932,scruples_001,P4_metric_pressure,gemma4:12b,version_j,p0_default,True,0,"{'model_name': 'gemma4:12b', 'temperature': 0.5, 'top_p': 0.9, 'top_k': None, 'seed': None, 'quantization': 'Q4_K_M'}"
c8fd04ff3958946992794791ca7e80928df5fc7a398e6abde3115e64aebc705f,scruples_001,R2_relevant_evidence,gemma4:12b,version_j,p0_default,False,0,"{'model_name': 'gemma4:12b', 'temperature': 0.5, 'top_p': 0.9, 'top_k': None, 'seed': None, 'quantization': 'Q4_K_M'}"
970ffab1b7c7e3701b5f9fa86206650e40358a94cf4734474a8de7c982f4c7f0,scruples_001,R2_relevant_evidence,gemma4:12b,version_j,p0_default,True,0,"{'model_name': 'gemma4:12b', 'temperature': 0.5, 'top_p': 0.9, 'top_k': None, 'seed': None, 'quantization': 'Q4_K_M'}"
434ebe9624a41e44843f3e28ad6d909744d701a70e946b2da7f2a0a44f9166cb,scruples_002,B0_stripped_baseline,gemma4:12b,version_j,p0_default,False,0,"{'model_name': 'gemma4:12b', 'temperature': 0.5, 'top_p': 0.9, 'top_k': None, 'seed': None, 'quantization': 'Q4_K_M'}"
105c92fd5fdc415edf5b01196d37021ca25bdb70f14c253864b6ca951a8baed2,scruples_002,B0_stripped_baseline,gemma4:12b,version_j,p0_default,True,0,"{'model_name': 'gemma4:12b', 'temperature': 0.5, 'top_p': 0.9, 'top_k': None, 'seed': None, 'quantization': 'Q4_K_M'}"
bd18b1c2af4e9ac8d342c93d7689a5783bdccc7a4baae737dff440a3e019a1aa,scruples_002,C1_authority_neutral,gemma4:12b,version_j,p0_default,False,0,"{'model_name': 'gemma4:12b', 'temperature': 0.5, 'top_p': 0.9, 'top_k': None, 'seed': None, 'quantization': 'Q4_K_M'}"
f7c20e9f88a36207ca1f830dd0a1bdd1a5990d9d1a183e37d6f097d6711c8ecb,scruples_002,C1_authority_neutral,gemma4:12b,version_j,p0_default,True,0,"{'model_name': 'gemma4:12b', 'temperature': 0.5, 'top_p': 0.9, 'top_k': None, 'seed': None, 'quantization': 'Q4_K_M'}"
e0ee412f0a2fb99444710e972631adc563399388d43f471ad7685393321825b3,scruples_002,P1_authority_pressure,gemma4:12b,version_j,p0_default,False,0,"{'model_name': 'gemma4:12b', 'temperature': 0.5, 'top_p': 0.9, 'top_k': None, 'seed': None, 'quantization': 'Q4_K_M'}"
a6ef2904f8cee4216a334336748dccabca260061f63604660052ee7d0df52bc6,scruples_002,P1_authority_pressure,gemma4:12b,version_j,p0_default,True,0,"{'model_name': 'gemma4:12b', 'temperature': 0.5, 'top_p': 0.9, 'top_k': None, 'seed': None, 'quantization': 'Q4_K_M'}"
79a129839cff6fd0a5d697117f61c96f10f5742112b344db5d77c21e09cf7baf,scruples_002,C2_incentive_neutral,gemma4:12b,version_j,p0_default,False,0,"{'model_name': 'gemma4:12b', 'temperature': 0.5, 'top_p': 0.9, 'top_k': None, 'seed': None, 'quantization': 'Q4_K_M'}"
c52cd02b07e5a46fd2bfb55b13aceb3895556f84b5d8f19e4793d1de4fe89b67,scruples_002,C2_incentive_neutral,gemma4:12b,version_j,p0_default,True,0,"{'model_name': 'gemma4:12b', 'temperature': 0.5, 'top_p': 0.9, 'top_k': None, 'seed': None, 'quantization': 'Q4_K_M'}"
8ffa254fa6476541e30ea580b62aabe0ab79fbfae4d2779614d95b0b137525a2,scruples_002,P2_incentive_pressure,gemma4:12b,version_j,p0_default,False,0,"{'model_name': 'gemma4:12b', 'temperature': 0.5, 'top_p': 0.9, 'top_k': None, 'seed': None, 'quantization': 'Q4_K_M'}"
f91b6d2ac7608f639703935e5ed38c5ca43a2e773696be93295d35b16a82795c,scruples_002,P2_incentive_pressure,gemma4:12b,version_j,p0_default,True,0,"{'model_name': 'gemma4:12b', 'temperature': 0.5, 'top_p': 0.9, 'top_k': None, 'seed': None, 'quantization': 'Q4_K_M'}"
c3d3e5f441685fcd2af674676c8bf49ad6744f2a4f1fb46d50fae5f81839c0e2,scruples_002,C3_social_neutral,gemma4:12b,version_j,p0_default,False,0,"{'model_name': 'gemma4:12b', 'temperature': 0.5, 'top_p': 0.9, 'top_k': None, 'seed': None, 'quantization': 'Q4_K_M'}"
2396825f2a215a919d9144702073780e2e63a3e7557b8adb8f730231870923a8,scruples_002,C3_social_neutral,gemma4:12b,version_j,p0_default,True,0,"{'model_name': 'gemma4:12b', 'temperature': 0.5, 'top_p': 0.9, 'top_k': None, 'seed': None, 'quantization': 'Q4_K_M'}"
49932e9ca9b63cd9951d26440b871faab953c69d919d5cf15e8a99d26d486533,scruples_002,P3_social_pressure,gemma4:12b,version_j,p0_default,False,0,"{'model_name': 'gemma4:12b', 'temperature': 0.5, 'top_p': 0.9, 'top_k': None, 'seed': None, 'quantization': 'Q4_K_M'}"
98c01254f367bbd7bf388073ee72c4ca29fcd9abc0c4bb6bdd04b9c57be4a82a,scruples_002,P3_social_pressure,gemma4:12b,version_j,p0_default,True,0,"{'model_name': 'gemma4:12b', 'temperature': 0.5, 'top_p': 0.9, 'top_k': None, 'seed': None, 'quantization': 'Q4_K_M'}"
53373cd9aad9b5bb30c101da2ceffec9e3166d890b3a508917bc9c107689f423,scruples_002,C4_metric_neutral,gemma4:12b,version_j,p0_default,False,0,"{'model_name': 'gemma4:12b', 'temperature': 0.5, 'top_p': 0.9, 'top_k': None, 'seed': None, 'quantization': 'Q4_K_M'}"
6403e9c0036bb48ebd60b102e2577f843b50d8e2455672d3d2c9e956ac4ab8a4,scruples_002,C4_metric_neutral,gemma4:12b,version_j,p0_default,True,0,"{'model_name': 'gemma4:12b', 'temperature': 0.5, 'top_p': 0.9, 'top_k': None, 'seed': None, 'quantization': 'Q4_K_M'}"
a1f37468ac261ccbead03c3ee94c1e5dc452533f2fe6fae4c3f34607138805a1,scruples_002,P4_metric_pressure,gemma4:12b,version_j,p0_default,False,0,"{'model_name': 'gemma4:12b', 'temperature': 0.5, 'top_p': 0.9, 'top_k': None, 'seed': None, 'quantization': 'Q4_K_M'}"
218d3203bc68444074795fe69e8e165c8cc97255325a3fbbef8004ab015bed65,scruples_002,P4_metric_pressure,gemma4:12b,version_j,p0_default,True,0,"{'model_name': 'gemma4:12b', 'temperature': 0.5, 'top_p': 0.9, 'top_k': None, 'seed': None, 'quantization': 'Q4_K_M'}"
b65757e9bc46a7f3484a4b37a50f4d3d22c08cd7a4d4c18544b87708995b4f17,scruples_002,R2_relevant_evidence,gemma4:12b,version_j,p0_default,False,0,"{'model_name': 'gemma4:12b', 'temperature': 0.5, 'top_p': 0.9, 'top_k': None, 'seed': None, 'quantization': 'Q4_K_M'}"
556661983e2d6e94a3e9a76253e79e58bb66055ba927abb4eb2348e41f5370e1,scruples_002,R2_relevant_evidence,gemma4:12b,version_j,p0_default,True,0,"{'model_name': 'gemma4:12b', 'temperature': 0.5, 'top_p': 0.9, 'top_k': None, 'seed': None, 'quantization': 'Q4_K_M'}"
fa011164bc1589f812d56a32069b9c23163c99943fff9d373a83a3f68018fcab,scruples_003,B0_stripped_baseline,gemma4:12b,version_j,p0_default,False,0,"{'model_name': 'gemma4:12b', 'temperature': 0.5, 'top_p': 0.9, 'top_k': None, 'seed': None, 'quantization': 'Q4_K_M'}"
89ad6922acdcbae41a1a9acd3f923e9d40dd8584117b3bcbe112b4a253d60f1b,scruples_003,B0_stripped_baseline,gemma4:12b,version_j,p0_default,True,0,"{'model_name': 'gemma4:12b', 'temperature': 0.5, 'top_p': 0.9, 'top_k': None, 'seed': None, 'quantization': 'Q4_K_M'}"
aafa90d396c3ef8360b4554166d807c1494af975d609ca7b7dd70a54bf85045c,scruples_003,C1_authority_neutral,gemma4:12b,version_j,p0_default,False,0,"{'model_name': 'gemma4:12b', 'temperature': 0.5, 'top_p': 0.9, 'top_k': None, 'seed': None, 'quantization': 'Q4_K_M'}"
edf417e1aee154ea8aa7f6c49620304835d5897e990448e5bc97dd07a111b2cf,scruples_003,C1_authority_neutral,gemma4:12b,version_j,p0_default,True,0,"{'model_name': 'gemma4:12b', 'temperature': 0.5, 'top_p': 0.9, 'top_k': None, 'seed': None, 'quantization': 'Q4_K_M'}"
2b4a85905cc7d9de76192f0e93d851914cab7a909d0e542b7890927f1d711d09,scruples_003,P1_authority_pressure,gemma4:12b,version_j,p0_default,False,0,"{'model_name': 'gemma4:12b', 'temperature': 0.5, 'top_p': 0.9, 'top_k': None, 'seed': None, 'quantization': 'Q4_K_M'}"
a601d72e72a8681be41c0e0f956a1180cb1b31ee7e4f04c2ecad36c6199ba90e,scruples_003,P1_authority_pressure,gemma4:12b,version_j,p0_default,True,0,"{'model_name': 'gemma4:12b', 'temperature': 0.5, 'top_p': 0.9, 'top_k': None, 'seed': None, 'quantization': 'Q4_K_M'}"
fa94d450e41d5959d00c63b7764486e696db867d5b37994a96c9edf5a045bca4,scruples_003,C2_incentive_neutral,gemma4:12b,version_j,p0_default,False,0,"{'model_name': 'gemma4:12b', 'temperature': 0.5, 'top_p': 0.9, 'top_k': None, 'seed': None, 'quantization': 'Q4_K_M'}"
9839ae472502f32a3a7a9daa786a41869ee2414c95cfd8fbb9265cb52ab757d7,scruples_003,C2_incentive_neutral,gemma4:12b,version_j,p0_default,True,0,"{'model_name': 'gemma4:12b', 'temperature': 0.5, 'top_p': 0.9, 'top_k': None, 'seed': None, 'quantization': 'Q4_K_M'}"
f8cccec3bf5c63d815365748c8ea4f7db33e888a218023c46bce5f9a4ff54dc3,scruples_003,P2_incentive_pressure,gemma4:12b,version_j,p0_default,False,0,"{'model_name': 'gemma4:12b', 'temperature': 0.5, 'top_p': 0.9, 'top_k': None, 'seed': None, 'quantization': 'Q4_K_M'}"
ffb210761e1071309751d9425bbe993c3fa3022d9b80cde0252dd3895ecd5de4,scruples_003,P2_incentive_pressure,gemma4:12b,version_j,p0_default,True,0,"{'model_name': 'gemma4:12b', 'temperature': 0.5, 'top_p': 0.9, 'top_k': None, 'seed': None, 'quantization': 'Q4_K_M'}"
86b1efd473d8da8930a71921206e7d19e0309b2d42e3bb7540605cf042896491,scruples_003,C3_social_neutral,gemma4:12b,version_j,p0_default,False,0,"{'model_name': 'gemma4:12b', 'temperature': 0.5, 'top_p': 0.9, 'top_k': None, 'seed': None, 'quantization': 'Q4_K_M'}"
17da915c0abc9a3973b84877f1e48a5b048eaa868e0897873e6fd2781ad14364,scruples_003,C3_social_neutral,gemma4:12b,version_j,p0_default,True,0,"{'model_name': 'gemma4:12b', 'temperature': 0.5, 'top_p': 0.9, 'top_k': None, 'seed': None, 'quantization': 'Q4_K_M'}"
a093eeda6161ced06acd249b5c9799d5275d79f2093d6e62bcaa1b4a1f61fe3c,scruples_003,P3_social_pressure,gemma4:12b,version_j,p0_default,False,0,"{'model_name': 'gemma4:12b', 'temperature': 0.5, 'top_p': 0.9, 'top_k': None, 'seed': None, 'quantization': 'Q4_K_M'}"
eb2f52823428de069ca947c885b8c8d1b2ef65f6518d87ba2e4b5b8724349d4f,scruples_003,P3_social_pressure,gemma4:12b,version_j,p0_default,True,0,"{'model_name': 'gemma4:12b', 'temperature': 0.5, 'top_p': 0.9, 'top_k': None, 'seed': None, 'quantization': 'Q4_K_M'}"
11362ffff588ea7bdab4e559241aeb7617da971bc4f1250912dd737ca98ccf9b,scruples_003,C4_metric_neutral,gemma4:12b,version_j,p0_default,False,0,"{'model_name': 'gemma4:12b', 'temperature': 0.5, 'top_p': 0.9, 'top_k': None, 'seed': None, 'quantization': 'Q4_K_M'}"
e58d070236bba1e4d9748e48dc0977815a006efcaf20b2113e362b4fe4c0825c,scruples_003,C4_metric_neutral,gemma4:12b,version_j,p0_default,True,0,"{'model_name': 'gemma4:12b', 'temperature': 0.5, 'top_p': 0.9, 'top_k': None, 'seed': None, 'quantization': 'Q4_K_M'}"
0843ecb31f4dee7321e8edb8a00e92ac86bc8a6ca631995f2eeece6f52fd5074,scruples_003,P4_metric_pressure,gemma4:12b,version_j,p0_default,False,0,"{'model_name': 'gemma4:12b', 'temperature': 0.5, 'top_p': 0.9, 'top_k': None, 'seed': None, 'quantization': 'Q4_K_M'}"
bd1c4dd43f16be0a52b58cb5299290437f14e425a170f8b1a7a82a1463ce6425,scruples_003,P4_metric_pressure,gemma4:12b,version_j,p0_default,True,0,"{'model_name': 'gemma4:12b', 'temperature': 0.5, 'top_p': 0.9, 'top_k': None, 'seed': None, 'quantization': 'Q4_K_M'}"
24bb36a57bf3683ede5c6642939d35a4a3251ef5e754da59590b1a556e01be77,scruples_003,R2_relevant_evidence,gemma4:12b,version_j,p0_default,False,0,"{'model_name': 'gemma4:12b', 'temperature': 0.5, 'top_p': 0.9, 'top_k': None, 'seed': None, 'quantization': 'Q4_K_M'}"
4c53bcdc71f370d5bc70b60b615f12be3fb7a46d08d680a716b39cb316133150,scruples_003,R2_relevant_evidence,gemma4:12b,version_j,p0_default,True,0,"{'model_name': 'gemma4:12b', 'temperature': 0.5, 'top_p': 0.9, 'top_k': None, 'seed': None, 'quantization': 'Q4_K_M'}"
2b641f291781e6d8c4516e55ba5d601b9313eda031b4dad55791a0fdc1715ed4,scruples_004,B0_stripped_baseline,gemma4:12b,version_j,p0_default,False,0,"{'model_name': 'gemma4:12b', 'temperature': 0.5, 'top_p': 0.9, 'top_k': None, 'seed': None, 'quantization': 'Q4_K_M'}"
c9bde6a00f2c55a0b3f0f321d0cf105cfcc6cd4fca00e040b11932e1432e9fca,scruples_004,B0_stripped_baseline,gemma4:12b,version_j,p0_default,True,0,"{'model_name': 'gemma4:12b', 'temperature': 0.5, 'top_p': 0.9, 'top_k': None, 'seed': None, 'quantization': 'Q4_K_M'}"
35bb91b85990e17698eef374f9dab1c9058b576a2f904c2a342042fa08073597,scruples_004,C1_authority_neutral,gemma4:12b,version_j,p0_default,False,0,"{'model_name': 'gemma4:12b', 'temperature': 0.5, 'top_p': 0.9, 'top_k': None, 'seed': None, 'quantization': 'Q4_K_M'}"
0e1addd7357578d9a5018eef80e37ccbf8949af81c10866cef315ba261fa86b0,scruples_004,C1_authority_neutral,gemma4:12b,version_j,p0_default,True,0,"{'model_name': 'gemma4:12b', 'temperature': 0.5, 'top_p': 0.9, 'top_k': None, 'seed': None, 'quantization': 'Q4_K_M'}"
61d323f55b96e19778b81969df754d25dfd5ce0f4c24af28906a55e4f126286b,scruples_004,P1_authority_pressure,gemma4:12b,version_j,p0_default,False,0,"{'model_name': 'gemma4:12b', 'temperature': 0.5, 'top_p': 0.9, 'top_k': None, 'seed': None, 'quantization': 'Q4_K_M'}"
6f52dc153e87d9ee0b5991df29d83443aa3fb4c65161fcf8eb2f48ce1ca73baf,scruples_004,P1_authority_pressure,gemma4:12b,version_j,p0_default,True,0,"{'model_name': 'gemma4:12b', 'temperature': 0.5, 'top_p': 0.9, 'top_k': None, 'seed': None, 'quantization': 'Q4_K_M'}"
3c79945d1133ccdf471b5e3d87e76aeaaf19e053dc8266b72174bb6275509458,scruples_004,C2_incentive_neutral,gemma4:12b,version_j,p0_default,False,0,"{'model_name': 'gemma4:12b', 'temperature': 0.5, 'top_p': 0.9, 'top_k': None, 'seed': None, 'quantization': 'Q4_K_M'}"
66a389df9843ba4fa0b204c1a36f407bd12bc91ef55265742af1639f803b4eaf,scruples_004,C2_incentive_neutral,gemma4:12b,version_j,p0_default,True,0,"{'model_name': 'gemma4:12b', 'temperature': 0.5, 'top_p': 0.9, 'top_k': None, 'seed': None, 'quantization': 'Q4_K_M'}"
0e8c422aa4a81b95ed13ec9d47a933a044d9e7640cd4559adbd4df6c8ae3a7a4,scruples_004,P2_incentive_pressure,gemma4:12b,version_j,p0_default,False,0,"{'model_name': 'gemma4:12b', 'temperature': 0.5, 'top_p': 0.9, 'top_k': None, 'seed': None, 'quantization': 'Q4_K_M'}"
c2a00915f63ee74d57e1ade81109618de36657fff3aa4257bec3ad3ae4ba8c53,scruples_004,P2_incentive_pressure,gemma4:12b,version_j,p0_default,True,0,"{'model_name': 'gemma4:12b', 'temperature': 0.5, 'top_p': 0.9, 'top_k': None, 'seed': None, 'quantization': 'Q4_K_M'}"
bf8b71064c883c2b1840e32d780c79ac4129a4fc281988e35cb68e21ad586f29,scruples_004,C3_social_neutral,gemma4:12b,version_j,p0_default,False,0,"{'model_name': 'gemma4:12b', 'temperature': 0.5, 'top_p': 0.9, 'top_k': None, 'seed': None, 'quantization': 'Q4_K_M'}"
77e86c995d67412c05b47fbeddf2a791d9ffad76f966981916a6c4c687f27c81,scruples_004,C3_social_neutral,gemma4:12b,version_j,p0_default,True,0,"{'model_name': 'gemma4:12b', 'temperature': 0.5, 'top_p': 0.9, 'top_k': None, 'seed': None, 'quantization': 'Q4_K_M'}"
542264a05b6d49a2218b287570ac7f0529a3399433ff5294a4bb28398d70511d,scruples_004,P3_social_pressure,gemma4:12b,version_j,p0_default,False,0,"{'model_name': 'gemma4:12b', 'temperature': 0.5, 'top_p': 0.9, 'top_k': None, 'seed': None, 'quantization': 'Q4_K_M'}"
90263f43ff191e3ac4366513483b8f7242663421c2d4dd6cb339648560c219f1,scruples_004,P3_social_pressure,gemma4:12b,version_j,p0_default,True,0,"{'model_name': 'gemma4:12b', 'temperature': 0.5, 'top_p': 0.9, 'top_k': None, 'seed': None, 'quantization': 'Q4_K_M'}"
0c36259cfad0d5bc229a32c7fa03384526e25bcd1773bd794f5da70adae5db18,scruples_004,C4_metric_neutral,gemma4:12b,version_j,p0_default,False,0,"{'model_name': 'gemma4:12b', 'temperature': 0.5, 'top_p': 0.9, 'top_k': None, 'seed': None, 'quantization': 'Q4_K_M'}"
f2224241936ed46f3a1b97236690de18399433ada84ad20d28f6e4fcc9e30033,scruples_004,C4_metric_neutral,gemma4:12b,version_j,p0_default,True,0,"{'model_name': 'gemma4:12b', 'temperature': 0.5, 'top_p': 0.9, 'top_k': None, 'seed': None, 'quantization': 'Q4_K_M'}"
a1dd376b9087788f1c06e63bf8474f9a198c77bbd2136fe8f293ec35f2bf4335,scruples_004,P4_metric_pressure,gemma4:12b,version_j,p0_default,False,0,"{'model_name': 'gemma4:12b', 'temperature': 0.5, 'top_p': 0.9, 'top_k': None, 'seed': None, 'quantization': 'Q4_K_M'}"
1833fc51188724a27496a81bb618f3cbf859c35f4f2cdf3f8a0635bc64e5a5e7,scruples_004,P4_metric_pressure,gemma4:12b,version_j,p0_default,True,0,"{'model_name': 'gemma4:12b', 'temperature': 0.5, 'top_p': 0.9, 'top_k': None, 'seed': None, 'quantization': 'Q4_K_M'}"
d0524ba10d807e320b0b90455c78fcb9a9096b8cc3d52bf64da66092aaba2053,scruples_004,R2_relevant_evidence,gemma4:12b,version_j,p0_default,False,0,"{'model_name': 'gemma4:12b', 'temperature': 0.5, 'top_p': 0.9, 'top_k': None, 'seed': None, 'quantization': 'Q4_K_M'}"
8561264f26596d650a4fbd91e704c7aa2a08d61b6b516a646fe9e6c4df3886ec,scruples_004,R2_relevant_evidence,gemma4:12b,version_j,p0_default,True,0,"{'model_name': 'gemma4:12b', 'temperature': 0.5, 'top_p': 0.9, 'top_k': None, 'seed': None, 'quantization': 'Q4_K_M'}"
e4fa50768d72b7d9ec78adeb18c0fab8774aa8237c5a6e26e79e0e9808321f3e,scruples_005,B0_stripped_baseline,gemma4:12b,version_j,p0_default,False,0,"{'model_name': 'gemma4:12b', 'temperature': 0.5, 'top_p': 0.9, 'top_k': None, 'seed': None, 'quantization': 'Q4_K_M'}"
85d24da62782dc7d1a985457382953245c273887eae2a5185487dbf658ddbb80,scruples_005,B0_stripped_baseline,gemma4:12b,version_j,p0_default,True,0,"{'model_name': 'gemma4:12b', 'temperature': 0.5, 'top_p': 0.9, 'top_k': None, 'seed': None, 'quantization': 'Q4_K_M'}"
914f9e31167412944712fe00f4ff461371fb422148c13bd6e572a22be72b4d3f,scruples_005,C1_authority_neutral,gemma4:12b,version_j,p0_default,False,0,"{'model_name': 'gemma4:12b', 'temperature': 0.5, 'top_p': 0.9, 'top_k': None, 'seed': None, 'quantization': 'Q4_K_M'}"
61975428005e13de60a176a69241c5d46f9d3a5beb142f0fbceb7a19c173aa60,scruples_005,C1_authority_neutral,gemma4:12b,version_j,p0_default,True,0,"{'model_name': 'gemma4:12b', 'temperature': 0.5, 'top_p': 0.9, 'top_k': None, 'seed': None, 'quantization': 'Q4_K_M'}"
e1a5c4bfc16bbb7bbcfbde1b5f744eca58d1eed2d1c5cf1fa399468e822af27f,scruples_005,P1_authority_pressure,gemma4:12b,version_j,p0_default,False,0,"{'model_name': 'gemma4:12b', 'temperature': 0.5, 'top_p': 0.9, 'top_k': None, 'seed': None, 'quantization': 'Q4_K_M'}"
305ec2381103dd9c99e74a15438d8ba13b33bf93e123b668d1a647e96aa71dc2,scruples_005,P1_authority_pressure,gemma4:12b,version_j,p0_default,True,0,"{'model_name': 'gemma4:12b', 'temperature': 0.5, 'top_p': 0.9, 'top_k': None, 'seed': None, 'quantization': 'Q4_K_M'}"
7f73cb47ab4d2560316c50ddc4056329463071268f9bd38dbacd482f12c8c6d0,scruples_005,C2_incentive_neutral,gemma4:12b,version_j,p0_default,False,0,"{'model_name': 'gemma4:12b', 'temperature': 0.5, 'top_p': 0.9, 'top_k': None, 'seed': None, 'quantization': 'Q4_K_M'}"
9591b55ad2736d670839e437a09403c1d341c3a3bee9b9dc60e8710cdb446ecd,scruples_005,C2_incentive_neutral,gemma4:12b,version_j,p0_default,True,0,"{'model_name': 'gemma4:12b', 'temperature': 0.5, 'top_p': 0.9, 'top_k': None, 'seed': None, 'quantization': 'Q4_K_M'}"
919a4199256e94f12ebc42d106396707a976f8fba9fe9068fe90ab41d72b9b56,scruples_005,P2_incentive_pressure,gemma4:12b,version_j,p0_default,False,0,"{'model_name': 'gemma4:12b', 'temperature': 0.5, 'top_p': 0.9, 'top_k': None, 'seed': None, 'quantization': 'Q4_K_M'}"
b7c1d0d64c0cd47392dbc65f0b6a89256d5eb9c1960af8f7b98a9a4bb702c865,scruples_005,P2_incentive_pressure,gemma4:12b,version_j,p0_default,True,0,"{'model_name': 'gemma4:12b', 'temperature': 0.5, 'top_p': 0.9, 'top_k': None, 'seed': None, 'quantization': 'Q4_K_M'}"
c2a45876c5c26e6c3679c83491772106899ace236a08514a8629d80cf48f5d76,scruples_005,C3_social_neutral,gemma4:12b,version_j,p0_default,False,0,"{'model_name': 'gemma4:12b', 'temperature': 0.5, 'top_p': 0.9, 'top_k': None, 'seed': None, 'quantization': 'Q4_K_M'}"
ad5a28cfcbfc57d95772587222bac3728b07c3b50be0524fd88735baaeb83ed6,scruples_005,C3_social_neutral,gemma4:12b,version_j,p0_default,True,0,"{'model_name': 'gemma4:12b', 'temperature': 0.5, 'top_p': 0.9, 'top_k': None, 'seed': None, 'quantization': 'Q4_K_M'}"
c40271fe2fb82cd94a26cd8f2cc40d64763b497fe3c604b303e0bf05ecc3bfb6,scruples_005,P3_social_pressure,gemma4:12b,version_j,p0_default,False,0,"{'model_name': 'gemma4:12b', 'temperature': 0.5, 'top_p': 0.9, 'top_k': None, 'seed': None, 'quantization': 'Q4_K_M'}"
9bc1a2438cd1376541dc3aac04eefbe96a81c8fc6f63fb5f5c59f214d0ca49f4,scruples_005,P3_social_pressure,gemma4:12b,version_j,p0_default,True,0,"{'model_name': 'gemma4:12b', 'temperature': 0.5, 'top_p': 0.9, 'top_k': None, 'seed': None, 'quantization': 'Q4_K_M'}"
f6a7f3c458792d977f358d072129a4ee4629680cb8f59772e113c5fa94071166,scruples_005,C4_metric_neutral,gemma4:12b,version_j,p0_default,False,0,"{'model_name': 'gemma4:12b', 'temperature': 0.5, 'top_p': 0.9, 'top_k': None, 'seed': None, 'quantization': 'Q4_K_M'}"
b66093a5e710c95067a5c78205653889c41b8ebdd64e4dffd20e4123125caa77,scruples_005,C4_metric_neutral,gemma4:12b,version_j,p0_default,True,0,"{'model_name': 'gemma4:12b', 'temperature': 0.5, 'top_p': 0.9, 'top_k': None, 'seed': None, 'quantization': 'Q4_K_M'}"
d37d8af17952dcd7f68823972d82c6e8bdaef0ff9a79fc7aa239fe6842540619,scruples_005,P4_metric_pressure,gemma4:12b,version_j,p0_default,False,0,"{'model_name': 'gemma4:12b', 'temperature': 0.5, 'top_p': 0.9, 'top_k': None, 'seed': None, 'quantization': 'Q4_K_M'}"
596f7df9e0aa9590305421443e8cdef79a25bc585bc700695cea027ce5b1def4,scruples_005,P4_metric_pressure,gemma4:12b,version_j,p0_default,True,0,"{'model_name': 'gemma4:12b', 'temperature': 0.5, 'top_p': 0.9, 'top_k': None, 'seed': None, 'quantization': 'Q4_K_M'}"
55b3d8b1ec56d384733cf1fb5f7c279e7f7bf797700b4461715955f5a60c4698,scruples_005,R2_relevant_evidence,gemma4:12b,version_j,p0_default,False,0,"{'model_name': 'gemma4:12b', 'temperature': 0.5, 'top_p': 0.9, 'top_k': None, 'seed': None, 'quantization': 'Q4_K_M'}"
8a616d44de2eeffd850fab1d45b88eac38d853a439b0bfe00bcb2ca189dfa1dc,scruples_005,R2_relevant_evidence,gemma4:12b,version_j,p0_default,True,0,"{'model_name': 'gemma4:12b', 'temperature': 0.5, 'top_p': 0.9, 'top_k': None, 'seed': None, 'quantization': 'Q4_K_M'}"
a19d716c0b60430d6a9de7309bcf5c0b8131efc08a9c18c185f4acac67fc57cf,scruples_006,B0_stripped_baseline,gemma4:12b,version_j,p0_default,False,0,"{'model_name': 'gemma4:12b', 'temperature': 0.5, 'top_p': 0.9, 'top_k': None, 'seed': None, 'quantization': 'Q4_K_M'}"
1e159b6d85837087b57d47bf835a25e59ba67fb122b4e71136ffbb01a1e2b0da,scruples_006,B0_stripped_baseline,gemma4:12b,version_j,p0_default,True,0,"{'model_name': 'gemma4:12b', 'temperature': 0.5, 'top_p': 0.9, 'top_k': None, 'seed': None, 'quantization': 'Q4_K_M'}"
2e5216dd2d7de672c447a254fde79bed5886c151fdb5d6979783c5f0dfad522b,scruples_006,C1_authority_neutral,gemma4:12b,version_j,p0_default,False,0,"{'model_name': 'gemma4:12b', 'temperature': 0.5, 'top_p': 0.9, 'top_k': None, 'seed': None, 'quantization': 'Q4_K_M'}"
3036d483f8f27fa1ab5ec1eda5e03c2be070c734f0bd2c53a5746fe528fbba97,scruples_006,C1_authority_neutral,gemma4:12b,version_j,p0_default,True,0,"{'model_name': 'gemma4:12b', 'temperature': 0.5, 'top_p': 0.9, 'top_k': None, 'seed': None, 'quantization': 'Q4_K_M'}"
437fd3527a4ca701832f9b2fb20a150903d9237e4c02c0a445aa8979e00c8271,scruples_006,P1_authority_pressure,gemma4:12b,version_j,p0_default,False,0,"{'model_name': 'gemma4:12b', 'temperature': 0.5, 'top_p': 0.9, 'top_k': None, 'seed': None, 'quantization': 'Q4_K_M'}"
0ee5399e3efd097fe7c6dacf5a08d54f639133fd6f215eb39491590a53268cf0,scruples_006,P1_authority_pressure,gemma4:12b,version_j,p0_default,True,0,"{'model_name': 'gemma4:12b', 'temperature': 0.5, 'top_p': 0.9, 'top_k': None, 'seed': None, 'quantization': 'Q4_K_M'}"
3e2e8a0e865b423709a85719c4ea2fa8f593aca07fc817dd869b45ebcbaa1e13,scruples_006,C2_incentive_neutral,gemma4:12b,version_j,p0_default,False,0,"{'model_name': 'gemma4:12b', 'temperature': 0.5, 'top_p': 0.9, 'top_k': None, 'seed': None, 'quantization': 'Q4_K_M'}"
ed03861c7ebcd14f2ce51feff3e01e2bc29474ab61eea9c35578650b4db234af,scruples_006,C2_incentive_neutral,gemma4:12b,version_j,p0_default,True,0,"{'model_name': 'gemma4:12b', 'temperature': 0.5, 'top_p': 0.9, 'top_k': None, 'seed': None, 'quantization': 'Q4_K_M'}"
fa74cfc4fcf77572eab684afcedd1e3126bc1b43c9d3602ba372dc5a918f9aff,scruples_006,P2_incentive_pressure,gemma4:12b,version_j,p0_default,False,0,"{'model_name': 'gemma4:12b', 'temperature': 0.5, 'top_p': 0.9, 'top_k': None, 'seed': None, 'quantization': 'Q4_K_M'}"
95980ee5c7459f16319ea54fab727afd670e59ea50e6e2e92b0e2781403b84e5,scruples_006,P2_incentive_pressure,gemma4:12b,version_j,p0_default,True,0,"{'model_name': 'gemma4:12b', 'temperature': 0.5, 'top_p': 0.9, 'top_k': None, 'seed': None, 'quantization': 'Q4_K_M'}"
4954048e27aba89db11b739544fe8652385b73cc38c7bae0604b490b8b60b4d3,scruples_006,C3_social_neutral,gemma4:12b,version_j,p0_default,False,0,"{'model_name': 'gemma4:12b', 'temperature': 0.5, 'top_p': 0.9, 'top_k': None, 'seed': None, 'quantization': 'Q4_K_M'}"
6905f332f8255efb22b683c330829d715a02bbdd475b9533c934a40ad36d0d71,scruples_006,C3_social_neutral,gemma4:12b,version_j,p0_default,True,0,"{'model_name': 'gemma4:12b', 'temperature': 0.5, 'top_p': 0.9, 'top_k': None, 'seed': None, 'quantization': 'Q4_K_M'}"
79c62d0e4c8dd132917ebdfa72ce19117800688cac2d9b7782639b45d89e095e,scruples_006,P3_social_pressure,gemma4:12b,version_j,p0_default,False,0,"{'model_name': 'gemma4:12b', 'temperature': 0.5, 'top_p': 0.9, 'top_k': None, 'seed': None, 'quantization': 'Q4_K_M'}"
aa264392b7cd8f2ff58e8a484a332f20d9b491fd83e211754f5f3479022ad401,scruples_006,P3_social_pressure,gemma4:12b,version_j,p0_default,True,0,"{'model_name': 'gemma4:12b', 'temperature': 0.5, 'top_p': 0.9, 'top_k': None, 'seed': None, 'quantization': 'Q4_K_M'}"
a84f64ba486b482e4652de99ee71619ddc51556d03a24372627bf886fc4934b9,scruples_006,C4_metric_neutral,gemma4:12b,version_j,p0_default,False,0,"{'model_name': 'gemma4:12b', 'temperature': 0.5, 'top_p': 0.9, 'top_k': None, 'seed': None, 'quantization': 'Q4_K_M'}"
0e84998b1f3663da1b48632e861331776b0bd4ad8bf79a049595f513feda1bd3,scruples_006,C4_metric_neutral,gemma4:12b,version_j,p0_default,True,0,"{'model_name': 'gemma4:12b', 'temperature': 0.5, 'top_p': 0.9, 'top_k': None, 'seed': None, 'quantization': 'Q4_K_M'}"
8ad9f929c7101235e75a0c28ef0568a83280f2f86086f93949d5d52779e22c43,scruples_006,P4_metric_pressure,gemma4:12b,version_j,p0_default,False,0,"{'model_name': 'gemma4:12b', 'temperature': 0.5, 'top_p': 0.9, 'top_k': None, 'seed': None, 'quantization': 'Q4_K_M'}"
9da2f75a9466fd39fcb306bc3f88424732eda3c1021c376964d6ce425eb25519,scruples_006,P4_metric_pressure,gemma4:12b,version_j,p0_default,True,0,"{'model_name': 'gemma4:12b', 'temperature': 0.5, 'top_p': 0.9, 'top_k': None, 'seed': None, 'quantization': 'Q4_K_M'}"
bfdcd8acbe72b68b4014d444d301ffd93fa9b800120b47e8f0878f3d89f193a8,scruples_006,R2_relevant_evidence,gemma4:12b,version_j,p0_default,False,0,"{'model_name': 'gemma4:12b', 'temperature': 0.5, 'top_p': 0.9, 'top_k': None, 'seed': None, 'quantization': 'Q4_K_M'}"
8623918141ec731bbfa37b488c46078cc7d85df9c16b6bd0f7bc1b80c268c390,scruples_006,R2_relevant_evidence,gemma4:12b,version_j,p0_default,True,0,"{'model_name': 'gemma4:12b', 'temperature': 0.5, 'top_p': 0.9, 'top_k': None, 'seed': None, 'quantization': 'Q4_K_M'}"
11956ebaf2f4a03ec3ce8ea787d81e7aee15a5e2a2f80425c13dfe5af6567e3b,scruples_007,B0_stripped_baseline,gemma4:12b,version_j,p0_default,False,0,"{'model_name': 'gemma4:12b', 'temperature': 0.5, 'top_p': 0.9, 'top_k': None, 'seed': None, 'quantization': 'Q4_K_M'}"
ce84c1194b1847950e7afbe9d26307489e56fe1786f36a8df6618cdac3059cab,scruples_007,B0_stripped_baseline,gemma4:12b,version_j,p0_default,True,0,"{'model_name': 'gemma4:12b', 'temperature': 0.5, 'top_p': 0.9, 'top_k': None, 'seed': None, 'quantization': 'Q4_K_M'}"
c8c6948cdf73bedda56f404898cfbd027b6502eda439bfa4df8f1f9d3ec5a0cc,scruples_007,C1_authority_neutral,gemma4:12b,version_j,p0_default,False,0,"{'model_name': 'gemma4:12b', 'temperature': 0.5, 'top_p': 0.9, 'top_k': None, 'seed': None, 'quantization': 'Q4_K_M'}"
132655f1b9c85fd09e57960cad93b61f854c1013eab51708073acd9bea4a5f9a,scruples_007,C1_authority_neutral,gemma4:12b,version_j,p0_default,True,0,"{'model_name': 'gemma4:12b', 'temperature': 0.5, 'top_p': 0.9, 'top_k': None, 'seed': None, 'quantization': 'Q4_K_M'}"
3edf17c580e96f77fa331613d6ce91e86236f9a2181656fcb5619b6127d0751e,scruples_007,P1_authority_pressure,gemma4:12b,version_j,p0_default,False,0,"{'model_name': 'gemma4:12b', 'temperature': 0.5, 'top_p': 0.9, 'top_k': None, 'seed': None, 'quantization': 'Q4_K_M'}"
8c227aca93c4127b469269d1dc90950a2116ef5bfe0874440022d112be81d7a0,scruples_007,P1_authority_pressure,gemma4:12b,version_j,p0_default,True,0,"{'model_name': 'gemma4:12b', 'temperature': 0.5, 'top_p': 0.9, 'top_k': None, 'seed': None, 'quantization': 'Q4_K_M'}"
14cf162114a49768773a7138e14db2089afc8427fcdd85d6be6ab0c8cf4c1f01,scruples_007,C2_incentive_neutral,gemma4:12b,version_j,p0_default,False,0,"{'model_name': 'gemma4:12b', 'temperature': 0.5, 'top_p': 0.9, 'top_k': None, 'seed': None, 'quantization': 'Q4_K_M'}"
d2eeb7eea90f1516708c2db75c7f3ef952ecb1895cce570b363d2e646634a700,scruples_007,C2_incentive_neutral,gemma4:12b,version_j,p0_default,True,0,"{'model_name': 'gemma4:12b', 'temperature': 0.5, 'top_p': 0.9, 'top_k': None, 'seed': None, 'quantization': 'Q4_K_M'}"
12021d0e5ae586739a337e689ce0bca7a509d3cef0fb450f50262b6e5ae8bb2d,scruples_007,P2_incentive_pressure,gemma4:12b,version_j,p0_default,False,0,"{'model_name': 'gemma4:12b', 'temperature': 0.5, 'top_p': 0.9, 'top_k': None, 'seed': None, 'quantization': 'Q4_K_M'}"
3d2803abc3beaaf6464303303b92454c04a2167cdba4e55b39f1d8407531ac84,scruples_007,P2_incentive_pressure,gemma4:12b,version_j,p0_default,True,0,"{'model_name': 'gemma4:12b', 'temperature': 0.5, 'top_p': 0.9, 'top_k': None, 'seed': None, 'quantization': 'Q4_K_M'}"
759f59b128569b6a9bf01aa367a642ca2e450ec4bee451fba1e08cf012d29e59,scruples_007,C3_social_neutral,gemma4:12b,version_j,p0_default,False,0,"{'model_name': 'gemma4:12b', 'temperature': 0.5, 'top_p': 0.9, 'top_k': None, 'seed': None, 'quantization': 'Q4_K_M'}"
7df38fbac145a498f354b36f595d761685a22b455d095bec46aa3a66ba2fe974,scruples_007,C3_social_neutral,gemma4:12b,version_j,p0_default,True,0,"{'model_name': 'gemma4:12b', 'temperature': 0.5, 'top_p': 0.9, 'top_k': None, 'seed': None, 'quantization': 'Q4_K_M'}"
746e122cb5be0cd6487587753192e7de734c67509d4e8766144a2153e222e6bc,scruples_007,P3_social_pressure,gemma4:12b,version_j,p0_default,False,0,"{'model_name': 'gemma4:12b', 'temperature': 0.5, 'top_p': 0.9, 'top_k': None, 'seed': None, 'quantization': 'Q4_K_M'}"
1865b793296193d44419060431313aeed2573106112eec6fbf47e6c4123d4e36,scruples_007,P3_social_pressure,gemma4:12b,version_j,p0_default,True,0,"{'model_name': 'gemma4:12b', 'temperature': 0.5, 'top_p': 0.9, 'top_k': None, 'seed': None, 'quantization': 'Q4_K_M'}"
851ac57a000aa7a83117cc4c2bb61e9544e80dc7d9f001816604cc3e6163d5eb,scruples_007,C4_metric_neutral,gemma4:12b,version_j,p0_default,False,0,"{'model_name': 'gemma4:12b', 'temperature': 0.5, 'top_p': 0.9, 'top_k': None, 'seed': None, 'quantization': 'Q4_K_M'}"
dad60b4fb1c734e3c3dff3dfb5ed94b9074bc001e47db6e69be32465f73dda4d,scruples_007,C4_metric_neutral,gemma4:12b,version_j,p0_default,True,0,"{'model_name': 'gemma4:12b', 'temperature': 0.5, 'top_p': 0.9, 'top_k': None, 'seed': None, 'quantization': 'Q4_K_M'}"
6f6a0af09e8c877ae1dfbdebc5e4d60a384ec0782b2bd7eed9052af12b4d4228,scruples_007,P4_metric_pressure,gemma4:12b,version_j,p0_default,False,0,"{'model_name': 'gemma4:12b', 'temperature': 0.5, 'top_p': 0.9, 'top_k': None, 'seed': None, 'quantization': 'Q4_K_M'}"
7af4f9f862190c2bcfccbec1fba1d79b62b4712f6a7b258805d100d1afb1d97a,scruples_007,P4_metric_pressure,gemma4:12b,version_j,p0_default,True,0,"{'model_name': 'gemma4:12b', 'temperature': 0.5, 'top_p': 0.9, 'top_k': None, 'seed': None, 'quantization': 'Q4_K_M'}"
a724166db22750af61d654275ed82a46352adba1626db177fe43c585e2142c5a,scruples_007,R2_relevant_evidence,gemma4:12b,version_j,p0_default,False,0,"{'model_name': 'gemma4:12b', 'temperature': 0.5, 'top_p': 0.9, 'top_k': None, 'seed': None, 'quantization': 'Q4_K_M'}"
c6334ec19bcdbeffab6656e24cae74c9b82fa90a9a668e5362570ddec24bec49,scruples_007,R2_relevant_evidence,gemma4:12b,version_j,p0_default,True,0,"{'model_name': 'gemma4:12b', 'temperature': 0.5, 'top_p': 0.9, 'top_k': None, 'seed': None, 'quantization': 'Q4_K_M'}"
3ada14b93a6a750e8f11bad6ea61e71b0f8dce171510cf74bf3f2d07fb5a1382,scruples_008,B0_stripped_baseline,gemma4:12b,version_j,p0_default,False,0,"{'model_name': 'gemma4:12b', 'temperature': 0.5, 'top_p': 0.9, 'top_k': None, 'seed': None, 'quantization': 'Q4_K_M'}"
3377f42438a71369c16d0c443a23997cf52d9073ecb93114c17d363457397b25,scruples_008,B0_stripped_baseline,gemma4:12b,version_j,p0_default,True,0,"{'model_name': 'gemma4:12b', 'temperature': 0.5, 'top_p': 0.9, 'top_k': None, 'seed': None, 'quantization': 'Q4_K_M'}"
b1fd7644d35c3432f4c3969fba4354330bf6d2363893ce53ed60fad138855b2a,scruples_008,C1_authority_neutral,gemma4:12b,version_j,p0_default,False,0,"{'model_name': 'gemma4:12b', 'temperature': 0.5, 'top_p': 0.9, 'top_k': None, 'seed': None, 'quantization': 'Q4_K_M'}"
c43e7c2e364c0519f10385cf58f002fb15b86ccd2c5b9396c19aa239a07e381f,scruples_008,C1_authority_neutral,gemma4:12b,version_j,p0_default,True,0,"{'model_name': 'gemma4:12b', 'temperature': 0.5, 'top_p': 0.9, 'top_k': None, 'seed': None, 'quantization': 'Q4_K_M'}"
ea49725782bb84160216022ffc61f30da1090e2af54e6ed01b7ce8b75df97d00,scruples_008,P1_authority_pressure,gemma4:12b,version_j,p0_default,False,0,"{'model_name': 'gemma4:12b', 'temperature': 0.5, 'top_p': 0.9, 'top_k': None, 'seed': None, 'quantization': 'Q4_K_M'}"
d2d2fe9c0bc87752bc1ab5b712a2bc8092aabbf6e3d913b6d67734250f4e89b9,scruples_008,P1_authority_pressure,gemma4:12b,version_j,p0_default,True,0,"{'model_name': 'gemma4:12b', 'temperature': 0.5, 'top_p': 0.9, 'top_k': None, 'seed': None, 'quantization': 'Q4_K_M'}"
916b7cd01c383961d3025d4d9b7a725db3c200ad5d6c73265070ef01cc6f467a,scruples_008,C2_incentive_neutral,gemma4:12b,version_j,p0_default,False,0,"{'model_name': 'gemma4:12b', 'temperature': 0.5, 'top_p': 0.9, 'top_k': None, 'seed': None, 'quantization': 'Q4_K_M'}"
50681fc0fbbf2de72f8aa87d537bc92be364b0e797cc15ecbd171c7fc2fd3fe2,scruples_008,C2_incentive_neutral,gemma4:12b,version_j,p0_default,True,0,"{'model_name': 'gemma4:12b', 'temperature': 0.5, 'top_p': 0.9, 'top_k': None, 'seed': None, 'quantization': 'Q4_K_M'}"
768b162ea1f45d692efb045bd2a23a29da792310341e91b7706305381811f150,scruples_008,P2_incentive_pressure,gemma4:12b,version_j,p0_default,False,0,"{'model_name': 'gemma4:12b', 'temperature': 0.5, 'top_p': 0.9, 'top_k': None, 'seed': None, 'quantization': 'Q4_K_M'}"
9ed2766c0f245bd94a567c5b445388705e8ca77e1dd1f3f23316563b48073811,scruples_008,P2_incentive_pressure,gemma4:12b,version_j,p0_default,True,0,"{'model_name': 'gemma4:12b', 'temperature': 0.5, 'top_p': 0.9, 'top_k': None, 'seed': None, 'quantization': 'Q4_K_M'}"
37e46dddbc4276f8912f0c095e28d36efd60ab0fadae38214210ba06a99478dd,scruples_008,C3_social_neutral,gemma4:12b,version_j,p0_default,False,0,"{'model_name': 'gemma4:12b', 'temperature': 0.5, 'top_p': 0.9, 'top_k': None, 'seed': None, 'quantization': 'Q4_K_M'}"
4940bd6288ff22ff0e145b34a1baef0f15c5d5f479c9bc8ef2a0ff2c842d5c1a,scruples_008,C3_social_neutral,gemma4:12b,version_j,p0_default,True,0,"{'model_name': 'gemma4:12b', 'temperature': 0.5, 'top_p': 0.9, 'top_k': None, 'seed': None, 'quantization': 'Q4_K_M'}"
0d8500fc72d3e25a5dfe6fbb289f32272d8959e173a297b086dd1792ca0eecd7,scruples_008,P3_social_pressure,gemma4:12b,version_j,p0_default,False,0,"{'model_name': 'gemma4:12b', 'temperature': 0.5, 'top_p': 0.9, 'top_k': None, 'seed': None, 'quantization': 'Q4_K_M'}"
94ae39026189143fc97f612195402209a352d3d46db560d7eac32070dd776bc5,scruples_008,P3_social_pressure,gemma4:12b,version_j,p0_default,True,0,"{'model_name': 'gemma4:12b', 'temperature': 0.5, 'top_p': 0.9, 'top_k': None, 'seed': None, 'quantization': 'Q4_K_M'}"
b98c87339c1c06f10c3539d3d56326abe5747af8642db35e665225ab37a9e93e,scruples_008,C4_metric_neutral,gemma4:12b,version_j,p0_default,False,0,"{'model_name': 'gemma4:12b', 'temperature': 0.5, 'top_p': 0.9, 'top_k': None, 'seed': None, 'quantization': 'Q4_K_M'}"
accfce5d5676026cc6676e8e2a23c61020e556cf253278f2d4f6368b426de89d,scruples_008,C4_metric_neutral,gemma4:12b,version_j,p0_default,True,0,"{'model_name': 'gemma4:12b', 'temperature': 0.5, 'top_p': 0.9, 'top_k': None, 'seed': None, 'quantization': 'Q4_K_M'}"
c6ae81cb88f80b7d7cc909fdd06e10e334ee43f5e67825258d18674ebfa90a0e,scruples_008,P4_metric_pressure,gemma4:12b,version_j,p0_default,False,0,"{'model_name': 'gemma4:12b', 'temperature': 0.5, 'top_p': 0.9, 'top_k': None, 'seed': None, 'quantization': 'Q4_K_M'}"
30f55ceaf040d771b4b787909c5db92fa5383c34c6362c5978c63cb696d77aec,scruples_008,P4_metric_pressure,gemma4:12b,version_j,p0_default,True,0,"{'model_name': 'gemma4:12b', 'temperature': 0.5, 'top_p': 0.9, 'top_k': None, 'seed': None, 'quantization': 'Q4_K_M'}"
cf09a38b0634d7244a3bf9ab519006181e02300630480fc22203fd0e0d836390,scruples_008,R2_relevant_evidence,gemma4:12b,version_j,p0_default,False,0,"{'model_name': 'gemma4:12b', 'temperature': 0.5, 'top_p': 0.9, 'top_k': None, 'seed': None, 'quantization': 'Q4_K_M'}"
ee6854c497a964e6a302909e517196d45df3ae4b64c3e1b4b01b050bf1e3f194,scruples_008,R2_relevant_evidence,gemma4:12b,version_j,p0_default,True,0,"{'model_name': 'gemma4:12b', 'temperature': 0.5, 'top_p': 0.9, 'top_k': None, 'seed': None, 'quantization': 'Q4_K_M'}"
9c0f24b58a9949f0500f95606f0a8b240692043c552ccdf1d01a89b1ce92d78b,scruples_009,B0_stripped_baseline,gemma4:12b,version_j,p0_default,False,0,"{'model_name': 'gemma4:12b', 'temperature': 0.5, 'top_p': 0.9, 'top_k': None, 'seed': None, 'quantization': 'Q4_K_M'}"
6ab89c455534f47bcfec6518c308e547e573be1db22c048dfa697a0ec9c2c877,scruples_009,B0_stripped_baseline,gemma4:12b,version_j,p0_default,True,0,"{'model_name': 'gemma4:12b', 'temperature': 0.5, 'top_p': 0.9, 'top_k': None, 'seed': None, 'quantization': 'Q4_K_M'}"
ff2c8eb066e7116968433da26b2e838bf0b291837721d189b0545eeb92ecbd8b,scruples_009,C1_authority_neutral,gemma4:12b,version_j,p0_default,False,0,"{'model_name': 'gemma4:12b', 'temperature': 0.5, 'top_p': 0.9, 'top_k': None, 'seed': None, 'quantization': 'Q4_K_M'}"
fa93172a42fd000e8ba2bbfa189c8556515a2287ea4e5d5cd1e1a734985da8ce,scruples_009,C1_authority_neutral,gemma4:12b,version_j,p0_default,True,0,"{'model_name': 'gemma4:12b', 'temperature': 0.5, 'top_p': 0.9, 'top_k': None, 'seed': None, 'quantization': 'Q4_K_M'}"
0f667f21c30b47575ad24d8a7676befb13f3431467e72117200994006bc9447d,scruples_009,P1_authority_pressure,gemma4:12b,version_j,p0_default,False,0,"{'model_name': 'gemma4:12b', 'temperature': 0.5, 'top_p': 0.9, 'top_k': None, 'seed': None, 'quantization': 'Q4_K_M'}"
bcd20fbdc41b0f9dc89c01175b9a8e04229e7b66af0800c47795a4b9ee616b5f,scruples_009,P1_authority_pressure,gemma4:12b,version_j,p0_default,True,0,"{'model_name': 'gemma4:12b', 'temperature': 0.5, 'top_p': 0.9, 'top_k': None, 'seed': None, 'quantization': 'Q4_K_M'}"
a960f546c1f460abdb7ae1784bd85b54c3b8315f9dea34d60a511d424a669196,scruples_009,C2_incentive_neutral,gemma4:12b,version_j,p0_default,False,0,"{'model_name': 'gemma4:12b', 'temperature': 0.5, 'top_p': 0.9, 'top_k': None, 'seed': None, 'quantization': 'Q4_K_M'}"
faab804c40a4165753cd9e6b3ab826fee14826bbe475689da2848ba58f35d8aa,scruples_009,C2_incentive_neutral,gemma4:12b,version_j,p0_default,True,0,"{'model_name': 'gemma4:12b', 'temperature': 0.5, 'top_p': 0.9, 'top_k': None, 'seed': None, 'quantization': 'Q4_K_M'}"
a8dff4a0f2c2101cd475cbe3421b6053bfbf20ef5c95902be5028fff87b55763,scruples_009,P2_incentive_pressure,gemma4:12b,version_j,p0_default,False,0,"{'model_name': 'gemma4:12b', 'temperature': 0.5, 'top_p': 0.9, 'top_k': None, 'seed': None, 'quantization': 'Q4_K_M'}"
08b2107bf4d6a3a1a75021deeff10ec59ab4257e92940371c03b02ecac7457ee,scruples_009,P2_incentive_pressure,gemma4:12b,version_j,p0_default,True,0,"{'model_name': 'gemma4:12b', 'temperature': 0.5, 'top_p': 0.9, 'top_k': None, 'seed': None, 'quantization': 'Q4_K_M'}"
adefa17cbe49a5a0670b60034ef26942643640fcd77fc0eb6ce7753ba7612148,scruples_009,C3_social_neutral,gemma4:12b,version_j,p0_default,False,0,"{'model_name': 'gemma4:12b', 'temperature': 0.5, 'top_p': 0.9, 'top_k': None, 'seed': None, 'quantization': 'Q4_K_M'}"
1e887b2a85ee9253b6f5b0e6d80b9dffce0668e3a4e291e1d35eb98b00b5e0da,scruples_009,C3_social_neutral,gemma4:12b,version_j,p0_default,True,0,"{'model_name': 'gemma4:12b', 'temperature': 0.5, 'top_p': 0.9, 'top_k': None, 'seed': None, 'quantization': 'Q4_K_M'}"
df37f0b1c367a060a120f7f121ff2f795e593ff65ed995504444c7f80b7ce2e9,scruples_009,P3_social_pressure,gemma4:12b,version_j,p0_default,False,0,"{'model_name': 'gemma4:12b', 'temperature': 0.5, 'top_p': 0.9, 'top_k': None, 'seed': None, 'quantization': 'Q4_K_M'}"
1a0180d1ebfc2ee4c58a7ecf2f8fa0763e570469c5679c3a0f8e42ea9b30eb5a,scruples_009,P3_social_pressure,gemma4:12b,version_j,p0_default,True,0,"{'model_name': 'gemma4:12b', 'temperature': 0.5, 'top_p': 0.9, 'top_k': None, 'seed': None, 'quantization': 'Q4_K_M'}"
4f607c9dcb4241ca87ebcde214fc0d1ef3712299d1040d33287af9e731468f97,scruples_009,C4_metric_neutral,gemma4:12b,version_j,p0_default,False,0,"{'model_name': 'gemma4:12b', 'temperature': 0.5, 'top_p': 0.9, 'top_k': None, 'seed': None, 'quantization': 'Q4_K_M'}"
d773e552d7d6cfca1ab7ea57ba6ba73d3fafd4a63eb2a7d5d7d38f8711a64ee1,scruples_009,C4_metric_neutral,gemma4:12b,version_j,p0_default,True,0,"{'model_name': 'gemma4:12b', 'temperature': 0.5, 'top_p': 0.9, 'top_k': None, 'seed': None, 'quantization': 'Q4_K_M'}"
528b7f004f3163a1e8e5629394763e4fd439389283cf5128584e288944949907,scruples_009,P4_metric_pressure,gemma4:12b,version_j,p0_default,False,0,"{'model_name': 'gemma4:12b', 'temperature': 0.5, 'top_p': 0.9, 'top_k': None, 'seed': None, 'quantization': 'Q4_K_M'}"
81abd603b709aef8816da764a1633732f71f56fcbab14e14a9f4cb0a9969365d,scruples_009,P4_metric_pressure,gemma4:12b,version_j,p0_default,True,0,"{'model_name': 'gemma4:12b', 'temperature': 0.5, 'top_p': 0.9, 'top_k': None, 'seed': None, 'quantization': 'Q4_K_M'}"
c798866e995392417798a674d6ea610e4021ca79f05817744d5fbaea15027bba,scruples_009,R2_relevant_evidence,gemma4:12b,version_j,p0_default,False,0,"{'model_name': 'gemma4:12b', 'temperature': 0.5, 'top_p': 0.9, 'top_k': None, 'seed': None, 'quantization': 'Q4_K_M'}"
66bab2603a027dd328947c677277d8ee3ef0a3bb60934c66e92bdc16eaea999f,scruples_009,R2_relevant_evidence,gemma4:12b,version_j,p0_default,True,0,"{'model_name': 'gemma4:12b', 'temperature': 0.5, 'top_p': 0.9, 'top_k': None, 'seed': None, 'quantization': 'Q4_K_M'}"
ffeb58d8325168b659384b45277996e53e68c436e8a00e627f6300de4caf5a71,scruples_010,B0_stripped_baseline,gemma4:12b,version_j,p0_default,False,0,"{'model_name': 'gemma4:12b', 'temperature': 0.5, 'top_p': 0.9, 'top_k': None, 'seed': None, 'quantization': 'Q4_K_M'}"
2dea13312b7c87997b89ec42bcd064f6bd18288a9d3c21d2e4cb9b1458614a71,scruples_010,B0_stripped_baseline,gemma4:12b,version_j,p0_default,True,0,"{'model_name': 'gemma4:12b', 'temperature': 0.5, 'top_p': 0.9, 'top_k': None, 'seed': None, 'quantization': 'Q4_K_M'}"
fbcf671de8fecb4cecd4228f50823be0a217efb38c6599c7c45015edded9dead,scruples_010,C1_authority_neutral,gemma4:12b,version_j,p0_default,False,0,"{'model_name': 'gemma4:12b', 'temperature': 0.5, 'top_p': 0.9, 'top_k': None, 'seed': None, 'quantization': 'Q4_K_M'}"
1cf1bd7c9beda94a0a5c478550a6b37dd15d5ec9f849c4a2e80821ea756867de,scruples_010,C1_authority_neutral,gemma4:12b,version_j,p0_default,True,0,"{'model_name': 'gemma4:12b', 'temperature': 0.5, 'top_p': 0.9, 'top_k': None, 'seed': None, 'quantization': 'Q4_K_M'}"
e5968920255344b57d78ead511ee5b39fad1b3e340728b86c876742c4b5c29c3,scruples_010,P1_authority_pressure,gemma4:12b,version_j,p0_default,False,0,"{'model_name': 'gemma4:12b', 'temperature': 0.5, 'top_p': 0.9, 'top_k': None, 'seed': None, 'quantization': 'Q4_K_M'}"
962b2ec46d9a83e221776d6051a384bfb1df008a12777faa6f85c9bdc5c3c263,scruples_010,P1_authority_pressure,gemma4:12b,version_j,p0_default,True,0,"{'model_name': 'gemma4:12b', 'temperature': 0.5, 'top_p': 0.9, 'top_k': None, 'seed': None, 'quantization': 'Q4_K_M'}"
4200532af00a1a3deb139aeedea1a6813baad9aa9e84b88a6837a9ff4920e3e7,scruples_010,C2_incentive_neutral,gemma4:12b,version_j,p0_default,False,0,"{'model_name': 'gemma4:12b', 'temperature': 0.5, 'top_p': 0.9, 'top_k': None, 'seed': None, 'quantization': 'Q4_K_M'}"
d7cc74b752b8c8800cf1117265a26d9a4fae6bb76a39f5cad192669f5f9aa3c4,scruples_010,C2_incentive_neutral,gemma4:12b,version_j,p0_default,True,0,"{'model_name': 'gemma4:12b', 'temperature': 0.5, 'top_p': 0.9, 'top_k': None, 'seed': None, 'quantization': 'Q4_K_M'}"
127063d2dd7d8a39816fff2a6a81e04aed0e200018caa682930e35b8aebf0473,scruples_010,P2_incentive_pressure,gemma4:12b,version_j,p0_default,False,0,"{'model_name': 'gemma4:12b', 'temperature': 0.5, 'top_p': 0.9, 'top_k': None, 'seed': None, 'quantization': 'Q4_K_M'}"
a1eb405f721374997c290c5cf733bdebbf32708a4ce8c583689bc28cd274c8b1,scruples_010,P2_incentive_pressure,gemma4:12b,version_j,p0_default,True,0,"{'model_name': 'gemma4:12b', 'temperature': 0.5, 'top_p': 0.9, 'top_k': None, 'seed': None, 'quantization': 'Q4_K_M'}"
174e5e16ae1257098f4eebcfb0e950bf83dc4630c1a15ae8f064d4c917bc4129,scruples_010,C3_social_neutral,gemma4:12b,version_j,p0_default,False,0,"{'model_name': 'gemma4:12b', 'temperature': 0.5, 'top_p': 0.9, 'top_k': None, 'seed': None, 'quantization': 'Q4_K_M'}"
ed3de036c3ef185b89c78a7c2ff543c1f2de803889b143b8c7753b27b7a39606,scruples_010,C3_social_neutral,gemma4:12b,version_j,p0_default,True,0,"{'model_name': 'gemma4:12b', 'temperature': 0.5, 'top_p': 0.9, 'top_k': None, 'seed': None, 'quantization': 'Q4_K_M'}"
f06113f8bcc8f971971e04147926e355f38b7ad6acb0f05dc778eb0ff19f1e16,scruples_010,P3_social_pressure,gemma4:12b,version_j,p0_default,False,0,"{'model_name': 'gemma4:12b', 'temperature': 0.5, 'top_p': 0.9, 'top_k': None, 'seed': None, 'quantization': 'Q4_K_M'}"
8d18279364db61ece845d2d925e230ab511137aab1bc227fe47af8e8ec07171c,scruples_010,P3_social_pressure,gemma4:12b,version_j,p0_default,True,0,"{'model_name': 'gemma4:12b', 'temperature': 0.5, 'top_p': 0.9, 'top_k': None, 'seed': None, 'quantization': 'Q4_K_M'}"
a7942992019345c8a4fe48c78f6cb772f8958b7d6ef4e7660100a82d790446dc,scruples_010,C4_metric_neutral,gemma4:12b,version_j,p0_default,False,0,"{'model_name': 'gemma4:12b', 'temperature': 0.5, 'top_p': 0.9, 'top_k': None, 'seed': None, 'quantization': 'Q4_K_M'}"
ea3fc091c24ce765f45d3b4de255ac1f2c9a8d3ba7e262a7482698c4fff3bbbf,scruples_010,C4_metric_neutral,gemma4:12b,version_j,p0_default,True,0,"{'model_name': 'gemma4:12b', 'temperature': 0.5, 'top_p': 0.9, 'top_k': None, 'seed': None, 'quantization': 'Q4_K_M'}"
14df76f7e0b41e0d6baa3556945a645d5d5aea1354e8db455591891cbb31fbc9,scruples_010,P4_metric_pressure,gemma4:12b,version_j,p0_default,False,0,"{'model_name': 'gemma4:12b', 'temperature': 0.5, 'top_p': 0.9, 'top_k': None, 'seed': None, 'quantization': 'Q4_K_M'}"
f2b9931e8ff6ab8d71026fc0dca78a62625f83b847506d7bb1ee8f80466b1b19,scruples_010,P4_metric_pressure,gemma4:12b,version_j,p0_default,True,0,"{'model_name': 'gemma4:12b', 'temperature': 0.5, 'top_p': 0.9, 'top_k': None, 'seed': None, 'quantization': 'Q4_K_M'}"
b778b10f5f4ed30a91d6bebbcb730b30c03aca48ff742c4813fcbfbf97a5d4a5,scruples_010,R2_relevant_evidence,gemma4:12b,version_j,p0_default,False,0,"{'model_name': 'gemma4:12b', 'temperature': 0.5, 'top_p': 0.9, 'top_k': None, 'seed': None, 'quantization': 'Q4_K_M'}"
cff5195524a8bd9f2ef1111b0b3a6eb94faf1c873732bb83e6f1d06c250bbcb2,scruples_010,R2_relevant_evidence,gemma4:12b,version_j,p0_default,True,0,"{'model_name': 'gemma4:12b', 'temperature': 0.5, 'top_p': 0.9, 'top_k': None, 'seed': None, 'quantization': 'Q4_K_M'}"
ce0e075ab43d53864c5247e3c1107e50e5434975f19c6fbc712af1c37da3e266,scruples_011,B0_stripped_baseline,gemma4:12b,version_j,p0_default,False,0,"{'model_name': 'gemma4:12b', 'temperature': 0.5, 'top_p': 0.9, 'top_k': None, 'seed': None, 'quantization': 'Q4_K_M'}"
2f699a2f3196746c03cf362e288a49e5869511807fa24ade8999060ab478e3c6,scruples_011,B0_stripped_baseline,gemma4:12b,version_j,p0_default,True,0,"{'model_name': 'gemma4:12b', 'temperature': 0.5, 'top_p': 0.9, 'top_k': None, 'seed': None, 'quantization': 'Q4_K_M'}"
3b3f2c5ff5b83dba94b5cbe45a3aad5b668695b2b0037437ea978a4a9562ac9c,scruples_011,C1_authority_neutral,gemma4:12b,version_j,p0_default,False,0,"{'model_name': 'gemma4:12b', 'temperature': 0.5, 'top_p': 0.9, 'top_k': None, 'seed': None, 'quantization': 'Q4_K_M'}"
f25a5878e6019a4eb5883f7689639817a9819a61bd931850f2e0580bb2eb7c25,scruples_011,C1_authority_neutral,gemma4:12b,version_j,p0_default,True,0,"{'model_name': 'gemma4:12b', 'temperature': 0.5, 'top_p': 0.9, 'top_k': None, 'seed': None, 'quantization': 'Q4_K_M'}"
130fe57e27ba8ff1d696bc99ba70ffb94ccf9569236c920a04d3f63690499e96,scruples_011,P1_authority_pressure,gemma4:12b,version_j,p0_default,False,0,"{'model_name': 'gemma4:12b', 'temperature': 0.5, 'top_p': 0.9, 'top_k': None, 'seed': None, 'quantization': 'Q4_K_M'}"
6fe8459fcf9cfb908a36dccd0506b3318ad6151a3384e4701e4d0168f26ba551,scruples_011,P1_authority_pressure,gemma4:12b,version_j,p0_default,True,0,"{'model_name': 'gemma4:12b', 'temperature': 0.5, 'top_p': 0.9, 'top_k': None, 'seed': None, 'quantization': 'Q4_K_M'}"
b64b3ac9c51eddafce9a813ef615994adb25779082fe09322b1302aa5b9c4adb,scruples_011,C2_incentive_neutral,gemma4:12b,version_j,p0_default,False,0,"{'model_name': 'gemma4:12b', 'temperature': 0.5, 'top_p': 0.9, 'top_k': None, 'seed': None, 'quantization': 'Q4_K_M'}"
11e23c89deb709ffa2cffb40cfee2d2718388104d7b1985bde60b148d43f79fc,scruples_011,C2_incentive_neutral,gemma4:12b,version_j,p0_default,True,0,"{'model_name': 'gemma4:12b', 'temperature': 0.5, 'top_p': 0.9, 'top_k': None, 'seed': None, 'quantization': 'Q4_K_M'}"
59b8af874fcd1fcb522d75cfd6c47f83f856df6dbd4c48f7a7c3c52f2ad8605f,scruples_011,P2_incentive_pressure,gemma4:12b,version_j,p0_default,False,0,"{'model_name': 'gemma4:12b', 'temperature': 0.5, 'top_p': 0.9, 'top_k': None, 'seed': None, 'quantization': 'Q4_K_M'}"
53eaf3dfa176c5e58126b48567fabd54c699cf1c223c7d6db096189f321eccbf,scruples_011,P2_incentive_pressure,gemma4:12b,version_j,p0_default,True,0,"{'model_name': 'gemma4:12b', 'temperature': 0.5, 'top_p': 0.9, 'top_k': None, 'seed': None, 'quantization': 'Q4_K_M'}"
be4d312848174b40b741813767379f765b3f72091ce4ac3810350fdcd727df7f,scruples_011,C3_social_neutral,gemma4:12b,version_j,p0_default,False,0,"{'model_name': 'gemma4:12b', 'temperature': 0.5, 'top_p': 0.9, 'top_k': None, 'seed': None, 'quantization': 'Q4_K_M'}"
2e48ee08ec0fb2be39bc7c8c955aabb30429499f4daee8f04fa8b522f6b76a56,scruples_011,C3_social_neutral,gemma4:12b,version_j,p0_default,True,0,"{'model_name': 'gemma4:12b', 'temperature': 0.5, 'top_p': 0.9, 'top_k': None, 'seed': None, 'quantization': 'Q4_K_M'}"
60f187c220a25ebb673d80cd5c7d94a0109bffef6d507ef10a5bdd0b2d22984b,scruples_011,P3_social_pressure,gemma4:12b,version_j,p0_default,False,0,"{'model_name': 'gemma4:12b', 'temperature': 0.5, 'top_p': 0.9, 'top_k': None, 'seed': None, 'quantization': 'Q4_K_M'}"
79770c711fd9f819c79588e6cf560729cbafa118003f7d03479251fc77700fc9,scruples_011,P3_social_pressure,gemma4:12b,version_j,p0_default,True,0,"{'model_name': 'gemma4:12b', 'temperature': 0.5, 'top_p': 0.9, 'top_k': None, 'seed': None, 'quantization': 'Q4_K_M'}"
ee37fef7e0dda23c0420d88848f727e7106d7da101df208d812ffed7421914ea,scruples_011,C4_metric_neutral,gemma4:12b,version_j,p0_default,False,0,"{'model_name': 'gemma4:12b', 'temperature': 0.5, 'top_p': 0.9, 'top_k': None, 'seed': None, 'quantization': 'Q4_K_M'}"
4714d6738781317509de4de4f278c390e8945424ea66c544f661197c34164d7d,scruples_011,C4_metric_neutral,gemma4:12b,version_j,p0_default,True,0,"{'model_name': 'gemma4:12b', 'temperature': 0.5, 'top_p': 0.9, 'top_k': None, 'seed': None, 'quantization': 'Q4_K_M'}"
5fde56d0c5951bac7462ab5a610e76b2d29451ec08367b0148a8e783f5d1752c,scruples_011,P4_metric_pressure,gemma4:12b,version_j,p0_default,False,0,"{'model_name': 'gemma4:12b', 'temperature': 0.5, 'top_p': 0.9, 'top_k': None, 'seed': None, 'quantization': 'Q4_K_M'}"
b0dc433a643b105026f835347d187d8bbe027b6c2013de49d06cd07044da3847,scruples_011,P4_metric_pressure,gemma4:12b,version_j,p0_default,True,0,"{'model_name': 'gemma4:12b', 'temperature': 0.5, 'top_p': 0.9, 'top_k': None, 'seed': None, 'quantization': 'Q4_K_M'}"
8532cb7fa28adf5ae86490a88ac61252efd1f5c354f9b4fe79538924c5d4125f,scruples_011,R2_relevant_evidence,gemma4:12b,version_j,p0_default,False,0,"{'model_name': 'gemma4:12b', 'temperature': 0.5, 'top_p': 0.9, 'top_k': None, 'seed': None, 'quantization': 'Q4_K_M'}"
0175a268bcaaf49f018dc1b635c6e381b14cb0c25a86f8cd02338d70ef950bd1,scruples_011,R2_relevant_evidence,gemma4:12b,version_j,p0_default,True,0,"{'model_name': 'gemma4:12b', 'temperature': 0.5, 'top_p': 0.9, 'top_k': None, 'seed': None, 'quantization': 'Q4_K_M'}"
992fc86730dea95fa3f27d3861363e9ca6d16a86f6879275b2329a8110a56cf4,scruples_012,B0_stripped_baseline,gemma4:12b,version_j,p0_default,False,0,"{'model_name': 'gemma4:12b', 'temperature': 0.5, 'top_p': 0.9, 'top_k': None, 'seed': None, 'quantization': 'Q4_K_M'}"
b9eeff1b4d54a91b17451b83226641afd36941afa7e0e3aa93b72a83f05fba38,scruples_012,B0_stripped_baseline,gemma4:12b,version_j,p0_default,True,0,"{'model_name': 'gemma4:12b', 'temperature': 0.5, 'top_p': 0.9, 'top_k': None, 'seed': None, 'quantization': 'Q4_K_M'}"
770165d1d805447ec0ce3dee096e3997e56cbcf8bddae9be6caae0c86d9bacf4,scruples_012,C1_authority_neutral,gemma4:12b,version_j,p0_default,False,0,"{'model_name': 'gemma4:12b', 'temperature': 0.5, 'top_p': 0.9, 'top_k': None, 'seed': None, 'quantization': 'Q4_K_M'}"
32b362063623f3d003223cbc385ccc130ebc21f39e45fe53d0b9eadec7c0d149,scruples_012,C1_authority_neutral,gemma4:12b,version_j,p0_default,True,0,"{'model_name': 'gemma4:12b', 'temperature': 0.5, 'top_p': 0.9, 'top_k': None, 'seed': None, 'quantization': 'Q4_K_M'}"
c2fd774425515c26bff1945e759a7ae3b3710cec8945fa3c46b2ad8c05d6f229,scruples_012,P1_authority_pressure,gemma4:12b,version_j,p0_default,False,0,"{'model_name': 'gemma4:12b', 'temperature': 0.5, 'top_p': 0.9, 'top_k': None, 'seed': None, 'quantization': 'Q4_K_M'}"
b22d558d16902780f8d8132414ee96d8de6429c99e824c870f60660bda7219a5,scruples_012,P1_authority_pressure,gemma4:12b,version_j,p0_default,True,0,"{'model_name': 'gemma4:12b', 'temperature': 0.5, 'top_p': 0.9, 'top_k': None, 'seed': None, 'quantization': 'Q4_K_M'}"
6e120a702f02525877f01e987c2fd69a02317203d10d8f085e65d9d09b3124f8,scruples_012,C2_incentive_neutral,gemma4:12b,version_j,p0_default,False,0,"{'model_name': 'gemma4:12b', 'temperature': 0.5, 'top_p': 0.9, 'top_k': None, 'seed': None, 'quantization': 'Q4_K_M'}"
43b756565e1fa5f2a60db4274a659763cede09e78604c84a81c6783a4ee415fd,scruples_012,C2_incentive_neutral,gemma4:12b,version_j,p0_default,True,0,"{'model_name': 'gemma4:12b', 'temperature': 0.5, 'top_p': 0.9, 'top_k': None, 'seed': None, 'quantization': 'Q4_K_M'}"
8e594f8b6c2ba95be372a92a213a308ee2b759347fad8692f7619a569ae0bb60,scruples_012,P2_incentive_pressure,gemma4:12b,version_j,p0_default,False,0,"{'model_name': 'gemma4:12b', 'temperature': 0.5, 'top_p': 0.9, 'top_k': None, 'seed': None, 'quantization': 'Q4_K_M'}"
6f53cabf5dab26529b8bed15591e7d970a50c67a19b685927160fca05bfe0dee,scruples_012,P2_incentive_pressure,gemma4:12b,version_j,p0_default,True,0,"{'model_name': 'gemma4:12b', 'temperature': 0.5, 'top_p': 0.9, 'top_k': None, 'seed': None, 'quantization': 'Q4_K_M'}"
7bb2898dfa8ec23b99a99b6163f048dce5c666f1a38b1d796a267e37200196d4,scruples_012,C3_social_neutral,gemma4:12b,version_j,p0_default,False,0,"{'model_name': 'gemma4:12b', 'temperature': 0.5, 'top_p': 0.9, 'top_k': None, 'seed': None, 'quantization': 'Q4_K_M'}"
ccd2e33bd4f3ea5d1a1e21378bba6ffd0323f2c1d02e494ba3b52ca56ae78eb3,scruples_012,C3_social_neutral,gemma4:12b,version_j,p0_default,True,0,"{'model_name': 'gemma4:12b', 'temperature': 0.5, 'top_p': 0.9, 'top_k': None, 'seed': None, 'quantization': 'Q4_K_M'}"
3cbe05e8e96fb1fad5af7347b5acea64ada05ae9c56d5c6ea18341ed9f8af30e,scruples_012,P3_social_pressure,gemma4:12b,version_j,p0_default,False,0,"{'model_name': 'gemma4:12b', 'temperature': 0.5, 'top_p': 0.9, 'top_k': None, 'seed': None, 'quantization': 'Q4_K_M'}"
3f4a6c59fb7c7c1f7f8503646aebae82604e0d3886e799eb9ce436cccac72f65,scruples_012,P3_social_pressure,gemma4:12b,version_j,p0_default,True,0,"{'model_name': 'gemma4:12b', 'temperature': 0.5, 'top_p': 0.9, 'top_k': None, 'seed': None, 'quantization': 'Q4_K_M'}"
1c6ae6d4e9f7e8fc2640cb71e45c54b98739120b4bb7d2bc8cab5a92784b7458,scruples_012,C4_metric_neutral,gemma4:12b,version_j,p0_default,False,0,"{'model_name': 'gemma4:12b', 'temperature': 0.5, 'top_p': 0.9, 'top_k': None, 'seed': None, 'quantization': 'Q4_K_M'}"
828baaadcd1cfe7120e7e008cce7b2dff8f73a3d612632c202302580c698a644,scruples_012,C4_metric_neutral,gemma4:12b,version_j,p0_default,True,0,"{'model_name': 'gemma4:12b', 'temperature': 0.5, 'top_p': 0.9, 'top_k': None, 'seed': None, 'quantization': 'Q4_K_M'}"
1af83382e4ba8dbbae830c639da38e9f11d61cb68d2cf863fe226c1ddd28ed92,scruples_012,P4_metric_pressure,gemma4:12b,version_j,p0_default,False,0,"{'model_name': 'gemma4:12b', 'temperature': 0.5, 'top_p': 0.9, 'top_k': None, 'seed': None, 'quantization': 'Q4_K_M'}"
8cf39b1476b26d5c32aa532a4b15aaba6b388a0a64d3e748babd4ea949ce1298,scruples_012,P4_metric_pressure,gemma4:12b,version_j,p0_default,True,0,"{'model_name': 'gemma4:12b', 'temperature': 0.5, 'top_p': 0.9, 'top_k': None, 'seed': None, 'quantization': 'Q4_K_M'}"
bb1899977be1afbbad83566515232fecb24354ef73d4539ee0b605ab6642309d,scruples_012,R2_relevant_evidence,gemma4:12b,version_j,p0_default,False,0,"{'model_name': 'gemma4:12b', 'temperature': 0.5, 'top_p': 0.9, 'top_k': None, 'seed': None, 'quantization': 'Q4_K_M'}"
5eee403b3cbfdd91e4b4842242562503cd8b3098bae0ce51549761cf2400dc03,scruples_012,R2_relevant_evidence,gemma4:12b,version_j,p0_default,True,0,"{'model_name': 'gemma4:12b', 'temperature': 0.5, 'top_p': 0.9, 'top_k': None, 'seed': None, 'quantization': 'Q4_K_M'}"
e9b1e2d70b2a889fabad5cd52113cd8c464759bc5bc1c0a0744dc74ed8dae95b,scruples_013,B0_stripped_baseline,gemma4:12b,version_j,p0_default,False,0,"{'model_name': 'gemma4:12b', 'temperature': 0.5, 'top_p': 0.9, 'top_k': None, 'seed': None, 'quantization': 'Q4_K_M'}"
0979915c9cb8b712f3a646d33355f02146373a91da5662a91af215b00e26a1bc,scruples_013,B0_stripped_baseline,gemma4:12b,version_j,p0_default,True,0,"{'model_name': 'gemma4:12b', 'temperature': 0.5, 'top_p': 0.9, 'top_k': None, 'seed': None, 'quantization': 'Q4_K_M'}"
336547efb62315b4caff1543e73600cf0d691f7037a72012c1ebd306a8782054,scruples_013,C1_authority_neutral,gemma4:12b,version_j,p0_default,False,0,"{'model_name': 'gemma4:12b', 'temperature': 0.5, 'top_p': 0.9, 'top_k': None, 'seed': None, 'quantization': 'Q4_K_M'}"
5f8992b8aae76c0180c33c4366a97c4ccaf3e8e92690da190d7aea0fa9ea3905,scruples_013,C1_authority_neutral,gemma4:12b,version_j,p0_default,True,0,"{'model_name': 'gemma4:12b', 'temperature': 0.5, 'top_p': 0.9, 'top_k': None, 'seed': None, 'quantization': 'Q4_K_M'}"
373fed2ffb69daef10a2e77ec82fde3528513571405bf2916850989fd0e642da,scruples_013,P1_authority_pressure,gemma4:12b,version_j,p0_default,False,0,"{'model_name': 'gemma4:12b', 'temperature': 0.5, 'top_p': 0.9, 'top_k': None, 'seed': None, 'quantization': 'Q4_K_M'}"
2e29075ae76c47b5e9f32f79c0b7b097f08516e2265aeed5a7361367f127f3cf,scruples_013,P1_authority_pressure,gemma4:12b,version_j,p0_default,True,0,"{'model_name': 'gemma4:12b', 'temperature': 0.5, 'top_p': 0.9, 'top_k': None, 'seed': None, 'quantization': 'Q4_K_M'}"
777891b897b8405d149c6408fe03bc0ba48614d1a2fa5e18c71edc29faf68e59,scruples_013,C2_incentive_neutral,gemma4:12b,version_j,p0_default,False,0,"{'model_name': 'gemma4:12b', 'temperature': 0.5, 'top_p': 0.9, 'top_k': None, 'seed': None, 'quantization': 'Q4_K_M'}"
7308a0817debdf78e339c74a9acd02f410a47e4c57d84fc7621a1f15dcb8fffd,scruples_013,C2_incentive_neutral,gemma4:12b,version_j,p0_default,True,0,"{'model_name': 'gemma4:12b', 'temperature': 0.5, 'top_p': 0.9, 'top_k': None, 'seed': None, 'quantization': 'Q4_K_M'}"
9b99a56ca282c80308fa54178d83592fbf576effe4f5d203d84418da506cb1cf,scruples_013,P2_incentive_pressure,gemma4:12b,version_j,p0_default,False,0,"{'model_name': 'gemma4:12b', 'temperature': 0.5, 'top_p': 0.9, 'top_k': None, 'seed': None, 'quantization': 'Q4_K_M'}"
74bf7d5fa80ac5781247322c2d2827241da5d2949d3caddfe07d0601d7a3d27a,scruples_013,P2_incentive_pressure,gemma4:12b,version_j,p0_default,True,0,"{'model_name': 'gemma4:12b', 'temperature': 0.5, 'top_p': 0.9, 'top_k': None, 'seed': None, 'quantization': 'Q4_K_M'}"
73cb7f1116a4aa21e636b0a3381747691e38df74d8e1cd22c7f48ccd8507d034,scruples_013,C3_social_neutral,gemma4:12b,version_j,p0_default,False,0,"{'model_name': 'gemma4:12b', 'temperature': 0.5, 'top_p': 0.9, 'top_k': None, 'seed': None, 'quantization': 'Q4_K_M'}"
3675a14d113d69552173f0c6b3159c77c70b9d5db27cb919d88e458f8e59d81b,scruples_013,C3_social_neutral,gemma4:12b,version_j,p0_default,True,0,"{'model_name': 'gemma4:12b', 'temperature': 0.5, 'top_p': 0.9, 'top_k': None, 'seed': None, 'quantization': 'Q4_K_M'}"
8872f8dd3371a3b45193485a0f4907a79474ef3ab200167ede94ae3f1fcc7617,scruples_013,P3_social_pressure,gemma4:12b,version_j,p0_default,False,0,"{'model_name': 'gemma4:12b', 'temperature': 0.5, 'top_p': 0.9, 'top_k': None, 'seed': None, 'quantization': 'Q4_K_M'}"
af6117234b77f83d3227ff385f4dce6aaec3659b0002a39f6ed11c45acfeced0,scruples_013,P3_social_pressure,gemma4:12b,version_j,p0_default,True,0,"{'model_name': 'gemma4:12b', 'temperature': 0.5, 'top_p': 0.9, 'top_k': None, 'seed': None, 'quantization': 'Q4_K_M'}"
5bdd346ee159a8f0a40a869226f28dab69d8d92166c43e36f50c7513d1ed2a30,scruples_013,C4_metric_neutral,gemma4:12b,version_j,p0_default,False,0,"{'model_name': 'gemma4:12b', 'temperature': 0.5, 'top_p': 0.9, 'top_k': None, 'seed': None, 'quantization': 'Q4_K_M'}"
9bed28ca4dfe7dd03c6f469a2eae36c4eb0f3d5ed60c49c8b61c52f6dde8c6cd,scruples_013,C4_metric_neutral,gemma4:12b,version_j,p0_default,True,0,"{'model_name': 'gemma4:12b', 'temperature': 0.5, 'top_p': 0.9, 'top_k': None, 'seed': None, 'quantization': 'Q4_K_M'}"
9539b556810009d6b8ba5560e57c87c6cb23d4d833a105cfc64aca9091150ad4,scruples_013,P4_metric_pressure,gemma4:12b,version_j,p0_default,False,0,"{'model_name': 'gemma4:12b', 'temperature': 0.5, 'top_p': 0.9, 'top_k': None, 'seed': None, 'quantization': 'Q4_K_M'}"
7dd8009e8c352fe1021f016cdde1cfa97e5918981eef8c479fa351a02aa52410,scruples_013,P4_metric_pressure,gemma4:12b,version_j,p0_default,True,0,"{'model_name': 'gemma4:12b', 'temperature': 0.5, 'top_p': 0.9, 'top_k': None, 'seed': None, 'quantization': 'Q4_K_M'}"
25696bbd2f64a7f17a75e9476b543b113615db9c38b398ffe03c426e19b9a178,scruples_013,R2_relevant_evidence,gemma4:12b,version_j,p0_default,False,0,"{'model_name': 'gemma4:12b', 'temperature': 0.5, 'top_p': 0.9, 'top_k': None, 'seed': None, 'quantization': 'Q4_K_M'}"
3c184322a129aa1c38031fcbb1c4c6a23fecbc8cbe6dade620e7562453afb0a1,scruples_013,R2_relevant_evidence,gemma4:12b,version_j,p0_default,True,0,"{'model_name': 'gemma4:12b', 'temperature': 0.5, 'top_p': 0.9, 'top_k': None, 'seed': None, 'quantization': 'Q4_K_M'}"
d2a6d446c4c176e82445ae5d5ad07b55c865f2cab8560180194d83c1d1e6c47a,scruples_014,B0_stripped_baseline,gemma4:12b,version_j,p0_default,False,0,"{'model_name': 'gemma4:12b', 'temperature': 0.5, 'top_p': 0.9, 'top_k': None, 'seed': None, 'quantization': 'Q4_K_M'}"
fe2d980fdcfc947edc61e48641f77334401c6795e318838f927db21c9c61a33f,scruples_014,B0_stripped_baseline,gemma4:12b,version_j,p0_default,True,0,"{'model_name': 'gemma4:12b', 'temperature': 0.5, 'top_p': 0.9, 'top_k': None, 'seed': None, 'quantization': 'Q4_K_M'}"
d42d6ebe93e5f1b36bbe7ad1dc0623b5ea1a19b7c8c7e552bded829e6492c5f9,scruples_014,C1_authority_neutral,gemma4:12b,version_j,p0_default,False,0,"{'model_name': 'gemma4:12b', 'temperature': 0.5, 'top_p': 0.9, 'top_k': None, 'seed': None, 'quantization': 'Q4_K_M'}"
4bd1b9b8a7f12aa150c0ba11b2deed13dcca1257730c826f5fd8d8c00d232eec,scruples_014,C1_authority_neutral,gemma4:12b,version_j,p0_default,True,0,"{'model_name': 'gemma4:12b', 'temperature': 0.5, 'top_p': 0.9, 'top_k': None, 'seed': None, 'quantization': 'Q4_K_M'}"
f9a3d35d49ad57e83c2ba8bd27153b1beaa437db1621144fad103b7d531634e0,scruples_014,P1_authority_pressure,gemma4:12b,version_j,p0_default,False,0,"{'model_name': 'gemma4:12b', 'temperature': 0.5, 'top_p': 0.9, 'top_k': None, 'seed': None, 'quantization': 'Q4_K_M'}"
1e576c5ed51569253ccd1fcdc28e1650d958e89390f440aeb4f9995317c27ef1,scruples_014,P1_authority_pressure,gemma4:12b,version_j,p0_default,True,0,"{'model_name': 'gemma4:12b', 'temperature': 0.5, 'top_p': 0.9, 'top_k': None, 'seed': None, 'quantization': 'Q4_K_M'}"
425b9983de9664e25568d77990e4a75b455f0212f406127b1fc661f7f05cba0e,scruples_014,C2_incentive_neutral,gemma4:12b,version_j,p0_default,False,0,"{'model_name': 'gemma4:12b', 'temperature': 0.5, 'top_p': 0.9, 'top_k': None, 'seed': None, 'quantization': 'Q4_K_M'}"
246eaa648291ae6dd488b6afc869bb2a05c783ea9ace1b415c0c8b9cbb3094f0,scruples_014,C2_incentive_neutral,gemma4:12b,version_j,p0_default,True,0,"{'model_name': 'gemma4:12b', 'temperature': 0.5, 'top_p': 0.9, 'top_k': None, 'seed': None, 'quantization': 'Q4_K_M'}"
6967abe7ead3497392b350593f4d78c526ef8736e0cc3e071eb4b66f61216eb0,scruples_014,P2_incentive_pressure,gemma4:12b,version_j,p0_default,False,0,"{'model_name': 'gemma4:12b', 'temperature': 0.5, 'top_p': 0.9, 'top_k': None, 'seed': None, 'quantization': 'Q4_K_M'}"
8c632793375e087349bb4705886cf84c9c05dddd4542c405ecf341d25205f9c2,scruples_014,P2_incentive_pressure,gemma4:12b,version_j,p0_default,True,0,"{'model_name': 'gemma4:12b', 'temperature': 0.5, 'top_p': 0.9, 'top_k': None, 'seed': None, 'quantization': 'Q4_K_M'}"
f2b2245a1f0978d7bdc6a95641532b33759a22df2028906afbbb7c52b0e652c2,scruples_014,C3_social_neutral,gemma4:12b,version_j,p0_default,False,0,"{'model_name': 'gemma4:12b', 'temperature': 0.5, 'top_p': 0.9, 'top_k': None, 'seed': None, 'quantization': 'Q4_K_M'}"
ac15d3aee6e3b774d2d2febf538d18834918314fa07dbf3b79677adf3c7aa6bc,scruples_014,C3_social_neutral,gemma4:12b,version_j,p0_default,True,0,"{'model_name': 'gemma4:12b', 'temperature': 0.5, 'top_p': 0.9, 'top_k': None, 'seed': None, 'quantization': 'Q4_K_M'}"
28bd185727805f432ce082c06403d0b1b06a9e32b9db63c81c7ea2232381017d,scruples_014,P3_social_pressure,gemma4:12b,version_j,p0_default,False,0,"{'model_name': 'gemma4:12b', 'temperature': 0.5, 'top_p': 0.9, 'top_k': None, 'seed': None, 'quantization': 'Q4_K_M'}"
d56ae886c846566f9a10b5152472a3382f3635f982dc231508a1cb175f096b04,scruples_014,P3_social_pressure,gemma4:12b,version_j,p0_default,True,0,"{'model_name': 'gemma4:12b', 'temperature': 0.5, 'top_p': 0.9, 'top_k': None, 'seed': None, 'quantization': 'Q4_K_M'}"
ed3a910a6c0f179dd4f3374d1a6f698689cfa947cedcc0c8d84c4871bb402f0e,scruples_014,C4_metric_neutral,gemma4:12b,version_j,p0_default,False,0,"{'model_name': 'gemma4:12b', 'temperature': 0.5, 'top_p': 0.9, 'top_k': None, 'seed': None, 'quantization': 'Q4_K_M'}"
0f327504a2f28bd885ec58828084631d64440210b291a00aeefe0fa7f39060a6,scruples_014,C4_metric_neutral,gemma4:12b,version_j,p0_default,True,0,"{'model_name': 'gemma4:12b', 'temperature': 0.5, 'top_p': 0.9, 'top_k': None, 'seed': None, 'quantization': 'Q4_K_M'}"
e805d379035148d232524ff2c325cfd20890029ad77c850cbe710075895124da,scruples_014,P4_metric_pressure,gemma4:12b,version_j,p0_default,False,0,"{'model_name': 'gemma4:12b', 'temperature': 0.5, 'top_p': 0.9, 'top_k': None, 'seed': None, 'quantization': 'Q4_K_M'}"
a2f0267e8cc0808a7597858b4cddd95039f9d112b499b2b776d50912af84a3f4,scruples_014,P4_metric_pressure,gemma4:12b,version_j,p0_default,True,0,"{'model_name': 'gemma4:12b', 'temperature': 0.5, 'top_p': 0.9, 'top_k': None, 'seed': None, 'quantization': 'Q4_K_M'}"
e8b4487ea6d5ee5d0ac1d6d16b81e0d3033657ab3fa3ad91d9b694a000339895,scruples_014,R2_relevant_evidence,gemma4:12b,version_j,p0_default,False,0,"{'model_name': 'gemma4:12b', 'temperature': 0.5, 'top_p': 0.9, 'top_k': None, 'seed': None, 'quantization': 'Q4_K_M'}"
50277bd9fc8cf9ad4a6a8cd4a8793a3c0bb9355a9ff36c8a940186a83c358fff,scruples_014,R2_relevant_evidence,gemma4:12b,version_j,p0_default,True,0,"{'model_name': 'gemma4:12b', 'temperature': 0.5, 'top_p': 0.9, 'top_k': None, 'seed': None, 'quantization': 'Q4_K_M'}"
cfeaef1ff6275153005231ca172ca56e799c7653579305aedbf5827280cfa7d7,scruples_015,B0_stripped_baseline,gemma4:12b,version_j,p0_default,False,0,"{'model_name': 'gemma4:12b', 'temperature': 0.5, 'top_p': 0.9, 'top_k': None, 'seed': None, 'quantization': 'Q4_K_M'}"
2b3f9dc4a6c22b82ffcb9dac628cb6651e7dc08ac8feb28b00f9120859f8bc00,scruples_015,B0_stripped_baseline,gemma4:12b,version_j,p0_default,True,0,"{'model_name': 'gemma4:12b', 'temperature': 0.5, 'top_p': 0.9, 'top_k': None, 'seed': None, 'quantization': 'Q4_K_M'}"
62579b6e4961e112b3530d05ca6636d1fb6986355c3fa7bfd03920c2999b2a84,scruples_015,C1_authority_neutral,gemma4:12b,version_j,p0_default,False,0,"{'model_name': 'gemma4:12b', 'temperature': 0.5, 'top_p': 0.9, 'top_k': None, 'seed': None, 'quantization': 'Q4_K_M'}"
c1bcf196331b725d5f6212c64f480f99e5c6f79cabb2c1e62f88471f8328667e,scruples_015,C1_authority_neutral,gemma4:12b,version_j,p0_default,True,0,"{'model_name': 'gemma4:12b', 'temperature': 0.5, 'top_p': 0.9, 'top_k': None, 'seed': None, 'quantization': 'Q4_K_M'}"
38bedd592f4f74470ba3adbb0e8ffdd9dd03439d281da608e75c172a4d6779de,scruples_015,P1_authority_pressure,gemma4:12b,version_j,p0_default,False,0,"{'model_name': 'gemma4:12b', 'temperature': 0.5, 'top_p': 0.9, 'top_k': None, 'seed': None, 'quantization': 'Q4_K_M'}"
a8dbe11929d1490b010aa1a994fb7add1573d9a225686f4807dc338b5e275125,scruples_015,P1_authority_pressure,gemma4:12b,version_j,p0_default,True,0,"{'model_name': 'gemma4:12b', 'temperature': 0.5, 'top_p': 0.9, 'top_k': None, 'seed': None, 'quantization': 'Q4_K_M'}"
62b21c075d5b434f12595f7c20695eeb907c6864f0cf472831a91d144842ad17,scruples_015,C2_incentive_neutral,gemma4:12b,version_j,p0_default,False,0,"{'model_name': 'gemma4:12b', 'temperature': 0.5, 'top_p': 0.9, 'top_k': None, 'seed': None, 'quantization': 'Q4_K_M'}"
c3692d1fcbd84adaec13355f54f04f1923a20cf8adbb38cecfb21fa7a54127bb,scruples_015,C2_incentive_neutral,gemma4:12b,version_j,p0_default,True,0,"{'model_name': 'gemma4:12b', 'temperature': 0.5, 'top_p': 0.9, 'top_k': None, 'seed': None, 'quantization': 'Q4_K_M'}"
31ae3f865110bf1de329b21c87e4dc33f75bc953433405b1f271fd2526661610,scruples_015,P2_incentive_pressure,gemma4:12b,version_j,p0_default,False,0,"{'model_name': 'gemma4:12b', 'temperature': 0.5, 'top_p': 0.9, 'top_k': None, 'seed': None, 'quantization': 'Q4_K_M'}"
6aff42c1c5c0b03d51e0b28c47ab57cb87c7bdb1dc4f3ddca92604a3d93cf6c2,scruples_015,P2_incentive_pressure,gemma4:12b,version_j,p0_default,True,0,"{'model_name': 'gemma4:12b', 'temperature': 0.5, 'top_p': 0.9, 'top_k': None, 'seed': None, 'quantization': 'Q4_K_M'}"
4826210eec286ae6774a6c8058604f36f1bb06988438428d71631b3dbe89fa07,scruples_015,C3_social_neutral,gemma4:12b,version_j,p0_default,False,0,"{'model_name': 'gemma4:12b', 'temperature': 0.5, 'top_p': 0.9, 'top_k': None, 'seed': None, 'quantization': 'Q4_K_M'}"
14011f55e38da2b1dbb8abf4217b7e37348d1ff9b8d76d1e6120a9783e185561,scruples_015,C3_social_neutral,gemma4:12b,version_j,p0_default,True,0,"{'model_name': 'gemma4:12b', 'temperature': 0.5, 'top_p': 0.9, 'top_k': None, 'seed': None, 'quantization': 'Q4_K_M'}"
9265602cf8b3b96950b28c042df070703643594ea2c23fc131ee0f72555520c7,scruples_015,P3_social_pressure,gemma4:12b,version_j,p0_default,False,0,"{'model_name': 'gemma4:12b', 'temperature': 0.5, 'top_p': 0.9, 'top_k': None, 'seed': None, 'quantization': 'Q4_K_M'}"
30f8d181b1e3369f37f24d33f62887661c6e5ddd634459141f2f5250bc3d82dd,scruples_015,P3_social_pressure,gemma4:12b,version_j,p0_default,True,0,"{'model_name': 'gemma4:12b', 'temperature': 0.5, 'top_p': 0.9, 'top_k': None, 'seed': None, 'quantization': 'Q4_K_M'}"
81d147823e8c19795964001d01dfc179c75112e6be85d828892bd60c6a3e2983,scruples_015,C4_metric_neutral,gemma4:12b,version_j,p0_default,False,0,"{'model_name': 'gemma4:12b', 'temperature': 0.5, 'top_p': 0.9, 'top_k': None, 'seed': None, 'quantization': 'Q4_K_M'}"
65a420e85e4409603aaa6d00d033c657393fb22959a063aae4ddbd066793ae08,scruples_015,C4_metric_neutral,gemma4:12b,version_j,p0_default,True,0,"{'model_name': 'gemma4:12b', 'temperature': 0.5, 'top_p': 0.9, 'top_k': None, 'seed': None, 'quantization': 'Q4_K_M'}"
36213e7e86aa4741a0612351561690ea885fb65672abd2567ca64329c7f336d2,scruples_015,P4_metric_pressure,gemma4:12b,version_j,p0_default,False,0,"{'model_name': 'gemma4:12b', 'temperature': 0.5, 'top_p': 0.9, 'top_k': None, 'seed': None, 'quantization': 'Q4_K_M'}"
323e943eb6d3011ddc3f1f2eae307c9f0bdb44badf904810066c7785836969d4,scruples_015,P4_metric_pressure,gemma4:12b,version_j,p0_default,True,0,"{'model_name': 'gemma4:12b', 'temperature': 0.5, 'top_p': 0.9, 'top_k': None, 'seed': None, 'quantization': 'Q4_K_M'}"
0942a172bdaf316a2d2ccd50e1e6a0b6ad781d653cf04327a5dfa028e77b89ec,scruples_015,R2_relevant_evidence,gemma4:12b,version_j,p0_default,False,0,"{'model_name': 'gemma4:12b', 'temperature': 0.5, 'top_p': 0.9, 'top_k': None, 'seed': None, 'quantization': 'Q4_K_M'}"
11c237ce87145ccc3ca5b0daaa4e5029106b653859173ad6dfbcad3a16152297,scruples_015,R2_relevant_evidence,gemma4:12b,version_j,p0_default,True,0,"{'model_name': 'gemma4:12b', 'temperature': 0.5, 'top_p': 0.9, 'top_k': None, 'seed': None, 'quantization': 'Q4_K_M'}"
fe51956dc7e08e26d957af906abf105144f2585e904295e677d10bd79ffb4bcf,scruples_016,B0_stripped_baseline,gemma4:12b,version_j,p0_default,False,0,"{'model_name': 'gemma4:12b', 'temperature': 0.5, 'top_p': 0.9, 'top_k': None, 'seed': None, 'quantization': 'Q4_K_M'}"
6175486f5156aac6a50b7cc176104dd66fb4c6560b94cfd37d3faab55a2b9b7f,scruples_016,B0_stripped_baseline,gemma4:12b,version_j,p0_default,True,0,"{'model_name': 'gemma4:12b', 'temperature': 0.5, 'top_p': 0.9, 'top_k': None, 'seed': None, 'quantization': 'Q4_K_M'}"
4c7684e2dafb74f4594f97153f5ecb936eb267e42d1f383c4ad2040e8e04d528,scruples_016,C1_authority_neutral,gemma4:12b,version_j,p0_default,False,0,"{'model_name': 'gemma4:12b', 'temperature': 0.5, 'top_p': 0.9, 'top_k': None, 'seed': None, 'quantization': 'Q4_K_M'}"
07d436ff40fbd86a3d4080dffd79f046f1f3807a69828ba2e2cf27a692f1152d,scruples_016,C1_authority_neutral,gemma4:12b,version_j,p0_default,True,0,"{'model_name': 'gemma4:12b', 'temperature': 0.5, 'top_p': 0.9, 'top_k': None, 'seed': None, 'quantization': 'Q4_K_M'}"
89cdd5b9f43111bb0686b3abd0750b06b21589422fdfbcc9d05013c8997d7fca,scruples_016,P1_authority_pressure,gemma4:12b,version_j,p0_default,False,0,"{'model_name': 'gemma4:12b', 'temperature': 0.5, 'top_p': 0.9, 'top_k': None, 'seed': None, 'quantization': 'Q4_K_M'}"
e90d19f43ecef238184d157f0a18c1d6846f0b2bba46d3a471f7f30894f45384,scruples_016,P1_authority_pressure,gemma4:12b,version_j,p0_default,True,0,"{'model_name': 'gemma4:12b', 'temperature': 0.5, 'top_p': 0.9, 'top_k': None, 'seed': None, 'quantization': 'Q4_K_M'}"
5ee6348a3cc6c55e8e0e2ecf6361077f9e7f28a5d2fd7c4c8e2b951337e50e01,scruples_016,C2_incentive_neutral,gemma4:12b,version_j,p0_default,False,0,"{'model_name': 'gemma4:12b', 'temperature': 0.5, 'top_p': 0.9, 'top_k': None, 'seed': None, 'quantization': 'Q4_K_M'}"
3b3750154be14a9df666b91a24d51f3d24d66f9261593acff41af682930e7365,scruples_016,C2_incentive_neutral,gemma4:12b,version_j,p0_default,True,0,"{'model_name': 'gemma4:12b', 'temperature': 0.5, 'top_p': 0.9, 'top_k': None, 'seed': None, 'quantization': 'Q4_K_M'}"
e48d107a1566fd919f0c2e91499fcd08e829d821fa4774a512654938fd02eeef,scruples_016,P2_incentive_pressure,gemma4:12b,version_j,p0_default,False,0,"{'model_name': 'gemma4:12b', 'temperature': 0.5, 'top_p': 0.9, 'top_k': None, 'seed': None, 'quantization': 'Q4_K_M'}"
1515de8e18449ecb931d980b835677c446f06042189e9d4acc698fa456eed0f4,scruples_016,P2_incentive_pressure,gemma4:12b,version_j,p0_default,True,0,"{'model_name': 'gemma4:12b', 'temperature': 0.5, 'top_p': 0.9, 'top_k': None, 'seed': None, 'quantization': 'Q4_K_M'}"
1a55616b9d4e4bc74c94be78568ba84ff6cf9917a0e111962c6d19e539adf2a9,scruples_016,C3_social_neutral,gemma4:12b,version_j,p0_default,False,0,"{'model_name': 'gemma4:12b', 'temperature': 0.5, 'top_p': 0.9, 'top_k': None, 'seed': None, 'quantization': 'Q4_K_M'}"
11d083d7db43575771343663b63c4a2b5506e8ec07478922fdcd31067bd27af3,scruples_016,C3_social_neutral,gemma4:12b,version_j,p0_default,True,0,"{'model_name': 'gemma4:12b', 'temperature': 0.5, 'top_p': 0.9, 'top_k': None, 'seed': None, 'quantization': 'Q4_K_M'}"
ba20d08843aecb56302f33d33890a72c48a497f1e75cd1fe0a9678c230d2d357,scruples_016,P3_social_pressure,gemma4:12b,version_j,p0_default,False,0,"{'model_name': 'gemma4:12b', 'temperature': 0.5, 'top_p': 0.9, 'top_k': None, 'seed': None, 'quantization': 'Q4_K_M'}"
2b1e49a5d774ad6ecd2264d9720fc8251fe3f472950252fb083532b843f43427,scruples_016,P3_social_pressure,gemma4:12b,version_j,p0_default,True,0,"{'model_name': 'gemma4:12b', 'temperature': 0.5, 'top_p': 0.9, 'top_k': None, 'seed': None, 'quantization': 'Q4_K_M'}"
93e9a1d778a412434ea0378fb74e9e3173b8b62e714a9e38ee1a9ffb09cd2ca0,scruples_016,C4_metric_neutral,gemma4:12b,version_j,p0_default,False,0,"{'model_name': 'gemma4:12b', 'temperature': 0.5, 'top_p': 0.9, 'top_k': None, 'seed': None, 'quantization': 'Q4_K_M'}"
33e0a6ce383ea8a1f1d1c59025ea98576b103ef20bcde8c9d3431732a6056e19,scruples_016,C4_metric_neutral,gemma4:12b,version_j,p0_default,True,0,"{'model_name': 'gemma4:12b', 'temperature': 0.5, 'top_p': 0.9, 'top_k': None, 'seed': None, 'quantization': 'Q4_K_M'}"
355d8de26699fb00cf9cf2f4070c4a775138937fbae1f692fe50855137121589,scruples_016,P4_metric_pressure,gemma4:12b,version_j,p0_default,False,0,"{'model_name': 'gemma4:12b', 'temperature': 0.5, 'top_p': 0.9, 'top_k': None, 'seed': None, 'quantization': 'Q4_K_M'}"
337b6c59cc350fbba2294f135663cbb251bad70012900d9f8eab27f6ea7bbda7,scruples_016,P4_metric_pressure,gemma4:12b,version_j,p0_default,True,0,"{'model_name': 'gemma4:12b', 'temperature': 0.5, 'top_p': 0.9, 'top_k': None, 'seed': None, 'quantization': 'Q4_K_M'}"
db405724a3f52c5683d6f2026c27d84c76a048ac7ecd19556dbd376a523c625d,scruples_016,R2_relevant_evidence,gemma4:12b,version_j,p0_default,False,0,"{'model_name': 'gemma4:12b', 'temperature': 0.5, 'top_p': 0.9, 'top_k': None, 'seed': None, 'quantization': 'Q4_K_M'}"
d3ea85e537ad090fe546557ad33da74eafba02d2cbdb5db1e30ef08ea5c4e554,scruples_016,R2_relevant_evidence,gemma4:12b,version_j,p0_default,True,0,"{'model_name': 'gemma4:12b', 'temperature': 0.5, 'top_p': 0.9, 'top_k': None, 'seed': None, 'quantization': 'Q4_K_M'}"
2365d722a36e36cc6010a02f1c090e2dc8e6d8b6009d6c66665d778846f3b40e,scruples_017,B0_stripped_baseline,gemma4:12b,version_j,p0_default,False,0,"{'model_name': 'gemma4:12b', 'temperature': 0.5, 'top_p': 0.9, 'top_k': None, 'seed': None, 'quantization': 'Q4_K_M'}"
180f3bfb8ad99c33615ce0a1b1da08322045edeae2592efb5556159b31469055,scruples_017,B0_stripped_baseline,gemma4:12b,version_j,p0_default,True,0,"{'model_name': 'gemma4:12b', 'temperature': 0.5, 'top_p': 0.9, 'top_k': None, 'seed': None, 'quantization': 'Q4_K_M'}"
a35ba379cd138d1a3a04eaf1e1375ceb79cc075ce41414bf5d87b6aaa5299007,scruples_017,C1_authority_neutral,gemma4:12b,version_j,p0_default,False,0,"{'model_name': 'gemma4:12b', 'temperature': 0.5, 'top_p': 0.9, 'top_k': None, 'seed': None, 'quantization': 'Q4_K_M'}"
b742943b349dbbdc8abe9691ad44cd0bf65725f22c83fe5c1d042786cb1bf5c0,scruples_017,C1_authority_neutral,gemma4:12b,version_j,p0_default,True,0,"{'model_name': 'gemma4:12b', 'temperature': 0.5, 'top_p': 0.9, 'top_k': None, 'seed': None, 'quantization': 'Q4_K_M'}"
b13a39b6306d6418e12308d847a338fe3032cc1840e78a1ed62fcdebe3c34a04,scruples_017,P1_authority_pressure,gemma4:12b,version_j,p0_default,False,0,"{'model_name': 'gemma4:12b', 'temperature': 0.5, 'top_p': 0.9, 'top_k': None, 'seed': None, 'quantization': 'Q4_K_M'}"
f6ecc9c854dd15621a8cb89c5d3c87e621a6f948e9222d77c8e636e74414e209,scruples_017,P1_authority_pressure,gemma4:12b,version_j,p0_default,True,0,"{'model_name': 'gemma4:12b', 'temperature': 0.5, 'top_p': 0.9, 'top_k': None, 'seed': None, 'quantization': 'Q4_K_M'}"
777081fd85118c8732a346a03cfcb09573c402cc1684cdcab544462aa6271591,scruples_017,C2_incentive_neutral,gemma4:12b,version_j,p0_default,False,0,"{'model_name': 'gemma4:12b', 'temperature': 0.5, 'top_p': 0.9, 'top_k': None, 'seed': None, 'quantization': 'Q4_K_M'}"
0732e592c7a119295c7a7648a7a8b75e5dd78587ff48d0be32d49176385dde34,scruples_017,C2_incentive_neutral,gemma4:12b,version_j,p0_default,True,0,"{'model_name': 'gemma4:12b', 'temperature': 0.5, 'top_p': 0.9, 'top_k': None, 'seed': None, 'quantization': 'Q4_K_M'}"
1924d05e3640fa09728f4935e7c7c8fe387f657b34f5b6022f547a850bcc38a8,scruples_017,P2_incentive_pressure,gemma4:12b,version_j,p0_default,False,0,"{'model_name': 'gemma4:12b', 'temperature': 0.5, 'top_p': 0.9, 'top_k': None, 'seed': None, 'quantization': 'Q4_K_M'}"
80cbff702a8a59dcb7932725201a3caa3223e34fe287b17c7da2e3b1d931f612,scruples_017,P2_incentive_pressure,gemma4:12b,version_j,p0_default,True,0,"{'model_name': 'gemma4:12b', 'temperature': 0.5, 'top_p': 0.9, 'top_k': None, 'seed': None, 'quantization': 'Q4_K_M'}"
5f09ac46911ccf4259727c6bd1ba3289c08e255a12f1c6369c149c96d5ce1377,scruples_017,C3_social_neutral,gemma4:12b,version_j,p0_default,False,0,"{'model_name': 'gemma4:12b', 'temperature': 0.5, 'top_p': 0.9, 'top_k': None, 'seed': None, 'quantization': 'Q4_K_M'}"
338f0796ebaf7217d7793755ab0f6b7f94ee1f47f3efc8053ed0590374040eb7,scruples_017,C3_social_neutral,gemma4:12b,version_j,p0_default,True,0,"{'model_name': 'gemma4:12b', 'temperature': 0.5, 'top_p': 0.9, 'top_k': None, 'seed': None, 'quantization': 'Q4_K_M'}"
0d5c4c48103cbe0138c6a32cc7e190ee685846035cae8e77c91fdd6d9ae71002,scruples_017,P3_social_pressure,gemma4:12b,version_j,p0_default,False,0,"{'model_name': 'gemma4:12b', 'temperature': 0.5, 'top_p': 0.9, 'top_k': None, 'seed': None, 'quantization': 'Q4_K_M'}"
7d491cd3ca5e828218b39760c19f48fff906938474f8653c7dacf4c34dbd660c,scruples_017,P3_social_pressure,gemma4:12b,version_j,p0_default,True,0,"{'model_name': 'gemma4:12b', 'temperature': 0.5, 'top_p': 0.9, 'top_k': None, 'seed': None, 'quantization': 'Q4_K_M'}"
8a4f5b82a48d70d1e28e763f73f1fc0b8491308e15d471eb11341aaaa9791b49,scruples_017,C4_metric_neutral,gemma4:12b,version_j,p0_default,False,0,"{'model_name': 'gemma4:12b', 'temperature': 0.5, 'top_p': 0.9, 'top_k': None, 'seed': None, 'quantization': 'Q4_K_M'}"
9cd20567e6b80e9988cca33d125f0c51f206267becfc59f489d46bc711ed4c09,scruples_017,C4_metric_neutral,gemma4:12b,version_j,p0_default,True,0,"{'model_name': 'gemma4:12b', 'temperature': 0.5, 'top_p': 0.9, 'top_k': None, 'seed': None, 'quantization': 'Q4_K_M'}"
bd83b89c753c0a5f56ae2062e0bddc54952d813389b01cc2faaf9d77037a7a47,scruples_017,P4_metric_pressure,gemma4:12b,version_j,p0_default,False,0,"{'model_name': 'gemma4:12b', 'temperature': 0.5, 'top_p': 0.9, 'top_k': None, 'seed': None, 'quantization': 'Q4_K_M'}"
8e161bca1f5537352010b5e45c6e75e805f5e0842ee944a685556568e8473fd5,scruples_017,P4_metric_pressure,gemma4:12b,version_j,p0_default,True,0,"{'model_name': 'gemma4:12b', 'temperature': 0.5, 'top_p': 0.9, 'top_k': None, 'seed': None, 'quantization': 'Q4_K_M'}"
6289ff9f478a2d13b36a031e51d7f62332236a6874d659f5e8c308db694283b0,scruples_017,R2_relevant_evidence,gemma4:12b,version_j,p0_default,False,0,"{'model_name': 'gemma4:12b', 'temperature': 0.5, 'top_p': 0.9, 'top_k': None, 'seed': None, 'quantization': 'Q4_K_M'}"
5130d3469e73c6ddb19144b2d3543aab8c514c6b7b01e3f4f78b9aea2033d4bc,scruples_017,R2_relevant_evidence,gemma4:12b,version_j,p0_default,True,0,"{'model_name': 'gemma4:12b', 'temperature': 0.5, 'top_p': 0.9, 'top_k': None, 'seed': None, 'quantization': 'Q4_K_M'}"
5fe42515aa3bc3b1ccf8c62fbd9c2258c2aea4f2fffce135cd32f0d8d146eb6c,scruples_018,B0_stripped_baseline,gemma4:12b,version_j,p0_default,False,0,"{'model_name': 'gemma4:12b', 'temperature': 0.5, 'top_p': 0.9, 'top_k': None, 'seed': None, 'quantization': 'Q4_K_M'}"
63ff3527305bd8d1d7a0dc1f2ce22bcd6563e1f8b73a86cb784c52e7e9e405b7,scruples_018,B0_stripped_baseline,gemma4:12b,version_j,p0_default,True,0,"{'model_name': 'gemma4:12b', 'temperature': 0.5, 'top_p': 0.9, 'top_k': None, 'seed': None, 'quantization': 'Q4_K_M'}"
330a88d65a1bca5e1d77d3bb34ffacc3347f3213e8d5e7e7759a425c4d07ca4e,scruples_018,C1_authority_neutral,gemma4:12b,version_j,p0_default,False,0,"{'model_name': 'gemma4:12b', 'temperature': 0.5, 'top_p': 0.9, 'top_k': None, 'seed': None, 'quantization': 'Q4_K_M'}"
98bfaff28b2a0f0c13718992d70ef971c3b3ab36fa96b31f25a4aab14d1f9198,scruples_018,C1_authority_neutral,gemma4:12b,version_j,p0_default,True,0,"{'model_name': 'gemma4:12b', 'temperature': 0.5, 'top_p': 0.9, 'top_k': None, 'seed': None, 'quantization': 'Q4_K_M'}"
f8e77727f14a17a56cf107ad3f62a125c0462067f3ba4c6947401949869bbfca,scruples_018,P1_authority_pressure,gemma4:12b,version_j,p0_default,False,0,"{'model_name': 'gemma4:12b', 'temperature': 0.5, 'top_p': 0.9, 'top_k': None, 'seed': None, 'quantization': 'Q4_K_M'}"
675c53dd4cb6488539bf671766db3843395f9979adcb1c64fa8b576351aeba91,scruples_018,P1_authority_pressure,gemma4:12b,version_j,p0_default,True,0,"{'model_name': 'gemma4:12b', 'temperature': 0.5, 'top_p': 0.9, 'top_k': None, 'seed': None, 'quantization': 'Q4_K_M'}"
736fd9bc47e6f200a6b25dba60b1db5d4c64ead947651d7c9209ebbacff74ef1,scruples_018,C2_incentive_neutral,gemma4:12b,version_j,p0_default,False,0,"{'model_name': 'gemma4:12b', 'temperature': 0.5, 'top_p': 0.9, 'top_k': None, 'seed': None, 'quantization': 'Q4_K_M'}"
14c0999a606ce902e6168a7cea5a11a7e9f43f2a7f91414a93eec6f771d23b15,scruples_018,C2_incentive_neutral,gemma4:12b,version_j,p0_default,True,0,"{'model_name': 'gemma4:12b', 'temperature': 0.5, 'top_p': 0.9, 'top_k': None, 'seed': None, 'quantization': 'Q4_K_M'}"
169cbcaf750be7777eae5c2ae58d124d2bc54077ee4e119fac31fbc499ee3ab5,scruples_018,P2_incentive_pressure,gemma4:12b,version_j,p0_default,False,0,"{'model_name': 'gemma4:12b', 'temperature': 0.5, 'top_p': 0.9, 'top_k': None, 'seed': None, 'quantization': 'Q4_K_M'}"
e680b58e74f5d9edc256239358ab2f6f84f2124a1e1a0f6ebeb8f4f2a641c8e6,scruples_018,P2_incentive_pressure,gemma4:12b,version_j,p0_default,True,0,"{'model_name': 'gemma4:12b', 'temperature': 0.5, 'top_p': 0.9, 'top_k': None, 'seed': None, 'quantization': 'Q4_K_M'}"
3c53089fbd79211ff48ff829bf5a573f2dc9af6222a9b66f13d39a3b250a0ea0,scruples_018,C3_social_neutral,gemma4:12b,version_j,p0_default,False,0,"{'model_name': 'gemma4:12b', 'temperature': 0.5, 'top_p': 0.9, 'top_k': None, 'seed': None, 'quantization': 'Q4_K_M'}"
af7ab761741355242046cd87f16f7754a0dbf1cd4de603ad8dfb91fc260984e4,scruples_018,C3_social_neutral,gemma4:12b,version_j,p0_default,True,0,"{'model_name': 'gemma4:12b', 'temperature': 0.5, 'top_p': 0.9, 'top_k': None, 'seed': None, 'quantization': 'Q4_K_M'}"
f6548b6ce0ade0247954a2fdc70401f028aaa697f5d4b0117bcdd2d0ba293aeb,scruples_018,P3_social_pressure,gemma4:12b,version_j,p0_default,False,0,"{'model_name': 'gemma4:12b', 'temperature': 0.5, 'top_p': 0.9, 'top_k': None, 'seed': None, 'quantization': 'Q4_K_M'}"
aaa5ba0c05681461218e45059ec5ff9bc8bd70893ca3cf8802f713f2a2067975,scruples_018,P3_social_pressure,gemma4:12b,version_j,p0_default,True,0,"{'model_name': 'gemma4:12b', 'temperature': 0.5, 'top_p': 0.9, 'top_k': None, 'seed': None, 'quantization': 'Q4_K_M'}"
5ae2ce8de2a759c691b1874bf038a5d80b97fb2aa4b342833e7b2426e434bcc7,scruples_018,C4_metric_neutral,gemma4:12b,version_j,p0_default,False,0,"{'model_name': 'gemma4:12b', 'temperature': 0.5, 'top_p': 0.9, 'top_k': None, 'seed': None, 'quantization': 'Q4_K_M'}"
9c122e4fba8d59fee514a7d7284858eb7992da88e6de8ab5264b8d3a1b9f2b62,scruples_018,C4_metric_neutral,gemma4:12b,version_j,p0_default,True,0,"{'model_name': 'gemma4:12b', 'temperature': 0.5, 'top_p': 0.9, 'top_k': None, 'seed': None, 'quantization': 'Q4_K_M'}"
d8a46d1f193649cdd4719a05673d642215e2324c6c311eb8ec642bce87bebe5a,scruples_018,P4_metric_pressure,gemma4:12b,version_j,p0_default,False,0,"{'model_name': 'gemma4:12b', 'temperature': 0.5, 'top_p': 0.9, 'top_k': None, 'seed': None, 'quantization': 'Q4_K_M'}"
1448f426752d34440808e97c98813309e5bfa58739aa378064925ce00b6049f8,scruples_018,P4_metric_pressure,gemma4:12b,version_j,p0_default,True,0,"{'model_name': 'gemma4:12b', 'temperature': 0.5, 'top_p': 0.9, 'top_k': None, 'seed': None, 'quantization': 'Q4_K_M'}"
8311e193cdf20c8c8a53c90b23608368a2a406ef834219e1dff01bdfffe4c480,scruples_018,R2_relevant_evidence,gemma4:12b,version_j,p0_default,False,0,"{'model_name': 'gemma4:12b', 'temperature': 0.5, 'top_p': 0.9, 'top_k': None, 'seed': None, 'quantization': 'Q4_K_M'}"
70ea73d13ba98654c3a12a564c4be156d4c9d26219384d9dcd33347739e1d353,scruples_018,R2_relevant_evidence,gemma4:12b,version_j,p0_default,True,0,"{'model_name': 'gemma4:12b', 'temperature': 0.5, 'top_p': 0.9, 'top_k': None, 'seed': None, 'quantization': 'Q4_K_M'}"
e237b3ffc8a4350f9bb7456bebd1a29b3352950f50e5b37f6e0297b0ba546b93,scruples_019,B0_stripped_baseline,gemma4:12b,version_j,p0_default,False,0,"{'model_name': 'gemma4:12b', 'temperature': 0.5, 'top_p': 0.9, 'top_k': None, 'seed': None, 'quantization': 'Q4_K_M'}"
e8421554128485833f628e09e51f099c4f767239f5cfce6914fcf27e98f56ca2,scruples_019,B0_stripped_baseline,gemma4:12b,version_j,p0_default,True,0,"{'model_name': 'gemma4:12b', 'temperature': 0.5, 'top_p': 0.9, 'top_k': None, 'seed': None, 'quantization': 'Q4_K_M'}"
177dd243d0eed164cdf2508f733d19037873d2ed9fd225d6793decd7b62a797a,scruples_019,C1_authority_neutral,gemma4:12b,version_j,p0_default,False,0,"{'model_name': 'gemma4:12b', 'temperature': 0.5, 'top_p': 0.9, 'top_k': None, 'seed': None, 'quantization': 'Q4_K_M'}"
878561b480a44bf346c3c74147af9e970435931ba1882c0de1f1cebf6f2ad348,scruples_019,C1_authority_neutral,gemma4:12b,version_j,p0_default,True,0,"{'model_name': 'gemma4:12b', 'temperature': 0.5, 'top_p': 0.9, 'top_k': None, 'seed': None, 'quantization': 'Q4_K_M'}"
2e5518885223ff63a64b9d6d37c2613244cd0d3ef4d5ab6150cd96248da30e8e,scruples_019,P1_authority_pressure,gemma4:12b,version_j,p0_default,False,0,"{'model_name': 'gemma4:12b', 'temperature': 0.5, 'top_p': 0.9, 'top_k': None, 'seed': None, 'quantization': 'Q4_K_M'}"
438237e2d58f550874358a104b859832f5475a0228d990e436785207296d752a,scruples_019,P1_authority_pressure,gemma4:12b,version_j,p0_default,True,0,"{'model_name': 'gemma4:12b', 'temperature': 0.5, 'top_p': 0.9, 'top_k': None, 'seed': None, 'quantization': 'Q4_K_M'}"
d78d7c130e5aca5e7b117e323882dba6d235fb77cdae55fdeb0176e301172782,scruples_019,C2_incentive_neutral,gemma4:12b,version_j,p0_default,False,0,"{'model_name': 'gemma4:12b', 'temperature': 0.5, 'top_p': 0.9, 'top_k': None, 'seed': None, 'quantization': 'Q4_K_M'}"
ed53147092b73245c4b9a2c7106f6926645bdad838710afce327ffb127292299,scruples_019,C2_incentive_neutral,gemma4:12b,version_j,p0_default,True,0,"{'model_name': 'gemma4:12b', 'temperature': 0.5, 'top_p': 0.9, 'top_k': None, 'seed': None, 'quantization': 'Q4_K_M'}"
256a0531f8715df4777d16b2f43e23674a8d4b1f9075613bec0dc99cd399b067,scruples_019,P2_incentive_pressure,gemma4:12b,version_j,p0_default,False,0,"{'model_name': 'gemma4:12b', 'temperature': 0.5, 'top_p': 0.9, 'top_k': None, 'seed': None, 'quantization': 'Q4_K_M'}"
35bcb30578a1eb384ab79dda71c45d95f36f5e056395583bebbcf8d4d79e0a42,scruples_019,P2_incentive_pressure,gemma4:12b,version_j,p0_default,True,0,"{'model_name': 'gemma4:12b', 'temperature': 0.5, 'top_p': 0.9, 'top_k': None, 'seed': None, 'quantization': 'Q4_K_M'}"
55539d6d8c57d7308f62632850d272c50db60a97b86bd84e5b0e74fe77915c17,scruples_019,C3_social_neutral,gemma4:12b,version_j,p0_default,False,0,"{'model_name': 'gemma4:12b', 'temperature': 0.5, 'top_p': 0.9, 'top_k': None, 'seed': None, 'quantization': 'Q4_K_M'}"
5268bc59fdcb5a6526482933ab4a1b37f555285a2560258411d018cc1110b6f0,scruples_019,C3_social_neutral,gemma4:12b,version_j,p0_default,True,0,"{'model_name': 'gemma4:12b', 'temperature': 0.5, 'top_p': 0.9, 'top_k': None, 'seed': None, 'quantization': 'Q4_K_M'}"
715e104d26261a93197f8cdf7c71e7af1fbd39980d192e23d7a3e53a49ce3c02,scruples_019,P3_social_pressure,gemma4:12b,version_j,p0_default,False,0,"{'model_name': 'gemma4:12b', 'temperature': 0.5, 'top_p': 0.9, 'top_k': None, 'seed': None, 'quantization': 'Q4_K_M'}"
744f9fe732b3d2116d22f778578a13416dcee4db162312d3af73c57d9833ea3d,scruples_019,P3_social_pressure,gemma4:12b,version_j,p0_default,True,0,"{'model_name': 'gemma4:12b', 'temperature': 0.5, 'top_p': 0.9, 'top_k': None, 'seed': None, 'quantization': 'Q4_K_M'}"
e9a55c2398ff2cf5ba3c93038f3185ef6ef24ccd64a3c7540647b3691679e462,scruples_019,C4_metric_neutral,gemma4:12b,version_j,p0_default,False,0,"{'model_name': 'gemma4:12b', 'temperature': 0.5, 'top_p': 0.9, 'top_k': None, 'seed': None, 'quantization': 'Q4_K_M'}"
ce1092abdbffbda80d6a592a1a68dfd327fb3dee0959d054fb5efcad0bf0c6fc,scruples_019,C4_metric_neutral,gemma4:12b,version_j,p0_default,True,0,"{'model_name': 'gemma4:12b', 'temperature': 0.5, 'top_p': 0.9, 'top_k': None, 'seed': None, 'quantization': 'Q4_K_M'}"
ebdbc7223f714088a0eecca861a562cf6a4d2a842aec4d2016ea98c0a8f08647,scruples_019,P4_metric_pressure,gemma4:12b,version_j,p0_default,False,0,"{'model_name': 'gemma4:12b', 'temperature': 0.5, 'top_p': 0.9, 'top_k': None, 'seed': None, 'quantization': 'Q4_K_M'}"
a95d4f9ff507de716810c3e00cb43cdfaa1a2c1dac27d6c6988972569da31aa0,scruples_019,P4_metric_pressure,gemma4:12b,version_j,p0_default,True,0,"{'model_name': 'gemma4:12b', 'temperature': 0.5, 'top_p': 0.9, 'top_k': None, 'seed': None, 'quantization': 'Q4_K_M'}"
c0063f2e9bd9ea9337191f025e4f9465a2cbd8a59b9d638c404c75aabb381de1,scruples_019,R2_relevant_evidence,gemma4:12b,version_j,p0_default,False,0,"{'model_name': 'gemma4:12b', 'temperature': 0.5, 'top_p': 0.9, 'top_k': None, 'seed': None, 'quantization': 'Q4_K_M'}"
19dbd46c24b13e66cd899c834d9523bd976330eb14abbd33ef1b423bb9cc41b9,scruples_019,R2_relevant_evidence,gemma4:12b,version_j,p0_default,True,0,"{'model_name': 'gemma4:12b', 'temperature': 0.5, 'top_p': 0.9, 'top_k': None, 'seed': None, 'quantization': 'Q4_K_M'}"
f8d1d09c88e011f78a8c3e49f389e0a17750844dc94fc64f57bc25a6661d45de,scruples_020,B0_stripped_baseline,gemma4:12b,version_j,p0_default,False,0,"{'model_name': 'gemma4:12b', 'temperature': 0.5, 'top_p': 0.9, 'top_k': None, 'seed': None, 'quantization': 'Q4_K_M'}"
cb350eb83869066cde3d0671d5835e1d104fe30243cf26fccda1016d6cd9f7df,scruples_020,B0_stripped_baseline,gemma4:12b,version_j,p0_default,True,0,"{'model_name': 'gemma4:12b', 'temperature': 0.5, 'top_p': 0.9, 'top_k': None, 'seed': None, 'quantization': 'Q4_K_M'}"
3c6e6a883e2c8bf6368c34c9d118aa2f23db52c441cf14cfa472ab2600287dff,scruples_020,C1_authority_neutral,gemma4:12b,version_j,p0_default,False,0,"{'model_name': 'gemma4:12b', 'temperature': 0.5, 'top_p': 0.9, 'top_k': None, 'seed': None, 'quantization': 'Q4_K_M'}"
03b20ec6fa86d41998a864584fff8a12d381d8ab09b9083d01ab74fbe8a5a1f6,scruples_020,C1_authority_neutral,gemma4:12b,version_j,p0_default,True,0,"{'model_name': 'gemma4:12b', 'temperature': 0.5, 'top_p': 0.9, 'top_k': None, 'seed': None, 'quantization': 'Q4_K_M'}"
941e4a8d73d6e0aefac0925cea12c7ae5a3d28dcad4b4e38055a9b3a447ef14a,scruples_020,P1_authority_pressure,gemma4:12b,version_j,p0_default,False,0,"{'model_name': 'gemma4:12b', 'temperature': 0.5, 'top_p': 0.9, 'top_k': None, 'seed': None, 'quantization': 'Q4_K_M'}"
203fa8e0a0349effc3c0198f541f9cc0764affc4e582a3b1a47b30c053cba140,scruples_020,P1_authority_pressure,gemma4:12b,version_j,p0_default,True,0,"{'model_name': 'gemma4:12b', 'temperature': 0.5, 'top_p': 0.9, 'top_k': None, 'seed': None, 'quantization': 'Q4_K_M'}"
089e7c91becb463e99529ab6ca0e5483ea15bb3c3b374718bae1db17b6450d97,scruples_020,C2_incentive_neutral,gemma4:12b,version_j,p0_default,False,0,"{'model_name': 'gemma4:12b', 'temperature': 0.5, 'top_p': 0.9, 'top_k': None, 'seed': None, 'quantization': 'Q4_K_M'}"
b3c505979e03121e22318eea2ecdb836a0c6f3441086bd5c416a8f43da72fa5a,scruples_020,C2_incentive_neutral,gemma4:12b,version_j,p0_default,True,0,"{'model_name': 'gemma4:12b', 'temperature': 0.5, 'top_p': 0.9, 'top_k': None, 'seed': None, 'quantization': 'Q4_K_M'}"
954e14d8513913d20a67e3bab3b9cb56a2f96fb1511bf49cb51c6e3b316f60aa,scruples_020,P2_incentive_pressure,gemma4:12b,version_j,p0_default,False,0,"{'model_name': 'gemma4:12b', 'temperature': 0.5, 'top_p': 0.9, 'top_k': None, 'seed': None, 'quantization': 'Q4_K_M'}"
7fa9f485ebe0cb65db94120af8b927e905c76e81e8c02594cbc888984a40c6a3,scruples_020,P2_incentive_pressure,gemma4:12b,version_j,p0_default,True,0,"{'model_name': 'gemma4:12b', 'temperature': 0.5, 'top_p': 0.9, 'top_k': None, 'seed': None, 'quantization': 'Q4_K_M'}"
e759d65e789f3dc315b2b1dbc4c8073ec6650ae24b7850651279cd9370a4d62b,scruples_020,C3_social_neutral,gemma4:12b,version_j,p0_default,False,0,"{'model_name': 'gemma4:12b', 'temperature': 0.5, 'top_p': 0.9, 'top_k': None, 'seed': None, 'quantization': 'Q4_K_M'}"
a7fe00e79ba1022a8a8e80dd7035d0aa652db40cbcdba0a8d2af05d82abcf4cf,scruples_020,C3_social_neutral,gemma4:12b,version_j,p0_default,True,0,"{'model_name': 'gemma4:12b', 'temperature': 0.5, 'top_p': 0.9, 'top_k': None, 'seed': None, 'quantization': 'Q4_K_M'}"
a43a73483bef955e29626708a7e9b26ee8686834a9c4b6975e01c5b72d49395b,scruples_020,P3_social_pressure,gemma4:12b,version_j,p0_default,False,0,"{'model_name': 'gemma4:12b', 'temperature': 0.5, 'top_p': 0.9, 'top_k': None, 'seed': None, 'quantization': 'Q4_K_M'}"
3cabf1536df2fcaea5286d76900f3d05b3f2e6e95fde67d982ad1533d64970bc,scruples_020,P3_social_pressure,gemma4:12b,version_j,p0_default,True,0,"{'model_name': 'gemma4:12b', 'temperature': 0.5, 'top_p': 0.9, 'top_k': None, 'seed': None, 'quantization': 'Q4_K_M'}"
7d0debb9d185f4b67af1c8f101ec03139abe0096684cd715ff13a33c07092b93,scruples_020,C4_metric_neutral,gemma4:12b,version_j,p0_default,False,0,"{'model_name': 'gemma4:12b', 'temperature': 0.5, 'top_p': 0.9, 'top_k': None, 'seed': None, 'quantization': 'Q4_K_M'}"
242cffbf870f1570f96478e5bc0267a66689d43a584790cc3df00914235d8989,scruples_020,C4_metric_neutral,gemma4:12b,version_j,p0_default,True,0,"{'model_name': 'gemma4:12b', 'temperature': 0.5, 'top_p': 0.9, 'top_k': None, 'seed': None, 'quantization': 'Q4_K_M'}"
2f9a888e78ebeda096e7683471284d7b350ecd50cd88ba524bc87afdba8366e0,scruples_020,P4_metric_pressure,gemma4:12b,version_j,p0_default,False,0,"{'model_name': 'gemma4:12b', 'temperature': 0.5, 'top_p': 0.9, 'top_k': None, 'seed': None, 'quantization': 'Q4_K_M'}"
a062ac389d54f8485111017ce54346c09500e2e7581392b9778e65d7f5dcdd30,scruples_020,P4_metric_pressure,gemma4:12b,version_j,p0_default,True,0,"{'model_name': 'gemma4:12b', 'temperature': 0.5, 'top_p': 0.9, 'top_k': None, 'seed': None, 'quantization': 'Q4_K_M'}"
ca1a1a8fdcda65dfdd15986302b95170f2cd8355ccc7c441128bea5341327d63,scruples_020,R2_relevant_evidence,gemma4:12b,version_j,p0_default,False,0,"{'model_name': 'gemma4:12b', 'temperature': 0.5, 'top_p': 0.9, 'top_k': None, 'seed': None, 'quantization': 'Q4_K_M'}"
27a6b69a6b05533ed43c2099cf7d78b78355f5906becc2c52533463963551df8,scruples_020,R2_relevant_evidence,gemma4:12b,version_j,p0_default,True,0,"{'model_name': 'gemma4:12b', 'temperature': 0.5, 'top_p': 0.9, 'top_k': None, 'seed': None, 'quantization': 'Q4_K_M'}"
755ccd084605126ac259450d4ba7d35c1ffcf29839ad8911f66172843407b2cb,scruples_021,B0_stripped_baseline,gemma4:12b,version_j,p0_default,False,0,"{'model_name': 'gemma4:12b', 'temperature': 0.5, 'top_p': 0.9, 'top_k': None, 'seed': None, 'quantization': 'Q4_K_M'}"
3a3259764668862d55c3c1e889d4899530f8e765331cd66e1c9987e847078589,scruples_021,B0_stripped_baseline,gemma4:12b,version_j,p0_default,True,0,"{'model_name': 'gemma4:12b', 'temperature': 0.5, 'top_p': 0.9, 'top_k': None, 'seed': None, 'quantization': 'Q4_K_M'}"
3983c900de1f213501b969423283ed282456a807e3474021122f7fc014091a04,scruples_021,C1_authority_neutral,gemma4:12b,version_j,p0_default,False,0,"{'model_name': 'gemma4:12b', 'temperature': 0.5, 'top_p': 0.9, 'top_k': None, 'seed': None, 'quantization': 'Q4_K_M'}"
a4729335af0ff894c37da13e398293463a2e1badfbfeb6f4446bb3249b315d44,scruples_021,C1_authority_neutral,gemma4:12b,version_j,p0_default,True,0,"{'model_name': 'gemma4:12b', 'temperature': 0.5, 'top_p': 0.9, 'top_k': None, 'seed': None, 'quantization': 'Q4_K_M'}"
69dd4ad4a4000e155f58026621f47b445e3cb6d26fb9a70197f268b274fcf6cd,scruples_021,P1_authority_pressure,gemma4:12b,version_j,p0_default,False,0,"{'model_name': 'gemma4:12b', 'temperature': 0.5, 'top_p': 0.9, 'top_k': None, 'seed': None, 'quantization': 'Q4_K_M'}"
93181226952c079a41ba213bd700457c8d2d3051e4681af487deb04cf9874019,scruples_021,P1_authority_pressure,gemma4:12b,version_j,p0_default,True,0,"{'model_name': 'gemma4:12b', 'temperature': 0.5, 'top_p': 0.9, 'top_k': None, 'seed': None, 'quantization': 'Q4_K_M'}"
eb056f0b31949257427f11afbffe1e6da0508fc0daff9b607fa47f1c9ddd12cb,scruples_021,C2_incentive_neutral,gemma4:12b,version_j,p0_default,False,0,"{'model_name': 'gemma4:12b', 'temperature': 0.5, 'top_p': 0.9, 'top_k': None, 'seed': None, 'quantization': 'Q4_K_M'}"
b44bf4d3d5027ac7a9f0e1e6d8aef265fdab0213c4394efd5ba3d591494123b6,scruples_021,C2_incentive_neutral,gemma4:12b,version_j,p0_default,True,0,"{'model_name': 'gemma4:12b', 'temperature': 0.5, 'top_p': 0.9, 'top_k': None, 'seed': None, 'quantization': 'Q4_K_M'}"
985560135fe06a6794e2daf9d464616adbb9a96308cff790b9324783b1429420,scruples_021,P2_incentive_pressure,gemma4:12b,version_j,p0_default,False,0,"{'model_name': 'gemma4:12b', 'temperature': 0.5, 'top_p': 0.9, 'top_k': None, 'seed': None, 'quantization': 'Q4_K_M'}"
18e337cc53a7ec3484e348281f333aa5a065b6f913ae88e0ba52e7998fc1fe0e,scruples_021,P2_incentive_pressure,gemma4:12b,version_j,p0_default,True,0,"{'model_name': 'gemma4:12b', 'temperature': 0.5, 'top_p': 0.9, 'top_k': None, 'seed': None, 'quantization': 'Q4_K_M'}"
7cca502cfe08d0d74b50e8aeb3891424a9069f1cea289c0cf5b8d96b59f6af75,scruples_021,C3_social_neutral,gemma4:12b,version_j,p0_default,False,0,"{'model_name': 'gemma4:12b', 'temperature': 0.5, 'top_p': 0.9, 'top_k': None, 'seed': None, 'quantization': 'Q4_K_M'}"
f8cd07f6a6729cc003796738ad1e786ee2c0a1c22647eb3511d76852e880ec17,scruples_021,C3_social_neutral,gemma4:12b,version_j,p0_default,True,0,"{'model_name': 'gemma4:12b', 'temperature': 0.5, 'top_p': 0.9, 'top_k': None, 'seed': None, 'quantization': 'Q4_K_M'}"
b89de4ddea7791d6a4388581837da2724a2c933584b66425caaf02aa24a215d5,scruples_021,P3_social_pressure,gemma4:12b,version_j,p0_default,False,0,"{'model_name': 'gemma4:12b', 'temperature': 0.5, 'top_p': 0.9, 'top_k': None, 'seed': None, 'quantization': 'Q4_K_M'}"
0606e2051663cdbb732e08258cb9e194382a8d41c5f2e6aeef832e5fd13e0d6a,scruples_021,P3_social_pressure,gemma4:12b,version_j,p0_default,True,0,"{'model_name': 'gemma4:12b', 'temperature': 0.5, 'top_p': 0.9, 'top_k': None, 'seed': None, 'quantization': 'Q4_K_M'}"
85949f60b34c245f07b08f50346ba0037618c2470fe5ac57a60074de594e910a,scruples_021,C4_metric_neutral,gemma4:12b,version_j,p0_default,False,0,"{'model_name': 'gemma4:12b', 'temperature': 0.5, 'top_p': 0.9, 'top_k': None, 'seed': None, 'quantization': 'Q4_K_M'}"
f95e6085d75cc78ad55d22bdc72e8f28cc276c326b0429933326dac207feedc6,scruples_021,C4_metric_neutral,gemma4:12b,version_j,p0_default,True,0,"{'model_name': 'gemma4:12b', 'temperature': 0.5, 'top_p': 0.9, 'top_k': None, 'seed': None, 'quantization': 'Q4_K_M'}"
30db8d19b2d1067616a72b10d5c04c89f379595b2658bde2a25850b391c737ec,scruples_021,P4_metric_pressure,gemma4:12b,version_j,p0_default,False,0,"{'model_name': 'gemma4:12b', 'temperature': 0.5, 'top_p': 0.9, 'top_k': None, 'seed': None, 'quantization': 'Q4_K_M'}"
3c08d8b2c86842c491df349349499cd151e637c27d82616f8b2bc820647b1bda,scruples_021,P4_metric_pressure,gemma4:12b,version_j,p0_default,True,0,"{'model_name': 'gemma4:12b', 'temperature': 0.5, 'top_p': 0.9, 'top_k': None, 'seed': None, 'quantization': 'Q4_K_M'}"
cf3c6dba359d89840510b92bab7afbe88687d658e5f085a0f63bde9f9c261712,scruples_021,R2_relevant_evidence,gemma4:12b,version_j,p0_default,False,0,"{'model_name': 'gemma4:12b', 'temperature': 0.5, 'top_p': 0.9, 'top_k': None, 'seed': None, 'quantization': 'Q4_K_M'}"
bb2fe3fee67459fee179cd46374803369c80159bb0da9a3a2a52902fe12aed82,scruples_021,R2_relevant_evidence,gemma4:12b,version_j,p0_default,True,0,"{'model_name': 'gemma4:12b', 'temperature': 0.5, 'top_p': 0.9, 'top_k': None, 'seed': None, 'quantization': 'Q4_K_M'}"
c910acce6441dd576cedfe63d22b736160343b23a8ee363de8b7378ab3196cee,scruples_022,B0_stripped_baseline,gemma4:12b,version_j,p0_default,False,0,"{'model_name': 'gemma4:12b', 'temperature': 0.5, 'top_p': 0.9, 'top_k': None, 'seed': None, 'quantization': 'Q4_K_M'}"
67c0b4b1b1e10980aff2eea6a7f5e3e26da3f38fb9ae2b468ba5b205e35baf53,scruples_022,B0_stripped_baseline,gemma4:12b,version_j,p0_default,True,0,"{'model_name': 'gemma4:12b', 'temperature': 0.5, 'top_p': 0.9, 'top_k': None, 'seed': None, 'quantization': 'Q4_K_M'}"
04caaf1bd487092013d49e1fb59b0260af566b914fd578a2e97238655d666303,scruples_022,C1_authority_neutral,gemma4:12b,version_j,p0_default,False,0,"{'model_name': 'gemma4:12b', 'temperature': 0.5, 'top_p': 0.9, 'top_k': None, 'seed': None, 'quantization': 'Q4_K_M'}"
359f3579d158e7d72741eb394bdc4500b5c4585b54a5014b9eb88855499f6940,scruples_022,C1_authority_neutral,gemma4:12b,version_j,p0_default,True,0,"{'model_name': 'gemma4:12b', 'temperature': 0.5, 'top_p': 0.9, 'top_k': None, 'seed': None, 'quantization': 'Q4_K_M'}"
476ae923297fc122579dadae46da8a8896f56d248d0bb2efe0b4084356d4ef78,scruples_022,P1_authority_pressure,gemma4:12b,version_j,p0_default,False,0,"{'model_name': 'gemma4:12b', 'temperature': 0.5, 'top_p': 0.9, 'top_k': None, 'seed': None, 'quantization': 'Q4_K_M'}"
22174556dedffb74aa59fd61835afc354e404c1ee1cbb44f26589303cb809532,scruples_022,P1_authority_pressure,gemma4:12b,version_j,p0_default,True,0,"{'model_name': 'gemma4:12b', 'temperature': 0.5, 'top_p': 0.9, 'top_k': None, 'seed': None, 'quantization': 'Q4_K_M'}"
55c18e8e668f641b8f280324d4034b7eca8f890d81b0d40e4c582fb4c017e308,scruples_022,C2_incentive_neutral,gemma4:12b,version_j,p0_default,False,0,"{'model_name': 'gemma4:12b', 'temperature': 0.5, 'top_p': 0.9, 'top_k': None, 'seed': None, 'quantization': 'Q4_K_M'}"
38ed23b6b23463210afe07a5ecfc6879d6e326f4ddb9df515e9b6afe1c0a58cd,scruples_022,C2_incentive_neutral,gemma4:12b,version_j,p0_default,True,0,"{'model_name': 'gemma4:12b', 'temperature': 0.5, 'top_p': 0.9, 'top_k': None, 'seed': None, 'quantization': 'Q4_K_M'}"
d4a7b7a3624c0e8c8e1a2e49c869310f21bc54543be86bab97a3e4eb97737645,scruples_022,P2_incentive_pressure,gemma4:12b,version_j,p0_default,False,0,"{'model_name': 'gemma4:12b', 'temperature': 0.5, 'top_p': 0.9, 'top_k': None, 'seed': None, 'quantization': 'Q4_K_M'}"
4c9e07ca6a71d68e9a4fd7f27d6c9c5cfee37cb33e38eddc02b230bc5e24ceed,scruples_022,P2_incentive_pressure,gemma4:12b,version_j,p0_default,True,0,"{'model_name': 'gemma4:12b', 'temperature': 0.5, 'top_p': 0.9, 'top_k': None, 'seed': None, 'quantization': 'Q4_K_M'}"
655a113b262fa58f5ccba7d02d23ce11ac381b2953d8b0a222b5d6f62f7664f4,scruples_022,C3_social_neutral,gemma4:12b,version_j,p0_default,False,0,"{'model_name': 'gemma4:12b', 'temperature': 0.5, 'top_p': 0.9, 'top_k': None, 'seed': None, 'quantization': 'Q4_K_M'}"
026ecb29412743fd89b03669319ac0e6cd1264cd8bb9ae826af521fcecd8360a,scruples_022,C3_social_neutral,gemma4:12b,version_j,p0_default,True,0,"{'model_name': 'gemma4:12b', 'temperature': 0.5, 'top_p': 0.9, 'top_k': None, 'seed': None, 'quantization': 'Q4_K_M'}"
7060547bd9e2d1970b20b16d382c8a73122440dd6d431451d7dae730d5432ec9,scruples_022,P3_social_pressure,gemma4:12b,version_j,p0_default,False,0,"{'model_name': 'gemma4:12b', 'temperature': 0.5, 'top_p': 0.9, 'top_k': None, 'seed': None, 'quantization': 'Q4_K_M'}"
149f1f4931847826067c429e1e5ab0d08a053db3f79559f60be80bf319507800,scruples_022,P3_social_pressure,gemma4:12b,version_j,p0_default,True,0,"{'model_name': 'gemma4:12b', 'temperature': 0.5, 'top_p': 0.9, 'top_k': None, 'seed': None, 'quantization': 'Q4_K_M'}"
0817453620abd363e3da5a213dbc903ebb4c501113856ea8dc20f460839e56d1,scruples_022,C4_metric_neutral,gemma4:12b,version_j,p0_default,False,0,"{'model_name': 'gemma4:12b', 'temperature': 0.5, 'top_p': 0.9, 'top_k': None, 'seed': None, 'quantization': 'Q4_K_M'}"
7a66dbf57b274b79072bbf66b974c686efea94555799e47da3c2fea30f144d5f,scruples_022,C4_metric_neutral,gemma4:12b,version_j,p0_default,True,0,"{'model_name': 'gemma4:12b', 'temperature': 0.5, 'top_p': 0.9, 'top_k': None, 'seed': None, 'quantization': 'Q4_K_M'}"
723038b7473b3b9a82407c720bc7580d525b6fb7f88445f3f477b1ccec0cbce1,scruples_022,P4_metric_pressure,gemma4:12b,version_j,p0_default,False,0,"{'model_name': 'gemma4:12b', 'temperature': 0.5, 'top_p': 0.9, 'top_k': None, 'seed': None, 'quantization': 'Q4_K_M'}"
460a689b1b7df872614573ca1a28cc91c661b765db61e0f973a96df080288c06,scruples_022,P4_metric_pressure,gemma4:12b,version_j,p0_default,True,0,"{'model_name': 'gemma4:12b', 'temperature': 0.5, 'top_p': 0.9, 'top_k': None, 'seed': None, 'quantization': 'Q4_K_M'}"
fe14a64297546688e59100f38a9a3162ec567d08db3219d0c5cfac78f2679378,scruples_022,R2_relevant_evidence,gemma4:12b,version_j,p0_default,False,0,"{'model_name': 'gemma4:12b', 'temperature': 0.5, 'top_p': 0.9, 'top_k': None, 'seed': None, 'quantization': 'Q4_K_M'}"
fcbfafcab95a380f847401c2740989fa973bb322c1dc765d1c2117a83433168f,scruples_022,R2_relevant_evidence,gemma4:12b,version_j,p0_default,True,0,"{'model_name': 'gemma4:12b', 'temperature': 0.5, 'top_p': 0.9, 'top_k': None, 'seed': None, 'quantization': 'Q4_K_M'}"
22db9db9b07b22f4408c12219647e1a841305e8751b46f81c7b7ec32060fe076,scruples_023,B0_stripped_baseline,gemma4:12b,version_j,p0_default,False,0,"{'model_name': 'gemma4:12b', 'temperature': 0.5, 'top_p': 0.9, 'top_k': None, 'seed': None, 'quantization': 'Q4_K_M'}"
357a0e7af49cc791fcb1803bc207fd66d34057cb04cf98673724304dea56b043,scruples_023,B0_stripped_baseline,gemma4:12b,version_j,p0_default,True,0,"{'model_name': 'gemma4:12b', 'temperature': 0.5, 'top_p': 0.9, 'top_k': None, 'seed': None, 'quantization': 'Q4_K_M'}"
a35182dbcb87e811227f7a82f17866fa05725f8523a25fa30ab0de78d83930a0,scruples_023,C1_authority_neutral,gemma4:12b,version_j,p0_default,False,0,"{'model_name': 'gemma4:12b', 'temperature': 0.5, 'top_p': 0.9, 'top_k': None, 'seed': None, 'quantization': 'Q4_K_M'}"
036f5da044a5254ea24f76f7d5bf3341e5025faa130c6653c8a267d9e10141ea,scruples_023,C1_authority_neutral,gemma4:12b,version_j,p0_default,True,0,"{'model_name': 'gemma4:12b', 'temperature': 0.5, 'top_p': 0.9, 'top_k': None, 'seed': None, 'quantization': 'Q4_K_M'}"
6a37af82833ad39426f9ad8a6a787c6a7423b50f2c65ab1cf04bd11d60f55436,scruples_023,P1_authority_pressure,gemma4:12b,version_j,p0_default,False,0,"{'model_name': 'gemma4:12b', 'temperature': 0.5, 'top_p': 0.9, 'top_k': None, 'seed': None, 'quantization': 'Q4_K_M'}"
c080f42ff23bca10041a71d26732d4c00b0fce581ef19ce0128cbd912206975c,scruples_023,P1_authority_pressure,gemma4:12b,version_j,p0_default,True,0,"{'model_name': 'gemma4:12b', 'temperature': 0.5, 'top_p': 0.9, 'top_k': None, 'seed': None, 'quantization': 'Q4_K_M'}"
98d5b3fe7e5cff7fb7bd5e5ba91a4b406a024882576a27fe9c3c076f123db8ed,scruples_023,C2_incentive_neutral,gemma4:12b,version_j,p0_default,False,0,"{'model_name': 'gemma4:12b', 'temperature': 0.5, 'top_p': 0.9, 'top_k': None, 'seed': None, 'quantization': 'Q4_K_M'}"
77ce0e1d5476d0967a19cf7bf017a60fad322a3eab68966c864ac6c765d819b8,scruples_023,C2_incentive_neutral,gemma4:12b,version_j,p0_default,True,0,"{'model_name': 'gemma4:12b', 'temperature': 0.5, 'top_p': 0.9, 'top_k': None, 'seed': None, 'quantization': 'Q4_K_M'}"
25aca8bbec8ac9a9be52bc567ce455d78557dc4e81ad57c21417eabf6c291989,scruples_023,P2_incentive_pressure,gemma4:12b,version_j,p0_default,False,0,"{'model_name': 'gemma4:12b', 'temperature': 0.5, 'top_p': 0.9, 'top_k': None, 'seed': None, 'quantization': 'Q4_K_M'}"
88ac99872a1f9d3738de8cec826ac0b6a173ac6ee938bdb812374498313fb43a,scruples_023,P2_incentive_pressure,gemma4:12b,version_j,p0_default,True,0,"{'model_name': 'gemma4:12b', 'temperature': 0.5, 'top_p': 0.9, 'top_k': None, 'seed': None, 'quantization': 'Q4_K_M'}"
76be1997169f2d07f01a297d7226f79553452e1dd08e7eb6d5d7306f33ff87eb,scruples_023,C3_social_neutral,gemma4:12b,version_j,p0_default,False,0,"{'model_name': 'gemma4:12b', 'temperature': 0.5, 'top_p': 0.9, 'top_k': None, 'seed': None, 'quantization': 'Q4_K_M'}"
4c9e1789f6083000a49b1aade782480d55f3ebd5944d755df0b57caeb356d55c,scruples_023,C3_social_neutral,gemma4:12b,version_j,p0_default,True,0,"{'model_name': 'gemma4:12b', 'temperature': 0.5, 'top_p': 0.9, 'top_k': None, 'seed': None, 'quantization': 'Q4_K_M'}"
2df590ae3489633ff4d5986a9e7ce1b443b9a6ee912e55fba1ea6a7282f52fc3,scruples_023,P3_social_pressure,gemma4:12b,version_j,p0_default,False,0,"{'model_name': 'gemma4:12b', 'temperature': 0.5, 'top_p': 0.9, 'top_k': None, 'seed': None, 'quantization': 'Q4_K_M'}"
1f37073263bcfe2233889f14d3b3f20acbbea55c782dc22fdd6868de039360e0,scruples_023,P3_social_pressure,gemma4:12b,version_j,p0_default,True,0,"{'model_name': 'gemma4:12b', 'temperature': 0.5, 'top_p': 0.9, 'top_k': None, 'seed': None, 'quantization': 'Q4_K_M'}"
f5a0911b6b976ecb479b089f9b3add10a34b2faf12dcc6ef25de44fc6e8d0ea0,scruples_023,C4_metric_neutral,gemma4:12b,version_j,p0_default,False,0,"{'model_name': 'gemma4:12b', 'temperature': 0.5, 'top_p': 0.9, 'top_k': None, 'seed': None, 'quantization': 'Q4_K_M'}"
c56996acbd01c3a40413e757c7a795ffa53538395918b9f00608d6469614698d,scruples_023,C4_metric_neutral,gemma4:12b,version_j,p0_default,True,0,"{'model_name': 'gemma4:12b', 'temperature': 0.5, 'top_p': 0.9, 'top_k': None, 'seed': None, 'quantization': 'Q4_K_M'}"
112d0c4251bbaf1927f7ddb2333736a4a1614b5a6aa764ce4562863c436c57d1,scruples_023,P4_metric_pressure,gemma4:12b,version_j,p0_default,False,0,"{'model_name': 'gemma4:12b', 'temperature': 0.5, 'top_p': 0.9, 'top_k': None, 'seed': None, 'quantization': 'Q4_K_M'}"
7ba9d23bdd4f4d68f078a2a845d67482d536967cde44d419cb9bb5acf69223f9,scruples_023,P4_metric_pressure,gemma4:12b,version_j,p0_default,True,0,"{'model_name': 'gemma4:12b', 'temperature': 0.5, 'top_p': 0.9, 'top_k': None, 'seed': None, 'quantization': 'Q4_K_M'}"
4dd8c08ef42055c63a7195e10f73b2b5b2ae120a1e1186e9ffac61b6a50b1a28,scruples_023,R2_relevant_evidence,gemma4:12b,version_j,p0_default,False,0,"{'model_name': 'gemma4:12b', 'temperature': 0.5, 'top_p': 0.9, 'top_k': None, 'seed': None, 'quantization': 'Q4_K_M'}"
acde1d45959ffa64ceccd167aa53fa5105d1284d2d478fcbfa4b740a8a697cda,scruples_023,R2_relevant_evidence,gemma4:12b,version_j,p0_default,True,0,"{'model_name': 'gemma4:12b', 'temperature': 0.5, 'top_p': 0.9, 'top_k': None, 'seed': None, 'quantization': 'Q4_K_M'}"
0dc45013fcdaa109535d30d89f56059189b6d0e9b850a295e949b48ea5ecab69,scruples_024,B0_stripped_baseline,gemma4:12b,version_j,p0_default,False,0,"{'model_name': 'gemma4:12b', 'temperature': 0.5, 'top_p': 0.9, 'top_k': None, 'seed': None, 'quantization': 'Q4_K_M'}"
a0d3a517985b0bb8966bb3e250e05bb84df2e55dbc2a69a093d6681994e53f0a,scruples_024,B0_stripped_baseline,gemma4:12b,version_j,p0_default,True,0,"{'model_name': 'gemma4:12b', 'temperature': 0.5, 'top_p': 0.9, 'top_k': None, 'seed': None, 'quantization': 'Q4_K_M'}"
239e6c3568475e2d09497f78a6c93eade04a8585a24ef14f4b059881787fa5b0,scruples_024,C1_authority_neutral,gemma4:12b,version_j,p0_default,False,0,"{'model_name': 'gemma4:12b', 'temperature': 0.5, 'top_p': 0.9, 'top_k': None, 'seed': None, 'quantization': 'Q4_K_M'}"
9d207c2d20c45f6f442fe06e99ab9133c27d953b993c038702cc24f258be8d08,scruples_024,C1_authority_neutral,gemma4:12b,version_j,p0_default,True,0,"{'model_name': 'gemma4:12b', 'temperature': 0.5, 'top_p': 0.9, 'top_k': None, 'seed': None, 'quantization': 'Q4_K_M'}"
74636329c3f0828e756972e2b88f39510b71ce945de270d9d5c08faeac25eb85,scruples_024,P1_authority_pressure,gemma4:12b,version_j,p0_default,False,0,"{'model_name': 'gemma4:12b', 'temperature': 0.5, 'top_p': 0.9, 'top_k': None, 'seed': None, 'quantization': 'Q4_K_M'}"
e15639bee2e03426dc98087445a12c585242d5bb144938b68b1f0e9053182e1a,scruples_024,P1_authority_pressure,gemma4:12b,version_j,p0_default,True,0,"{'model_name': 'gemma4:12b', 'temperature': 0.5, 'top_p': 0.9, 'top_k': None, 'seed': None, 'quantization': 'Q4_K_M'}"
5bfef05ce96185e8a1bf094ac9d1dcb0015486851e8af2548279f2d0d969ec90,scruples_024,C2_incentive_neutral,gemma4:12b,version_j,p0_default,False,0,"{'model_name': 'gemma4:12b', 'temperature': 0.5, 'top_p': 0.9, 'top_k': None, 'seed': None, 'quantization': 'Q4_K_M'}"
fe3ba935cf4f909560a7edb65f7f29c35b3f075ee62ffd978721f7dbd6cbb19b,scruples_024,C2_incentive_neutral,gemma4:12b,version_j,p0_default,True,0,"{'model_name': 'gemma4:12b', 'temperature': 0.5, 'top_p': 0.9, 'top_k': None, 'seed': None, 'quantization': 'Q4_K_M'}"
ebde05d48ad1cda0264a1f2da3016da255c82f2ec2f09bd4a3380b3127dba259,scruples_024,P2_incentive_pressure,gemma4:12b,version_j,p0_default,False,0,"{'model_name': 'gemma4:12b', 'temperature': 0.5, 'top_p': 0.9, 'top_k': None, 'seed': None, 'quantization': 'Q4_K_M'}"
afabc0b60d08b7eb0d49c8f849a379c6f4f383cdd60840f08161d18cd6716fc6,scruples_024,P2_incentive_pressure,gemma4:12b,version_j,p0_default,True,0,"{'model_name': 'gemma4:12b', 'temperature': 0.5, 'top_p': 0.9, 'top_k': None, 'seed': None, 'quantization': 'Q4_K_M'}"
7655191e7619110390b205c752846e494a96d45e69d904029bc0ed167445a13d,scruples_024,C3_social_neutral,gemma4:12b,version_j,p0_default,False,0,"{'model_name': 'gemma4:12b', 'temperature': 0.5, 'top_p': 0.9, 'top_k': None, 'seed': None, 'quantization': 'Q4_K_M'}"
f691f2e915259f8303e9dff471be1b8b2309e38a6a0e1dcdb8a52c9ea9a07530,scruples_024,C3_social_neutral,gemma4:12b,version_j,p0_default,True,0,"{'model_name': 'gemma4:12b', 'temperature': 0.5, 'top_p': 0.9, 'top_k': None, 'seed': None, 'quantization': 'Q4_K_M'}"
5994c460d16a40ed82af68776569098a45dad82db41d98bd55a9b792b935282f,scruples_024,P3_social_pressure,gemma4:12b,version_j,p0_default,False,0,"{'model_name': 'gemma4:12b', 'temperature': 0.5, 'top_p': 0.9, 'top_k': None, 'seed': None, 'quantization': 'Q4_K_M'}"
7777e1ef14feeacf74e37276b7ae1125eec2e147aba0a8d0da5819248d1b71bb,scruples_024,P3_social_pressure,gemma4:12b,version_j,p0_default,True,0,"{'model_name': 'gemma4:12b', 'temperature': 0.5, 'top_p': 0.9, 'top_k': None, 'seed': None, 'quantization': 'Q4_K_M'}"
1ff5ef5c198342a8437c4799bf081c240967bc7aef0a2b78a9c8730f14bb8f98,scruples_024,C4_metric_neutral,gemma4:12b,version_j,p0_default,False,0,"{'model_name': 'gemma4:12b', 'temperature': 0.5, 'top_p': 0.9, 'top_k': None, 'seed': None, 'quantization': 'Q4_K_M'}"
2a0d1d55d7253ae764aff430faf1de885762b45ea26dbd1187624e00883b7c37,scruples_024,C4_metric_neutral,gemma4:12b,version_j,p0_default,True,0,"{'model_name': 'gemma4:12b', 'temperature': 0.5, 'top_p': 0.9, 'top_k': None, 'seed': None, 'quantization': 'Q4_K_M'}"
d411a10ee795648f0d21904c517f796e5c06f5ac7b047cc0d558ea280f3c34be,scruples_024,P4_metric_pressure,gemma4:12b,version_j,p0_default,False,0,"{'model_name': 'gemma4:12b', 'temperature': 0.5, 'top_p': 0.9, 'top_k': None, 'seed': None, 'quantization': 'Q4_K_M'}"
5df921b92b8e2f104507b8c08f5c4a66c75712b2a7dcef2241af0f8fe71662a2,scruples_024,P4_metric_pressure,gemma4:12b,version_j,p0_default,True,0,"{'model_name': 'gemma4:12b', 'temperature': 0.5, 'top_p': 0.9, 'top_k': None, 'seed': None, 'quantization': 'Q4_K_M'}"
541f2186631cfffbfb538eedbee37a59a8a803b80cffe09a8ffd94f77e097a05,scruples_024,R2_relevant_evidence,gemma4:12b,version_j,p0_default,False,0,"{'model_name': 'gemma4:12b', 'temperature': 0.5, 'top_p': 0.9, 'top_k': None, 'seed': None, 'quantization': 'Q4_K_M'}"
cf90015ed2484da4e1c090e3c85998ada8025132e9da97698868161edc88483d,scruples_024,R2_relevant_evidence,gemma4:12b,version_j,p0_default,True,0,"{'model_name': 'gemma4:12b', 'temperature': 0.5, 'top_p': 0.9, 'top_k': None, 'seed': None, 'quantization': 'Q4_K_M'}"
1d4a6cd82345e4ae037f7ac6d2e76d3bff3ac876ca865034886b1d997e185929,scruples_025,B0_stripped_baseline,gemma4:12b,version_j,p0_default,False,0,"{'model_name': 'gemma4:12b', 'temperature': 0.5, 'top_p': 0.9, 'top_k': None, 'seed': None, 'quantization': 'Q4_K_M'}"
a12a1bae40e0ab1d71cb26880893af12f8f015deee866fd0731edbc6eb46c672,scruples_025,B0_stripped_baseline,gemma4:12b,version_j,p0_default,True,0,"{'model_name': 'gemma4:12b', 'temperature': 0.5, 'top_p': 0.9, 'top_k': None, 'seed': None, 'quantization': 'Q4_K_M'}"
8c2e49f121253cdfd3e8a32fb24fad250f7f0a41bcd655e6e50a031df636107f,scruples_025,C1_authority_neutral,gemma4:12b,version_j,p0_default,False,0,"{'model_name': 'gemma4:12b', 'temperature': 0.5, 'top_p': 0.9, 'top_k': None, 'seed': None, 'quantization': 'Q4_K_M'}"
70cc2ff3f55f42d09ea24a292f27aded96a199507dfa05244da58db1f916ba23,scruples_025,C1_authority_neutral,gemma4:12b,version_j,p0_default,True,0,"{'model_name': 'gemma4:12b', 'temperature': 0.5, 'top_p': 0.9, 'top_k': None, 'seed': None, 'quantization': 'Q4_K_M'}"
182b4b5505342c1700292a58301f6a3dc7a305c03ebff14fd5ec259a02c30240,scruples_025,P1_authority_pressure,gemma4:12b,version_j,p0_default,False,0,"{'model_name': 'gemma4:12b', 'temperature': 0.5, 'top_p': 0.9, 'top_k': None, 'seed': None, 'quantization': 'Q4_K_M'}"
daf1150fdd8339a66daa8b2e457e23acb6dea48e94eeedf433725ea3c11d949b,scruples_025,P1_authority_pressure,gemma4:12b,version_j,p0_default,True,0,"{'model_name': 'gemma4:12b', 'temperature': 0.5, 'top_p': 0.9, 'top_k': None, 'seed': None, 'quantization': 'Q4_K_M'}"
ad151d7ab96013468b10c95e346b44f2636513ef10ae73ca9f8c6355941708d7,scruples_025,C2_incentive_neutral,gemma4:12b,version_j,p0_default,False,0,"{'model_name': 'gemma4:12b', 'temperature': 0.5, 'top_p': 0.9, 'top_k': None, 'seed': None, 'quantization': 'Q4_K_M'}"
6732dd47cfae2b92b089fddcff6ce9274f912679a27d77cee57bcfcfa65666bc,scruples_025,C2_incentive_neutral,gemma4:12b,version_j,p0_default,True,0,"{'model_name': 'gemma4:12b', 'temperature': 0.5, 'top_p': 0.9, 'top_k': None, 'seed': None, 'quantization': 'Q4_K_M'}"
dbe79e61d5281d5f4e78363c6b670f5b1ea27c36bf63b2919d265dac73f3502b,scruples_025,P2_incentive_pressure,gemma4:12b,version_j,p0_default,False,0,"{'model_name': 'gemma4:12b', 'temperature': 0.5, 'top_p': 0.9, 'top_k': None, 'seed': None, 'quantization': 'Q4_K_M'}"
6e678669a973f92a46400fc1c24384707a562d5f3fd75b40cec4a531d5395b95,scruples_025,P2_incentive_pressure,gemma4:12b,version_j,p0_default,True,0,"{'model_name': 'gemma4:12b', 'temperature': 0.5, 'top_p': 0.9, 'top_k': None, 'seed': None, 'quantization': 'Q4_K_M'}"
8e00876540bc7d92c4ff50de2946ad8a56e4fb1905cb17c557b3ecd89ee82dba,scruples_025,C3_social_neutral,gemma4:12b,version_j,p0_default,False,0,"{'model_name': 'gemma4:12b', 'temperature': 0.5, 'top_p': 0.9, 'top_k': None, 'seed': None, 'quantization': 'Q4_K_M'}"
1160adc443146e1eaf910f64f911af89c93f71e5eb4fad8d17ceb0082d5fce15,scruples_025,C3_social_neutral,gemma4:12b,version_j,p0_default,True,0,"{'model_name': 'gemma4:12b', 'temperature': 0.5, 'top_p': 0.9, 'top_k': None, 'seed': None, 'quantization': 'Q4_K_M'}"
7f1a3cb8478be1cae4ca0afc9341af21988d52cb079d7849d9ef879e0de2459f,scruples_025,P3_social_pressure,gemma4:12b,version_j,p0_default,False,0,"{'model_name': 'gemma4:12b', 'temperature': 0.5, 'top_p': 0.9, 'top_k': None, 'seed': None, 'quantization': 'Q4_K_M'}"
dd3756ebb61100b01a6605279dd66191df26ec0c5281038f017c45d960d3d9b9,scruples_025,P3_social_pressure,gemma4:12b,version_j,p0_default,True,0,"{'model_name': 'gemma4:12b', 'temperature': 0.5, 'top_p': 0.9, 'top_k': None, 'seed': None, 'quantization': 'Q4_K_M'}"
b7b8e3bb3435e7b06b7c8889ee36ae031271825d603601bad5f4613a595f5c72,scruples_025,C4_metric_neutral,gemma4:12b,version_j,p0_default,False,0,"{'model_name': 'gemma4:12b', 'temperature': 0.5, 'top_p': 0.9, 'top_k': None, 'seed': None, 'quantization': 'Q4_K_M'}"
e177f0443ca03cb9f31ce7f88efb119a4fb6899d9e562c464cd7c3352e19e4d5,scruples_025,C4_metric_neutral,gemma4:12b,version_j,p0_default,True,0,"{'model_name': 'gemma4:12b', 'temperature': 0.5, 'top_p': 0.9, 'top_k': None, 'seed': None, 'quantization': 'Q4_K_M'}"
22a61b5857fbea3231b7f25e59b0c7d08531be5b9f90108472978f204098e87e,scruples_025,P4_metric_pressure,gemma4:12b,version_j,p0_default,False,0,"{'model_name': 'gemma4:12b', 'temperature': 0.5, 'top_p': 0.9, 'top_k': None, 'seed': None, 'quantization': 'Q4_K_M'}"
12bcb9c49f73440fca0aede473d4d9f5c8fbc57281ff0b76b4ba8253ebf4aafe,scruples_025,P4_metric_pressure,gemma4:12b,version_j,p0_default,True,0,"{'model_name': 'gemma4:12b', 'temperature': 0.5, 'top_p': 0.9, 'top_k': None, 'seed': None, 'quantization': 'Q4_K_M'}"
d461d85c228c75915c8481604134dbaeac2e3b5c1d70109cfcfd41c097706cb6,scruples_025,R2_relevant_evidence,gemma4:12b,version_j,p0_default,False,0,"{'model_name': 'gemma4:12b', 'temperature': 0.5, 'top_p': 0.9, 'top_k': None, 'seed': None, 'quantization': 'Q4_K_M'}"
9e3d943b92f491633cc99f973325460b3ebabd0426d5bf28d578ca6572b0f12b,scruples_025,R2_relevant_evidence,gemma4:12b,version_j,p0_default,True,0,"{'model_name': 'gemma4:12b', 'temperature': 0.5, 'top_p': 0.9, 'top_k': None, 'seed': None, 'quantization': 'Q4_K_M'}"
e36c86a61329bf66df0e5ec2b8aa48f9fccce8a63e19a01e63c96a36d60da7b3,scruples_026,B0_stripped_baseline,gemma4:12b,version_j,p0_default,False,0,"{'model_name': 'gemma4:12b', 'temperature': 0.5, 'top_p': 0.9, 'top_k': None, 'seed': None, 'quantization': 'Q4_K_M'}"
d4aa7b2051ac4855e318df5a9fd563fe98e04d0c8b01e481e993a2e1cf7d1d36,scruples_026,B0_stripped_baseline,gemma4:12b,version_j,p0_default,True,0,"{'model_name': 'gemma4:12b', 'temperature': 0.5, 'top_p': 0.9, 'top_k': None, 'seed': None, 'quantization': 'Q4_K_M'}"
8fb6d8c801a2fee7f7754c6b1874980f3b9a08a42040998633ad59499c292856,scruples_026,C1_authority_neutral,gemma4:12b,version_j,p0_default,False,0,"{'model_name': 'gemma4:12b', 'temperature': 0.5, 'top_p': 0.9, 'top_k': None, 'seed': None, 'quantization': 'Q4_K_M'}"
f87ddcbe558c6ef847e57fa8d5486c70aad4c61e0435430f9e115b701f0d2e95,scruples_026,C1_authority_neutral,gemma4:12b,version_j,p0_default,True,0,"{'model_name': 'gemma4:12b', 'temperature': 0.5, 'top_p': 0.9, 'top_k': None, 'seed': None, 'quantization': 'Q4_K_M'}"
e84c9e22cb1bbdee683a75cc0f7dc356090a85c18e6eb5fdb5c79e4760e28286,scruples_026,P1_authority_pressure,gemma4:12b,version_j,p0_default,False,0,"{'model_name': 'gemma4:12b', 'temperature': 0.5, 'top_p': 0.9, 'top_k': None, 'seed': None, 'quantization': 'Q4_K_M'}"
36219eea2b5bca936e098453a63807ee1554589f875effb4b723dc359989245d,scruples_026,P1_authority_pressure,gemma4:12b,version_j,p0_default,True,0,"{'model_name': 'gemma4:12b', 'temperature': 0.5, 'top_p': 0.9, 'top_k': None, 'seed': None, 'quantization': 'Q4_K_M'}"
0b4789744488c428f4bdd13b326099c58f05cff1e85feff0828d171b0918c9c8,scruples_026,C2_incentive_neutral,gemma4:12b,version_j,p0_default,False,0,"{'model_name': 'gemma4:12b', 'temperature': 0.5, 'top_p': 0.9, 'top_k': None, 'seed': None, 'quantization': 'Q4_K_M'}"
9ebfcf0b4ced913a5d14b4dc65777c3305217c2caa8231fcc62677e7714c8965,scruples_026,C2_incentive_neutral,gemma4:12b,version_j,p0_default,True,0,"{'model_name': 'gemma4:12b', 'temperature': 0.5, 'top_p': 0.9, 'top_k': None, 'seed': None, 'quantization': 'Q4_K_M'}"
9229bb32acf3b766e515413e9a736389983eccbb15b8d98042157d7bab3ac3c3,scruples_026,P2_incentive_pressure,gemma4:12b,version_j,p0_default,False,0,"{'model_name': 'gemma4:12b', 'temperature': 0.5, 'top_p': 0.9, 'top_k': None, 'seed': None, 'quantization': 'Q4_K_M'}"
b6552068bf438abe10b3f46247cbffff0d9d75206af15587bea0d6310b845096,scruples_026,P2_incentive_pressure,gemma4:12b,version_j,p0_default,True,0,"{'model_name': 'gemma4:12b', 'temperature': 0.5, 'top_p': 0.9, 'top_k': None, 'seed': None, 'quantization': 'Q4_K_M'}"
0fde953f2a11ee377037f889a5877f682cc0d385c4665fd2e7449da70b9ffe0f,scruples_026,C3_social_neutral,gemma4:12b,version_j,p0_default,False,0,"{'model_name': 'gemma4:12b', 'temperature': 0.5, 'top_p': 0.9, 'top_k': None, 'seed': None, 'quantization': 'Q4_K_M'}"
9ea5dce11f557384661b5406348b203fc06f4f3650ba93cc8c4445c06989f13f,scruples_026,C3_social_neutral,gemma4:12b,version_j,p0_default,True,0,"{'model_name': 'gemma4:12b', 'temperature': 0.5, 'top_p': 0.9, 'top_k': None, 'seed': None, 'quantization': 'Q4_K_M'}"
53ed11964691bd21d342b2262aba3c1dd96ad73368d1dff3f986460562ca0610,scruples_026,P3_social_pressure,gemma4:12b,version_j,p0_default,False,0,"{'model_name': 'gemma4:12b', 'temperature': 0.5, 'top_p': 0.9, 'top_k': None, 'seed': None, 'quantization': 'Q4_K_M'}"
9ddb206fe6be1c126874ad903ccb5f98b17a80a2a5ddfe1e10366c032bddfee6,scruples_026,P3_social_pressure,gemma4:12b,version_j,p0_default,True,0,"{'model_name': 'gemma4:12b', 'temperature': 0.5, 'top_p': 0.9, 'top_k': None, 'seed': None, 'quantization': 'Q4_K_M'}"
d73f7fb1d3ab34929f606270396ff11bb4d84e95b5ccb559b171ab1736decf7b,scruples_026,C4_metric_neutral,gemma4:12b,version_j,p0_default,False,0,"{'model_name': 'gemma4:12b', 'temperature': 0.5, 'top_p': 0.9, 'top_k': None, 'seed': None, 'quantization': 'Q4_K_M'}"
1af7d7d7f136cca4d94ea40aa0158a8740be879e5b63a8055b68ba6e1a2b3efa,scruples_026,C4_metric_neutral,gemma4:12b,version_j,p0_default,True,0,"{'model_name': 'gemma4:12b', 'temperature': 0.5, 'top_p': 0.9, 'top_k': None, 'seed': None, 'quantization': 'Q4_K_M'}"
ba6d7b2a9586762db4f921a43f1f7be717abcf7a7cb96e54c4291a16b4c65e51,scruples_026,P4_metric_pressure,gemma4:12b,version_j,p0_default,False,0,"{'model_name': 'gemma4:12b', 'temperature': 0.5, 'top_p': 0.9, 'top_k': None, 'seed': None, 'quantization': 'Q4_K_M'}"
9ddb478d96847c3295aa8f5396b70b2c9da0cd2bb17689ea800dc34905410415,scruples_026,P4_metric_pressure,gemma4:12b,version_j,p0_default,True,0,"{'model_name': 'gemma4:12b', 'temperature': 0.5, 'top_p': 0.9, 'top_k': None, 'seed': None, 'quantization': 'Q4_K_M'}"
016247274f04397d00116fdded65a106c1353efdf469523fe988db198c303aab,scruples_026,R2_relevant_evidence,gemma4:12b,version_j,p0_default,False,0,"{'model_name': 'gemma4:12b', 'temperature': 0.5, 'top_p': 0.9, 'top_k': None, 'seed': None, 'quantization': 'Q4_K_M'}"
e8e39bb4e14c17adeded55774a9ec12346502050a520c4ac7359a3fd11df42f8,scruples_026,R2_relevant_evidence,gemma4:12b,version_j,p0_default,True,0,"{'model_name': 'gemma4:12b', 'temperature': 0.5, 'top_p': 0.9, 'top_k': None, 'seed': None, 'quantization': 'Q4_K_M'}"
ac84b02b965185e090f1508d536dc956bfb38ac31a5ffa261855008147187e8c,scruples_027,B0_stripped_baseline,gemma4:12b,version_j,p0_default,False,0,"{'model_name': 'gemma4:12b', 'temperature': 0.5, 'top_p': 0.9, 'top_k': None, 'seed': None, 'quantization': 'Q4_K_M'}"
4493597c1252fa4939deef40a1446af3d742fd0c0e1d449ffe43be033f63a8ea,scruples_027,B0_stripped_baseline,gemma4:12b,version_j,p0_default,True,0,"{'model_name': 'gemma4:12b', 'temperature': 0.5, 'top_p': 0.9, 'top_k': None, 'seed': None, 'quantization': 'Q4_K_M'}"
2a4bf14f210f7cfa1693db54bc8a3af203d077ee5d9dca182b9ed69173fc8845,scruples_027,C1_authority_neutral,gemma4:12b,version_j,p0_default,False,0,"{'model_name': 'gemma4:12b', 'temperature': 0.5, 'top_p': 0.9, 'top_k': None, 'seed': None, 'quantization': 'Q4_K_M'}"
07c1dee35e290ff5fd788cac0254c72a060c9edbc7d52af3e7f147e5944948cf,scruples_027,C1_authority_neutral,gemma4:12b,version_j,p0_default,True,0,"{'model_name': 'gemma4:12b', 'temperature': 0.5, 'top_p': 0.9, 'top_k': None, 'seed': None, 'quantization': 'Q4_K_M'}"
6c9ac37b8b2ce5466de93cd5ae532d5cc5de66696a940ff6ebcde0bbdce9196f,scruples_027,P1_authority_pressure,gemma4:12b,version_j,p0_default,False,0,"{'model_name': 'gemma4:12b', 'temperature': 0.5, 'top_p': 0.9, 'top_k': None, 'seed': None, 'quantization': 'Q4_K_M'}"
4baef62a6bc6f2383cde19a7bdc4bb39f6c84f598002810fdae47d3c2cf9a88a,scruples_027,P1_authority_pressure,gemma4:12b,version_j,p0_default,True,0,"{'model_name': 'gemma4:12b', 'temperature': 0.5, 'top_p': 0.9, 'top_k': None, 'seed': None, 'quantization': 'Q4_K_M'}"
2b053146fe58140012be381777d961110de7b09dae7136371be455e50fec897a,scruples_027,C2_incentive_neutral,gemma4:12b,version_j,p0_default,False,0,"{'model_name': 'gemma4:12b', 'temperature': 0.5, 'top_p': 0.9, 'top_k': None, 'seed': None, 'quantization': 'Q4_K_M'}"
82b6e377d52adcbb5a7987e8e4c33aa310f12bfa6ecdde60b3c0a4845b0d4899,scruples_027,C2_incentive_neutral,gemma4:12b,version_j,p0_default,True,0,"{'model_name': 'gemma4:12b', 'temperature': 0.5, 'top_p': 0.9, 'top_k': None, 'seed': None, 'quantization': 'Q4_K_M'}"
63b0f2f6b1b0adc9da2f1796bea946f8bdf9fb60137a51798e83adc071809b6c,scruples_027,P2_incentive_pressure,gemma4:12b,version_j,p0_default,False,0,"{'model_name': 'gemma4:12b', 'temperature': 0.5, 'top_p': 0.9, 'top_k': None, 'seed': None, 'quantization': 'Q4_K_M'}"
60c74230f059ab21f93c03d858c6a54331e330c26ede50a2bf47a2ae1481109e,scruples_027,P2_incentive_pressure,gemma4:12b,version_j,p0_default,True,0,"{'model_name': 'gemma4:12b', 'temperature': 0.5, 'top_p': 0.9, 'top_k': None, 'seed': None, 'quantization': 'Q4_K_M'}"
f43bce6a06ec563e31881d9616498183bf3a6d5c35dd77368ff8061e6db52010,scruples_027,C3_social_neutral,gemma4:12b,version_j,p0_default,False,0,"{'model_name': 'gemma4:12b', 'temperature': 0.5, 'top_p': 0.9, 'top_k': None, 'seed': None, 'quantization': 'Q4_K_M'}"
5eef8845e35300663e810b103f5d782c5c01f949c85a4040841c57aaf176bdc3,scruples_027,C3_social_neutral,gemma4:12b,version_j,p0_default,True,0,"{'model_name': 'gemma4:12b', 'temperature': 0.5, 'top_p': 0.9, 'top_k': None, 'seed': None, 'quantization': 'Q4_K_M'}"
ef8910a2e6128deb2880a459c61294501dc2e90759a83067159ab1670788afa3,scruples_027,P3_social_pressure,gemma4:12b,version_j,p0_default,False,0,"{'model_name': 'gemma4:12b', 'temperature': 0.5, 'top_p': 0.9, 'top_k': None, 'seed': None, 'quantization': 'Q4_K_M'}"
d3e599aaf36f605b9803306cb163929b30f714ed810c12dd361c6d446cc1f501,scruples_027,P3_social_pressure,gemma4:12b,version_j,p0_default,True,0,"{'model_name': 'gemma4:12b', 'temperature': 0.5, 'top_p': 0.9, 'top_k': None, 'seed': None, 'quantization': 'Q4_K_M'}"
b520499b3ddadb7b3c2d8e60af49ba305ef9a64ea8f46bde6d3cca7624325354,scruples_027,C4_metric_neutral,gemma4:12b,version_j,p0_default,False,0,"{'model_name': 'gemma4:12b', 'temperature': 0.5, 'top_p': 0.9, 'top_k': None, 'seed': None, 'quantization': 'Q4_K_M'}"
8a7fc954316b30fd0a231ed96d3bee84a9836cfbb72c71e5409a3119fe6e099e,scruples_027,C4_metric_neutral,gemma4:12b,version_j,p0_default,True,0,"{'model_name': 'gemma4:12b', 'temperature': 0.5, 'top_p': 0.9, 'top_k': None, 'seed': None, 'quantization': 'Q4_K_M'}"
98526379904907f2dcbb677e1a2eff800eb93e86175f9837b6eb177fdc7684af,scruples_027,P4_metric_pressure,gemma4:12b,version_j,p0_default,False,0,"{'model_name': 'gemma4:12b', 'temperature': 0.5, 'top_p': 0.9, 'top_k': None, 'seed': None, 'quantization': 'Q4_K_M'}"
4a1573d777f6fec7e29dbcf08c226408c05e53aedf1e34462e7842266d0c21f0,scruples_027,P4_metric_pressure,gemma4:12b,version_j,p0_default,True,0,"{'model_name': 'gemma4:12b', 'temperature': 0.5, 'top_p': 0.9, 'top_k': None, 'seed': None, 'quantization': 'Q4_K_M'}"
d8758925fb3f1586215fbf22c214b869b3257d8c814a8a1f1a1ca8b96ddd34a3,scruples_027,R2_relevant_evidence,gemma4:12b,version_j,p0_default,False,0,"{'model_name': 'gemma4:12b', 'temperature': 0.5, 'top_p': 0.9, 'top_k': None, 'seed': None, 'quantization': 'Q4_K_M'}"
ffd620c55bb7725c2f120a1049b67e5066340e8b55af61842c66241acdbd3b97,scruples_027,R2_relevant_evidence,gemma4:12b,version_j,p0_default,True,0,"{'model_name': 'gemma4:12b', 'temperature': 0.5, 'top_p': 0.9, 'top_k': None, 'seed': None, 'quantization': 'Q4_K_M'}"
f218cf2184a5f89c9774a8bdd579161cfedda581ed1a89198cd0aa04e4f94acb,scruples_028,B0_stripped_baseline,gemma4:12b,version_j,p0_default,False,0,"{'model_name': 'gemma4:12b', 'temperature': 0.5, 'top_p': 0.9, 'top_k': None, 'seed': None, 'quantization': 'Q4_K_M'}"
df5835115aea2d393e834c9af0a33ec8890db71ab7c92feab6b885f2471b782f,scruples_028,B0_stripped_baseline,gemma4:12b,version_j,p0_default,True,0,"{'model_name': 'gemma4:12b', 'temperature': 0.5, 'top_p': 0.9, 'top_k': None, 'seed': None, 'quantization': 'Q4_K_M'}"
5d7622c00843d7a19bc9b98c0f76da17717d399d300a469edeb33a7c5133337f,scruples_028,C1_authority_neutral,gemma4:12b,version_j,p0_default,False,0,"{'model_name': 'gemma4:12b', 'temperature': 0.5, 'top_p': 0.9, 'top_k': None, 'seed': None, 'quantization': 'Q4_K_M'}"
31863e74de7b4e98aa49c0a5c444b198c0141d29a99b1b79d1c01ab4c236a2cd,scruples_028,C1_authority_neutral,gemma4:12b,version_j,p0_default,True,0,"{'model_name': 'gemma4:12b', 'temperature': 0.5, 'top_p': 0.9, 'top_k': None, 'seed': None, 'quantization': 'Q4_K_M'}"
36627f85a52a14971c197e3fb8988803acfac3de2019c413f907964764af84a5,scruples_028,P1_authority_pressure,gemma4:12b,version_j,p0_default,False,0,"{'model_name': 'gemma4:12b', 'temperature': 0.5, 'top_p': 0.9, 'top_k': None, 'seed': None, 'quantization': 'Q4_K_M'}"
2798d51ec1aef1b1406d2bbfafc3de1f08f29aad3873c72514865a5680c2ced1,scruples_028,P1_authority_pressure,gemma4:12b,version_j,p0_default,True,0,"{'model_name': 'gemma4:12b', 'temperature': 0.5, 'top_p': 0.9, 'top_k': None, 'seed': None, 'quantization': 'Q4_K_M'}"
71da36c1ca436afd5058433e1f24d326fe78c6769f7b3bdba557a009891c5626,scruples_028,C2_incentive_neutral,gemma4:12b,version_j,p0_default,False,0,"{'model_name': 'gemma4:12b', 'temperature': 0.5, 'top_p': 0.9, 'top_k': None, 'seed': None, 'quantization': 'Q4_K_M'}"
6bb92b4397d9d78399426b2f4255c00554265178637420d7fb48b3b0bafbab72,scruples_028,C2_incentive_neutral,gemma4:12b,version_j,p0_default,True,0,"{'model_name': 'gemma4:12b', 'temperature': 0.5, 'top_p': 0.9, 'top_k': None, 'seed': None, 'quantization': 'Q4_K_M'}"
5c1fbf40367ab9d4301083fd4c84e0ed347d75a6d53dc606ce1317f4b0c708cb,scruples_028,P2_incentive_pressure,gemma4:12b,version_j,p0_default,False,0,"{'model_name': 'gemma4:12b', 'temperature': 0.5, 'top_p': 0.9, 'top_k': None, 'seed': None, 'quantization': 'Q4_K_M'}"
a4c63104593b6a01103f6eb0d7ae0235d2666a46f9f89c5423ddd63279b86b60,scruples_028,P2_incentive_pressure,gemma4:12b,version_j,p0_default,True,0,"{'model_name': 'gemma4:12b', 'temperature': 0.5, 'top_p': 0.9, 'top_k': None, 'seed': None, 'quantization': 'Q4_K_M'}"
bdd535ac31c6b658ca31d063e464dbdcbeffd93c930a7c52c215d056e987889b,scruples_028,C3_social_neutral,gemma4:12b,version_j,p0_default,False,0,"{'model_name': 'gemma4:12b', 'temperature': 0.5, 'top_p': 0.9, 'top_k': None, 'seed': None, 'quantization': 'Q4_K_M'}"
62422ef9f71146fc3dd81f4839e2bea69d15d4715c89e5b3a99772a5a5478c74,scruples_028,C3_social_neutral,gemma4:12b,version_j,p0_default,True,0,"{'model_name': 'gemma4:12b', 'temperature': 0.5, 'top_p': 0.9, 'top_k': None, 'seed': None, 'quantization': 'Q4_K_M'}"
51c11c9a45c42615a55ad3e7581a2a01eadea05d40418d273c60ddb8194f2d13,scruples_028,P3_social_pressure,gemma4:12b,version_j,p0_default,False,0,"{'model_name': 'gemma4:12b', 'temperature': 0.5, 'top_p': 0.9, 'top_k': None, 'seed': None, 'quantization': 'Q4_K_M'}"
c593c0d09fe14748807d0371a29adf32b1f6fe6de9787aa229e1cc20912ca8a7,scruples_028,P3_social_pressure,gemma4:12b,version_j,p0_default,True,0,"{'model_name': 'gemma4:12b', 'temperature': 0.5, 'top_p': 0.9, 'top_k': None, 'seed': None, 'quantization': 'Q4_K_M'}"
4d17d8726a82084e4dba6baa8e5fbb2e0607c05d76cf8c619aaaf542c9b55db4,scruples_028,C4_metric_neutral,gemma4:12b,version_j,p0_default,False,0,"{'model_name': 'gemma4:12b', 'temperature': 0.5, 'top_p': 0.9, 'top_k': None, 'seed': None, 'quantization': 'Q4_K_M'}"
baae25241d68f5fffe5af3ae45629f9b31a07411d8b69ab6f6b746b6719e7fe8,scruples_028,C4_metric_neutral,gemma4:12b,version_j,p0_default,True,0,"{'model_name': 'gemma4:12b', 'temperature': 0.5, 'top_p': 0.9, 'top_k': None, 'seed': None, 'quantization': 'Q4_K_M'}"
d68194156b5e4d36a7fba53616a4056fec19cf62fd69a6edb9ea3adf179098be,scruples_028,P4_metric_pressure,gemma4:12b,version_j,p0_default,False,0,"{'model_name': 'gemma4:12b', 'temperature': 0.5, 'top_p': 0.9, 'top_k': None, 'seed': None, 'quantization': 'Q4_K_M'}"
02cc15d8d9335cad0935a784004339155fb29d49c70a1381b64a16a701540f84,scruples_028,P4_metric_pressure,gemma4:12b,version_j,p0_default,True,0,"{'model_name': 'gemma4:12b', 'temperature': 0.5, 'top_p': 0.9, 'top_k': None, 'seed': None, 'quantization': 'Q4_K_M'}"
1ee0b19b48e5408a291f8862c0297543153e6cdf9a0ec7036e8b8da0d3cc4d01,scruples_028,R2_relevant_evidence,gemma4:12b,version_j,p0_default,False,0,"{'model_name': 'gemma4:12b', 'temperature': 0.5, 'top_p': 0.9, 'top_k': None, 'seed': None, 'quantization': 'Q4_K_M'}"
7539a1e9c67d1af6b17092d5572bbfb8b4d4657bb72887e16934e805a93a915f,scruples_028,R2_relevant_evidence,gemma4:12b,version_j,p0_default,True,0,"{'model_name': 'gemma4:12b', 'temperature': 0.5, 'top_p': 0.9, 'top_k': None, 'seed': None, 'quantization': 'Q4_K_M'}"
39834b0fa2654ee8f07ec1cd188134e5d6c767f2bd68cb7b78a31d2fd9255436,scruples_029,B0_stripped_baseline,gemma4:12b,version_j,p0_default,False,0,"{'model_name': 'gemma4:12b', 'temperature': 0.5, 'top_p': 0.9, 'top_k': None, 'seed': None, 'quantization': 'Q4_K_M'}"
1253233df79723c8bee3f38827275b758402f6e54b0a798473360dcda145b514,scruples_029,B0_stripped_baseline,gemma4:12b,version_j,p0_default,True,0,"{'model_name': 'gemma4:12b', 'temperature': 0.5, 'top_p': 0.9, 'top_k': None, 'seed': None, 'quantization': 'Q4_K_M'}"
6a8b3c1734ac8f23800769aef3a1a7a530a49cbe3cac5611306a3e585c1f18e8,scruples_029,C1_authority_neutral,gemma4:12b,version_j,p0_default,False,0,"{'model_name': 'gemma4:12b', 'temperature': 0.5, 'top_p': 0.9, 'top_k': None, 'seed': None, 'quantization': 'Q4_K_M'}"
f48c718a72d2716b8ffab5b47afc8b34fd29764d75ea740ba3d5eaba9df62bff,scruples_029,C1_authority_neutral,gemma4:12b,version_j,p0_default,True,0,"{'model_name': 'gemma4:12b', 'temperature': 0.5, 'top_p': 0.9, 'top_k': None, 'seed': None, 'quantization': 'Q4_K_M'}"
ad03dd7d9de31d23302378a409abb7e1c460c12f3303838b07909d913e10cabd,scruples_029,P1_authority_pressure,gemma4:12b,version_j,p0_default,False,0,"{'model_name': 'gemma4:12b', 'temperature': 0.5, 'top_p': 0.9, 'top_k': None, 'seed': None, 'quantization': 'Q4_K_M'}"
a1161b542c89844e0dcce75dc27508a49dc71627927ca3ca4bdf9e7363912285,scruples_029,P1_authority_pressure,gemma4:12b,version_j,p0_default,True,0,"{'model_name': 'gemma4:12b', 'temperature': 0.5, 'top_p': 0.9, 'top_k': None, 'seed': None, 'quantization': 'Q4_K_M'}"
f71dbd0d3c69b06107844d60f2b1fdcad86f54ed1c64bae28ca25c123b2a2385,scruples_029,C2_incentive_neutral,gemma4:12b,version_j,p0_default,False,0,"{'model_name': 'gemma4:12b', 'temperature': 0.5, 'top_p': 0.9, 'top_k': None, 'seed': None, 'quantization': 'Q4_K_M'}"
5c5a7e79e9b9b4bf948061c43fba9d716a00fb76dd783724856c44f4dbcecf40,scruples_029,C2_incentive_neutral,gemma4:12b,version_j,p0_default,True,0,"{'model_name': 'gemma4:12b', 'temperature': 0.5, 'top_p': 0.9, 'top_k': None, 'seed': None, 'quantization': 'Q4_K_M'}"
e8bd4c6263051f0f5110af194466f0d106967bb938935da40533c41cd719e28a,scruples_029,P2_incentive_pressure,gemma4:12b,version_j,p0_default,False,0,"{'model_name': 'gemma4:12b', 'temperature': 0.5, 'top_p': 0.9, 'top_k': None, 'seed': None, 'quantization': 'Q4_K_M'}"
c3c8cbf519cac68957f3f10cb04684f06860947c436a3b2fb1830c263ca435fe,scruples_029,P2_incentive_pressure,gemma4:12b,version_j,p0_default,True,0,"{'model_name': 'gemma4:12b', 'temperature': 0.5, 'top_p': 0.9, 'top_k': None, 'seed': None, 'quantization': 'Q4_K_M'}"
bcfa9321b272fc36ee858d00ac2fac077a24e05793d5826332860f56ac960604,scruples_029,C3_social_neutral,gemma4:12b,version_j,p0_default,False,0,"{'model_name': 'gemma4:12b', 'temperature': 0.5, 'top_p': 0.9, 'top_k': None, 'seed': None, 'quantization': 'Q4_K_M'}"
68372faac8e9fccd854f51c0ba790328e21f237b660702aea86ff3a4e3d8a94b,scruples_029,C3_social_neutral,gemma4:12b,version_j,p0_default,True,0,"{'model_name': 'gemma4:12b', 'temperature': 0.5, 'top_p': 0.9, 'top_k': None, 'seed': None, 'quantization': 'Q4_K_M'}"
91afadf19701610d9435ac9b5b06d44561d0d36a638692786d004a5cadde2047,scruples_029,P3_social_pressure,gemma4:12b,version_j,p0_default,False,0,"{'model_name': 'gemma4:12b', 'temperature': 0.5, 'top_p': 0.9, 'top_k': None, 'seed': None, 'quantization': 'Q4_K_M'}"
10b61e5dd665897c0895092be7e880e5a70c8339db0f9f734acaa2992ab0040d,scruples_029,P3_social_pressure,gemma4:12b,version_j,p0_default,True,0,"{'model_name': 'gemma4:12b', 'temperature': 0.5, 'top_p': 0.9, 'top_k': None, 'seed': None, 'quantization': 'Q4_K_M'}"
2a4dfab2a5602ff166072af434b7b51a4e8fc170721f7e49a47cd2e3c0ad5248,scruples_029,C4_metric_neutral,gemma4:12b,version_j,p0_default,False,0,"{'model_name': 'gemma4:12b', 'temperature': 0.5, 'top_p': 0.9, 'top_k': None, 'seed': None, 'quantization': 'Q4_K_M'}"
53b59da02aecbd6706a53eff7fc46a23620bc3d84d18311d9e3a9932982928a0,scruples_029,C4_metric_neutral,gemma4:12b,version_j,p0_default,True,0,"{'model_name': 'gemma4:12b', 'temperature': 0.5, 'top_p': 0.9, 'top_k': None, 'seed': None, 'quantization': 'Q4_K_M'}"
bafcf03106b43e7f4bed28bec9a0a98c4719c285c7666285438dc5f81dc8bcd4,scruples_029,P4_metric_pressure,gemma4:12b,version_j,p0_default,False,0,"{'model_name': 'gemma4:12b', 'temperature': 0.5, 'top_p': 0.9, 'top_k': None, 'seed': None, 'quantization': 'Q4_K_M'}"
4f4d36d87378cb9fdd677c50a9d14bbae71261098353c0e9a75a62f77771a178,scruples_029,P4_metric_pressure,gemma4:12b,version_j,p0_default,True,0,"{'model_name': 'gemma4:12b', 'temperature': 0.5, 'top_p': 0.9, 'top_k': None, 'seed': None, 'quantization': 'Q4_K_M'}"
8d14af14774bb90d8843425d5790c06afb51204065741c90d651fed4311f18c0,scruples_029,R2_relevant_evidence,gemma4:12b,version_j,p0_default,False,0,"{'model_name': 'gemma4:12b', 'temperature': 0.5, 'top_p': 0.9, 'top_k': None, 'seed': None, 'quantization': 'Q4_K_M'}"
8d9d444108f748330024c836cf824f7b79cfe912f069f92dbcdda515ddb80b75,scruples_029,R2_relevant_evidence,gemma4:12b,version_j,p0_default,True,0,"{'model_name': 'gemma4:12b', 'temperature': 0.5, 'top_p': 0.9, 'top_k': None, 'seed': None, 'quantization': 'Q4_K_M'}"
94adcc469819fdb36f8dcbee1e22a1865dc50f41bc23890d527f90166c5e8c2a,scruples_030,B0_stripped_baseline,gemma4:12b,version_j,p0_default,False,0,"{'model_name': 'gemma4:12b', 'temperature': 0.5, 'top_p': 0.9, 'top_k': None, 'seed': None, 'quantization': 'Q4_K_M'}"
a9388e9dfd179e928b21950344f697a755c0afec4b69df7a8a35095bfcf8dd2f,scruples_030,B0_stripped_baseline,gemma4:12b,version_j,p0_default,True,0,"{'model_name': 'gemma4:12b', 'temperature': 0.5, 'top_p': 0.9, 'top_k': None, 'seed': None, 'quantization': 'Q4_K_M'}"
2cff05990b30cc6b36ad406b378f2e859e7547fb75385167be4d0f06f36976ab,scruples_030,C1_authority_neutral,gemma4:12b,version_j,p0_default,False,0,"{'model_name': 'gemma4:12b', 'temperature': 0.5, 'top_p': 0.9, 'top_k': None, 'seed': None, 'quantization': 'Q4_K_M'}"
56797e0d373875698e49da26fe60190586c1903e4d9d4105c32d2586ee9d2e51,scruples_030,C1_authority_neutral,gemma4:12b,version_j,p0_default,True,0,"{'model_name': 'gemma4:12b', 'temperature': 0.5, 'top_p': 0.9, 'top_k': None, 'seed': None, 'quantization': 'Q4_K_M'}"
a84730cce83ee6427a1c5124dd9af0d25cbd2a2dac7fe1a6ddc2c78581cadb0b,scruples_030,P1_authority_pressure,gemma4:12b,version_j,p0_default,False,0,"{'model_name': 'gemma4:12b', 'temperature': 0.5, 'top_p': 0.9, 'top_k': None, 'seed': None, 'quantization': 'Q4_K_M'}"
5e1f5704e3fec1a07af28fa4d3e4cc4d829ce8a4d5b98b51b8c7bb37b1557582,scruples_030,P1_authority_pressure,gemma4:12b,version_j,p0_default,True,0,"{'model_name': 'gemma4:12b', 'temperature': 0.5, 'top_p': 0.9, 'top_k': None, 'seed': None, 'quantization': 'Q4_K_M'}"
74d5f54fc84181f3205c5765fb3d32f8c464222517817baca2bdde52dd9951a0,scruples_030,C2_incentive_neutral,gemma4:12b,version_j,p0_default,False,0,"{'model_name': 'gemma4:12b', 'temperature': 0.5, 'top_p': 0.9, 'top_k': None, 'seed': None, 'quantization': 'Q4_K_M'}"
581ce469ed19b50dcf988b0548ab0abbaa91a1ac4e13ce65710d7c336a707e51,scruples_030,C2_incentive_neutral,gemma4:12b,version_j,p0_default,True,0,"{'model_name': 'gemma4:12b', 'temperature': 0.5, 'top_p': 0.9, 'top_k': None, 'seed': None, 'quantization': 'Q4_K_M'}"
e01fd8a41aa09aa44ad9297b44ec8a1ff37707ecaffbe8b8019b152d344c2d35,scruples_030,P2_incentive_pressure,gemma4:12b,version_j,p0_default,False,0,"{'model_name': 'gemma4:12b', 'temperature': 0.5, 'top_p': 0.9, 'top_k': None, 'seed': None, 'quantization': 'Q4_K_M'}"
d7c711cd1d42c57c79dd7b5807806444a62dbc527f0759808450cae5df48db57,scruples_030,P2_incentive_pressure,gemma4:12b,version_j,p0_default,True,0,"{'model_name': 'gemma4:12b', 'temperature': 0.5, 'top_p': 0.9, 'top_k': None, 'seed': None, 'quantization': 'Q4_K_M'}"
0eaf88783d236735ea642fa2e19b270e887d96d0014f065104ebbf1cbf099c78,scruples_030,C3_social_neutral,gemma4:12b,version_j,p0_default,False,0,"{'model_name': 'gemma4:12b', 'temperature': 0.5, 'top_p': 0.9, 'top_k': None, 'seed': None, 'quantization': 'Q4_K_M'}"
a4d211e985f67d663ca5dd88c01509bdfa6b583f470fe1b2e52bd025f2cb7545,scruples_030,C3_social_neutral,gemma4:12b,version_j,p0_default,True,0,"{'model_name': 'gemma4:12b', 'temperature': 0.5, 'top_p': 0.9, 'top_k': None, 'seed': None, 'quantization': 'Q4_K_M'}"
77d38f5c7402798202f57d10c439d16cf21828a53c7a199f44e9a3e87fc63ab1,scruples_030,P3_social_pressure,gemma4:12b,version_j,p0_default,False,0,"{'model_name': 'gemma4:12b', 'temperature': 0.5, 'top_p': 0.9, 'top_k': None, 'seed': None, 'quantization': 'Q4_K_M'}"
e6519e3486bebed4cd098b0529aa0bad8d5c0c63d0aac3bae4356f48ff1b3737,scruples_030,P3_social_pressure,gemma4:12b,version_j,p0_default,True,0,"{'model_name': 'gemma4:12b', 'temperature': 0.5, 'top_p': 0.9, 'top_k': None, 'seed': None, 'quantization': 'Q4_K_M'}"
b0c1cebe699002e32d2aea3ed4cc2dcd98d5276ec0e843c6b5128c35ba969f02,scruples_030,C4_metric_neutral,gemma4:12b,version_j,p0_default,False,0,"{'model_name': 'gemma4:12b', 'temperature': 0.5, 'top_p': 0.9, 'top_k': None, 'seed': None, 'quantization': 'Q4_K_M'}"
57d2dc2c0bf4f5df7228cf8e355fb5c35e350c993a1aefbb3c03411647a8af1e,scruples_030,C4_metric_neutral,gemma4:12b,version_j,p0_default,True,0,"{'model_name': 'gemma4:12b', 'temperature': 0.5, 'top_p': 0.9, 'top_k': None, 'seed': None, 'quantization': 'Q4_K_M'}"
f5226ef3ce76f12583c5f57667d54ee63ff30c574eb1464d5d28cdf29b5bcefc,scruples_030,P4_metric_pressure,gemma4:12b,version_j,p0_default,False,0,"{'model_name': 'gemma4:12b', 'temperature': 0.5, 'top_p': 0.9, 'top_k': None, 'seed': None, 'quantization': 'Q4_K_M'}"
09f9161c77968382da9c48d92f77731bc2ca994208e70e77e563a9761ed163db,scruples_030,P4_metric_pressure,gemma4:12b,version_j,p0_default,True,0,"{'model_name': 'gemma4:12b', 'temperature': 0.5, 'top_p': 0.9, 'top_k': None, 'seed': None, 'quantization': 'Q4_K_M'}"
db0e29496c4735dae281e028cace9b6bf39efa3072865b0b9c9b940d535b96ee,scruples_030,R2_relevant_evidence,gemma4:12b,version_j,p0_default,False,0,"{'model_name': 'gemma4:12b', 'temperature': 0.5, 'top_p': 0.9, 'top_k': None, 'seed': None, 'quantization': 'Q4_K_M'}"
b37c9dd70d4b645229c553f9920cdc87de92da2d6eaebd8bbe1daccb1752ffff,scruples_030,R2_relevant_evidence,gemma4:12b,version_j,p0_default,True,0,"{'model_name': 'gemma4:12b', 'temperature': 0.5, 'top_p': 0.9, 'top_k': None, 'seed': None, 'quantization': 'Q4_K_M'}"
a1c5c8389b1d1d5e843416c790de899dab644c44200058474cc2d1ce2b96b7d2,scruples_031,B0_stripped_baseline,gemma4:12b,version_j,p0_default,False,0,"{'model_name': 'gemma4:12b', 'temperature': 0.5, 'top_p': 0.9, 'top_k': None, 'seed': None, 'quantization': 'Q4_K_M'}"
d137ca76ce6d95cdb8348c6a4fcbc59693157babab182f79bbea93825c3f9eb9,scruples_031,B0_stripped_baseline,gemma4:12b,version_j,p0_default,True,0,"{'model_name': 'gemma4:12b', 'temperature': 0.5, 'top_p': 0.9, 'top_k': None, 'seed': None, 'quantization': 'Q4_K_M'}"
64430731a574df95db3433849218e768b0e7c347703aac9746256a474ac2011e,scruples_031,C1_authority_neutral,gemma4:12b,version_j,p0_default,False,0,"{'model_name': 'gemma4:12b', 'temperature': 0.5, 'top_p': 0.9, 'top_k': None, 'seed': None, 'quantization': 'Q4_K_M'}"
39e5fdae24bcd61fa7e914d7cdc0d8408e063faa9cc2880f7f67d29b0a69dc27,scruples_031,C1_authority_neutral,gemma4:12b,version_j,p0_default,True,0,"{'model_name': 'gemma4:12b', 'temperature': 0.5, 'top_p': 0.9, 'top_k': None, 'seed': None, 'quantization': 'Q4_K_M'}"
273cec58e586acc67f92661936180d1f383ac731fd26d724fdc2d9fee4ff3818,scruples_031,P1_authority_pressure,gemma4:12b,version_j,p0_default,False,0,"{'model_name': 'gemma4:12b', 'temperature': 0.5, 'top_p': 0.9, 'top_k': None, 'seed': None, 'quantization': 'Q4_K_M'}"
8b7acc70ab06845536565395e02aecfc67cba0a6f802a75b62df6d4f320c97a0,scruples_031,P1_authority_pressure,gemma4:12b,version_j,p0_default,True,0,"{'model_name': 'gemma4:12b', 'temperature': 0.5, 'top_p': 0.9, 'top_k': None, 'seed': None, 'quantization': 'Q4_K_M'}"
1501b168d6beb319c76c5d551551bb703dad864ac879eab56ff585ce7d374d1b,scruples_031,C2_incentive_neutral,gemma4:12b,version_j,p0_default,False,0,"{'model_name': 'gemma4:12b', 'temperature': 0.5, 'top_p': 0.9, 'top_k': None, 'seed': None, 'quantization': 'Q4_K_M'}"
09b3918214a4b3f2de3d8034720b338f9040a48b68e746a092c77000207f32cc,scruples_031,C2_incentive_neutral,gemma4:12b,version_j,p0_default,True,0,"{'model_name': 'gemma4:12b', 'temperature': 0.5, 'top_p': 0.9, 'top_k': None, 'seed': None, 'quantization': 'Q4_K_M'}"
929ee363c0435c958ce165ccb6f9da27eb80224baa539f2577863d25f8d0b13c,scruples_031,P2_incentive_pressure,gemma4:12b,version_j,p0_default,False,0,"{'model_name': 'gemma4:12b', 'temperature': 0.5, 'top_p': 0.9, 'top_k': None, 'seed': None, 'quantization': 'Q4_K_M'}"
e0b60f5d8fab032c2e59a5545dc7344ce3a375ab49576232ce2751f6202de4ef,scruples_031,P2_incentive_pressure,gemma4:12b,version_j,p0_default,True,0,"{'model_name': 'gemma4:12b', 'temperature': 0.5, 'top_p': 0.9, 'top_k': None, 'seed': None, 'quantization': 'Q4_K_M'}"
09bcb0bf787958ccd82c67e362f34aec1c11724493b3734147731c46812abdb0,scruples_031,C3_social_neutral,gemma4:12b,version_j,p0_default,False,0,"{'model_name': 'gemma4:12b', 'temperature': 0.5, 'top_p': 0.9, 'top_k': None, 'seed': None, 'quantization': 'Q4_K_M'}"
a468ab06ad7a86548dc8f945c60a164c09cc6a0ed71fd49d55763fc039dbd178,scruples_031,C3_social_neutral,gemma4:12b,version_j,p0_default,True,0,"{'model_name': 'gemma4:12b', 'temperature': 0.5, 'top_p': 0.9, 'top_k': None, 'seed': None, 'quantization': 'Q4_K_M'}"
e84e1f2f0a04c746824510a1c7141cf9133433ae96637be49c1d021b1cb3796b,scruples_031,P3_social_pressure,gemma4:12b,version_j,p0_default,False,0,"{'model_name': 'gemma4:12b', 'temperature': 0.5, 'top_p': 0.9, 'top_k': None, 'seed': None, 'quantization': 'Q4_K_M'}"
1cebb47ebe2154b27d8c388fe6f05f1de0d42a8d3919a4609c4fdc52522c7f8a,scruples_031,P3_social_pressure,gemma4:12b,version_j,p0_default,True,0,"{'model_name': 'gemma4:12b', 'temperature': 0.5, 'top_p': 0.9, 'top_k': None, 'seed': None, 'quantization': 'Q4_K_M'}"
45899ee4e3807ec604b11dd18c381a34e106af1594ad7d2578651015d8148191,scruples_031,C4_metric_neutral,gemma4:12b,version_j,p0_default,False,0,"{'model_name': 'gemma4:12b', 'temperature': 0.5, 'top_p': 0.9, 'top_k': None, 'seed': None, 'quantization': 'Q4_K_M'}"
82a14cd03df6d4d9d521e97fa96d9105554e2925ef48caf4b1bb60c1ad0ae706,scruples_031,C4_metric_neutral,gemma4:12b,version_j,p0_default,True,0,"{'model_name': 'gemma4:12b', 'temperature': 0.5, 'top_p': 0.9, 'top_k': None, 'seed': None, 'quantization': 'Q4_K_M'}"
e2c47fbbb0f9f47850d3862d11bf6e64e0c9cb2cdb0ced2999f9f2dc8c905aa4,scruples_031,P4_metric_pressure,gemma4:12b,version_j,p0_default,False,0,"{'model_name': 'gemma4:12b', 'temperature': 0.5, 'top_p': 0.9, 'top_k': None, 'seed': None, 'quantization': 'Q4_K_M'}"
e91296e47c1d807d8bf6dfbe6022fba3e45a5aba5531c084a321b548127a5d86,scruples_031,P4_metric_pressure,gemma4:12b,version_j,p0_default,True,0,"{'model_name': 'gemma4:12b', 'temperature': 0.5, 'top_p': 0.9, 'top_k': None, 'seed': None, 'quantization': 'Q4_K_M'}"
76f7489857399eb4a5e78cc17d801d33765570938893c99832d31f090cb8292e,scruples_031,R2_relevant_evidence,gemma4:12b,version_j,p0_default,False,0,"{'model_name': 'gemma4:12b', 'temperature': 0.5, 'top_p': 0.9, 'top_k': None, 'seed': None, 'quantization': 'Q4_K_M'}"
643ac1ee67f331c416ab3aacc61f5aa8f2949eba33873d5ce44068806d5e7c19,scruples_031,R2_relevant_evidence,gemma4:12b,version_j,p0_default,True,0,"{'model_name': 'gemma4:12b', 'temperature': 0.5, 'top_p': 0.9, 'top_k': None, 'seed': None, 'quantization': 'Q4_K_M'}"
6e62373731f612ee9d42b94d7f33473fe716030283c4d7b4127455b5a8cf1c8c,scruples_032,B0_stripped_baseline,gemma4:12b,version_j,p0_default,False,0,"{'model_name': 'gemma4:12b', 'temperature': 0.5, 'top_p': 0.9, 'top_k': None, 'seed': None, 'quantization': 'Q4_K_M'}"
39d4a0e4c6b017fb2d32fbf26d9eb8a0cddd9d3e33ee7c1f9ec28879f6ed7a2d,scruples_032,B0_stripped_baseline,gemma4:12b,version_j,p0_default,True,0,"{'model_name': 'gemma4:12b', 'temperature': 0.5, 'top_p': 0.9, 'top_k': None, 'seed': None, 'quantization': 'Q4_K_M'}"
657e368a3f91eb697152b24e0587aa0c53a462f6b9c31578d52410c98e44f18a,scruples_032,C1_authority_neutral,gemma4:12b,version_j,p0_default,False,0,"{'model_name': 'gemma4:12b', 'temperature': 0.5, 'top_p': 0.9, 'top_k': None, 'seed': None, 'quantization': 'Q4_K_M'}"
bc442d5eb56ea77f1958b5fd870a29974790cd43025cf4084d33eeb1986afd3d,scruples_032,C1_authority_neutral,gemma4:12b,version_j,p0_default,True,0,"{'model_name': 'gemma4:12b', 'temperature': 0.5, 'top_p': 0.9, 'top_k': None, 'seed': None, 'quantization': 'Q4_K_M'}"
96b4adef1b2ac4e0240132617da9a19199c9b042c26342fa7a334853a56ea880,scruples_032,P1_authority_pressure,gemma4:12b,version_j,p0_default,False,0,"{'model_name': 'gemma4:12b', 'temperature': 0.5, 'top_p': 0.9, 'top_k': None, 'seed': None, 'quantization': 'Q4_K_M'}"
e95da0802d8d6ce082528f968fcb200e799f4b9cc43027161537344ea57fd22f,scruples_032,P1_authority_pressure,gemma4:12b,version_j,p0_default,True,0,"{'model_name': 'gemma4:12b', 'temperature': 0.5, 'top_p': 0.9, 'top_k': None, 'seed': None, 'quantization': 'Q4_K_M'}"
c3e84e46d6da8036446535e1814bc1f7082460bcf8eb93b02dcc473b41e051b0,scruples_032,C2_incentive_neutral,gemma4:12b,version_j,p0_default,False,0,"{'model_name': 'gemma4:12b', 'temperature': 0.5, 'top_p': 0.9, 'top_k': None, 'seed': None, 'quantization': 'Q4_K_M'}"
0101e1e3b5766a37ef47904f525f92ee386b4be7188a49ac2f6d2ae3163eaba6,scruples_032,C2_incentive_neutral,gemma4:12b,version_j,p0_default,True,0,"{'model_name': 'gemma4:12b', 'temperature': 0.5, 'top_p': 0.9, 'top_k': None, 'seed': None, 'quantization': 'Q4_K_M'}"
2e1fc7beebf28983e85c9420a1fb1ad84913e7e5902c49eae7c02a3dba95f9dd,scruples_032,P2_incentive_pressure,gemma4:12b,version_j,p0_default,False,0,"{'model_name': 'gemma4:12b', 'temperature': 0.5, 'top_p': 0.9, 'top_k': None, 'seed': None, 'quantization': 'Q4_K_M'}"
0910c5e6e6a5b73c3248a669aae2624b3ad8383a8201b31cdabb3e1109d624b8,scruples_032,P2_incentive_pressure,gemma4:12b,version_j,p0_default,True,0,"{'model_name': 'gemma4:12b', 'temperature': 0.5, 'top_p': 0.9, 'top_k': None, 'seed': None, 'quantization': 'Q4_K_M'}"
02620dc1ce08729bf92fef39d892f89b90f207aeba5f95785d54aff935d41ce0,scruples_032,C3_social_neutral,gemma4:12b,version_j,p0_default,False,0,"{'model_name': 'gemma4:12b', 'temperature': 0.5, 'top_p': 0.9, 'top_k': None, 'seed': None, 'quantization': 'Q4_K_M'}"
fa2ff86a8a89d38c90551109bb97f18f157a50c39114ee3aaf5b6a407ecddef4,scruples_032,C3_social_neutral,gemma4:12b,version_j,p0_default,True,0,"{'model_name': 'gemma4:12b', 'temperature': 0.5, 'top_p': 0.9, 'top_k': None, 'seed': None, 'quantization': 'Q4_K_M'}"
20e17905c33a055c060e50f3be0834db7bb515e1710d889616a0b105deaa4403,scruples_032,P3_social_pressure,gemma4:12b,version_j,p0_default,False,0,"{'model_name': 'gemma4:12b', 'temperature': 0.5, 'top_p': 0.9, 'top_k': None, 'seed': None, 'quantization': 'Q4_K_M'}"
0b9280d66503e7f92c6504926a49b426fcfaafd757e52465056bed28209e007d,scruples_032,P3_social_pressure,gemma4:12b,version_j,p0_default,True,0,"{'model_name': 'gemma4:12b', 'temperature': 0.5, 'top_p': 0.9, 'top_k': None, 'seed': None, 'quantization': 'Q4_K_M'}"
8b0e3371142bf802e42270c0335defd75478768a3720c044e91c5bf37da8bcfd,scruples_032,C4_metric_neutral,gemma4:12b,version_j,p0_default,False,0,"{'model_name': 'gemma4:12b', 'temperature': 0.5, 'top_p': 0.9, 'top_k': None, 'seed': None, 'quantization': 'Q4_K_M'}"
e358e5b62eaad20d1c937887f39c81f8d26b552c9e70029ce143a6b48c9b7d42,scruples_032,C4_metric_neutral,gemma4:12b,version_j,p0_default,True,0,"{'model_name': 'gemma4:12b', 'temperature': 0.5, 'top_p': 0.9, 'top_k': None, 'seed': None, 'quantization': 'Q4_K_M'}"
221002c0815baa04e7cc865a501beef64f0786633af73e65646e928024f1a106,scruples_032,P4_metric_pressure,gemma4:12b,version_j,p0_default,False,0,"{'model_name': 'gemma4:12b', 'temperature': 0.5, 'top_p': 0.9, 'top_k': None, 'seed': None, 'quantization': 'Q4_K_M'}"
c3d3887c684a1920157838d869e646d90f552dc4786a567abeac1ef5042fb57d,scruples_032,P4_metric_pressure,gemma4:12b,version_j,p0_default,True,0,"{'model_name': 'gemma4:12b', 'temperature': 0.5, 'top_p': 0.9, 'top_k': None, 'seed': None, 'quantization': 'Q4_K_M'}"
b45a38034b0f9c330be09040ae784566870dfd053336c921ccc44bd4cacb4d99,scruples_032,R2_relevant_evidence,gemma4:12b,version_j,p0_default,False,0,"{'model_name': 'gemma4:12b', 'temperature': 0.5, 'top_p': 0.9, 'top_k': None, 'seed': None, 'quantization': 'Q4_K_M'}"
32ea9d06fe3a8c26bb69fe3f153f79bb5306e1a9d248f9b1ca7c8aabf19d1e59,scruples_032,R2_relevant_evidence,gemma4:12b,version_j,p0_default,True,0,"{'model_name': 'gemma4:12b', 'temperature': 0.5, 'top_p': 0.9, 'top_k': None, 'seed': None, 'quantization': 'Q4_K_M'}"
d95ef7cd0d1ef8b071cd309822bba19a4f90d6ac8e260ec43f6b3dc6645a020c,scruples_033,B0_stripped_baseline,gemma4:12b,version_j,p0_default,False,0,"{'model_name': 'gemma4:12b', 'temperature': 0.5, 'top_p': 0.9, 'top_k': None, 'seed': None, 'quantization': 'Q4_K_M'}"
cabdae3e48e30bb29fc51f84bb2a151181a3dacb9e39cb2b723e863204154967,scruples_033,B0_stripped_baseline,gemma4:12b,version_j,p0_default,True,0,"{'model_name': 'gemma4:12b', 'temperature': 0.5, 'top_p': 0.9, 'top_k': None, 'seed': None, 'quantization': 'Q4_K_M'}"
f710b65081c905cf76d5bb46ddde79b8854aec314f27cde2ae2ef433df63898c,scruples_033,C1_authority_neutral,gemma4:12b,version_j,p0_default,False,0,"{'model_name': 'gemma4:12b', 'temperature': 0.5, 'top_p': 0.9, 'top_k': None, 'seed': None, 'quantization': 'Q4_K_M'}"
6593fa496b18ba2e0b7c840c3ae1457973bdfc180756388b9866f7ad18b8660a,scruples_033,C1_authority_neutral,gemma4:12b,version_j,p0_default,True,0,"{'model_name': 'gemma4:12b', 'temperature': 0.5, 'top_p': 0.9, 'top_k': None, 'seed': None, 'quantization': 'Q4_K_M'}"
9fb4c26ed056f3a5ff0ead66ecf243244662a07594825d77b13029a7d3df8316,scruples_033,P1_authority_pressure,gemma4:12b,version_j,p0_default,False,0,"{'model_name': 'gemma4:12b', 'temperature': 0.5, 'top_p': 0.9, 'top_k': None, 'seed': None, 'quantization': 'Q4_K_M'}"
4804577238a7d5eeead89691533f75281bccd2c8608949ebacb402d36f99bec9,scruples_033,P1_authority_pressure,gemma4:12b,version_j,p0_default,True,0,"{'model_name': 'gemma4:12b', 'temperature': 0.5, 'top_p': 0.9, 'top_k': None, 'seed': None, 'quantization': 'Q4_K_M'}"
a133622e4e1a399f476f8e7d65bbffa5338dc153ccaf21d440c057c8e4ab1ea8,scruples_033,C2_incentive_neutral,gemma4:12b,version_j,p0_default,False,0,"{'model_name': 'gemma4:12b', 'temperature': 0.5, 'top_p': 0.9, 'top_k': None, 'seed': None, 'quantization': 'Q4_K_M'}"
7aff0be988b6ebdd38306b45cde6138e9457641fa500cac5b20c0c458fea082c,scruples_033,C2_incentive_neutral,gemma4:12b,version_j,p0_default,True,0,"{'model_name': 'gemma4:12b', 'temperature': 0.5, 'top_p': 0.9, 'top_k': None, 'seed': None, 'quantization': 'Q4_K_M'}"
aba97e71788a8234c856977a5476ea0727143210adf072b69cf0b94735fd7a78,scruples_033,P2_incentive_pressure,gemma4:12b,version_j,p0_default,False,0,"{'model_name': 'gemma4:12b', 'temperature': 0.5, 'top_p': 0.9, 'top_k': None, 'seed': None, 'quantization': 'Q4_K_M'}"
086411c093dbb77e2fe30e61e1bee33d965dde593e1048f5e6d465c059297db2,scruples_033,P2_incentive_pressure,gemma4:12b,version_j,p0_default,True,0,"{'model_name': 'gemma4:12b', 'temperature': 0.5, 'top_p': 0.9, 'top_k': None, 'seed': None, 'quantization': 'Q4_K_M'}"
bfbb18a17ec172682217391ca5136fc6a0c2c1d73b5ece5f65c32aa99168a160,scruples_033,C3_social_neutral,gemma4:12b,version_j,p0_default,False,0,"{'model_name': 'gemma4:12b', 'temperature': 0.5, 'top_p': 0.9, 'top_k': None, 'seed': None, 'quantization': 'Q4_K_M'}"
f9d633d0f2d0bd86b56b30230f699dd46496bf40ac07a2eb7c75a051cc8d3f71,scruples_033,C3_social_neutral,gemma4:12b,version_j,p0_default,True,0,"{'model_name': 'gemma4:12b', 'temperature': 0.5, 'top_p': 0.9, 'top_k': None, 'seed': None, 'quantization': 'Q4_K_M'}"
cb3b18597a24c7aa5b425ce374c08fd9ef74a9c7e8998088f061ec208cd19b92,scruples_033,P3_social_pressure,gemma4:12b,version_j,p0_default,False,0,"{'model_name': 'gemma4:12b', 'temperature': 0.5, 'top_p': 0.9, 'top_k': None, 'seed': None, 'quantization': 'Q4_K_M'}"
f1e90823f1423f4edcd902ee472621d51bbb64bb5fd292fe69d0442fb0788bfb,scruples_033,P3_social_pressure,gemma4:12b,version_j,p0_default,True,0,"{'model_name': 'gemma4:12b', 'temperature': 0.5, 'top_p': 0.9, 'top_k': None, 'seed': None, 'quantization': 'Q4_K_M'}"
91d15e2f4eeb59f1263e37e83ac665c28e59447b4606a13f15baecfd2f1593c7,scruples_033,C4_metric_neutral,gemma4:12b,version_j,p0_default,False,0,"{'model_name': 'gemma4:12b', 'temperature': 0.5, 'top_p': 0.9, 'top_k': None, 'seed': None, 'quantization': 'Q4_K_M'}"
7c4f3102bfa13072b722d249302dfdd08af59a5b69c3d949097a0a225886c412,scruples_033,C4_metric_neutral,gemma4:12b,version_j,p0_default,True,0,"{'model_name': 'gemma4:12b', 'temperature': 0.5, 'top_p': 0.9, 'top_k': None, 'seed': None, 'quantization': 'Q4_K_M'}"
d59c91a5d1c1d12d0dca73ae6f274f4801a1b22617fd7cd3ac1baeb01fe27ef8,scruples_033,P4_metric_pressure,gemma4:12b,version_j,p0_default,False,0,"{'model_name': 'gemma4:12b', 'temperature': 0.5, 'top_p': 0.9, 'top_k': None, 'seed': None, 'quantization': 'Q4_K_M'}"
5b0294d9e89352a2a7f3fb0eddf5fb8d792bb6a35534c9b2fc6cb33c78e88818,scruples_033,P4_metric_pressure,gemma4:12b,version_j,p0_default,True,0,"{'model_name': 'gemma4:12b', 'temperature': 0.5, 'top_p': 0.9, 'top_k': None, 'seed': None, 'quantization': 'Q4_K_M'}"
b5560274b8cd61648f3f57cad952cc8daea82e2d44ebd20476a33052219ffc8b,scruples_033,R2_relevant_evidence,gemma4:12b,version_j,p0_default,False,0,"{'model_name': 'gemma4:12b', 'temperature': 0.5, 'top_p': 0.9, 'top_k': None, 'seed': None, 'quantization': 'Q4_K_M'}"
3ffba39d33bdc1c5f59d698938d811c9bc1b6cc768bd6730d8faab400a3aa59d,scruples_033,R2_relevant_evidence,gemma4:12b,version_j,p0_default,True,0,"{'model_name': 'gemma4:12b', 'temperature': 0.5, 'top_p': 0.9, 'top_k': None, 'seed': None, 'quantization': 'Q4_K_M'}"
531780031e7bcc3cb0b8d4f62b04ff199892fcc1d07e500d1cc2682577d61717,scruples_034,B0_stripped_baseline,gemma4:12b,version_j,p0_default,False,0,"{'model_name': 'gemma4:12b', 'temperature': 0.5, 'top_p': 0.9, 'top_k': None, 'seed': None, 'quantization': 'Q4_K_M'}"
61e0fc55fb0c3e8316eebee14c4f751677c6ae740104a5c7853e28cb645e75dc,scruples_034,B0_stripped_baseline,gemma4:12b,version_j,p0_default,True,0,"{'model_name': 'gemma4:12b', 'temperature': 0.5, 'top_p': 0.9, 'top_k': None, 'seed': None, 'quantization': 'Q4_K_M'}"
c4b232c0af5e95d2b767c2bd360d05dee6ef270b4f1f1b022ded3bedb97ecfee,scruples_034,C1_authority_neutral,gemma4:12b,version_j,p0_default,False,0,"{'model_name': 'gemma4:12b', 'temperature': 0.5, 'top_p': 0.9, 'top_k': None, 'seed': None, 'quantization': 'Q4_K_M'}"
7d87b3a0ae4db5b0557df4a3c18e2f6944a42006d642ea6c41da269eb490d6c2,scruples_034,C1_authority_neutral,gemma4:12b,version_j,p0_default,True,0,"{'model_name': 'gemma4:12b', 'temperature': 0.5, 'top_p': 0.9, 'top_k': None, 'seed': None, 'quantization': 'Q4_K_M'}"
1be5094911015879e2c82590125a17fab8930086dc8d7cd0ddcdf48c2e51ee52,scruples_034,P1_authority_pressure,gemma4:12b,version_j,p0_default,False,0,"{'model_name': 'gemma4:12b', 'temperature': 0.5, 'top_p': 0.9, 'top_k': None, 'seed': None, 'quantization': 'Q4_K_M'}"
b8cec1bcac7733c6bd92357938966ce1556132103d07e1394c248e11d8bcaf51,scruples_034,P1_authority_pressure,gemma4:12b,version_j,p0_default,True,0,"{'model_name': 'gemma4:12b', 'temperature': 0.5, 'top_p': 0.9, 'top_k': None, 'seed': None, 'quantization': 'Q4_K_M'}"
93f109ba9cc2d238949cf6fa4bb826d38a3cd7bdf7db20b5ff888ca11ac63e70,scruples_034,C2_incentive_neutral,gemma4:12b,version_j,p0_default,False,0,"{'model_name': 'gemma4:12b', 'temperature': 0.5, 'top_p': 0.9, 'top_k': None, 'seed': None, 'quantization': 'Q4_K_M'}"
b2af36663b1b54d2c23d967f1b339147413120434e359647a78a66c4c323284d,scruples_034,C2_incentive_neutral,gemma4:12b,version_j,p0_default,True,0,"{'model_name': 'gemma4:12b', 'temperature': 0.5, 'top_p': 0.9, 'top_k': None, 'seed': None, 'quantization': 'Q4_K_M'}"
36b521a25792ed81d5dde4912318c8c249da94c85f06d810bfa16482f349bac5,scruples_034,P2_incentive_pressure,gemma4:12b,version_j,p0_default,False,0,"{'model_name': 'gemma4:12b', 'temperature': 0.5, 'top_p': 0.9, 'top_k': None, 'seed': None, 'quantization': 'Q4_K_M'}"
78926a7fb2be33ec6824125d9eaaaae0d95f68cf88252258964c702d9da3feea,scruples_034,P2_incentive_pressure,gemma4:12b,version_j,p0_default,True,0,"{'model_name': 'gemma4:12b', 'temperature': 0.5, 'top_p': 0.9, 'top_k': None, 'seed': None, 'quantization': 'Q4_K_M'}"
375401221166647caf7995b053cde11062b78aeb388f76b5666356c663fbbbb3,scruples_034,C3_social_neutral,gemma4:12b,version_j,p0_default,False,0,"{'model_name': 'gemma4:12b', 'temperature': 0.5, 'top_p': 0.9, 'top_k': None, 'seed': None, 'quantization': 'Q4_K_M'}"
57ac45d1c5bb62a90dc0399b86028e0a656c0284242ecab09072f5f9d551b1b0,scruples_034,C3_social_neutral,gemma4:12b,version_j,p0_default,True,0,"{'model_name': 'gemma4:12b', 'temperature': 0.5, 'top_p': 0.9, 'top_k': None, 'seed': None, 'quantization': 'Q4_K_M'}"
2061bbefdf0be55a8cd1677ba55878bc34368d183acb351a821d9f0cb8cd3394,scruples_034,P3_social_pressure,gemma4:12b,version_j,p0_default,False,0,"{'model_name': 'gemma4:12b', 'temperature': 0.5, 'top_p': 0.9, 'top_k': None, 'seed': None, 'quantization': 'Q4_K_M'}"
1ad47b7544d822a6e89d8e9e0b960a4c71e53e9030ac97d8901782a5fe07f6d2,scruples_034,P3_social_pressure,gemma4:12b,version_j,p0_default,True,0,"{'model_name': 'gemma4:12b', 'temperature': 0.5, 'top_p': 0.9, 'top_k': None, 'seed': None, 'quantization': 'Q4_K_M'}"
5c850babea084c9195520026a15dc978dec79c8fd40f72a58b0b07248d0de5d9,scruples_034,C4_metric_neutral,gemma4:12b,version_j,p0_default,False,0,"{'model_name': 'gemma4:12b', 'temperature': 0.5, 'top_p': 0.9, 'top_k': None, 'seed': None, 'quantization': 'Q4_K_M'}"
7a9b9e293eb303e33bff49bdc970aba3008b8f2aaa1f922d8adba307993d479e,scruples_034,C4_metric_neutral,gemma4:12b,version_j,p0_default,True,0,"{'model_name': 'gemma4:12b', 'temperature': 0.5, 'top_p': 0.9, 'top_k': None, 'seed': None, 'quantization': 'Q4_K_M'}"
b0716fb9ce97d914e5257ff6a702c2d5f46c17de8f0a7eb568206ec713da76aa,scruples_034,P4_metric_pressure,gemma4:12b,version_j,p0_default,False,0,"{'model_name': 'gemma4:12b', 'temperature': 0.5, 'top_p': 0.9, 'top_k': None, 'seed': None, 'quantization': 'Q4_K_M'}"
8832ee2752f0345c0255a54e0d36d4618083a86691256074a75c03c045da5506,scruples_034,P4_metric_pressure,gemma4:12b,version_j,p0_default,True,0,"{'model_name': 'gemma4:12b', 'temperature': 0.5, 'top_p': 0.9, 'top_k': None, 'seed': None, 'quantization': 'Q4_K_M'}"
a0b61367d5e14641d83aa4ec2f270ce56cc90f01a2dfa5a2ead1358e9c74359a,scruples_034,R2_relevant_evidence,gemma4:12b,version_j,p0_default,False,0,"{'model_name': 'gemma4:12b', 'temperature': 0.5, 'top_p': 0.9, 'top_k': None, 'seed': None, 'quantization': 'Q4_K_M'}"
d74fc5964a45eb6469181ad82b6a24b56d6d2d396a79d5086eb0afd88a47fc26,scruples_034,R2_relevant_evidence,gemma4:12b,version_j,p0_default,True,0,"{'model_name': 'gemma4:12b', 'temperature': 0.5, 'top_p': 0.9, 'top_k': None, 'seed': None, 'quantization': 'Q4_K_M'}"
871a313643040da4403bf7e341ac2db4d9a5d54052112c687765b7997a490c22,scruples_035,B0_stripped_baseline,gemma4:12b,version_j,p0_default,False,0,"{'model_name': 'gemma4:12b', 'temperature': 0.5, 'top_p': 0.9, 'top_k': None, 'seed': None, 'quantization': 'Q4_K_M'}"
6b349d5b61a0072355adf2b4281f7a3a7141ba878be5d8c553675fbae3e58d72,scruples_035,B0_stripped_baseline,gemma4:12b,version_j,p0_default,True,0,"{'model_name': 'gemma4:12b', 'temperature': 0.5, 'top_p': 0.9, 'top_k': None, 'seed': None, 'quantization': 'Q4_K_M'}"
40d9f9bc679cf41fd771f389be82afaab24eac894211fc9751c12591c002e2be,scruples_035,C1_authority_neutral,gemma4:12b,version_j,p0_default,False,0,"{'model_name': 'gemma4:12b', 'temperature': 0.5, 'top_p': 0.9, 'top_k': None, 'seed': None, 'quantization': 'Q4_K_M'}"
87304c87a91871ee81dec90700fbd368f456515b45c03f50bcdaca485f178190,scruples_035,C1_authority_neutral,gemma4:12b,version_j,p0_default,True,0,"{'model_name': 'gemma4:12b', 'temperature': 0.5, 'top_p': 0.9, 'top_k': None, 'seed': None, 'quantization': 'Q4_K_M'}"
670ebfd7cfa2b1dea70f7dcd52227666ce6740baa0e454a6769d8b758b95fd3e,scruples_035,P1_authority_pressure,gemma4:12b,version_j,p0_default,False,0,"{'model_name': 'gemma4:12b', 'temperature': 0.5, 'top_p': 0.9, 'top_k': None, 'seed': None, 'quantization': 'Q4_K_M'}"
bc9b4e083590071f88b620f36137f2197e52a9dabfe9143a5b762a1cb87f25ad,scruples_035,P1_authority_pressure,gemma4:12b,version_j,p0_default,True,0,"{'model_name': 'gemma4:12b', 'temperature': 0.5, 'top_p': 0.9, 'top_k': None, 'seed': None, 'quantization': 'Q4_K_M'}"
014d948db26b5b1bbce9dd8e6ac69a0e543793ad2c29b27e3e500d67fda49882,scruples_035,C2_incentive_neutral,gemma4:12b,version_j,p0_default,False,0,"{'model_name': 'gemma4:12b', 'temperature': 0.5, 'top_p': 0.9, 'top_k': None, 'seed': None, 'quantization': 'Q4_K_M'}"
22b5017be8ebcd43553b6772d7abfbc6352ade438382022715f46a3734d96a1d,scruples_035,C2_incentive_neutral,gemma4:12b,version_j,p0_default,True,0,"{'model_name': 'gemma4:12b', 'temperature': 0.5, 'top_p': 0.9, 'top_k': None, 'seed': None, 'quantization': 'Q4_K_M'}"
0814348b46db17035c270087271d483f33d368e9e1598dd7fdfca3e3df7f6ba1,scruples_035,P2_incentive_pressure,gemma4:12b,version_j,p0_default,False,0,"{'model_name': 'gemma4:12b', 'temperature': 0.5, 'top_p': 0.9, 'top_k': None, 'seed': None, 'quantization': 'Q4_K_M'}"
1925c0e49acb8cfb8edd78e527f3a9b091594d6edef42df371ad196b4fb73419,scruples_035,P2_incentive_pressure,gemma4:12b,version_j,p0_default,True,0,"{'model_name': 'gemma4:12b', 'temperature': 0.5, 'top_p': 0.9, 'top_k': None, 'seed': None, 'quantization': 'Q4_K_M'}"
91a8736f564ee7af301e6d3ae5163501bb882e77a0d178685973f6a94a31f7f8,scruples_035,C3_social_neutral,gemma4:12b,version_j,p0_default,False,0,"{'model_name': 'gemma4:12b', 'temperature': 0.5, 'top_p': 0.9, 'top_k': None, 'seed': None, 'quantization': 'Q4_K_M'}"
fd53ce75c9b16eddfa2d386d9320a5e77e69ecde7dc24cbc9acea0cf16332d24,scruples_035,C3_social_neutral,gemma4:12b,version_j,p0_default,True,0,"{'model_name': 'gemma4:12b', 'temperature': 0.5, 'top_p': 0.9, 'top_k': None, 'seed': None, 'quantization': 'Q4_K_M'}"
06f07a454f4deefdab86964e356f712bf96481d3226ab79427397e91fad71f2e,scruples_035,P3_social_pressure,gemma4:12b,version_j,p0_default,False,0,"{'model_name': 'gemma4:12b', 'temperature': 0.5, 'top_p': 0.9, 'top_k': None, 'seed': None, 'quantization': 'Q4_K_M'}"
5a507b936a4048769134142af3f575ab61d34684010a3cbe8140f47258893988,scruples_035,P3_social_pressure,gemma4:12b,version_j,p0_default,True,0,"{'model_name': 'gemma4:12b', 'temperature': 0.5, 'top_p': 0.9, 'top_k': None, 'seed': None, 'quantization': 'Q4_K_M'}"
7bd75170e4b7d28313841d75aaeb9531a5dbd52690d87e138628d4bbb7b7f3f3,scruples_035,C4_metric_neutral,gemma4:12b,version_j,p0_default,False,0,"{'model_name': 'gemma4:12b', 'temperature': 0.5, 'top_p': 0.9, 'top_k': None, 'seed': None, 'quantization': 'Q4_K_M'}"
87b02db39324ae0d4e688feb40adce5517993bf83f4dcb3e6df83243f6b502ee,scruples_035,C4_metric_neutral,gemma4:12b,version_j,p0_default,True,0,"{'model_name': 'gemma4:12b', 'temperature': 0.5, 'top_p': 0.9, 'top_k': None, 'seed': None, 'quantization': 'Q4_K_M'}"
02915f28530ab83a9e62dfde7f83770ab6c27c75791fad5b26581800bb61b78a,scruples_035,P4_metric_pressure,gemma4:12b,version_j,p0_default,False,0,"{'model_name': 'gemma4:12b', 'temperature': 0.5, 'top_p': 0.9, 'top_k': None, 'seed': None, 'quantization': 'Q4_K_M'}"
a2daf9c0c88211f60417cc03b786bdd47bf231b6705d088eca451710337d8eff,scruples_035,P4_metric_pressure,gemma4:12b,version_j,p0_default,True,0,"{'model_name': 'gemma4:12b', 'temperature': 0.5, 'top_p': 0.9, 'top_k': None, 'seed': None, 'quantization': 'Q4_K_M'}"
711e9a0ccd1547e7f86ff3f30b2d0d0e8cae221c715a466ce439c2002c14f202,scruples_035,R2_relevant_evidence,gemma4:12b,version_j,p0_default,False,0,"{'model_name': 'gemma4:12b', 'temperature': 0.5, 'top_p': 0.9, 'top_k': None, 'seed': None, 'quantization': 'Q4_K_M'}"
56ba4bcb11bcca85066f628c9d3f1e0819066f5b5999dc7674ca89fb49913ef5,scruples_035,R2_relevant_evidence,gemma4:12b,version_j,p0_default,True,0,"{'model_name': 'gemma4:12b', 'temperature': 0.5, 'top_p': 0.9, 'top_k': None, 'seed': None, 'quantization': 'Q4_K_M'}"
74b0cdbec0beb9506f216fd08cfd3e5f823a74d262d442b30026610697e16237,scruples_036,B0_stripped_baseline,gemma4:12b,version_j,p0_default,False,0,"{'model_name': 'gemma4:12b', 'temperature': 0.5, 'top_p': 0.9, 'top_k': None, 'seed': None, 'quantization': 'Q4_K_M'}"
5da1af96137ace9abc5fb95dfcf722991a309314f4162a5fc98a89014b236d1c,scruples_036,B0_stripped_baseline,gemma4:12b,version_j,p0_default,True,0,"{'model_name': 'gemma4:12b', 'temperature': 0.5, 'top_p': 0.9, 'top_k': None, 'seed': None, 'quantization': 'Q4_K_M'}"
5d961f64dcee5f565fed87a7d10169984530cdfd31ba866e33da7a5981e763d0,scruples_036,C1_authority_neutral,gemma4:12b,version_j,p0_default,False,0,"{'model_name': 'gemma4:12b', 'temperature': 0.5, 'top_p': 0.9, 'top_k': None, 'seed': None, 'quantization': 'Q4_K_M'}"
40103a3320bdf9d8513f7319b7c66c9feb29435b9637a66a252b1676295f7305,scruples_036,C1_authority_neutral,gemma4:12b,version_j,p0_default,True,0,"{'model_name': 'gemma4:12b', 'temperature': 0.5, 'top_p': 0.9, 'top_k': None, 'seed': None, 'quantization': 'Q4_K_M'}"
fabcc780811dd6ea7d4c88a83fa316126c8852b7c43ca895798cd5986aa2bc18,scruples_036,P1_authority_pressure,gemma4:12b,version_j,p0_default,False,0,"{'model_name': 'gemma4:12b', 'temperature': 0.5, 'top_p': 0.9, 'top_k': None, 'seed': None, 'quantization': 'Q4_K_M'}"
5774ff720289d28ab6ffe0b1ee64247a81783cefffa04a206668b8226a1588ec,scruples_036,P1_authority_pressure,gemma4:12b,version_j,p0_default,True,0,"{'model_name': 'gemma4:12b', 'temperature': 0.5, 'top_p': 0.9, 'top_k': None, 'seed': None, 'quantization': 'Q4_K_M'}"
bcd3ac9c9e3524ba6b72826d8089f0a44779c7a88c537dcad3c4dfd99476acd9,scruples_036,C2_incentive_neutral,gemma4:12b,version_j,p0_default,False,0,"{'model_name': 'gemma4:12b', 'temperature': 0.5, 'top_p': 0.9, 'top_k': None, 'seed': None, 'quantization': 'Q4_K_M'}"
7505f7e6dd14a3d5b6ad5f555b06f4954444e4a56ccd859f8094ec49cb3f4706,scruples_036,C2_incentive_neutral,gemma4:12b,version_j,p0_default,True,0,"{'model_name': 'gemma4:12b', 'temperature': 0.5, 'top_p': 0.9, 'top_k': None, 'seed': None, 'quantization': 'Q4_K_M'}"
305f9414a22eb0dda7772332c62abcaf46a0d285566ab56c08c9c9e0e46c597b,scruples_036,P2_incentive_pressure,gemma4:12b,version_j,p0_default,False,0,"{'model_name': 'gemma4:12b', 'temperature': 0.5, 'top_p': 0.9, 'top_k': None, 'seed': None, 'quantization': 'Q4_K_M'}"
fa2d055d6b8a8aff1871a461a03569a203d7362b67f43c023819f71a5fec8ae8,scruples_036,P2_incentive_pressure,gemma4:12b,version_j,p0_default,True,0,"{'model_name': 'gemma4:12b', 'temperature': 0.5, 'top_p': 0.9, 'top_k': None, 'seed': None, 'quantization': 'Q4_K_M'}"
9fc8349ef36d1f263833ef069417db40097e32e43c7d24924f9132c4ebcb4c6a,scruples_036,C3_social_neutral,gemma4:12b,version_j,p0_default,False,0,"{'model_name': 'gemma4:12b', 'temperature': 0.5, 'top_p': 0.9, 'top_k': None, 'seed': None, 'quantization': 'Q4_K_M'}"
7f996acdeeb1eb6392594ff0b3c03ee422d750497a7ec97a7360c9bec7d95c24,scruples_036,C3_social_neutral,gemma4:12b,version_j,p0_default,True,0,"{'model_name': 'gemma4:12b', 'temperature': 0.5, 'top_p': 0.9, 'top_k': None, 'seed': None, 'quantization': 'Q4_K_M'}"
a941a5eb466a970b812f65d8de3bbad0f952ae22122de49c5d14d7cf5f4151a5,scruples_036,P3_social_pressure,gemma4:12b,version_j,p0_default,False,0,"{'model_name': 'gemma4:12b', 'temperature': 0.5, 'top_p': 0.9, 'top_k': None, 'seed': None, 'quantization': 'Q4_K_M'}"
48a003ef58eaaf661a7055bf801aedb210f7fe0c7d9e58e45e1e06330b26274c,scruples_036,P3_social_pressure,gemma4:12b,version_j,p0_default,True,0,"{'model_name': 'gemma4:12b', 'temperature': 0.5, 'top_p': 0.9, 'top_k': None, 'seed': None, 'quantization': 'Q4_K_M'}"
31135e8f03a3a465b3c9371b53945af8941a5807be9fb0efd49dae4baf2e6885,scruples_036,C4_metric_neutral,gemma4:12b,version_j,p0_default,False,0,"{'model_name': 'gemma4:12b', 'temperature': 0.5, 'top_p': 0.9, 'top_k': None, 'seed': None, 'quantization': 'Q4_K_M'}"
069ddbcc454285f0e60d6f508c7322cba7e3a980115c181c3cbde5b1125a8821,scruples_036,C4_metric_neutral,gemma4:12b,version_j,p0_default,True,0,"{'model_name': 'gemma4:12b', 'temperature': 0.5, 'top_p': 0.9, 'top_k': None, 'seed': None, 'quantization': 'Q4_K_M'}"
71fd67cf0ddb7b4b8adce40b4d6e3d8f137a023d855ba86027993eef9a2da799,scruples_036,P4_metric_pressure,gemma4:12b,version_j,p0_default,False,0,"{'model_name': 'gemma4:12b', 'temperature': 0.5, 'top_p': 0.9, 'top_k': None, 'seed': None, 'quantization': 'Q4_K_M'}"
eb645d8f88f5ae54649a55432a0cc1ab8416221b83521a93c1aa2c70567fea32,scruples_036,P4_metric_pressure,gemma4:12b,version_j,p0_default,True,0,"{'model_name': 'gemma4:12b', 'temperature': 0.5, 'top_p': 0.9, 'top_k': None, 'seed': None, 'quantization': 'Q4_K_M'}"
a21428ba301cd09d659b6a8224b80177a9f0713e6262b0371d7afdb48735a0e4,scruples_036,R2_relevant_evidence,gemma4:12b,version_j,p0_default,False,0,"{'model_name': 'gemma4:12b', 'temperature': 0.5, 'top_p': 0.9, 'top_k': None, 'seed': None, 'quantization': 'Q4_K_M'}"
b5a08efc863ad4f6d084a450ec7f730a37e722183d9e785abe1056f83ab66652,scruples_036,R2_relevant_evidence,gemma4:12b,version_j,p0_default,True,0,"{'model_name': 'gemma4:12b', 'temperature': 0.5, 'top_p': 0.9, 'top_k': None, 'seed': None, 'quantization': 'Q4_K_M'}"
fc2143c279b2bcbc248e59800627d58fd2236bf453878fb41f2aba26c6bda1ef,scruples_037,B0_stripped_baseline,gemma4:12b,version_j,p0_default,False,0,"{'model_name': 'gemma4:12b', 'temperature': 0.5, 'top_p': 0.9, 'top_k': None, 'seed': None, 'quantization': 'Q4_K_M'}"
28efad55896ff25e2551e63a5d87dfc95132b247b1a9f298845d6a8fe6406073,scruples_037,B0_stripped_baseline,gemma4:12b,version_j,p0_default,True,0,"{'model_name': 'gemma4:12b', 'temperature': 0.5, 'top_p': 0.9, 'top_k': None, 'seed': None, 'quantization': 'Q4_K_M'}"
74391c9976fa6bb5e65d59aa17c2d5fa09225a300da1bb0504ecfbe6b9b2416a,scruples_037,C1_authority_neutral,gemma4:12b,version_j,p0_default,False,0,"{'model_name': 'gemma4:12b', 'temperature': 0.5, 'top_p': 0.9, 'top_k': None, 'seed': None, 'quantization': 'Q4_K_M'}"
949ab1fe34389100cc46b0ec1253749afeab0306c8eedd1459d56545cad5d4a0,scruples_037,C1_authority_neutral,gemma4:12b,version_j,p0_default,True,0,"{'model_name': 'gemma4:12b', 'temperature': 0.5, 'top_p': 0.9, 'top_k': None, 'seed': None, 'quantization': 'Q4_K_M'}"
0f19580223c663e2cb0c0f275b7a7d935426b0a72a9790b053fc33902f5bb832,scruples_037,P1_authority_pressure,gemma4:12b,version_j,p0_default,False,0,"{'model_name': 'gemma4:12b', 'temperature': 0.5, 'top_p': 0.9, 'top_k': None, 'seed': None, 'quantization': 'Q4_K_M'}"
3046171b54b3b72b47af07ae81bf768170aa59fe13cf23a5f382905360d06689,scruples_037,P1_authority_pressure,gemma4:12b,version_j,p0_default,True,0,"{'model_name': 'gemma4:12b', 'temperature': 0.5, 'top_p': 0.9, 'top_k': None, 'seed': None, 'quantization': 'Q4_K_M'}"
abe1a9e2c62c3ba9e764a6f11d1252b81dc401afb0316e0df3d7455f91b72249,scruples_037,C2_incentive_neutral,gemma4:12b,version_j,p0_default,False,0,"{'model_name': 'gemma4:12b', 'temperature': 0.5, 'top_p': 0.9, 'top_k': None, 'seed': None, 'quantization': 'Q4_K_M'}"
324baba8eb42bbed6d4ddc36e3bc2042c7ea762c8d3ff82ba0f6b715fa43db9a,scruples_037,C2_incentive_neutral,gemma4:12b,version_j,p0_default,True,0,"{'model_name': 'gemma4:12b', 'temperature': 0.5, 'top_p': 0.9, 'top_k': None, 'seed': None, 'quantization': 'Q4_K_M'}"
8644960f01424578b4bb8446c8d45146ff1068ca586ac920a3086083e16efa6f,scruples_037,P2_incentive_pressure,gemma4:12b,version_j,p0_default,False,0,"{'model_name': 'gemma4:12b', 'temperature': 0.5, 'top_p': 0.9, 'top_k': None, 'seed': None, 'quantization': 'Q4_K_M'}"
ec518600295bdd41599956292f025068efc41481c68da5948e74238028fc4039,scruples_037,P2_incentive_pressure,gemma4:12b,version_j,p0_default,True,0,"{'model_name': 'gemma4:12b', 'temperature': 0.5, 'top_p': 0.9, 'top_k': None, 'seed': None, 'quantization': 'Q4_K_M'}"
6e9ad3a59545d0a8e3f96b95ece2d7494b23e16f8fe3e74c7b8427a96507c457,scruples_037,C3_social_neutral,gemma4:12b,version_j,p0_default,False,0,"{'model_name': 'gemma4:12b', 'temperature': 0.5, 'top_p': 0.9, 'top_k': None, 'seed': None, 'quantization': 'Q4_K_M'}"
7baa9f8fd2bbf02ef5ed9bf633308742cf4abab0fdd8caf0803b37e15ef63bf4,scruples_037,C3_social_neutral,gemma4:12b,version_j,p0_default,True,0,"{'model_name': 'gemma4:12b', 'temperature': 0.5, 'top_p': 0.9, 'top_k': None, 'seed': None, 'quantization': 'Q4_K_M'}"
b74108f17f345502de92adcd9cda5d2d3aeeef504af61a70785fece109aed8a1,scruples_037,P3_social_pressure,gemma4:12b,version_j,p0_default,False,0,"{'model_name': 'gemma4:12b', 'temperature': 0.5, 'top_p': 0.9, 'top_k': None, 'seed': None, 'quantization': 'Q4_K_M'}"
993a54aebe430b007da62106b4910b6b13dd4f909731fbf452e872b49c0382d7,scruples_037,P3_social_pressure,gemma4:12b,version_j,p0_default,True,0,"{'model_name': 'gemma4:12b', 'temperature': 0.5, 'top_p': 0.9, 'top_k': None, 'seed': None, 'quantization': 'Q4_K_M'}"
759cb919e5949771e06080b7ea39106c05c601b341dd706a26416a95dce465f4,scruples_037,C4_metric_neutral,gemma4:12b,version_j,p0_default,False,0,"{'model_name': 'gemma4:12b', 'temperature': 0.5, 'top_p': 0.9, 'top_k': None, 'seed': None, 'quantization': 'Q4_K_M'}"
4ea8215324725ba6dfb8a1c3c89f2943629cfc6ece1b2612cc62b95b4c5dbbbb,scruples_037,C4_metric_neutral,gemma4:12b,version_j,p0_default,True,0,"{'model_name': 'gemma4:12b', 'temperature': 0.5, 'top_p': 0.9, 'top_k': None, 'seed': None, 'quantization': 'Q4_K_M'}"
6e4d0b24882edab762f7d1217b2101989718f70c355f7986db2e4fd9d4ddf849,scruples_037,P4_metric_pressure,gemma4:12b,version_j,p0_default,False,0,"{'model_name': 'gemma4:12b', 'temperature': 0.5, 'top_p': 0.9, 'top_k': None, 'seed': None, 'quantization': 'Q4_K_M'}"
dd3bb2bbbd5f82a9cc13d53a215e1fb7c51f3d87eee2071d51f83368c5728dfb,scruples_037,P4_metric_pressure,gemma4:12b,version_j,p0_default,True,0,"{'model_name': 'gemma4:12b', 'temperature': 0.5, 'top_p': 0.9, 'top_k': None, 'seed': None, 'quantization': 'Q4_K_M'}"
659a407bb9d8f5e57ec8d22440f1f7e3704a9d6683654c1c89d7f36e49be3518,scruples_037,R2_relevant_evidence,gemma4:12b,version_j,p0_default,False,0,"{'model_name': 'gemma4:12b', 'temperature': 0.5, 'top_p': 0.9, 'top_k': None, 'seed': None, 'quantization': 'Q4_K_M'}"
5d2f33ce055ca079e469a7504a83e2955ea047bdd11ef9099cfd6b7744bb45fb,scruples_037,R2_relevant_evidence,gemma4:12b,version_j,p0_default,True,0,"{'model_name': 'gemma4:12b', 'temperature': 0.5, 'top_p': 0.9, 'top_k': None, 'seed': None, 'quantization': 'Q4_K_M'}"
e48b9fa044fcd0c3c1ca2b3fd35803d99e090c7811f97a4932a2ba992fb61b87,scruples_038,B0_stripped_baseline,gemma4:12b,version_j,p0_default,False,0,"{'model_name': 'gemma4:12b', 'temperature': 0.5, 'top_p': 0.9, 'top_k': None, 'seed': None, 'quantization': 'Q4_K_M'}"
e80c6262adc3c74c640cfbeba96e2a09c32ff244512529761c60200a6da02b74,scruples_038,B0_stripped_baseline,gemma4:12b,version_j,p0_default,True,0,"{'model_name': 'gemma4:12b', 'temperature': 0.5, 'top_p': 0.9, 'top_k': None, 'seed': None, 'quantization': 'Q4_K_M'}"
e5419a0310ed1a5aa64c831faeace1a7cca2ce3be64bda56dd59019e141df4d7,scruples_038,C1_authority_neutral,gemma4:12b,version_j,p0_default,False,0,"{'model_name': 'gemma4:12b', 'temperature': 0.5, 'top_p': 0.9, 'top_k': None, 'seed': None, 'quantization': 'Q4_K_M'}"
a9cd83af1b10ee761d2a1e2e79001f40d2bb514db9aec05ab49db6a98f62f3f4,scruples_038,C1_authority_neutral,gemma4:12b,version_j,p0_default,True,0,"{'model_name': 'gemma4:12b', 'temperature': 0.5, 'top_p': 0.9, 'top_k': None, 'seed': None, 'quantization': 'Q4_K_M'}"
dbde17222a15721a3cacce3b2cf4a5c0fa9ce47f3727c45b40a4f1f986a3c655,scruples_038,P1_authority_pressure,gemma4:12b,version_j,p0_default,False,0,"{'model_name': 'gemma4:12b', 'temperature': 0.5, 'top_p': 0.9, 'top_k': None, 'seed': None, 'quantization': 'Q4_K_M'}"
dcc9c625175bc78f25294603754ffd20272def19c18f84fbf5b32fcdc57e7ab7,scruples_038,P1_authority_pressure,gemma4:12b,version_j,p0_default,True,0,"{'model_name': 'gemma4:12b', 'temperature': 0.5, 'top_p': 0.9, 'top_k': None, 'seed': None, 'quantization': 'Q4_K_M'}"
1146c318960c3f72cdff6003f81f34285f3569ded193f8c865f17ac4ba8ce302,scruples_038,C2_incentive_neutral,gemma4:12b,version_j,p0_default,False,0,"{'model_name': 'gemma4:12b', 'temperature': 0.5, 'top_p': 0.9, 'top_k': None, 'seed': None, 'quantization': 'Q4_K_M'}"
921838fc20fd5be810ffb892a3720b9ac349ec487959eb602bbc3439aa7c6995,scruples_038,C2_incentive_neutral,gemma4:12b,version_j,p0_default,True,0,"{'model_name': 'gemma4:12b', 'temperature': 0.5, 'top_p': 0.9, 'top_k': None, 'seed': None, 'quantization': 'Q4_K_M'}"
9ee02d7fcd2a5180ce67dda58ac632480b702c58a0243e7702a6fd19f6cd51e9,scruples_038,P2_incentive_pressure,gemma4:12b,version_j,p0_default,False,0,"{'model_name': 'gemma4:12b', 'temperature': 0.5, 'top_p': 0.9, 'top_k': None, 'seed': None, 'quantization': 'Q4_K_M'}"
2b5f8024bf7377a00ff66c33b03beccaf1338d10e3e69b11b37298acc58d628a,scruples_038,P2_incentive_pressure,gemma4:12b,version_j,p0_default,True,0,"{'model_name': 'gemma4:12b', 'temperature': 0.5, 'top_p': 0.9, 'top_k': None, 'seed': None, 'quantization': 'Q4_K_M'}"
9ff9ddc0a5adc142aef7aae66fec2bf087a04a48bd7fc48e640525d5c06b9c50,scruples_038,C3_social_neutral,gemma4:12b,version_j,p0_default,False,0,"{'model_name': 'gemma4:12b', 'temperature': 0.5, 'top_p': 0.9, 'top_k': None, 'seed': None, 'quantization': 'Q4_K_M'}"
7f4a9123303fce5025ab16217ba6302c15f74637b28eeebbf9eedd30c9470793,scruples_038,C3_social_neutral,gemma4:12b,version_j,p0_default,True,0,"{'model_name': 'gemma4:12b', 'temperature': 0.5, 'top_p': 0.9, 'top_k': None, 'seed': None, 'quantization': 'Q4_K_M'}"
44b8e3705f14ba6a9091a43978755b80d6c9ad17496bc5fd2cd7659123d4a215,scruples_038,P3_social_pressure,gemma4:12b,version_j,p0_default,False,0,"{'model_name': 'gemma4:12b', 'temperature': 0.5, 'top_p': 0.9, 'top_k': None, 'seed': None, 'quantization': 'Q4_K_M'}"
fc06da92fd2458c04b651e880cb525b90fd7866531df0613c42e15d1e83c9f39,scruples_038,P3_social_pressure,gemma4:12b,version_j,p0_default,True,0,"{'model_name': 'gemma4:12b', 'temperature': 0.5, 'top_p': 0.9, 'top_k': None, 'seed': None, 'quantization': 'Q4_K_M'}"
d600c53946e33a950ab7ed9b123c6e7b8d1be4a843808e4172528f2b904dc7f2,scruples_038,C4_metric_neutral,gemma4:12b,version_j,p0_default,False,0,"{'model_name': 'gemma4:12b', 'temperature': 0.5, 'top_p': 0.9, 'top_k': None, 'seed': None, 'quantization': 'Q4_K_M'}"
992d73b09e1613762e776d2f9905fb5d6a82d9e8013a6d7f565e2786403aeafc,scruples_038,C4_metric_neutral,gemma4:12b,version_j,p0_default,True,0,"{'model_name': 'gemma4:12b', 'temperature': 0.5, 'top_p': 0.9, 'top_k': None, 'seed': None, 'quantization': 'Q4_K_M'}"
82075b10db079e9c43fb6c482c33dae10bc0f33957a119b65c780c2e82b9b3f1,scruples_038,P4_metric_pressure,gemma4:12b,version_j,p0_default,False,0,"{'model_name': 'gemma4:12b', 'temperature': 0.5, 'top_p': 0.9, 'top_k': None, 'seed': None, 'quantization': 'Q4_K_M'}"
66ef285b750cbc9d95f254e2dfe64d7fb307f9566d87abc9803dbf04646de51d,scruples_038,P4_metric_pressure,gemma4:12b,version_j,p0_default,True,0,"{'model_name': 'gemma4:12b', 'temperature': 0.5, 'top_p': 0.9, 'top_k': None, 'seed': None, 'quantization': 'Q4_K_M'}"
24810aa28cd0c3f83da626d987c7915a6566906ae388ba208dad24ea3433d568,scruples_038,R2_relevant_evidence,gemma4:12b,version_j,p0_default,False,0,"{'model_name': 'gemma4:12b', 'temperature': 0.5, 'top_p': 0.9, 'top_k': None, 'seed': None, 'quantization': 'Q4_K_M'}"
4e9d65a893281787aff40d2b97af94544be568c148ab0baff1c2e37e52cbaa57,scruples_038,R2_relevant_evidence,gemma4:12b,version_j,p0_default,True,0,"{'model_name': 'gemma4:12b', 'temperature': 0.5, 'top_p': 0.9, 'top_k': None, 'seed': None, 'quantization': 'Q4_K_M'}"
c99d3570b093457357e51cb3cb77660f0aaea5e523d53bbaad938309392d93bd,scruples_039,B0_stripped_baseline,gemma4:12b,version_j,p0_default,False,0,"{'model_name': 'gemma4:12b', 'temperature': 0.5, 'top_p': 0.9, 'top_k': None, 'seed': None, 'quantization': 'Q4_K_M'}"
28521f601601a9b857b737d19b95721fd1a24c502112073c7df0abf9e63d8349,scruples_039,B0_stripped_baseline,gemma4:12b,version_j,p0_default,True,0,"{'model_name': 'gemma4:12b', 'temperature': 0.5, 'top_p': 0.9, 'top_k': None, 'seed': None, 'quantization': 'Q4_K_M'}"
029403f3ec213c799877951d01cd79a478fd69438128a1ecd4e366e91589457b,scruples_039,C1_authority_neutral,gemma4:12b,version_j,p0_default,False,0,"{'model_name': 'gemma4:12b', 'temperature': 0.5, 'top_p': 0.9, 'top_k': None, 'seed': None, 'quantization': 'Q4_K_M'}"
b4a1b43069c18765849216df7714d78da210f1643938eb082d03361cafb19f78,scruples_039,C1_authority_neutral,gemma4:12b,version_j,p0_default,True,0,"{'model_name': 'gemma4:12b', 'temperature': 0.5, 'top_p': 0.9, 'top_k': None, 'seed': None, 'quantization': 'Q4_K_M'}"
66bf37067e26588b651b9eb4f18e2752808c798862cdbddfe43212f41dd07b3c,scruples_039,P1_authority_pressure,gemma4:12b,version_j,p0_default,False,0,"{'model_name': 'gemma4:12b', 'temperature': 0.5, 'top_p': 0.9, 'top_k': None, 'seed': None, 'quantization': 'Q4_K_M'}"
99bca7d103ac07241c52faf020cfa25460baeac8190283892420fa1cb7d42532,scruples_039,P1_authority_pressure,gemma4:12b,version_j,p0_default,True,0,"{'model_name': 'gemma4:12b', 'temperature': 0.5, 'top_p': 0.9, 'top_k': None, 'seed': None, 'quantization': 'Q4_K_M'}"
ef16015ffa47ea40fec03f8a7555650803a6e5bb290692473945296f4d3d6d2c,scruples_039,C2_incentive_neutral,gemma4:12b,version_j,p0_default,False,0,"{'model_name': 'gemma4:12b', 'temperature': 0.5, 'top_p': 0.9, 'top_k': None, 'seed': None, 'quantization': 'Q4_K_M'}"
0a32bbb51af32fa93c418b15f05edfe2c1f0f4997b5bd09888a3ccbe0c510c2f,scruples_039,C2_incentive_neutral,gemma4:12b,version_j,p0_default,True,0,"{'model_name': 'gemma4:12b', 'temperature': 0.5, 'top_p': 0.9, 'top_k': None, 'seed': None, 'quantization': 'Q4_K_M'}"
2ec42768282011b56ac9c009ea1d8740a81cce770f93401a7dd698039e7dff54,scruples_039,P2_incentive_pressure,gemma4:12b,version_j,p0_default,False,0,"{'model_name': 'gemma4:12b', 'temperature': 0.5, 'top_p': 0.9, 'top_k': None, 'seed': None, 'quantization': 'Q4_K_M'}"
4c8af8e7193092a16a014b1fb9e5af5def0011ff0fce91f566c3c4cc80b388b7,scruples_039,P2_incentive_pressure,gemma4:12b,version_j,p0_default,True,0,"{'model_name': 'gemma4:12b', 'temperature': 0.5, 'top_p': 0.9, 'top_k': None, 'seed': None, 'quantization': 'Q4_K_M'}"
75ec1f3de4abc3e82d245eef21a8c0bd1d4eb9055d80cba5ab2cb76fa0432a5d,scruples_039,C3_social_neutral,gemma4:12b,version_j,p0_default,False,0,"{'model_name': 'gemma4:12b', 'temperature': 0.5, 'top_p': 0.9, 'top_k': None, 'seed': None, 'quantization': 'Q4_K_M'}"
48c65cf7a4d5651a7e53bac7ff30edbc2bd2a97fdb325422d4fa2bb93d030cf8,scruples_039,C3_social_neutral,gemma4:12b,version_j,p0_default,True,0,"{'model_name': 'gemma4:12b', 'temperature': 0.5, 'top_p': 0.9, 'top_k': None, 'seed': None, 'quantization': 'Q4_K_M'}"
edea9b5d00eb285d76dcc4d56f3bb96cd448bd1cda387b6a971bdbd1de9e4824,scruples_039,P3_social_pressure,gemma4:12b,version_j,p0_default,False,0,"{'model_name': 'gemma4:12b', 'temperature': 0.5, 'top_p': 0.9, 'top_k': None, 'seed': None, 'quantization': 'Q4_K_M'}"
0fce9e40cca79ffbb8b2f22068b422e36adb83e2f30f35bc3f2a40f63717905b,scruples_039,P3_social_pressure,gemma4:12b,version_j,p0_default,True,0,"{'model_name': 'gemma4:12b', 'temperature': 0.5, 'top_p': 0.9, 'top_k': None, 'seed': None, 'quantization': 'Q4_K_M'}"
88304cbbda2d1d1a2a6aa7b08a443ec273bb16890495a9094b79d790710d068e,scruples_039,C4_metric_neutral,gemma4:12b,version_j,p0_default,False,0,"{'model_name': 'gemma4:12b', 'temperature': 0.5, 'top_p': 0.9, 'top_k': None, 'seed': None, 'quantization': 'Q4_K_M'}"
f092b5c171dd0e31b415f8dd130fa0f98a8c24073031005fcfeaec0fd5157158,scruples_039,C4_metric_neutral,gemma4:12b,version_j,p0_default,True,0,"{'model_name': 'gemma4:12b', 'temperature': 0.5, 'top_p': 0.9, 'top_k': None, 'seed': None, 'quantization': 'Q4_K_M'}"
b7a75bed40ca6239f8d88e3b24fc69c0bc7d65e0c604518af63af06d82df5264,scruples_039,P4_metric_pressure,gemma4:12b,version_j,p0_default,False,0,"{'model_name': 'gemma4:12b', 'temperature': 0.5, 'top_p': 0.9, 'top_k': None, 'seed': None, 'quantization': 'Q4_K_M'}"
17d1ee30642e5e1c4cf8806fea4067fce164ef0c7cf01eb1eafd0da7a1242793,scruples_039,P4_metric_pressure,gemma4:12b,version_j,p0_default,True,0,"{'model_name': 'gemma4:12b', 'temperature': 0.5, 'top_p': 0.9, 'top_k': None, 'seed': None, 'quantization': 'Q4_K_M'}"
09319218c62df7673de95884566e10369ed99b802eff9d1ae90811ad20ec8779,scruples_039,R2_relevant_evidence,gemma4:12b,version_j,p0_default,False,0,"{'model_name': 'gemma4:12b', 'temperature': 0.5, 'top_p': 0.9, 'top_k': None, 'seed': None, 'quantization': 'Q4_K_M'}"
8f24477733ce7c88d4db04323f70b9c01aaa88325a934eb0fa431da91c1109fa,scruples_039,R2_relevant_evidence,gemma4:12b,version_j,p0_default,True,0,"{'model_name': 'gemma4:12b', 'temperature': 0.5, 'top_p': 0.9, 'top_k': None, 'seed': None, 'quantization': 'Q4_K_M'}"
d98481ed7032a8c465c863d9718867f87770fa95941acab362258168050d3e92,scruples_040,B0_stripped_baseline,gemma4:12b,version_j,p0_default,False,0,"{'model_name': 'gemma4:12b', 'temperature': 0.5, 'top_p': 0.9, 'top_k': None, 'seed': None, 'quantization': 'Q4_K_M'}"
fd738d2ce86b86636bf83884ee7bc026eba8024e44408082ded11f4b9b340f31,scruples_040,B0_stripped_baseline,gemma4:12b,version_j,p0_default,True,0,"{'model_name': 'gemma4:12b', 'temperature': 0.5, 'top_p': 0.9, 'top_k': None, 'seed': None, 'quantization': 'Q4_K_M'}"
ddbe6fc9fa6c8aaca8ddfa34fb46b789b92bcb365a2b9ca5cab0872d4ea06914,scruples_040,C1_authority_neutral,gemma4:12b,version_j,p0_default,False,0,"{'model_name': 'gemma4:12b', 'temperature': 0.5, 'top_p': 0.9, 'top_k': None, 'seed': None, 'quantization': 'Q4_K_M'}"
85b100011118a83a4b16ad55d2509ffa620914a5db2558702650f17358052664,scruples_040,C1_authority_neutral,gemma4:12b,version_j,p0_default,True,0,"{'model_name': 'gemma4:12b', 'temperature': 0.5, 'top_p': 0.9, 'top_k': None, 'seed': None, 'quantization': 'Q4_K_M'}"
6f8b6e75292a81ac002bba6a6d2d1adea31cc8e9213245d025e3a72710e29457,scruples_040,P1_authority_pressure,gemma4:12b,version_j,p0_default,False,0,"{'model_name': 'gemma4:12b', 'temperature': 0.5, 'top_p': 0.9, 'top_k': None, 'seed': None, 'quantization': 'Q4_K_M'}"
c81d95790f7dc76ab850dbc23aea7eafb2c3ca2701da82e29f204d885a1fdd90,scruples_040,P1_authority_pressure,gemma4:12b,version_j,p0_default,True,0,"{'model_name': 'gemma4:12b', 'temperature': 0.5, 'top_p': 0.9, 'top_k': None, 'seed': None, 'quantization': 'Q4_K_M'}"
9d446540fd84679f18885428a7d0b80e0edcdac0a0cddf042b7a91ad7e2f895d,scruples_040,C2_incentive_neutral,gemma4:12b,version_j,p0_default,False,0,"{'model_name': 'gemma4:12b', 'temperature': 0.5, 'top_p': 0.9, 'top_k': None, 'seed': None, 'quantization': 'Q4_K_M'}"
985dceda9f4796fa769111e0025634dcf12669c6b2fc7f00b33f5ac59cd7b973,scruples_040,C2_incentive_neutral,gemma4:12b,version_j,p0_default,True,0,"{'model_name': 'gemma4:12b', 'temperature': 0.5, 'top_p': 0.9, 'top_k': None, 'seed': None, 'quantization': 'Q4_K_M'}"
90e56ae593d77dc1748551aaf1bf135d46c6e59192fdcb2c0352cb21ce4fc369,scruples_040,P2_incentive_pressure,gemma4:12b,version_j,p0_default,False,0,"{'model_name': 'gemma4:12b', 'temperature': 0.5, 'top_p': 0.9, 'top_k': None, 'seed': None, 'quantization': 'Q4_K_M'}"
aad237a512f4c1eee605ec3789eda052e6b330d961f0c695c4e807b1d3dbf4f0,scruples_040,P2_incentive_pressure,gemma4:12b,version_j,p0_default,True,0,"{'model_name': 'gemma4:12b', 'temperature': 0.5, 'top_p': 0.9, 'top_k': None, 'seed': None, 'quantization': 'Q4_K_M'}"
428f5489c774aa9267ebad1a77b9dc78c99670b80a4892f69ac9f84b5c85e8e5,scruples_040,C3_social_neutral,gemma4:12b,version_j,p0_default,False,0,"{'model_name': 'gemma4:12b', 'temperature': 0.5, 'top_p': 0.9, 'top_k': None, 'seed': None, 'quantization': 'Q4_K_M'}"
b51f572d4f58628952cfa8384f22de96342b714afc13a9a71ccc738d8268b0aa,scruples_040,C3_social_neutral,gemma4:12b,version_j,p0_default,True,0,"{'model_name': 'gemma4:12b', 'temperature': 0.5, 'top_p': 0.9, 'top_k': None, 'seed': None, 'quantization': 'Q4_K_M'}"
62b3dba5adad8d4ca578fa4f5c3eead87208066e5708fbd3dd3c503da2eb5d35,scruples_040,P3_social_pressure,gemma4:12b,version_j,p0_default,False,0,"{'model_name': 'gemma4:12b', 'temperature': 0.5, 'top_p': 0.9, 'top_k': None, 'seed': None, 'quantization': 'Q4_K_M'}"
9b84b50371a20b1e408d9ff1460169fca89588ebd3d0bb90a2cfb1164c8b11ab,scruples_040,P3_social_pressure,gemma4:12b,version_j,p0_default,True,0,"{'model_name': 'gemma4:12b', 'temperature': 0.5, 'top_p': 0.9, 'top_k': None, 'seed': None, 'quantization': 'Q4_K_M'}"
b0e367d4dfc5b124b4425aead82836d3e6a21851352933f6b085c95cb95a3164,scruples_040,C4_metric_neutral,gemma4:12b,version_j,p0_default,False,0,"{'model_name': 'gemma4:12b', 'temperature': 0.5, 'top_p': 0.9, 'top_k': None, 'seed': None, 'quantization': 'Q4_K_M'}"
5a7f76f88d8fab6283299c0b20751b5c44cc83790288e4fbd84271877b501b66,scruples_040,C4_metric_neutral,gemma4:12b,version_j,p0_default,True,0,"{'model_name': 'gemma4:12b', 'temperature': 0.5, 'top_p': 0.9, 'top_k': None, 'seed': None, 'quantization': 'Q4_K_M'}"
7f8a218512d199f828c31e67d3aa9a2d57800495b3ac0cbf7c68edaf28c3eba7,scruples_040,P4_metric_pressure,gemma4:12b,version_j,p0_default,False,0,"{'model_name': 'gemma4:12b', 'temperature': 0.5, 'top_p': 0.9, 'top_k': None, 'seed': None, 'quantization': 'Q4_K_M'}"
f836621b65f749df70c5fe3ce6ecc3174d965576011ca5e945c07de3ea366e13,scruples_040,P4_metric_pressure,gemma4:12b,version_j,p0_default,True,0,"{'model_name': 'gemma4:12b', 'temperature': 0.5, 'top_p': 0.9, 'top_k': None, 'seed': None, 'quantization': 'Q4_K_M'}"
135a51f9ff22f0c4934d0ab42b20bed2e57fce57f1d50ddc93b8881a4c5e981f,scruples_040,R2_relevant_evidence,gemma4:12b,version_j,p0_default,False,0,"{'model_name': 'gemma4:12b', 'temperature': 0.5, 'top_p': 0.9, 'top_k': None, 'seed': None, 'quantization': 'Q4_K_M'}"
17dea14dd434344376b26290b2ff90b79cb97731ae022b4de1083392a17f4a49,scruples_040,R2_relevant_evidence,gemma4:12b,version_j,p0_default,True,0,"{'model_name': 'gemma4:12b', 'temperature': 0.5, 'top_p': 0.9, 'top_k': None, 'seed': None, 'quantization': 'Q4_K_M'}"
de06ed08a749becf88bce31fcdaa0d0614593c56edc6f9ef971a4426eb689a98,scruples_041,B0_stripped_baseline,gemma4:12b,version_j,p0_default,False,0,"{'model_name': 'gemma4:12b', 'temperature': 0.5, 'top_p': 0.9, 'top_k': None, 'seed': None, 'quantization': 'Q4_K_M'}"
5d196a3117fff540fa0175ff81e52bf1ccdc0d2e44019b879032aec513484925,scruples_041,B0_stripped_baseline,gemma4:12b,version_j,p0_default,True,0,"{'model_name': 'gemma4:12b', 'temperature': 0.5, 'top_p': 0.9, 'top_k': None, 'seed': None, 'quantization': 'Q4_K_M'}"
a1e363babb027a545baafbd3cd5a43f68c85e8900c2564e133279a19948cf089,scruples_041,C1_authority_neutral,gemma4:12b,version_j,p0_default,False,0,"{'model_name': 'gemma4:12b', 'temperature': 0.5, 'top_p': 0.9, 'top_k': None, 'seed': None, 'quantization': 'Q4_K_M'}"
66a7c9272cdf4edd2778c35e841bebc790c24f901a6176f2a26c507bfd86a19a,scruples_041,C1_authority_neutral,gemma4:12b,version_j,p0_default,True,0,"{'model_name': 'gemma4:12b', 'temperature': 0.5, 'top_p': 0.9, 'top_k': None, 'seed': None, 'quantization': 'Q4_K_M'}"
9f5d6bf39df82af426cf1b2d87d1f61a87ef6f02818ed62b30617d643211e9e8,scruples_041,P1_authority_pressure,gemma4:12b,version_j,p0_default,False,0,"{'model_name': 'gemma4:12b', 'temperature': 0.5, 'top_p': 0.9, 'top_k': None, 'seed': None, 'quantization': 'Q4_K_M'}"
c73bdd6f6618fc471218af7681209d2002cf2fb729cd96c9a0aa5de23d4d9657,scruples_041,P1_authority_pressure,gemma4:12b,version_j,p0_default,True,0,"{'model_name': 'gemma4:12b', 'temperature': 0.5, 'top_p': 0.9, 'top_k': None, 'seed': None, 'quantization': 'Q4_K_M'}"
7964375f40c028c2e11b0232e2217e2e56f3a5ff7ae1c811839753da1482785b,scruples_041,C2_incentive_neutral,gemma4:12b,version_j,p0_default,False,0,"{'model_name': 'gemma4:12b', 'temperature': 0.5, 'top_p': 0.9, 'top_k': None, 'seed': None, 'quantization': 'Q4_K_M'}"
3873f0ede9ec4a250e4553580736220624a67980911fa7d899f628b55beedc17,scruples_041,C2_incentive_neutral,gemma4:12b,version_j,p0_default,True,0,"{'model_name': 'gemma4:12b', 'temperature': 0.5, 'top_p': 0.9, 'top_k': None, 'seed': None, 'quantization': 'Q4_K_M'}"
ddd3e2e8f0c2adeb94e94ea1fe78e6b4e725a2802441ad9693ec2e654dd89bf3,scruples_041,P2_incentive_pressure,gemma4:12b,version_j,p0_default,False,0,"{'model_name': 'gemma4:12b', 'temperature': 0.5, 'top_p': 0.9, 'top_k': None, 'seed': None, 'quantization': 'Q4_K_M'}"
bab955d537df3fbf82b9ac001a2e66a361272eabbb5758ee65834aa36cdfc98e,scruples_041,P2_incentive_pressure,gemma4:12b,version_j,p0_default,True,0,"{'model_name': 'gemma4:12b', 'temperature': 0.5, 'top_p': 0.9, 'top_k': None, 'seed': None, 'quantization': 'Q4_K_M'}"
c92f5186ec4128e5f725a053f257cef69517b1948cdf1aac9e6bee577897a7be,scruples_041,C3_social_neutral,gemma4:12b,version_j,p0_default,False,0,"{'model_name': 'gemma4:12b', 'temperature': 0.5, 'top_p': 0.9, 'top_k': None, 'seed': None, 'quantization': 'Q4_K_M'}"
ae6fead54b14654aad95e7c2b386e06b4c0c855e2d1d403e82f4facf02e50100,scruples_041,C3_social_neutral,gemma4:12b,version_j,p0_default,True,0,"{'model_name': 'gemma4:12b', 'temperature': 0.5, 'top_p': 0.9, 'top_k': None, 'seed': None, 'quantization': 'Q4_K_M'}"
9f0bf10cd98616c68d3d79b9a6f75a654531a4c3bab97b54f9b9220de5716a36,scruples_041,P3_social_pressure,gemma4:12b,version_j,p0_default,False,0,"{'model_name': 'gemma4:12b', 'temperature': 0.5, 'top_p': 0.9, 'top_k': None, 'seed': None, 'quantization': 'Q4_K_M'}"
d9a014240c538bf2ba6a5cd4f41a3e7eec547b785fe852c047a2bbe490866099,scruples_041,P3_social_pressure,gemma4:12b,version_j,p0_default,True,0,"{'model_name': 'gemma4:12b', 'temperature': 0.5, 'top_p': 0.9, 'top_k': None, 'seed': None, 'quantization': 'Q4_K_M'}"
3d9298fd1756d53ae0d6901174b4fa5d14bb2c9cfa2f2baa72a598627b0225be,scruples_041,C4_metric_neutral,gemma4:12b,version_j,p0_default,False,0,"{'model_name': 'gemma4:12b', 'temperature': 0.5, 'top_p': 0.9, 'top_k': None, 'seed': None, 'quantization': 'Q4_K_M'}"
76577b024aa59bbd2dbd871f13c77444827aa81d0efc05187381564c04657bf5,scruples_041,C4_metric_neutral,gemma4:12b,version_j,p0_default,True,0,"{'model_name': 'gemma4:12b', 'temperature': 0.5, 'top_p': 0.9, 'top_k': None, 'seed': None, 'quantization': 'Q4_K_M'}"
e098bec2182d12ed45cc3d22270b08b9be48ebc9491eefcb135a15881ffdb6e6,scruples_041,P4_metric_pressure,gemma4:12b,version_j,p0_default,False,0,"{'model_name': 'gemma4:12b', 'temperature': 0.5, 'top_p': 0.9, 'top_k': None, 'seed': None, 'quantization': 'Q4_K_M'}"
733b6d437f708ff5e2a782a35923b9b12bdd7eae97a9b5172c1976a1b1fa8238,scruples_041,P4_metric_pressure,gemma4:12b,version_j,p0_default,True,0,"{'model_name': 'gemma4:12b', 'temperature': 0.5, 'top_p': 0.9, 'top_k': None, 'seed': None, 'quantization': 'Q4_K_M'}"
7148817bdffd511e2a605b1dfc000ceb8c70c03fb5836f481c715005f826a9cc,scruples_041,R2_relevant_evidence,gemma4:12b,version_j,p0_default,False,0,"{'model_name': 'gemma4:12b', 'temperature': 0.5, 'top_p': 0.9, 'top_k': None, 'seed': None, 'quantization': 'Q4_K_M'}"
fea4005a796a3bef5330cd17901826882e312afecae2e39b0210f98f38296033,scruples_041,R2_relevant_evidence,gemma4:12b,version_j,p0_default,True,0,"{'model_name': 'gemma4:12b', 'temperature': 0.5, 'top_p': 0.9, 'top_k': None, 'seed': None, 'quantization': 'Q4_K_M'}"
dbc8bd54e13e8cbe5b61cff9cffafbebdbe6d47e4c1f4b3704896526a187e8ea,scruples_042,B0_stripped_baseline,gemma4:12b,version_j,p0_default,False,0,"{'model_name': 'gemma4:12b', 'temperature': 0.5, 'top_p': 0.9, 'top_k': None, 'seed': None, 'quantization': 'Q4_K_M'}"
6f195866c3729c71478d4ab04c71c0fd8439e39b3639f9b5e51d510065aa6b49,scruples_042,B0_stripped_baseline,gemma4:12b,version_j,p0_default,True,0,"{'model_name': 'gemma4:12b', 'temperature': 0.5, 'top_p': 0.9, 'top_k': None, 'seed': None, 'quantization': 'Q4_K_M'}"
b3b6517a87d9b30f40e5f109817451d34288b181ebe088fa34f27a8cd77327e1,scruples_042,C1_authority_neutral,gemma4:12b,version_j,p0_default,False,0,"{'model_name': 'gemma4:12b', 'temperature': 0.5, 'top_p': 0.9, 'top_k': None, 'seed': None, 'quantization': 'Q4_K_M'}"
8c4a87c26722edd3ded9d42c1a5f011836602f30ed4370d5a27402004880211e,scruples_042,C1_authority_neutral,gemma4:12b,version_j,p0_default,True,0,"{'model_name': 'gemma4:12b', 'temperature': 0.5, 'top_p': 0.9, 'top_k': None, 'seed': None, 'quantization': 'Q4_K_M'}"
03aebf837bb673521d5b8c726fb19719f432bfb6c2423d950b704afec6be6d9d,scruples_042,P1_authority_pressure,gemma4:12b,version_j,p0_default,False,0,"{'model_name': 'gemma4:12b', 'temperature': 0.5, 'top_p': 0.9, 'top_k': None, 'seed': None, 'quantization': 'Q4_K_M'}"
7ceac774b651a339764720305c2e2bc83d889bc62a5f76fec5eb20a0e8a9491a,scruples_042,P1_authority_pressure,gemma4:12b,version_j,p0_default,True,0,"{'model_name': 'gemma4:12b', 'temperature': 0.5, 'top_p': 0.9, 'top_k': None, 'seed': None, 'quantization': 'Q4_K_M'}"
98afa9e06aa0b9877b9b8aac1ef8d92a452d93f2e5b289abca5e1d7b40e0f459,scruples_042,C2_incentive_neutral,gemma4:12b,version_j,p0_default,False,0,"{'model_name': 'gemma4:12b', 'temperature': 0.5, 'top_p': 0.9, 'top_k': None, 'seed': None, 'quantization': 'Q4_K_M'}"
c443453b39df38f9137584f6c2f45b4b0bc28fcd491f37ebd93c4b740716b0c0,scruples_042,C2_incentive_neutral,gemma4:12b,version_j,p0_default,True,0,"{'model_name': 'gemma4:12b', 'temperature': 0.5, 'top_p': 0.9, 'top_k': None, 'seed': None, 'quantization': 'Q4_K_M'}"
3700e88d3a899728226521d15842fc52ce81ae65f52aaf9febc3dbe070a22938,scruples_042,P2_incentive_pressure,gemma4:12b,version_j,p0_default,False,0,"{'model_name': 'gemma4:12b', 'temperature': 0.5, 'top_p': 0.9, 'top_k': None, 'seed': None, 'quantization': 'Q4_K_M'}"
1f70c55397a409cd9d6d5ced111895e1735e503516fdbb4c63ae1f9e91072295,scruples_042,P2_incentive_pressure,gemma4:12b,version_j,p0_default,True,0,"{'model_name': 'gemma4:12b', 'temperature': 0.5, 'top_p': 0.9, 'top_k': None, 'seed': None, 'quantization': 'Q4_K_M'}"
b257fb576d28f7b387818d21223c034919d02c62a15d9b961a10f13869e2472a,scruples_042,C3_social_neutral,gemma4:12b,version_j,p0_default,False,0,"{'model_name': 'gemma4:12b', 'temperature': 0.5, 'top_p': 0.9, 'top_k': None, 'seed': None, 'quantization': 'Q4_K_M'}"
818e13a5e7f183afe07704d94cbb03b83fa7bf72fe718f3310405b7a77e2356a,scruples_042,C3_social_neutral,gemma4:12b,version_j,p0_default,True,0,"{'model_name': 'gemma4:12b', 'temperature': 0.5, 'top_p': 0.9, 'top_k': None, 'seed': None, 'quantization': 'Q4_K_M'}"
73c6b7d11d9871375bd35f41a2efe58ea87e5016086d343d161799654ce36e51,scruples_042,P3_social_pressure,gemma4:12b,version_j,p0_default,False,0,"{'model_name': 'gemma4:12b', 'temperature': 0.5, 'top_p': 0.9, 'top_k': None, 'seed': None, 'quantization': 'Q4_K_M'}"
1b06e3b9797ef31c65c1d34d2db272bb1787fae137b33cad3de27b8aac67b891,scruples_042,P3_social_pressure,gemma4:12b,version_j,p0_default,True,0,"{'model_name': 'gemma4:12b', 'temperature': 0.5, 'top_p': 0.9, 'top_k': None, 'seed': None, 'quantization': 'Q4_K_M'}"
f6f93b273d51b3b2b5500cc1f05b4133be1b1e9c1145f169974b087ad49876ff,scruples_042,C4_metric_neutral,gemma4:12b,version_j,p0_default,False,0,"{'model_name': 'gemma4:12b', 'temperature': 0.5, 'top_p': 0.9, 'top_k': None, 'seed': None, 'quantization': 'Q4_K_M'}"
464d423f09b7215c15961722aa533de00865816d76868bd4b1bb8d485315270e,scruples_042,C4_metric_neutral,gemma4:12b,version_j,p0_default,True,0,"{'model_name': 'gemma4:12b', 'temperature': 0.5, 'top_p': 0.9, 'top_k': None, 'seed': None, 'quantization': 'Q4_K_M'}"
6f5f4817ae2864e5b77cf62420fa64eda73358889c78073f142941b91abb477d,scruples_042,P4_metric_pressure,gemma4:12b,version_j,p0_default,False,0,"{'model_name': 'gemma4:12b', 'temperature': 0.5, 'top_p': 0.9, 'top_k': None, 'seed': None, 'quantization': 'Q4_K_M'}"
39558ac184a23364dc66253abe0f5bebcbe32d9401d632dbc09b122e5df4fb9a,scruples_042,P4_metric_pressure,gemma4:12b,version_j,p0_default,True,0,"{'model_name': 'gemma4:12b', 'temperature': 0.5, 'top_p': 0.9, 'top_k': None, 'seed': None, 'quantization': 'Q4_K_M'}"
3d00f9cf9203d013befadaceed1462c42119f456ae55f112b36c843ff8e3b220,scruples_042,R2_relevant_evidence,gemma4:12b,version_j,p0_default,False,0,"{'model_name': 'gemma4:12b', 'temperature': 0.5, 'top_p': 0.9, 'top_k': None, 'seed': None, 'quantization': 'Q4_K_M'}"
d2027941834c69bac7e41b98b308f4851930175c66d4a7aabf7f6f07fb5f0def,scruples_042,R2_relevant_evidence,gemma4:12b,version_j,p0_default,True,0,"{'model_name': 'gemma4:12b', 'temperature': 0.5, 'top_p': 0.9, 'top_k': None, 'seed': None, 'quantization': 'Q4_K_M'}"
ccd77b32a3ba4e20852462504eb87975ee9fbe612b079b7be8b93507da4a455d,scruples_043,B0_stripped_baseline,gemma4:12b,version_j,p0_default,False,0,"{'model_name': 'gemma4:12b', 'temperature': 0.5, 'top_p': 0.9, 'top_k': None, 'seed': None, 'quantization': 'Q4_K_M'}"
c9de0dca4f5969c6a3e9d319101b5853adc15007e41e2830b91e193c87c2acf8,scruples_043,B0_stripped_baseline,gemma4:12b,version_j,p0_default,True,0,"{'model_name': 'gemma4:12b', 'temperature': 0.5, 'top_p': 0.9, 'top_k': None, 'seed': None, 'quantization': 'Q4_K_M'}"
df757068f76194f8e106e561e97d5adec855070d15e6bdb8546cd75f7a4ef68c,scruples_043,C1_authority_neutral,gemma4:12b,version_j,p0_default,False,0,"{'model_name': 'gemma4:12b', 'temperature': 0.5, 'top_p': 0.9, 'top_k': None, 'seed': None, 'quantization': 'Q4_K_M'}"
05d3661ee299ea9d8ed3b656e315143b64906f050a029d9aedb36c713b559702,scruples_043,C1_authority_neutral,gemma4:12b,version_j,p0_default,True,0,"{'model_name': 'gemma4:12b', 'temperature': 0.5, 'top_p': 0.9, 'top_k': None, 'seed': None, 'quantization': 'Q4_K_M'}"
8c446b0fa105383646e37f8028d0577ada369bf62d2ab5761f4f6668a2037d19,scruples_043,P1_authority_pressure,gemma4:12b,version_j,p0_default,False,0,"{'model_name': 'gemma4:12b', 'temperature': 0.5, 'top_p': 0.9, 'top_k': None, 'seed': None, 'quantization': 'Q4_K_M'}"
87d0051f6ce812118fd6c5532c48bd814a24cef5129386506cc702a9f5dec963,scruples_043,P1_authority_pressure,gemma4:12b,version_j,p0_default,True,0,"{'model_name': 'gemma4:12b', 'temperature': 0.5, 'top_p': 0.9, 'top_k': None, 'seed': None, 'quantization': 'Q4_K_M'}"
d74e1cea8f970a32b2d87b0423ba2d906c384646b689506059502a0ed5e9a1f5,scruples_043,C2_incentive_neutral,gemma4:12b,version_j,p0_default,False,0,"{'model_name': 'gemma4:12b', 'temperature': 0.5, 'top_p': 0.9, 'top_k': None, 'seed': None, 'quantization': 'Q4_K_M'}"
a83a84b99a72ef6934883f81891b04a34a881d137a95ba9eb83ad850d9d40e0b,scruples_043,C2_incentive_neutral,gemma4:12b,version_j,p0_default,True,0,"{'model_name': 'gemma4:12b', 'temperature': 0.5, 'top_p': 0.9, 'top_k': None, 'seed': None, 'quantization': 'Q4_K_M'}"
032ef80e24923c107e19443c5c343ea88bd5b23d4ff8f3453ef042ef9dadce4e,scruples_043,P2_incentive_pressure,gemma4:12b,version_j,p0_default,False,0,"{'model_name': 'gemma4:12b', 'temperature': 0.5, 'top_p': 0.9, 'top_k': None, 'seed': None, 'quantization': 'Q4_K_M'}"
aaa3219fd3df6e8750a3d71cbe6687301f9e4e359b941a74518b8ecd7610bc37,scruples_043,P2_incentive_pressure,gemma4:12b,version_j,p0_default,True,0,"{'model_name': 'gemma4:12b', 'temperature': 0.5, 'top_p': 0.9, 'top_k': None, 'seed': None, 'quantization': 'Q4_K_M'}"
c555e6ab4aadb9419cadc0d9a002f27d551ac22f18d4526073f266c1a9bd0723,scruples_043,C3_social_neutral,gemma4:12b,version_j,p0_default,False,0,"{'model_name': 'gemma4:12b', 'temperature': 0.5, 'top_p': 0.9, 'top_k': None, 'seed': None, 'quantization': 'Q4_K_M'}"
92c64f5b6dff4ed4c604b1a42178b230db3356e44d5cc94b7e0f6127d5dd491c,scruples_043,C3_social_neutral,gemma4:12b,version_j,p0_default,True,0,"{'model_name': 'gemma4:12b', 'temperature': 0.5, 'top_p': 0.9, 'top_k': None, 'seed': None, 'quantization': 'Q4_K_M'}"
0389ba11e3deaabd48a063ef88d7c0d82c83b6856e67a413def2c1405fbfac58,scruples_043,P3_social_pressure,gemma4:12b,version_j,p0_default,False,0,"{'model_name': 'gemma4:12b', 'temperature': 0.5, 'top_p': 0.9, 'top_k': None, 'seed': None, 'quantization': 'Q4_K_M'}"
49c08474a2eb04ade476f10d5ad9583484ef58a031cb79fed2d9e53d2bb6ce55,scruples_043,P3_social_pressure,gemma4:12b,version_j,p0_default,True,0,"{'model_name': 'gemma4:12b', 'temperature': 0.5, 'top_p': 0.9, 'top_k': None, 'seed': None, 'quantization': 'Q4_K_M'}"
d31ef57c023c86c4d224164b694b1f7f2077cc1264ca7378951a999afdf95ca6,scruples_043,C4_metric_neutral,gemma4:12b,version_j,p0_default,False,0,"{'model_name': 'gemma4:12b', 'temperature': 0.5, 'top_p': 0.9, 'top_k': None, 'seed': None, 'quantization': 'Q4_K_M'}"
5c07693232aa2474b697c08bd2373fe7baaaae3df56d6257cebe339750398cca,scruples_043,C4_metric_neutral,gemma4:12b,version_j,p0_default,True,0,"{'model_name': 'gemma4:12b', 'temperature': 0.5, 'top_p': 0.9, 'top_k': None, 'seed': None, 'quantization': 'Q4_K_M'}"
94383a7dc1bb9958f663e35b70902ca6d01d629b09980183fa98279f38883b81,scruples_043,P4_metric_pressure,gemma4:12b,version_j,p0_default,False,0,"{'model_name': 'gemma4:12b', 'temperature': 0.5, 'top_p': 0.9, 'top_k': None, 'seed': None, 'quantization': 'Q4_K_M'}"
ad96d9cb039fd0af6deba6fa3f50356c98a255e8a9e7b509158df20e9f47d9ec,scruples_043,P4_metric_pressure,gemma4:12b,version_j,p0_default,True,0,"{'model_name': 'gemma4:12b', 'temperature': 0.5, 'top_p': 0.9, 'top_k': None, 'seed': None, 'quantization': 'Q4_K_M'}"
4acf9faa331a155fea8886c40ce703253b5c0b1275d891c350082582c4790d50,scruples_043,R2_relevant_evidence,gemma4:12b,version_j,p0_default,False,0,"{'model_name': 'gemma4:12b', 'temperature': 0.5, 'top_p': 0.9, 'top_k': None, 'seed': None, 'quantization': 'Q4_K_M'}"
3bd8e75f8f6ca4b2155c381ef4ef944c986a1dcb52f7bf827970441bc9154f48,scruples_043,R2_relevant_evidence,gemma4:12b,version_j,p0_default,True,0,"{'model_name': 'gemma4:12b', 'temperature': 0.5, 'top_p': 0.9, 'top_k': None, 'seed': None, 'quantization': 'Q4_K_M'}"
3c973e2991c76dda9cce09967075506f1824f535ec065a8e5912900810695388,scruples_044,B0_stripped_baseline,gemma4:12b,version_j,p0_default,False,0,"{'model_name': 'gemma4:12b', 'temperature': 0.5, 'top_p': 0.9, 'top_k': None, 'seed': None, 'quantization': 'Q4_K_M'}"
1e9e77cfcdde1a41a0ec7752b1bbb80d6ab8854de31717ac8046ca3d4b1c0c94,scruples_044,B0_stripped_baseline,gemma4:12b,version_j,p0_default,True,0,"{'model_name': 'gemma4:12b', 'temperature': 0.5, 'top_p': 0.9, 'top_k': None, 'seed': None, 'quantization': 'Q4_K_M'}"
c45c8bd014ad0424fa5b35b7d4cbc02646cc669eb205ee647ecfef708cc610b9,scruples_044,C1_authority_neutral,gemma4:12b,version_j,p0_default,False,0,"{'model_name': 'gemma4:12b', 'temperature': 0.5, 'top_p': 0.9, 'top_k': None, 'seed': None, 'quantization': 'Q4_K_M'}"
ac53d5298db53dd0ec831e27af114167fd7266a683319c7be05b35def0715216,scruples_044,C1_authority_neutral,gemma4:12b,version_j,p0_default,True,0,"{'model_name': 'gemma4:12b', 'temperature': 0.5, 'top_p': 0.9, 'top_k': None, 'seed': None, 'quantization': 'Q4_K_M'}"
10f51385260a6802e512c2d3c38d6629b6b9d64229268c59731e91bd6d3526ff,scruples_044,P1_authority_pressure,gemma4:12b,version_j,p0_default,False,0,"{'model_name': 'gemma4:12b', 'temperature': 0.5, 'top_p': 0.9, 'top_k': None, 'seed': None, 'quantization': 'Q4_K_M'}"
2253d3f3ee63b77eae83499444bfca796ddfb3dcc859af19587a8441567de8d1,scruples_044,P1_authority_pressure,gemma4:12b,version_j,p0_default,True,0,"{'model_name': 'gemma4:12b', 'temperature': 0.5, 'top_p': 0.9, 'top_k': None, 'seed': None, 'quantization': 'Q4_K_M'}"
e43096b14ff88fcb0867adab66766d7bde5f5c588f06fae1732b0f72def24a0f,scruples_044,C2_incentive_neutral,gemma4:12b,version_j,p0_default,False,0,"{'model_name': 'gemma4:12b', 'temperature': 0.5, 'top_p': 0.9, 'top_k': None, 'seed': None, 'quantization': 'Q4_K_M'}"
8b82112f33207db371ae91cf254f533d845536868949d39f1ad63fddf9c4ebcd,scruples_044,C2_incentive_neutral,gemma4:12b,version_j,p0_default,True,0,"{'model_name': 'gemma4:12b', 'temperature': 0.5, 'top_p': 0.9, 'top_k': None, 'seed': None, 'quantization': 'Q4_K_M'}"
9159f6027b7c56ddd1caf4196da25ca238c5de1761820d134cf8584062d1b233,scruples_044,P2_incentive_pressure,gemma4:12b,version_j,p0_default,False,0,"{'model_name': 'gemma4:12b', 'temperature': 0.5, 'top_p': 0.9, 'top_k': None, 'seed': None, 'quantization': 'Q4_K_M'}"
0cffb3301b4351cb42d5a432fe4fdc154ae1fd82ee503d65cfc9dc3b795c5ea1,scruples_044,P2_incentive_pressure,gemma4:12b,version_j,p0_default,True,0,"{'model_name': 'gemma4:12b', 'temperature': 0.5, 'top_p': 0.9, 'top_k': None, 'seed': None, 'quantization': 'Q4_K_M'}"
aa55592f6bc239f9fc572981b4343f4dca28315f87197deb15bbb717b2d61d26,scruples_044,C3_social_neutral,gemma4:12b,version_j,p0_default,False,0,"{'model_name': 'gemma4:12b', 'temperature': 0.5, 'top_p': 0.9, 'top_k': None, 'seed': None, 'quantization': 'Q4_K_M'}"
b277dbe3a295100981443fca896987bdaddf29c8fc76fb159b55cb86cb6b6c57,scruples_044,C3_social_neutral,gemma4:12b,version_j,p0_default,True,0,"{'model_name': 'gemma4:12b', 'temperature': 0.5, 'top_p': 0.9, 'top_k': None, 'seed': None, 'quantization': 'Q4_K_M'}"
d3de950306359464fe659f60aea18eb823c443b2bead948108e0a0b6b036b2c7,scruples_044,P3_social_pressure,gemma4:12b,version_j,p0_default,False,0,"{'model_name': 'gemma4:12b', 'temperature': 0.5, 'top_p': 0.9, 'top_k': None, 'seed': None, 'quantization': 'Q4_K_M'}"
7d0ac293661b389bdcdf4c5fd4a211f2c16726f8ffda9fafe1a867e71de4a408,scruples_044,P3_social_pressure,gemma4:12b,version_j,p0_default,True,0,"{'model_name': 'gemma4:12b', 'temperature': 0.5, 'top_p': 0.9, 'top_k': None, 'seed': None, 'quantization': 'Q4_K_M'}"
7feacdedefb078e170a67d88008a9d4c8d7f8c423f0db86931b23d6e5400ab14,scruples_044,C4_metric_neutral,gemma4:12b,version_j,p0_default,False,0,"{'model_name': 'gemma4:12b', 'temperature': 0.5, 'top_p': 0.9, 'top_k': None, 'seed': None, 'quantization': 'Q4_K_M'}"
40f9cbd940fd8d0b2ef3784b12f0ee9cfd17e5c1835ac6b0aa5c5534deef71f2,scruples_044,C4_metric_neutral,gemma4:12b,version_j,p0_default,True,0,"{'model_name': 'gemma4:12b', 'temperature': 0.5, 'top_p': 0.9, 'top_k': None, 'seed': None, 'quantization': 'Q4_K_M'}"
42ec1f1bd8d0730c2e4e607a7a9a2e4d88b4e58f027c003fa5f032e4e79a1252,scruples_044,P4_metric_pressure,gemma4:12b,version_j,p0_default,False,0,"{'model_name': 'gemma4:12b', 'temperature': 0.5, 'top_p': 0.9, 'top_k': None, 'seed': None, 'quantization': 'Q4_K_M'}"
2c15cf1d96dd27b3aa165dd70c3349dcc640a4a50835522005bea672ac290b78,scruples_044,P4_metric_pressure,gemma4:12b,version_j,p0_default,True,0,"{'model_name': 'gemma4:12b', 'temperature': 0.5, 'top_p': 0.9, 'top_k': None, 'seed': None, 'quantization': 'Q4_K_M'}"
26e95d7f1f45df34245e4674efdce364d80c3883a1731ae4f7e21852c90eeeb0,scruples_044,R2_relevant_evidence,gemma4:12b,version_j,p0_default,False,0,"{'model_name': 'gemma4:12b', 'temperature': 0.5, 'top_p': 0.9, 'top_k': None, 'seed': None, 'quantization': 'Q4_K_M'}"
4aa65cbf543a4cdda675fc79fdabc6517a8ad53fb6e25fc160d4527699bb3fb0,scruples_044,R2_relevant_evidence,gemma4:12b,version_j,p0_default,True,0,"{'model_name': 'gemma4:12b', 'temperature': 0.5, 'top_p': 0.9, 'top_k': None, 'seed': None, 'quantization': 'Q4_K_M'}"
407113908edb7a02eb8e787a0aa3789af27ef63ae9f2a81414e3c6c85f99aac2,scruples_045,B0_stripped_baseline,gemma4:12b,version_j,p0_default,False,0,"{'model_name': 'gemma4:12b', 'temperature': 0.5, 'top_p': 0.9, 'top_k': None, 'seed': None, 'quantization': 'Q4_K_M'}"
53bee16f4b70278538771b76a56f8a65fb4977b99a2166a3f83ab73cb4e2d2b4,scruples_045,B0_stripped_baseline,gemma4:12b,version_j,p0_default,True,0,"{'model_name': 'gemma4:12b', 'temperature': 0.5, 'top_p': 0.9, 'top_k': None, 'seed': None, 'quantization': 'Q4_K_M'}"
d452937539010d1780f9eb4c380d9d0671300265b88469f4d6aad0d266af0ba1,scruples_045,C1_authority_neutral,gemma4:12b,version_j,p0_default,False,0,"{'model_name': 'gemma4:12b', 'temperature': 0.5, 'top_p': 0.9, 'top_k': None, 'seed': None, 'quantization': 'Q4_K_M'}"
7639e69aea154f3f65e8c78a2757b7499e329d9d6ac241dc586cf598b2bacc7a,scruples_045,C1_authority_neutral,gemma4:12b,version_j,p0_default,True,0,"{'model_name': 'gemma4:12b', 'temperature': 0.5, 'top_p': 0.9, 'top_k': None, 'seed': None, 'quantization': 'Q4_K_M'}"
61f91e83a8f5b35ab6fed715a672d5e8982a09262cf2f5cff5f5bb9fb7f7eafc,scruples_045,P1_authority_pressure,gemma4:12b,version_j,p0_default,False,0,"{'model_name': 'gemma4:12b', 'temperature': 0.5, 'top_p': 0.9, 'top_k': None, 'seed': None, 'quantization': 'Q4_K_M'}"
94231d9363e431369fae09c5ba31e45ce48a10c35f6fda092a426d15fdcbb253,scruples_045,P1_authority_pressure,gemma4:12b,version_j,p0_default,True,0,"{'model_name': 'gemma4:12b', 'temperature': 0.5, 'top_p': 0.9, 'top_k': None, 'seed': None, 'quantization': 'Q4_K_M'}"
c15bcf38163004a1b810f8cd82183138d80833afc758c0457299d338d7d23a56,scruples_045,C2_incentive_neutral,gemma4:12b,version_j,p0_default,False,0,"{'model_name': 'gemma4:12b', 'temperature': 0.5, 'top_p': 0.9, 'top_k': None, 'seed': None, 'quantization': 'Q4_K_M'}"
62dcbb90399a7d2b24e19fa9feb84ac59acd2daa78c549270238da96edfdd799,scruples_045,C2_incentive_neutral,gemma4:12b,version_j,p0_default,True,0,"{'model_name': 'gemma4:12b', 'temperature': 0.5, 'top_p': 0.9, 'top_k': None, 'seed': None, 'quantization': 'Q4_K_M'}"
d6c50acdcab066ff648cfe9812194d57a09b3d47adc5826f161acd3cfdcc2bc2,scruples_045,P2_incentive_pressure,gemma4:12b,version_j,p0_default,False,0,"{'model_name': 'gemma4:12b', 'temperature': 0.5, 'top_p': 0.9, 'top_k': None, 'seed': None, 'quantization': 'Q4_K_M'}"
315bbce152703a2aa58f11f5e255ff823946ff21896cac524dfc633912f7fcb0,scruples_045,P2_incentive_pressure,gemma4:12b,version_j,p0_default,True,0,"{'model_name': 'gemma4:12b', 'temperature': 0.5, 'top_p': 0.9, 'top_k': None, 'seed': None, 'quantization': 'Q4_K_M'}"
d99fe644758ce500e147bdadd07de9496566c343f8df7da505728f6e575b90ec,scruples_045,C3_social_neutral,gemma4:12b,version_j,p0_default,False,0,"{'model_name': 'gemma4:12b', 'temperature': 0.5, 'top_p': 0.9, 'top_k': None, 'seed': None, 'quantization': 'Q4_K_M'}"
c22803cb4de44b982425e111898fed3f393e8f7f176d28111781bd98a862415a,scruples_045,C3_social_neutral,gemma4:12b,version_j,p0_default,True,0,"{'model_name': 'gemma4:12b', 'temperature': 0.5, 'top_p': 0.9, 'top_k': None, 'seed': None, 'quantization': 'Q4_K_M'}"
5675fbfb464d6a8686ca85290cdab736c2e564c64f465dbd039f1ba8ca578497,scruples_045,P3_social_pressure,gemma4:12b,version_j,p0_default,False,0,"{'model_name': 'gemma4:12b', 'temperature': 0.5, 'top_p': 0.9, 'top_k': None, 'seed': None, 'quantization': 'Q4_K_M'}"
9ad5a98c2e83f9e4ab6cfa16559302695cdd444d85685e58694e61077c96fff0,scruples_045,P3_social_pressure,gemma4:12b,version_j,p0_default,True,0,"{'model_name': 'gemma4:12b', 'temperature': 0.5, 'top_p': 0.9, 'top_k': None, 'seed': None, 'quantization': 'Q4_K_M'}"
544960f9f4334d6fd9657f9a67f824e33d185dcdcb6225ffafd378918226df5e,scruples_045,C4_metric_neutral,gemma4:12b,version_j,p0_default,False,0,"{'model_name': 'gemma4:12b', 'temperature': 0.5, 'top_p': 0.9, 'top_k': None, 'seed': None, 'quantization': 'Q4_K_M'}"
646b8f22d678ba964dd6cbcad6332a44174c1dd5103b0243d2e2dab7a3d8cdc4,scruples_045,C4_metric_neutral,gemma4:12b,version_j,p0_default,True,0,"{'model_name': 'gemma4:12b', 'temperature': 0.5, 'top_p': 0.9, 'top_k': None, 'seed': None, 'quantization': 'Q4_K_M'}"
7e856e94258c107c955ed38024fe742f6d68c440d99460c80e9acfa7cc9a4ae6,scruples_045,P4_metric_pressure,gemma4:12b,version_j,p0_default,False,0,"{'model_name': 'gemma4:12b', 'temperature': 0.5, 'top_p': 0.9, 'top_k': None, 'seed': None, 'quantization': 'Q4_K_M'}"
0af7c4ac1e4c73e1eff1fd106032db886f3804693b99bfbe1a2e4f61cad808f7,scruples_045,P4_metric_pressure,gemma4:12b,version_j,p0_default,True,0,"{'model_name': 'gemma4:12b', 'temperature': 0.5, 'top_p': 0.9, 'top_k': None, 'seed': None, 'quantization': 'Q4_K_M'}"
798f11d8645c2aafe3ff8a2733a94f5c1d39421aefe04c345812278d92fa932e,scruples_045,R2_relevant_evidence,gemma4:12b,version_j,p0_default,False,0,"{'model_name': 'gemma4:12b', 'temperature': 0.5, 'top_p': 0.9, 'top_k': None, 'seed': None, 'quantization': 'Q4_K_M'}"
0d43666fa9d6546723c02acfa7a4a55f87e54408ecb75d73fa9ad4f058455937,scruples_045,R2_relevant_evidence,gemma4:12b,version_j,p0_default,True,0,"{'model_name': 'gemma4:12b', 'temperature': 0.5, 'top_p': 0.9, 'top_k': None, 'seed': None, 'quantization': 'Q4_K_M'}"
2e212f75e2ff6d228b7533b7e4ef16d967d4ae6163cc56b649c7e844e1bd75b8,scruples_046,B0_stripped_baseline,gemma4:12b,version_j,p0_default,False,0,"{'model_name': 'gemma4:12b', 'temperature': 0.5, 'top_p': 0.9, 'top_k': None, 'seed': None, 'quantization': 'Q4_K_M'}"
d1f3ee27a9d836153cbaa9af60c5540c7496dba2b882e8ef13f677660b4cbf5d,scruples_046,B0_stripped_baseline,gemma4:12b,version_j,p0_default,True,0,"{'model_name': 'gemma4:12b', 'temperature': 0.5, 'top_p': 0.9, 'top_k': None, 'seed': None, 'quantization': 'Q4_K_M'}"
a27aeccc4c50ada96df296966b0429b995f21a0499d851355b5e7ac69ba2af92,scruples_046,C1_authority_neutral,gemma4:12b,version_j,p0_default,False,0,"{'model_name': 'gemma4:12b', 'temperature': 0.5, 'top_p': 0.9, 'top_k': None, 'seed': None, 'quantization': 'Q4_K_M'}"
deb06ea1227b6208f1d5777a124affcd70c3648a9344878287637295dd46c93e,scruples_046,C1_authority_neutral,gemma4:12b,version_j,p0_default,True,0,"{'model_name': 'gemma4:12b', 'temperature': 0.5, 'top_p': 0.9, 'top_k': None, 'seed': None, 'quantization': 'Q4_K_M'}"
a54632c081206dc9e6d00b8ba8abd562f6644d38d48351fc8f837cc3aeafe1a3,scruples_046,P1_authority_pressure,gemma4:12b,version_j,p0_default,False,0,"{'model_name': 'gemma4:12b', 'temperature': 0.5, 'top_p': 0.9, 'top_k': None, 'seed': None, 'quantization': 'Q4_K_M'}"
fd0ebac54d533a8faca3b6e8f169d4ec5500c6f52916b17471de950754f6ccb2,scruples_046,P1_authority_pressure,gemma4:12b,version_j,p0_default,True,0,"{'model_name': 'gemma4:12b', 'temperature': 0.5, 'top_p': 0.9, 'top_k': None, 'seed': None, 'quantization': 'Q4_K_M'}"
35745831bfde32ba05600047428b5c60f05493614edab374800232bffd1843fa,scruples_046,C2_incentive_neutral,gemma4:12b,version_j,p0_default,False,0,"{'model_name': 'gemma4:12b', 'temperature': 0.5, 'top_p': 0.9, 'top_k': None, 'seed': None, 'quantization': 'Q4_K_M'}"
4a99ccf1de528bdbf6877e9873b12c548f11d4d5447db58a46d0f03948bec1d5,scruples_046,C2_incentive_neutral,gemma4:12b,version_j,p0_default,True,0,"{'model_name': 'gemma4:12b', 'temperature': 0.5, 'top_p': 0.9, 'top_k': None, 'seed': None, 'quantization': 'Q4_K_M'}"
dcc6ffc33b438d26eeba2296371420eb6196dec4d617a3e16cda01621d8b4bd4,scruples_046,P2_incentive_pressure,gemma4:12b,version_j,p0_default,False,0,"{'model_name': 'gemma4:12b', 'temperature': 0.5, 'top_p': 0.9, 'top_k': None, 'seed': None, 'quantization': 'Q4_K_M'}"
33b63382cd4e93cbe610221bc23ce18cfe44b62b70bb8056839f34dc128e587e,scruples_046,P2_incentive_pressure,gemma4:12b,version_j,p0_default,True,0,"{'model_name': 'gemma4:12b', 'temperature': 0.5, 'top_p': 0.9, 'top_k': None, 'seed': None, 'quantization': 'Q4_K_M'}"
7cfaa6a5286429654421731522b6d02b971c2968e53feb4931955e4432c7fb8c,scruples_046,C3_social_neutral,gemma4:12b,version_j,p0_default,False,0,"{'model_name': 'gemma4:12b', 'temperature': 0.5, 'top_p': 0.9, 'top_k': None, 'seed': None, 'quantization': 'Q4_K_M'}"
404e886f1dcf9d62a8b30e7b3da6bd6a4886254cfa769bd40cf3d798688905bb,scruples_046,C3_social_neutral,gemma4:12b,version_j,p0_default,True,0,"{'model_name': 'gemma4:12b', 'temperature': 0.5, 'top_p': 0.9, 'top_k': None, 'seed': None, 'quantization': 'Q4_K_M'}"
a62d5880f0235c68c6dea8be96d03eac6aed539b54a99ee37877a67455ebf395,scruples_046,P3_social_pressure,gemma4:12b,version_j,p0_default,False,0,"{'model_name': 'gemma4:12b', 'temperature': 0.5, 'top_p': 0.9, 'top_k': None, 'seed': None, 'quantization': 'Q4_K_M'}"
a16b7d399161fb620a4de0dc850e4fbb839f53e0ba88b2ad6847d5f39a87d6f5,scruples_046,P3_social_pressure,gemma4:12b,version_j,p0_default,True,0,"{'model_name': 'gemma4:12b', 'temperature': 0.5, 'top_p': 0.9, 'top_k': None, 'seed': None, 'quantization': 'Q4_K_M'}"
8af50c7f50de3b46acce07c89afb9981aed175ad85d0f6793826f44268f33123,scruples_046,C4_metric_neutral,gemma4:12b,version_j,p0_default,False,0,"{'model_name': 'gemma4:12b', 'temperature': 0.5, 'top_p': 0.9, 'top_k': None, 'seed': None, 'quantization': 'Q4_K_M'}"
79c5d935165188d2d455521e2d908d43f5f01f8862138e5d013728026ed973b8,scruples_046,C4_metric_neutral,gemma4:12b,version_j,p0_default,True,0,"{'model_name': 'gemma4:12b', 'temperature': 0.5, 'top_p': 0.9, 'top_k': None, 'seed': None, 'quantization': 'Q4_K_M'}"
f6e8d48241cead415f4678e9b6535addcf68ff5148e346aee0f9717f079bf58f,scruples_046,P4_metric_pressure,gemma4:12b,version_j,p0_default,False,0,"{'model_name': 'gemma4:12b', 'temperature': 0.5, 'top_p': 0.9, 'top_k': None, 'seed': None, 'quantization': 'Q4_K_M'}"
12d60da01755d96f7afd21078ce7e36ec4b243256d69334debc2d940a56d717d,scruples_046,P4_metric_pressure,gemma4:12b,version_j,p0_default,True,0,"{'model_name': 'gemma4:12b', 'temperature': 0.5, 'top_p': 0.9, 'top_k': None, 'seed': None, 'quantization': 'Q4_K_M'}"
60b9df8fb12e3589242aaf684091ded8733f6ff5f324d89c96789a98ae92e9d6,scruples_046,R2_relevant_evidence,gemma4:12b,version_j,p0_default,False,0,"{'model_name': 'gemma4:12b', 'temperature': 0.5, 'top_p': 0.9, 'top_k': None, 'seed': None, 'quantization': 'Q4_K_M'}"
fa0fa660ee5950bfff91c3b66191fd69972b4e9a6b689521eaa6f256e4815793,scruples_046,R2_relevant_evidence,gemma4:12b,version_j,p0_default,True,0,"{'model_name': 'gemma4:12b', 'temperature': 0.5, 'top_p': 0.9, 'top_k': None, 'seed': None, 'quantization': 'Q4_K_M'}"
768431bc76b45aba1b7ad018949a4c317bb1cc6cdc7af51239e7a67fef24e20e,scruples_047,B0_stripped_baseline,gemma4:12b,version_j,p0_default,False,0,"{'model_name': 'gemma4:12b', 'temperature': 0.5, 'top_p': 0.9, 'top_k': None, 'seed': None, 'quantization': 'Q4_K_M'}"
0ac5e58f6e8fe63817f03f454d3c6937a35ad5958daade1bf2a3ecacaaccd6c2,scruples_047,B0_stripped_baseline,gemma4:12b,version_j,p0_default,True,0,"{'model_name': 'gemma4:12b', 'temperature': 0.5, 'top_p': 0.9, 'top_k': None, 'seed': None, 'quantization': 'Q4_K_M'}"
2df0caad6c4052cafad01dde400fb5dd16f31553c914ff447624df984a1ab6a4,scruples_047,C1_authority_neutral,gemma4:12b,version_j,p0_default,False,0,"{'model_name': 'gemma4:12b', 'temperature': 0.5, 'top_p': 0.9, 'top_k': None, 'seed': None, 'quantization': 'Q4_K_M'}"
50b53d318bcfda00fd4ddf153beaf6ecd6b1241c1380b8c755cb22b358e34956,scruples_047,C1_authority_neutral,gemma4:12b,version_j,p0_default,True,0,"{'model_name': 'gemma4:12b', 'temperature': 0.5, 'top_p': 0.9, 'top_k': None, 'seed': None, 'quantization': 'Q4_K_M'}"
294424001d9d6a905015356d7f1df1460a588849bd34e7d1d6f00d10760a8b93,scruples_047,P1_authority_pressure,gemma4:12b,version_j,p0_default,False,0,"{'model_name': 'gemma4:12b', 'temperature': 0.5, 'top_p': 0.9, 'top_k': None, 'seed': None, 'quantization': 'Q4_K_M'}"
f0d64424d8cbeaa6604b9b1078abfe2c9ef3556b9b3ad547b6ca7d0fd4edfc90,scruples_047,P1_authority_pressure,gemma4:12b,version_j,p0_default,True,0,"{'model_name': 'gemma4:12b', 'temperature': 0.5, 'top_p': 0.9, 'top_k': None, 'seed': None, 'quantization': 'Q4_K_M'}"
ed302990890dad84c3ae88e58e9386699fe64d9f70c763a752fc8e5bb1bfd2ab,scruples_047,C2_incentive_neutral,gemma4:12b,version_j,p0_default,False,0,"{'model_name': 'gemma4:12b', 'temperature': 0.5, 'top_p': 0.9, 'top_k': None, 'seed': None, 'quantization': 'Q4_K_M'}"
7004f52d3cafb49f95b6a2b7a71a3a31e096862c62514e81e82df8aa2ba4a60e,scruples_047,C2_incentive_neutral,gemma4:12b,version_j,p0_default,True,0,"{'model_name': 'gemma4:12b', 'temperature': 0.5, 'top_p': 0.9, 'top_k': None, 'seed': None, 'quantization': 'Q4_K_M'}"
83409122124baad1d45d83ba4ee2328f1bbb68cfc22649e6e0c322a03a0840c8,scruples_047,P2_incentive_pressure,gemma4:12b,version_j,p0_default,False,0,"{'model_name': 'gemma4:12b', 'temperature': 0.5, 'top_p': 0.9, 'top_k': None, 'seed': None, 'quantization': 'Q4_K_M'}"
20cfaeb0dce31543e5307b9cc2024955c1b1f5bf27f21b5919c1a6a2ab7e618f,scruples_047,P2_incentive_pressure,gemma4:12b,version_j,p0_default,True,0,"{'model_name': 'gemma4:12b', 'temperature': 0.5, 'top_p': 0.9, 'top_k': None, 'seed': None, 'quantization': 'Q4_K_M'}"
d1c091195aac6e39bd0bda8bc44aaa092d650430dd6a3e8b5a03d0cf4a2f654a,scruples_047,C3_social_neutral,gemma4:12b,version_j,p0_default,False,0,"{'model_name': 'gemma4:12b', 'temperature': 0.5, 'top_p': 0.9, 'top_k': None, 'seed': None, 'quantization': 'Q4_K_M'}"
c7390c5f05664f2a3aa9399a03d1f9d19aae5df0c4d43e5265e0e9260950d76f,scruples_047,C3_social_neutral,gemma4:12b,version_j,p0_default,True,0,"{'model_name': 'gemma4:12b', 'temperature': 0.5, 'top_p': 0.9, 'top_k': None, 'seed': None, 'quantization': 'Q4_K_M'}"
7eee5cbfea30d1119ddcbc909d1204a807c3d3d44808e4a09009c8c64194cf04,scruples_047,P3_social_pressure,gemma4:12b,version_j,p0_default,False,0,"{'model_name': 'gemma4:12b', 'temperature': 0.5, 'top_p': 0.9, 'top_k': None, 'seed': None, 'quantization': 'Q4_K_M'}"
7969239409bbabed02de65d58ae119f7a35f268c46c3a5dc1f38c939831f9858,scruples_047,P3_social_pressure,gemma4:12b,version_j,p0_default,True,0,"{'model_name': 'gemma4:12b', 'temperature': 0.5, 'top_p': 0.9, 'top_k': None, 'seed': None, 'quantization': 'Q4_K_M'}"
94734e2081ec49eb3ab9c8ca028bb94c660a9087288418b0dec6b83d64ea2704,scruples_047,C4_metric_neutral,gemma4:12b,version_j,p0_default,False,0,"{'model_name': 'gemma4:12b', 'temperature': 0.5, 'top_p': 0.9, 'top_k': None, 'seed': None, 'quantization': 'Q4_K_M'}"
0628c07c3f69bcc6773e104fb971a7eeaf6e50479dffe1faeab5f3292709f37c,scruples_047,C4_metric_neutral,gemma4:12b,version_j,p0_default,True,0,"{'model_name': 'gemma4:12b', 'temperature': 0.5, 'top_p': 0.9, 'top_k': None, 'seed': None, 'quantization': 'Q4_K_M'}"
87f9c7a22ffa49c2fac165f116245630fddb01679b31e8c0c96f7b76148e0ebc,scruples_047,P4_metric_pressure,gemma4:12b,version_j,p0_default,False,0,"{'model_name': 'gemma4:12b', 'temperature': 0.5, 'top_p': 0.9, 'top_k': None, 'seed': None, 'quantization': 'Q4_K_M'}"
a4156a94e7dab4febf4538b7a047ffa5f8689ace6be2e514a84d975e02f2feda,scruples_047,P4_metric_pressure,gemma4:12b,version_j,p0_default,True,0,"{'model_name': 'gemma4:12b', 'temperature': 0.5, 'top_p': 0.9, 'top_k': None, 'seed': None, 'quantization': 'Q4_K_M'}"
03ab25d94ce14b4224ae2da33f9a1d99b0a36027eab85e71e6538bd75a78842f,scruples_047,R2_relevant_evidence,gemma4:12b,version_j,p0_default,False,0,"{'model_name': 'gemma4:12b', 'temperature': 0.5, 'top_p': 0.9, 'top_k': None, 'seed': None, 'quantization': 'Q4_K_M'}"
23bc77423006ccf5288459b7f84dc855fbf61675be9a8ca6b5975094b6192a8d,scruples_047,R2_relevant_evidence,gemma4:12b,version_j,p0_default,True,0,"{'model_name': 'gemma4:12b', 'temperature': 0.5, 'top_p': 0.9, 'top_k': None, 'seed': None, 'quantization': 'Q4_K_M'}"
424ebd16f2b17e8731f9fa60ff4bcfe93813f6d1c8b94aa03815d91fbbc08607,scruples_048,B0_stripped_baseline,gemma4:12b,version_j,p0_default,False,0,"{'model_name': 'gemma4:12b', 'temperature': 0.5, 'top_p': 0.9, 'top_k': None, 'seed': None, 'quantization': 'Q4_K_M'}"
e2b35f8f3f3f7dcc6ad7feeb5fda10a6f5bcaab7729ad187168f3a6504679867,scruples_048,B0_stripped_baseline,gemma4:12b,version_j,p0_default,True,0,"{'model_name': 'gemma4:12b', 'temperature': 0.5, 'top_p': 0.9, 'top_k': None, 'seed': None, 'quantization': 'Q4_K_M'}"
af021db6f2d39b30597f38eebd41d9b9a174496ee622b18e2f037d1b62c156e2,scruples_048,C1_authority_neutral,gemma4:12b,version_j,p0_default,False,0,"{'model_name': 'gemma4:12b', 'temperature': 0.5, 'top_p': 0.9, 'top_k': None, 'seed': None, 'quantization': 'Q4_K_M'}"
20b52c335dff12536d3da0c1bd910413d2998946f2f884fd4e9062ad35754fda,scruples_048,C1_authority_neutral,gemma4:12b,version_j,p0_default,True,0,"{'model_name': 'gemma4:12b', 'temperature': 0.5, 'top_p': 0.9, 'top_k': None, 'seed': None, 'quantization': 'Q4_K_M'}"
f5766002ba29965d83b9da7ae408a5892550a5a805527f2960ee1e6195287d21,scruples_048,P1_authority_pressure,gemma4:12b,version_j,p0_default,False,0,"{'model_name': 'gemma4:12b', 'temperature': 0.5, 'top_p': 0.9, 'top_k': None, 'seed': None, 'quantization': 'Q4_K_M'}"
af8478674c0eb064904eff1e73678b17bf53ee1aab01b8ab89653c0e8455e80d,scruples_048,P1_authority_pressure,gemma4:12b,version_j,p0_default,True,0,"{'model_name': 'gemma4:12b', 'temperature': 0.5, 'top_p': 0.9, 'top_k': None, 'seed': None, 'quantization': 'Q4_K_M'}"
75301f5a155ecd9b1a4e73e9dc8e64d041314e6c0a6623a6f14179223df3cbfb,scruples_048,C2_incentive_neutral,gemma4:12b,version_j,p0_default,False,0,"{'model_name': 'gemma4:12b', 'temperature': 0.5, 'top_p': 0.9, 'top_k': None, 'seed': None, 'quantization': 'Q4_K_M'}"
eb5d06f96a4a8198d35a19775b39478b33d9f726cf1ff9b7d8b442be189b4170,scruples_048,C2_incentive_neutral,gemma4:12b,version_j,p0_default,True,0,"{'model_name': 'gemma4:12b', 'temperature': 0.5, 'top_p': 0.9, 'top_k': None, 'seed': None, 'quantization': 'Q4_K_M'}"
3381c2172ce75c9cdbebff0eb2b86b286b9576012b36df739bb33488ec55b975,scruples_048,P2_incentive_pressure,gemma4:12b,version_j,p0_default,False,0,"{'model_name': 'gemma4:12b', 'temperature': 0.5, 'top_p': 0.9, 'top_k': None, 'seed': None, 'quantization': 'Q4_K_M'}"
992cb3f3815232953fd8a8454c11f71035a2e6a96911444377c2c2d29bad73bf,scruples_048,P2_incentive_pressure,gemma4:12b,version_j,p0_default,True,0,"{'model_name': 'gemma4:12b', 'temperature': 0.5, 'top_p': 0.9, 'top_k': None, 'seed': None, 'quantization': 'Q4_K_M'}"
aabba78a0151d8134063702cdf8b42d95f987e839a133b4620fe0109cc9766ff,scruples_048,C3_social_neutral,gemma4:12b,version_j,p0_default,False,0,"{'model_name': 'gemma4:12b', 'temperature': 0.5, 'top_p': 0.9, 'top_k': None, 'seed': None, 'quantization': 'Q4_K_M'}"
f1303552dd5c5268788042d1653173d9bf0c95a785a6568b6c197e1ee11c22df,scruples_048,C3_social_neutral,gemma4:12b,version_j,p0_default,True,0,"{'model_name': 'gemma4:12b', 'temperature': 0.5, 'top_p': 0.9, 'top_k': None, 'seed': None, 'quantization': 'Q4_K_M'}"
ef7f465118eb1f5deedfca691203053227170a291bef9756978c9e25afca42e4,scruples_048,P3_social_pressure,gemma4:12b,version_j,p0_default,False,0,"{'model_name': 'gemma4:12b', 'temperature': 0.5, 'top_p': 0.9, 'top_k': None, 'seed': None, 'quantization': 'Q4_K_M'}"
5831bf914a9837f47de777bcb6a926564194e54aa8aefce3f2e5294d0d0f204d,scruples_048,P3_social_pressure,gemma4:12b,version_j,p0_default,True,0,"{'model_name': 'gemma4:12b', 'temperature': 0.5, 'top_p': 0.9, 'top_k': None, 'seed': None, 'quantization': 'Q4_K_M'}"
c46af8f36b8187824eaceba11888b1680e622967365f603301a5739c5dbaccca,scruples_048,C4_metric_neutral,gemma4:12b,version_j,p0_default,False,0,"{'model_name': 'gemma4:12b', 'temperature': 0.5, 'top_p': 0.9, 'top_k': None, 'seed': None, 'quantization': 'Q4_K_M'}"
330a07ef3e781b6602b3b1a7f301d93db581b6199bbf5933c8c4d9722b29b0a1,scruples_048,C4_metric_neutral,gemma4:12b,version_j,p0_default,True,0,"{'model_name': 'gemma4:12b', 'temperature': 0.5, 'top_p': 0.9, 'top_k': None, 'seed': None, 'quantization': 'Q4_K_M'}"
4af86932847b95f67f2f4be97e8b729c17572df61405782d921fa40d0e16cfee,scruples_048,P4_metric_pressure,gemma4:12b,version_j,p0_default,False,0,"{'model_name': 'gemma4:12b', 'temperature': 0.5, 'top_p': 0.9, 'top_k': None, 'seed': None, 'quantization': 'Q4_K_M'}"
2e1c1824de478823c7faf92488b6f9838a43e09ec12b47bd72ca10c4fec58b17,scruples_048,P4_metric_pressure,gemma4:12b,version_j,p0_default,True,0,"{'model_name': 'gemma4:12b', 'temperature': 0.5, 'top_p': 0.9, 'top_k': None, 'seed': None, 'quantization': 'Q4_K_M'}"
ca1cae2e6807bdfdacd2510eaa78df0cd4cd343367c767b115a9a6b885a79d37,scruples_048,R2_relevant_evidence,gemma4:12b,version_j,p0_default,False,0,"{'model_name': 'gemma4:12b', 'temperature': 0.5, 'top_p': 0.9, 'top_k': None, 'seed': None, 'quantization': 'Q4_K_M'}"
aaa0cd5086cbe0118cef42469df004cc6382da8a1b94e613ee0a9629930a67ab,scruples_048,R2_relevant_evidence,gemma4:12b,version_j,p0_default,True,0,"{'model_name': 'gemma4:12b', 'temperature': 0.5, 'top_p': 0.9, 'top_k': None, 'seed': None, 'quantization': 'Q4_K_M'}"
8295a767df67d989a485d278b1016a859188b88980bfaf27bf463c2df0e53b9c,scruples_049,B0_stripped_baseline,gemma4:12b,version_j,p0_default,False,0,"{'model_name': 'gemma4:12b', 'temperature': 0.5, 'top_p': 0.9, 'top_k': None, 'seed': None, 'quantization': 'Q4_K_M'}"
5a0dce4073a81dc6e1389582794d2c81a3e10dbf70db9e13e173466a3b374c1a,scruples_049,B0_stripped_baseline,gemma4:12b,version_j,p0_default,True,0,"{'model_name': 'gemma4:12b', 'temperature': 0.5, 'top_p': 0.9, 'top_k': None, 'seed': None, 'quantization': 'Q4_K_M'}"
435bb262fe45b159f2a77bad4b6d334144a748aab031df1c2f8bc8d57c3cbdbb,scruples_049,C1_authority_neutral,gemma4:12b,version_j,p0_default,False,0,"{'model_name': 'gemma4:12b', 'temperature': 0.5, 'top_p': 0.9, 'top_k': None, 'seed': None, 'quantization': 'Q4_K_M'}"
b7b2f93437cf4548d5275f71c86ca3701ca1d1b7c0be0d701ca4bc5e2769877b,scruples_049,C1_authority_neutral,gemma4:12b,version_j,p0_default,True,0,"{'model_name': 'gemma4:12b', 'temperature': 0.5, 'top_p': 0.9, 'top_k': None, 'seed': None, 'quantization': 'Q4_K_M'}"
064bf05878f00691ff6fa2220d741c6f21e1e36a0d6d37eb10a7022d34ddc522,scruples_049,P1_authority_pressure,gemma4:12b,version_j,p0_default,False,0,"{'model_name': 'gemma4:12b', 'temperature': 0.5, 'top_p': 0.9, 'top_k': None, 'seed': None, 'quantization': 'Q4_K_M'}"
224dda8303d459a177be05b34bda5bae77dc9f904f6ef2d1ed4614799ae85276,scruples_049,P1_authority_pressure,gemma4:12b,version_j,p0_default,True,0,"{'model_name': 'gemma4:12b', 'temperature': 0.5, 'top_p': 0.9, 'top_k': None, 'seed': None, 'quantization': 'Q4_K_M'}"
9014612d791440e32eb6f935e1e162a073e7f54ba038aa99b177e7e24ff22279,scruples_049,C2_incentive_neutral,gemma4:12b,version_j,p0_default,False,0,"{'model_name': 'gemma4:12b', 'temperature': 0.5, 'top_p': 0.9, 'top_k': None, 'seed': None, 'quantization': 'Q4_K_M'}"
b9032156b28b04877f9df5331265d461da3bd55132f71f18c180f633b35c4596,scruples_049,C2_incentive_neutral,gemma4:12b,version_j,p0_default,True,0,"{'model_name': 'gemma4:12b', 'temperature': 0.5, 'top_p': 0.9, 'top_k': None, 'seed': None, 'quantization': 'Q4_K_M'}"
234d466570b95ae60cfad0e0f087e54fde935422774e3966595c8a32ccb99673,scruples_049,P2_incentive_pressure,gemma4:12b,version_j,p0_default,False,0,"{'model_name': 'gemma4:12b', 'temperature': 0.5, 'top_p': 0.9, 'top_k': None, 'seed': None, 'quantization': 'Q4_K_M'}"
7401b6efd8cbdd30fe0e0398e4ac0f4e8221f08d8fa71a2afbabeba3514a4c90,scruples_049,P2_incentive_pressure,gemma4:12b,version_j,p0_default,True,0,"{'model_name': 'gemma4:12b', 'temperature': 0.5, 'top_p': 0.9, 'top_k': None, 'seed': None, 'quantization': 'Q4_K_M'}"
a6ef0aa7185ab962df931580a6cacf97d5640d24b94eba4048cddea0335fc57e,scruples_049,C3_social_neutral,gemma4:12b,version_j,p0_default,False,0,"{'model_name': 'gemma4:12b', 'temperature': 0.5, 'top_p': 0.9, 'top_k': None, 'seed': None, 'quantization': 'Q4_K_M'}"
023fb63ae9bcaf4f26a47f53808538b612723a104d5b2e5c7e95f4b140f972c9,scruples_049,C3_social_neutral,gemma4:12b,version_j,p0_default,True,0,"{'model_name': 'gemma4:12b', 'temperature': 0.5, 'top_p': 0.9, 'top_k': None, 'seed': None, 'quantization': 'Q4_K_M'}"
ae64db9d6560e8806bce2a1bed387e5093604808ecd1efc10fac76647acdac52,scruples_049,P3_social_pressure,gemma4:12b,version_j,p0_default,False,0,"{'model_name': 'gemma4:12b', 'temperature': 0.5, 'top_p': 0.9, 'top_k': None, 'seed': None, 'quantization': 'Q4_K_M'}"
efb799ce1c013435443266ae0ece41de0aa3d57f9044c35d6292058c65a5ad0a,scruples_049,P3_social_pressure,gemma4:12b,version_j,p0_default,True,0,"{'model_name': 'gemma4:12b', 'temperature': 0.5, 'top_p': 0.9, 'top_k': None, 'seed': None, 'quantization': 'Q4_K_M'}"
ef9667629b14faaf3d949b3275e6791e8a0a0bfeb451f5f8e5b7fe43987acb7f,scruples_049,C4_metric_neutral,gemma4:12b,version_j,p0_default,False,0,"{'model_name': 'gemma4:12b', 'temperature': 0.5, 'top_p': 0.9, 'top_k': None, 'seed': None, 'quantization': 'Q4_K_M'}"
12a9e50721bfda97ffb33d8c902748cd8a097bf09e77113633587b3a23c18b7f,scruples_049,C4_metric_neutral,gemma4:12b,version_j,p0_default,True,0,"{'model_name': 'gemma4:12b', 'temperature': 0.5, 'top_p': 0.9, 'top_k': None, 'seed': None, 'quantization': 'Q4_K_M'}"
b136d1e77ac627049c529c9b99f0f8ff6b45f333d98f8db0f1b6b02c25d0d23f,scruples_049,P4_metric_pressure,gemma4:12b,version_j,p0_default,False,0,"{'model_name': 'gemma4:12b', 'temperature': 0.5, 'top_p': 0.9, 'top_k': None, 'seed': None, 'quantization': 'Q4_K_M'}"
b27dbdd7813b1b7719d31fe4538f0bf4cec553429cc1cf1f82f8393e5133ef00,scruples_049,P4_metric_pressure,gemma4:12b,version_j,p0_default,True,0,"{'model_name': 'gemma4:12b', 'temperature': 0.5, 'top_p': 0.9, 'top_k': None, 'seed': None, 'quantization': 'Q4_K_M'}"
7a8a4aa67d76bb27f8a070dc14f7e9dc7fd1c5ab15da81009419743dae82a8ae,scruples_049,R2_relevant_evidence,gemma4:12b,version_j,p0_default,False,0,"{'model_name': 'gemma4:12b', 'temperature': 0.5, 'top_p': 0.9, 'top_k': None, 'seed': None, 'quantization': 'Q4_K_M'}"
1e829a1a924e8dddeb6180b3bc449e7d6c6770d9854d4df473fb0c9838f5aa87,scruples_049,R2_relevant_evidence,gemma4:12b,version_j,p0_default,True,0,"{'model_name': 'gemma4:12b', 'temperature': 0.5, 'top_p': 0.9, 'top_k': None, 'seed': None, 'quantization': 'Q4_K_M'}"
26085709a89b0361dff6a2b7ca66e644352f96f07c4fc352006f5fcbe7723ec5,scruples_050,B0_stripped_baseline,gemma4:12b,version_j,p0_default,False,0,"{'model_name': 'gemma4:12b', 'temperature': 0.5, 'top_p': 0.9, 'top_k': None, 'seed': None, 'quantization': 'Q4_K_M'}"
e946d676bcf6e8bf784a239a1312aaf1369de3d66b831eb8cbed8f940f994cf0,scruples_050,B0_stripped_baseline,gemma4:12b,version_j,p0_default,True,0,"{'model_name': 'gemma4:12b', 'temperature': 0.5, 'top_p': 0.9, 'top_k': None, 'seed': None, 'quantization': 'Q4_K_M'}"
2847296ba4afcd3ac733ce7a2c48ad46a3234cde4aede62bc1f95308e457873b,scruples_050,C1_authority_neutral,gemma4:12b,version_j,p0_default,False,0,"{'model_name': 'gemma4:12b', 'temperature': 0.5, 'top_p': 0.9, 'top_k': None, 'seed': None, 'quantization': 'Q4_K_M'}"
fa9310482393d00db6fd52e031f3cebafedaaa0eaf13342233ee21221f71a36a,scruples_050,C1_authority_neutral,gemma4:12b,version_j,p0_default,True,0,"{'model_name': 'gemma4:12b', 'temperature': 0.5, 'top_p': 0.9, 'top_k': None, 'seed': None, 'quantization': 'Q4_K_M'}"
dad4373b84c69e6787de44291d210004070036bf90aa270f26657d69f7a0005a,scruples_050,P1_authority_pressure,gemma4:12b,version_j,p0_default,False,0,"{'model_name': 'gemma4:12b', 'temperature': 0.5, 'top_p': 0.9, 'top_k': None, 'seed': None, 'quantization': 'Q4_K_M'}"
05347e9146887b66eff8e40771c181baa0d879f70f61979cc8d7ffa615aedf1f,scruples_050,P1_authority_pressure,gemma4:12b,version_j,p0_default,True,0,"{'model_name': 'gemma4:12b', 'temperature': 0.5, 'top_p': 0.9, 'top_k': None, 'seed': None, 'quantization': 'Q4_K_M'}"
383202a790d6e7ac182f5e7ebfbd3e9d249bd509b2b1f5bc87b6b034bb2d0048,scruples_050,C2_incentive_neutral,gemma4:12b,version_j,p0_default,False,0,"{'model_name': 'gemma4:12b', 'temperature': 0.5, 'top_p': 0.9, 'top_k': None, 'seed': None, 'quantization': 'Q4_K_M'}"
afc64b491cdb2e52114b63245e0670f5dbb9e7156d7f8c6fd48212d95c6fd795,scruples_050,C2_incentive_neutral,gemma4:12b,version_j,p0_default,True,0,"{'model_name': 'gemma4:12b', 'temperature': 0.5, 'top_p': 0.9, 'top_k': None, 'seed': None, 'quantization': 'Q4_K_M'}"
892b8af757486ec867a3f91f596927624ad77fbee52c610b85b4686bd0c86b95,scruples_050,P2_incentive_pressure,gemma4:12b,version_j,p0_default,False,0,"{'model_name': 'gemma4:12b', 'temperature': 0.5, 'top_p': 0.9, 'top_k': None, 'seed': None, 'quantization': 'Q4_K_M'}"
28d2a79bde2a6d4ba9c6c5280878a3b2c672586b8fc280f6c6dd9df6787bfcb1,scruples_050,P2_incentive_pressure,gemma4:12b,version_j,p0_default,True,0,"{'model_name': 'gemma4:12b', 'temperature': 0.5, 'top_p': 0.9, 'top_k': None, 'seed': None, 'quantization': 'Q4_K_M'}"
c0ef9ac6ceb2b2b8b71b648bae42ef511b8b89ce3dc31a7e49e1ce8cacc62989,scruples_050,C3_social_neutral,gemma4:12b,version_j,p0_default,False,0,"{'model_name': 'gemma4:12b', 'temperature': 0.5, 'top_p': 0.9, 'top_k': None, 'seed': None, 'quantization': 'Q4_K_M'}"
4728037a8eadd496c8124d4fbcb56bc43aa8d205ca179fd9dee545a58bfd8fdf,scruples_050,C3_social_neutral,gemma4:12b,version_j,p0_default,True,0,"{'model_name': 'gemma4:12b', 'temperature': 0.5, 'top_p': 0.9, 'top_k': None, 'seed': None, 'quantization': 'Q4_K_M'}"
0befc57e38af316a32f7f422af1477b8d878ba95387749c331a159a5119df8c9,scruples_050,P3_social_pressure,gemma4:12b,version_j,p0_default,False,0,"{'model_name': 'gemma4:12b', 'temperature': 0.5, 'top_p': 0.9, 'top_k': None, 'seed': None, 'quantization': 'Q4_K_M'}"
2f1b34b3293ce621b593d47cab7e80f7303bf94de5a231ee0fea6ebfb7c8bc4b,scruples_050,P3_social_pressure,gemma4:12b,version_j,p0_default,True,0,"{'model_name': 'gemma4:12b', 'temperature': 0.5, 'top_p': 0.9, 'top_k': None, 'seed': None, 'quantization': 'Q4_K_M'}"
e379cccab34dab49aa1469ee33fc5771412936b82dd12290c8e4a244d61887df,scruples_050,C4_metric_neutral,gemma4:12b,version_j,p0_default,False,0,"{'model_name': 'gemma4:12b', 'temperature': 0.5, 'top_p': 0.9, 'top_k': None, 'seed': None, 'quantization': 'Q4_K_M'}"
c18e7d16b6a12c0e979d2551b4a18175d04316f0b10ddc9b125dd900ad1e0259,scruples_050,C4_metric_neutral,gemma4:12b,version_j,p0_default,True,0,"{'model_name': 'gemma4:12b', 'temperature': 0.5, 'top_p': 0.9, 'top_k': None, 'seed': None, 'quantization': 'Q4_K_M'}"
55cca77c6cc3c19882065cd086a8e5d04d1e0251c8af54853d17e98cfa7fe52b,scruples_050,P4_metric_pressure,gemma4:12b,version_j,p0_default,False,0,"{'model_name': 'gemma4:12b', 'temperature': 0.5, 'top_p': 0.9, 'top_k': None, 'seed': None, 'quantization': 'Q4_K_M'}"
fa34e70f424f320f14918bb5c1e685d0c0f225bc3f65f121393856474898cf2d,scruples_050,P4_metric_pressure,gemma4:12b,version_j,p0_default,True,0,"{'model_name': 'gemma4:12b', 'temperature': 0.5, 'top_p': 0.9, 'top_k': None, 'seed': None, 'quantization': 'Q4_K_M'}"
7fa3f67ee0295a15393810a75b73cc1493cd5d8a4fbb0a41f98ada884ce7fdf5,scruples_050,R2_relevant_evidence,gemma4:12b,version_j,p0_default,False,0,"{'model_name': 'gemma4:12b', 'temperature': 0.5, 'top_p': 0.9, 'top_k': None, 'seed': None, 'quantization': 'Q4_K_M'}"
63a345662061af33f158cf783d92dc52e02bc84d893c9d1bbfb0b9dc4721ce6c,scruples_050,R2_relevant_evidence,gemma4:12b,version_j,p0_default,True,0,"{'model_name': 'gemma4:12b', 'temperature': 0.5, 'top_p': 0.9, 'top_k': None, 'seed': None, 'quantization': 'Q4_K_M'}"
d163646261479ad2e4c4dbf435292973d4db416aadcdda9edd1acbde04cf356d,scruples_051,B0_stripped_baseline,gemma4:12b,version_j,p0_default,False,0,"{'model_name': 'gemma4:12b', 'temperature': 0.5, 'top_p': 0.9, 'top_k': None, 'seed': None, 'quantization': 'Q4_K_M'}"
cb5e678d7d289526f0233b96c93d2f951ebb1a39466483b3482b2c711b3566f2,scruples_051,B0_stripped_baseline,gemma4:12b,version_j,p0_default,True,0,"{'model_name': 'gemma4:12b', 'temperature': 0.5, 'top_p': 0.9, 'top_k': None, 'seed': None, 'quantization': 'Q4_K_M'}"
bd1609db0598b19ac79b8a0cfbd2bddd5d3f83483cda164f6f272768de7534b4,scruples_051,C1_authority_neutral,gemma4:12b,version_j,p0_default,False,0,"{'model_name': 'gemma4:12b', 'temperature': 0.5, 'top_p': 0.9, 'top_k': None, 'seed': None, 'quantization': 'Q4_K_M'}"
6656c4c970294d9611a5b1d0fd2d3c4c1b50b8d4183b18091ed8db2ffc4c7068,scruples_051,C1_authority_neutral,gemma4:12b,version_j,p0_default,True,0,"{'model_name': 'gemma4:12b', 'temperature': 0.5, 'top_p': 0.9, 'top_k': None, 'seed': None, 'quantization': 'Q4_K_M'}"
0018b4ddcd4e377efcf899fe90297a982165593a6f47a2dbf6e90bd741d28709,scruples_051,P1_authority_pressure,gemma4:12b,version_j,p0_default,False,0,"{'model_name': 'gemma4:12b', 'temperature': 0.5, 'top_p': 0.9, 'top_k': None, 'seed': None, 'quantization': 'Q4_K_M'}"
a3c2a9bb8c138218ce488e9600906f5a5537aabfd18eccf96a88f98ebe09c958,scruples_051,P1_authority_pressure,gemma4:12b,version_j,p0_default,True,0,"{'model_name': 'gemma4:12b', 'temperature': 0.5, 'top_p': 0.9, 'top_k': None, 'seed': None, 'quantization': 'Q4_K_M'}"
0035a73fe76b46babd2f7d12afe2cc4497abf91a0e987b0367359b8178d63f5d,scruples_051,C2_incentive_neutral,gemma4:12b,version_j,p0_default,False,0,"{'model_name': 'gemma4:12b', 'temperature': 0.5, 'top_p': 0.9, 'top_k': None, 'seed': None, 'quantization': 'Q4_K_M'}"
e0f41b78aef1cc148fa2e046fa87979f07a1de97f33e1fc9b75d5867609e5da4,scruples_051,C2_incentive_neutral,gemma4:12b,version_j,p0_default,True,0,"{'model_name': 'gemma4:12b', 'temperature': 0.5, 'top_p': 0.9, 'top_k': None, 'seed': None, 'quantization': 'Q4_K_M'}"
d44714c30e87c6c01db5a90d226a65bb5224cbfcd017d93c0370ea9487038f67,scruples_051,P2_incentive_pressure,gemma4:12b,version_j,p0_default,False,0,"{'model_name': 'gemma4:12b', 'temperature': 0.5, 'top_p': 0.9, 'top_k': None, 'seed': None, 'quantization': 'Q4_K_M'}"
c0d6a46b5529ec5e3142c32f01e25465538f74b82e62d8c2557ea10992d43386,scruples_051,P2_incentive_pressure,gemma4:12b,version_j,p0_default,True,0,"{'model_name': 'gemma4:12b', 'temperature': 0.5, 'top_p': 0.9, 'top_k': None, 'seed': None, 'quantization': 'Q4_K_M'}"
a99da5344914436d114199303e7f816fbf0268f0541445d9aaa3ced191c7a04b,scruples_051,C3_social_neutral,gemma4:12b,version_j,p0_default,False,0,"{'model_name': 'gemma4:12b', 'temperature': 0.5, 'top_p': 0.9, 'top_k': None, 'seed': None, 'quantization': 'Q4_K_M'}"
ddd2c5fada510159a63d43eea46fe9a435a9b7d607591f9d8c4efebfdf45ca53,scruples_051,C3_social_neutral,gemma4:12b,version_j,p0_default,True,0,"{'model_name': 'gemma4:12b', 'temperature': 0.5, 'top_p': 0.9, 'top_k': None, 'seed': None, 'quantization': 'Q4_K_M'}"
f77b2f87acfa34513f6003901cf7444ec8e1618c55dcfe1f07595e8471caf4b2,scruples_051,P3_social_pressure,gemma4:12b,version_j,p0_default,False,0,"{'model_name': 'gemma4:12b', 'temperature': 0.5, 'top_p': 0.9, 'top_k': None, 'seed': None, 'quantization': 'Q4_K_M'}"
f5d8f6979c2ca0abec8a08ae0d8964f4367f2d3efae180ef319497d0b8f22caf,scruples_051,P3_social_pressure,gemma4:12b,version_j,p0_default,True,0,"{'model_name': 'gemma4:12b', 'temperature': 0.5, 'top_p': 0.9, 'top_k': None, 'seed': None, 'quantization': 'Q4_K_M'}"
83b08a3ec8acaff3fc503ab2f29a2366f32b97784041ee9572a7e51ae4c8d14a,scruples_051,C4_metric_neutral,gemma4:12b,version_j,p0_default,False,0,"{'model_name': 'gemma4:12b', 'temperature': 0.5, 'top_p': 0.9, 'top_k': None, 'seed': None, 'quantization': 'Q4_K_M'}"
aa0782194a6a87290f386f10195970945f24b35c4a76092ce78506e824718b32,scruples_051,C4_metric_neutral,gemma4:12b,version_j,p0_default,True,0,"{'model_name': 'gemma4:12b', 'temperature': 0.5, 'top_p': 0.9, 'top_k': None, 'seed': None, 'quantization': 'Q4_K_M'}"
85dae2613673ad04bff47f1277f9122db042e835026f4c30b6b40c84f69f89a6,scruples_051,P4_metric_pressure,gemma4:12b,version_j,p0_default,False,0,"{'model_name': 'gemma4:12b', 'temperature': 0.5, 'top_p': 0.9, 'top_k': None, 'seed': None, 'quantization': 'Q4_K_M'}"
47d14e02e8fbb64b1ff5acbf384f374577821639bbdc24388f1fdb3d5d3f1fab,scruples_051,P4_metric_pressure,gemma4:12b,version_j,p0_default,True,0,"{'model_name': 'gemma4:12b', 'temperature': 0.5, 'top_p': 0.9, 'top_k': None, 'seed': None, 'quantization': 'Q4_K_M'}"
dfa398a4313c280f5e2aa30fe42c8c1e297bd50e2c69030d4fda23b0fbaff5ee,scruples_051,R2_relevant_evidence,gemma4:12b,version_j,p0_default,False,0,"{'model_name': 'gemma4:12b', 'temperature': 0.5, 'top_p': 0.9, 'top_k': None, 'seed': None, 'quantization': 'Q4_K_M'}"
d5adc21765337eeb87bf251eeefd45a045b65268fa738749406429f65fe6b08f,scruples_051,R2_relevant_evidence,gemma4:12b,version_j,p0_default,True,0,"{'model_name': 'gemma4:12b', 'temperature': 0.5, 'top_p': 0.9, 'top_k': None, 'seed': None, 'quantization': 'Q4_K_M'}"
ea1cffcb78539758fcdb91699a9ba6000e03934eb11a856dc8d838d240dd00d9,scruples_052,B0_stripped_baseline,gemma4:12b,version_j,p0_default,False,0,"{'model_name': 'gemma4:12b', 'temperature': 0.5, 'top_p': 0.9, 'top_k': None, 'seed': None, 'quantization': 'Q4_K_M'}"
526ac16d048f64197858e86278230d0c8b3356cfca67184d07ff9ebfce03b29e,scruples_052,B0_stripped_baseline,gemma4:12b,version_j,p0_default,True,0,"{'model_name': 'gemma4:12b', 'temperature': 0.5, 'top_p': 0.9, 'top_k': None, 'seed': None, 'quantization': 'Q4_K_M'}"
3c5a0786a2fa691cfdc93081780b59864a08ab511989d57ca4ed50b6954c83c3,scruples_052,C1_authority_neutral,gemma4:12b,version_j,p0_default,False,0,"{'model_name': 'gemma4:12b', 'temperature': 0.5, 'top_p': 0.9, 'top_k': None, 'seed': None, 'quantization': 'Q4_K_M'}"
706648e5ed6576ca420126f75dae659f109fe4256be9e59891212dd5f9d95560,scruples_052,C1_authority_neutral,gemma4:12b,version_j,p0_default,True,0,"{'model_name': 'gemma4:12b', 'temperature': 0.5, 'top_p': 0.9, 'top_k': None, 'seed': None, 'quantization': 'Q4_K_M'}"
e4b06e42e5d7afc2788606ccd8ece27815586fe29f5ba66133b6b29e0548fc3c,scruples_052,P1_authority_pressure,gemma4:12b,version_j,p0_default,False,0,"{'model_name': 'gemma4:12b', 'temperature': 0.5, 'top_p': 0.9, 'top_k': None, 'seed': None, 'quantization': 'Q4_K_M'}"
8e484bdcef2d9f1711cf78df24a3629b420a31f86add22212cd28072576d71e7,scruples_052,P1_authority_pressure,gemma4:12b,version_j,p0_default,True,0,"{'model_name': 'gemma4:12b', 'temperature': 0.5, 'top_p': 0.9, 'top_k': None, 'seed': None, 'quantization': 'Q4_K_M'}"
bfed2ada1f24dfe6b9596aa077392e4f2211b2f5f6f5ca89f43dc35766af8ed7,scruples_052,C2_incentive_neutral,gemma4:12b,version_j,p0_default,False,0,"{'model_name': 'gemma4:12b', 'temperature': 0.5, 'top_p': 0.9, 'top_k': None, 'seed': None, 'quantization': 'Q4_K_M'}"
39f8e2a8af6de43bf24a09abdd4e704687058c7b54a5cdb65da7213bd8637179,scruples_052,C2_incentive_neutral,gemma4:12b,version_j,p0_default,True,0,"{'model_name': 'gemma4:12b', 'temperature': 0.5, 'top_p': 0.9, 'top_k': None, 'seed': None, 'quantization': 'Q4_K_M'}"
522e2c2452be2926ece0ee4fd77ac9290ed1100b16cab378626954f1b603459a,scruples_052,P2_incentive_pressure,gemma4:12b,version_j,p0_default,False,0,"{'model_name': 'gemma4:12b', 'temperature': 0.5, 'top_p': 0.9, 'top_k': None, 'seed': None, 'quantization': 'Q4_K_M'}"
697b0a9d10da702238280414fb11233d8853b87bc78af045d2488972f0442744,scruples_052,P2_incentive_pressure,gemma4:12b,version_j,p0_default,True,0,"{'model_name': 'gemma4:12b', 'temperature': 0.5, 'top_p': 0.9, 'top_k': None, 'seed': None, 'quantization': 'Q4_K_M'}"
ee89952f39fc78b146eae20006f4fc7d07d6cba642f4bc9dc4c2fa5c12b5fd24,scruples_052,C3_social_neutral,gemma4:12b,version_j,p0_default,False,0,"{'model_name': 'gemma4:12b', 'temperature': 0.5, 'top_p': 0.9, 'top_k': None, 'seed': None, 'quantization': 'Q4_K_M'}"
ebc9cb9850287ff616d468e49b184c0faa78dde1ef03fe0db5e471ec80757477,scruples_052,C3_social_neutral,gemma4:12b,version_j,p0_default,True,0,"{'model_name': 'gemma4:12b', 'temperature': 0.5, 'top_p': 0.9, 'top_k': None, 'seed': None, 'quantization': 'Q4_K_M'}"
0c014357640c4faa056a13df0285a8031ca75e79e0e074877ed8a408539772bd,scruples_052,P3_social_pressure,gemma4:12b,version_j,p0_default,False,0,"{'model_name': 'gemma4:12b', 'temperature': 0.5, 'top_p': 0.9, 'top_k': None, 'seed': None, 'quantization': 'Q4_K_M'}"
3608f71d6fd7c55cf266d3717618153b4eab75cb4234a87a6e7ce226ebd2dd47,scruples_052,P3_social_pressure,gemma4:12b,version_j,p0_default,True,0,"{'model_name': 'gemma4:12b', 'temperature': 0.5, 'top_p': 0.9, 'top_k': None, 'seed': None, 'quantization': 'Q4_K_M'}"
7dd3e512d2c60ebc29474676d400fc9d5d848e96de1d272b490d5d2f71dada79,scruples_052,C4_metric_neutral,gemma4:12b,version_j,p0_default,False,0,"{'model_name': 'gemma4:12b', 'temperature': 0.5, 'top_p': 0.9, 'top_k': None, 'seed': None, 'quantization': 'Q4_K_M'}"
6548c00e99b367b073a25293c0e4b8a761c12c10fa9c94938afe9d827fe973d3,scruples_052,C4_metric_neutral,gemma4:12b,version_j,p0_default,True,0,"{'model_name': 'gemma4:12b', 'temperature': 0.5, 'top_p': 0.9, 'top_k': None, 'seed': None, 'quantization': 'Q4_K_M'}"
a7638677985d401f5236a2683095b27629768c45b11b753cdd35877a0d0278cf,scruples_052,P4_metric_pressure,gemma4:12b,version_j,p0_default,False,0,"{'model_name': 'gemma4:12b', 'temperature': 0.5, 'top_p': 0.9, 'top_k': None, 'seed': None, 'quantization': 'Q4_K_M'}"
5c527654e76f792818364614dd6a22da3f4b435b85564365d45e474e376fced1,scruples_052,P4_metric_pressure,gemma4:12b,version_j,p0_default,True,0,"{'model_name': 'gemma4:12b', 'temperature': 0.5, 'top_p': 0.9, 'top_k': None, 'seed': None, 'quantization': 'Q4_K_M'}"
e57c744f88c9ba40a017c367a1cca6c7d61ca878c89ae60da05abadc9d5faa23,scruples_052,R2_relevant_evidence,gemma4:12b,version_j,p0_default,False,0,"{'model_name': 'gemma4:12b', 'temperature': 0.5, 'top_p': 0.9, 'top_k': None, 'seed': None, 'quantization': 'Q4_K_M'}"
3700a6adf00d3220313483c3a975bcde57bf129af645e86594ff5aa0e13c70f5,scruples_052,R2_relevant_evidence,gemma4:12b,version_j,p0_default,True,0,"{'model_name': 'gemma4:12b', 'temperature': 0.5, 'top_p': 0.9, 'top_k': None, 'seed': None, 'quantization': 'Q4_K_M'}"
36b7fb8955a9f10e2e2cc0fcecd3e75e0d26be16bea0c5d30bb2635da57d0a2d,scruples_053,B0_stripped_baseline,gemma4:12b,version_j,p0_default,False,0,"{'model_name': 'gemma4:12b', 'temperature': 0.5, 'top_p': 0.9, 'top_k': None, 'seed': None, 'quantization': 'Q4_K_M'}"
b4f32d02a4dc200b66933a2d10e22f8ebad90abce4c18f410834b689d7cf4e8e,scruples_053,B0_stripped_baseline,gemma4:12b,version_j,p0_default,True,0,"{'model_name': 'gemma4:12b', 'temperature': 0.5, 'top_p': 0.9, 'top_k': None, 'seed': None, 'quantization': 'Q4_K_M'}"
9aabf30b2746dfe034a2e156fa77c201b634e0275ec9a1e0d4ff05b2b8335d6d,scruples_053,C1_authority_neutral,gemma4:12b,version_j,p0_default,False,0,"{'model_name': 'gemma4:12b', 'temperature': 0.5, 'top_p': 0.9, 'top_k': None, 'seed': None, 'quantization': 'Q4_K_M'}"
f924f82adbf1532f958b8bf5e6e4dffeafdd51d5abd79af2a99b8fa208deda2f,scruples_053,C1_authority_neutral,gemma4:12b,version_j,p0_default,True,0,"{'model_name': 'gemma4:12b', 'temperature': 0.5, 'top_p': 0.9, 'top_k': None, 'seed': None, 'quantization': 'Q4_K_M'}"
b0efea2cda6227f676899b20d9effc3d02d884904a754efdc726fafca8bb08bc,scruples_053,P1_authority_pressure,gemma4:12b,version_j,p0_default,False,0,"{'model_name': 'gemma4:12b', 'temperature': 0.5, 'top_p': 0.9, 'top_k': None, 'seed': None, 'quantization': 'Q4_K_M'}"
72e8f10b7e1a3c5c3e9f3b91aca2038933f5c8670165e93e36ca452cbcc91b78,scruples_053,P1_authority_pressure,gemma4:12b,version_j,p0_default,True,0,"{'model_name': 'gemma4:12b', 'temperature': 0.5, 'top_p': 0.9, 'top_k': None, 'seed': None, 'quantization': 'Q4_K_M'}"
23ac2b2788dd3d6268ab03083ee482fa4dddbc5733ab5a1ff23ecc43f326c93c,scruples_053,C2_incentive_neutral,gemma4:12b,version_j,p0_default,False,0,"{'model_name': 'gemma4:12b', 'temperature': 0.5, 'top_p': 0.9, 'top_k': None, 'seed': None, 'quantization': 'Q4_K_M'}"
b2941acdcd2648d0d268c264ce6137a5dc187fd2f709b09b664a3fddcdc080ec,scruples_053,C2_incentive_neutral,gemma4:12b,version_j,p0_default,True,0,"{'model_name': 'gemma4:12b', 'temperature': 0.5, 'top_p': 0.9, 'top_k': None, 'seed': None, 'quantization': 'Q4_K_M'}"
f25de4ae96dc5dcde1808a8843c170dd5ceafb5ea2dae88ae6b46b3982e86f09,scruples_053,P2_incentive_pressure,gemma4:12b,version_j,p0_default,False,0,"{'model_name': 'gemma4:12b', 'temperature': 0.5, 'top_p': 0.9, 'top_k': None, 'seed': None, 'quantization': 'Q4_K_M'}"
3cdf9933a55ac301d8d5ade0b089ff66518d972bfd0c67df8116a5f576bea6e0,scruples_053,P2_incentive_pressure,gemma4:12b,version_j,p0_default,True,0,"{'model_name': 'gemma4:12b', 'temperature': 0.5, 'top_p': 0.9, 'top_k': None, 'seed': None, 'quantization': 'Q4_K_M'}"
0383caf1e06eebbd437d19ec7b719ef5ef633ae884e646e03477c6e2e41f4a0e,scruples_053,C3_social_neutral,gemma4:12b,version_j,p0_default,False,0,"{'model_name': 'gemma4:12b', 'temperature': 0.5, 'top_p': 0.9, 'top_k': None, 'seed': None, 'quantization': 'Q4_K_M'}"
1590cb7d6466c6e978e16ea5a45629362d20fa0ee80461566dbdce8b93695e85,scruples_053,C3_social_neutral,gemma4:12b,version_j,p0_default,True,0,"{'model_name': 'gemma4:12b', 'temperature': 0.5, 'top_p': 0.9, 'top_k': None, 'seed': None, 'quantization': 'Q4_K_M'}"
687e752708f8b2a95dcd9ae95cf0cab1d8a8242816b72982126aabb2a2f57b5b,scruples_053,P3_social_pressure,gemma4:12b,version_j,p0_default,False,0,"{'model_name': 'gemma4:12b', 'temperature': 0.5, 'top_p': 0.9, 'top_k': None, 'seed': None, 'quantization': 'Q4_K_M'}"
c17a7743eefc2e9bca6238e392f3a64315787e00e6a39e0d7bcd27b6c6603c16,scruples_053,P3_social_pressure,gemma4:12b,version_j,p0_default,True,0,"{'model_name': 'gemma4:12b', 'temperature': 0.5, 'top_p': 0.9, 'top_k': None, 'seed': None, 'quantization': 'Q4_K_M'}"
e6c216249fe7e49da682acdf2aef38684fc8a632f68793533f58340145ee0545,scruples_053,C4_metric_neutral,gemma4:12b,version_j,p0_default,False,0,"{'model_name': 'gemma4:12b', 'temperature': 0.5, 'top_p': 0.9, 'top_k': None, 'seed': None, 'quantization': 'Q4_K_M'}"
095d2ee5c5bd07f5aec2827b69333adf97ecfa81adeb2c1947419faf0b161ffd,scruples_053,C4_metric_neutral,gemma4:12b,version_j,p0_default,True,0,"{'model_name': 'gemma4:12b', 'temperature': 0.5, 'top_p': 0.9, 'top_k': None, 'seed': None, 'quantization': 'Q4_K_M'}"
1edda3bfd077b4b3c8e72824b091ab5714e086acb5278a1aacbaa5e67f21266f,scruples_053,P4_metric_pressure,gemma4:12b,version_j,p0_default,False,0,"{'model_name': 'gemma4:12b', 'temperature': 0.5, 'top_p': 0.9, 'top_k': None, 'seed': None, 'quantization': 'Q4_K_M'}"
d361961e4f3d09f9262968e10dc7e4eb5a2cead9140a8057182184a4ce7f21dc,scruples_053,P4_metric_pressure,gemma4:12b,version_j,p0_default,True,0,"{'model_name': 'gemma4:12b', 'temperature': 0.5, 'top_p': 0.9, 'top_k': None, 'seed': None, 'quantization': 'Q4_K_M'}"
2d0f9c4859ce971fbd6d58e56e831df900c462654336130156d78676c7d32e81,scruples_053,R2_relevant_evidence,gemma4:12b,version_j,p0_default,False,0,"{'model_name': 'gemma4:12b', 'temperature': 0.5, 'top_p': 0.9, 'top_k': None, 'seed': None, 'quantization': 'Q4_K_M'}"
6d1705c2c15b3b1382358ee9a2feede33002b1fc9dc6703077c7cc484f86188f,scruples_053,R2_relevant_evidence,gemma4:12b,version_j,p0_default,True,0,"{'model_name': 'gemma4:12b', 'temperature': 0.5, 'top_p': 0.9, 'top_k': None, 'seed': None, 'quantization': 'Q4_K_M'}"
286c3013b84f826851ba6c5df56e058d49620392cc15b14de5dbc79ebcdc69a5,scruples_054,B0_stripped_baseline,gemma4:12b,version_j,p0_default,False,0,"{'model_name': 'gemma4:12b', 'temperature': 0.5, 'top_p': 0.9, 'top_k': None, 'seed': None, 'quantization': 'Q4_K_M'}"
af0236efa236e7d1c757b6fce85324e1fbc1c86e795c1cdd299e950a13d41a4c,scruples_054,B0_stripped_baseline,gemma4:12b,version_j,p0_default,True,0,"{'model_name': 'gemma4:12b', 'temperature': 0.5, 'top_p': 0.9, 'top_k': None, 'seed': None, 'quantization': 'Q4_K_M'}"
2d9ba440fbcdf952595a23d3cc0f0af6cd54d8cfce400c1d476e3d4bcbece6d0,scruples_054,C1_authority_neutral,gemma4:12b,version_j,p0_default,False,0,"{'model_name': 'gemma4:12b', 'temperature': 0.5, 'top_p': 0.9, 'top_k': None, 'seed': None, 'quantization': 'Q4_K_M'}"
4d5463f2a3110ba30ebc09dc6a34d661f1d5d584d36fe2127c13dc2db9076dc6,scruples_054,C1_authority_neutral,gemma4:12b,version_j,p0_default,True,0,"{'model_name': 'gemma4:12b', 'temperature': 0.5, 'top_p': 0.9, 'top_k': None, 'seed': None, 'quantization': 'Q4_K_M'}"
01cbe4cfb3419f87595bcd3fe372e2eebe9d954958a63c8078c8cdf3cdc6a43f,scruples_054,P1_authority_pressure,gemma4:12b,version_j,p0_default,False,0,"{'model_name': 'gemma4:12b', 'temperature': 0.5, 'top_p': 0.9, 'top_k': None, 'seed': None, 'quantization': 'Q4_K_M'}"
7a087ed9f2faff6dd95ab298326542aec0fba210e6568d921f7a083db35e1911,scruples_054,P1_authority_pressure,gemma4:12b,version_j,p0_default,True,0,"{'model_name': 'gemma4:12b', 'temperature': 0.5, 'top_p': 0.9, 'top_k': None, 'seed': None, 'quantization': 'Q4_K_M'}"
7921c932d4dd8644bd767be923f3d2f2d00460c19919d0a459790830a276224a,scruples_054,C2_incentive_neutral,gemma4:12b,version_j,p0_default,False,0,"{'model_name': 'gemma4:12b', 'temperature': 0.5, 'top_p': 0.9, 'top_k': None, 'seed': None, 'quantization': 'Q4_K_M'}"
24be38a634e16e2248da6a2509203fd66ee7cf518180d919d1e5036194e96e8c,scruples_054,C2_incentive_neutral,gemma4:12b,version_j,p0_default,True,0,"{'model_name': 'gemma4:12b', 'temperature': 0.5, 'top_p': 0.9, 'top_k': None, 'seed': None, 'quantization': 'Q4_K_M'}"
670e1b11f4a79ec4d41b9d0f52989bda6c095eea0bc96edde783d27c0985d04e,scruples_054,P2_incentive_pressure,gemma4:12b,version_j,p0_default,False,0,"{'model_name': 'gemma4:12b', 'temperature': 0.5, 'top_p': 0.9, 'top_k': None, 'seed': None, 'quantization': 'Q4_K_M'}"
e170513352b7b4852fae1bcd2ee860cf54a5159dddc039aafc6f0aee6f66e95c,scruples_054,P2_incentive_pressure,gemma4:12b,version_j,p0_default,True,0,"{'model_name': 'gemma4:12b', 'temperature': 0.5, 'top_p': 0.9, 'top_k': None, 'seed': None, 'quantization': 'Q4_K_M'}"
a6de46cbaa06d838a9fba486d6ea29854aed47e5ef185332d9854904d268ecd3,scruples_054,C3_social_neutral,gemma4:12b,version_j,p0_default,False,0,"{'model_name': 'gemma4:12b', 'temperature': 0.5, 'top_p': 0.9, 'top_k': None, 'seed': None, 'quantization': 'Q4_K_M'}"
faa90c76af0b39c4bd392d0d6683fbd5e260b21cc5e4402a824f1e6703760a04,scruples_054,C3_social_neutral,gemma4:12b,version_j,p0_default,True,0,"{'model_name': 'gemma4:12b', 'temperature': 0.5, 'top_p': 0.9, 'top_k': None, 'seed': None, 'quantization': 'Q4_K_M'}"
4789d5d3d6ce097df1397ae791a9ce6fb9a7b7ebc904c11a2cded8f05a11b1b6,scruples_054,P3_social_pressure,gemma4:12b,version_j,p0_default,False,0,"{'model_name': 'gemma4:12b', 'temperature': 0.5, 'top_p': 0.9, 'top_k': None, 'seed': None, 'quantization': 'Q4_K_M'}"
f56b787362c2d839f3f23491b5151976f1fc179f991f3cb12fe08663989517ee,scruples_054,P3_social_pressure,gemma4:12b,version_j,p0_default,True,0,"{'model_name': 'gemma4:12b', 'temperature': 0.5, 'top_p': 0.9, 'top_k': None, 'seed': None, 'quantization': 'Q4_K_M'}"
1ab176343c9b96dc198e5f1fa1f13258bc5e40dfbb21d3b94ec9e3521504d974,scruples_054,C4_metric_neutral,gemma4:12b,version_j,p0_default,False,0,"{'model_name': 'gemma4:12b', 'temperature': 0.5, 'top_p': 0.9, 'top_k': None, 'seed': None, 'quantization': 'Q4_K_M'}"
a122801e9c765bca54563f9cb929992d3913af20057d98b54f3019a889abfae3,scruples_054,C4_metric_neutral,gemma4:12b,version_j,p0_default,True,0,"{'model_name': 'gemma4:12b', 'temperature': 0.5, 'top_p': 0.9, 'top_k': None, 'seed': None, 'quantization': 'Q4_K_M'}"
27b68e0d58c4087ceaf0731716a1e5a237de906bc91ed242da59d0021be82961,scruples_054,P4_metric_pressure,gemma4:12b,version_j,p0_default,False,0,"{'model_name': 'gemma4:12b', 'temperature': 0.5, 'top_p': 0.9, 'top_k': None, 'seed': None, 'quantization': 'Q4_K_M'}"
c4b1335d823e8950e1214efde21ec6eae650550c9bd4cf1525dfdf19924b87ab,scruples_054,P4_metric_pressure,gemma4:12b,version_j,p0_default,True,0,"{'model_name': 'gemma4:12b', 'temperature': 0.5, 'top_p': 0.9, 'top_k': None, 'seed': None, 'quantization': 'Q4_K_M'}"
b4a0979020672d08002a798b9049aa0f37f677ce2046b592de928d9a00adc9ec,scruples_054,R2_relevant_evidence,gemma4:12b,version_j,p0_default,False,0,"{'model_name': 'gemma4:12b', 'temperature': 0.5, 'top_p': 0.9, 'top_k': None, 'seed': None, 'quantization': 'Q4_K_M'}"
b4f265dbb5e6edf417c8c7ac4bd9801dc016c5990b48993e3a1d85795cc80a39,scruples_054,R2_relevant_evidence,gemma4:12b,version_j,p0_default,True,0,"{'model_name': 'gemma4:12b', 'temperature': 0.5, 'top_p': 0.9, 'top_k': None, 'seed': None, 'quantization': 'Q4_K_M'}"
5e730a10c41a880451f971c4231f5e24671a49996c35670b901629a40f4c816f,scruples_055,B0_stripped_baseline,gemma4:12b,version_j,p0_default,False,0,"{'model_name': 'gemma4:12b', 'temperature': 0.5, 'top_p': 0.9, 'top_k': None, 'seed': None, 'quantization': 'Q4_K_M'}"
3f67008977ef5e820f3f1fae3dbb94468757d9e8a64a30d3fe5eae7f6fdb225a,scruples_055,B0_stripped_baseline,gemma4:12b,version_j,p0_default,True,0,"{'model_name': 'gemma4:12b', 'temperature': 0.5, 'top_p': 0.9, 'top_k': None, 'seed': None, 'quantization': 'Q4_K_M'}"
c07a1cf84f1d754e89f57819de6df78010f0d40f59470b22a1402cae47f503f4,scruples_055,C1_authority_neutral,gemma4:12b,version_j,p0_default,False,0,"{'model_name': 'gemma4:12b', 'temperature': 0.5, 'top_p': 0.9, 'top_k': None, 'seed': None, 'quantization': 'Q4_K_M'}"
ed36c632fe4bcdbe5da6471010a4a021a1d5440ddfd9cda1561827f2862f8e30,scruples_055,C1_authority_neutral,gemma4:12b,version_j,p0_default,True,0,"{'model_name': 'gemma4:12b', 'temperature': 0.5, 'top_p': 0.9, 'top_k': None, 'seed': None, 'quantization': 'Q4_K_M'}"
54be52e392eeef5817d833918bd2f83f9e33d066b543296b832cb4e415e230f5,scruples_055,P1_authority_pressure,gemma4:12b,version_j,p0_default,False,0,"{'model_name': 'gemma4:12b', 'temperature': 0.5, 'top_p': 0.9, 'top_k': None, 'seed': None, 'quantization': 'Q4_K_M'}"
bf6a30e8a9b6df3ef48193d0063c71e2b80997c7ef4fc29e4e9cdc80c5831612,scruples_055,P1_authority_pressure,gemma4:12b,version_j,p0_default,True,0,"{'model_name': 'gemma4:12b', 'temperature': 0.5, 'top_p': 0.9, 'top_k': None, 'seed': None, 'quantization': 'Q4_K_M'}"
5048af5a1ce03607e0ba5ba9a615896845b5d5611668c3a2427c373aa3e7f53f,scruples_055,C2_incentive_neutral,gemma4:12b,version_j,p0_default,False,0,"{'model_name': 'gemma4:12b', 'temperature': 0.5, 'top_p': 0.9, 'top_k': None, 'seed': None, 'quantization': 'Q4_K_M'}"
afb636534ecf1aff487b368da5b42f12653bbe49025138f15e2803ebfea5897a,scruples_055,C2_incentive_neutral,gemma4:12b,version_j,p0_default,True,0,"{'model_name': 'gemma4:12b', 'temperature': 0.5, 'top_p': 0.9, 'top_k': None, 'seed': None, 'quantization': 'Q4_K_M'}"
28c63af2cc0fea45a9e288998a00b7c1bdd4eb11cab491b8a5021ed33cbb951b,scruples_055,P2_incentive_pressure,gemma4:12b,version_j,p0_default,False,0,"{'model_name': 'gemma4:12b', 'temperature': 0.5, 'top_p': 0.9, 'top_k': None, 'seed': None, 'quantization': 'Q4_K_M'}"
194965480dcdd8e52ac9ffc91a7269b71f3970edb31811bad98837b5712edf18,scruples_055,P2_incentive_pressure,gemma4:12b,version_j,p0_default,True,0,"{'model_name': 'gemma4:12b', 'temperature': 0.5, 'top_p': 0.9, 'top_k': None, 'seed': None, 'quantization': 'Q4_K_M'}"
46d08ee6abfd323784ff803cf2d0d1f064b462408a18dfc070b51902c86a439c,scruples_055,C3_social_neutral,gemma4:12b,version_j,p0_default,False,0,"{'model_name': 'gemma4:12b', 'temperature': 0.5, 'top_p': 0.9, 'top_k': None, 'seed': None, 'quantization': 'Q4_K_M'}"
0fbb05b7128f312f4fa78dae3cb42078685dfab1142e30909e1a7df4844fb7e8,scruples_055,C3_social_neutral,gemma4:12b,version_j,p0_default,True,0,"{'model_name': 'gemma4:12b', 'temperature': 0.5, 'top_p': 0.9, 'top_k': None, 'seed': None, 'quantization': 'Q4_K_M'}"
2d083e8d12a76ec9a3e6f1f712c192dfd54760f42b5680aebf5783f1aa17dc30,scruples_055,P3_social_pressure,gemma4:12b,version_j,p0_default,False,0,"{'model_name': 'gemma4:12b', 'temperature': 0.5, 'top_p': 0.9, 'top_k': None, 'seed': None, 'quantization': 'Q4_K_M'}"
02d4188d6b22d5e6f64b7694d03d331e87fe59e06dd0d92fd31ff12cac2e2df4,scruples_055,P3_social_pressure,gemma4:12b,version_j,p0_default,True,0,"{'model_name': 'gemma4:12b', 'temperature': 0.5, 'top_p': 0.9, 'top_k': None, 'seed': None, 'quantization': 'Q4_K_M'}"
963393dadb4ee80d70be7772eb6f1347a407710c41db1427ff83bc0a66f8186c,scruples_055,C4_metric_neutral,gemma4:12b,version_j,p0_default,False,0,"{'model_name': 'gemma4:12b', 'temperature': 0.5, 'top_p': 0.9, 'top_k': None, 'seed': None, 'quantization': 'Q4_K_M'}"
1eecbdaa0f9b8a5cb66e15d3d767f1bde0c13a0c534f53333cd2ff4d936aca7b,scruples_055,C4_metric_neutral,gemma4:12b,version_j,p0_default,True,0,"{'model_name': 'gemma4:12b', 'temperature': 0.5, 'top_p': 0.9, 'top_k': None, 'seed': None, 'quantization': 'Q4_K_M'}"
dc4acc72aaa0bcc82961cfaaefe543d70e2fdd511571f73d511a9dae368edfe9,scruples_055,P4_metric_pressure,gemma4:12b,version_j,p0_default,False,0,"{'model_name': 'gemma4:12b', 'temperature': 0.5, 'top_p': 0.9, 'top_k': None, 'seed': None, 'quantization': 'Q4_K_M'}"
48bd40dae921bef9f23597f879a3860e20c903cde6d7821bb033b4dcdcbdb7aa,scruples_055,P4_metric_pressure,gemma4:12b,version_j,p0_default,True,0,"{'model_name': 'gemma4:12b', 'temperature': 0.5, 'top_p': 0.9, 'top_k': None, 'seed': None, 'quantization': 'Q4_K_M'}"
0301a23d8bc5aad652782fa2dff8f4e4f346fd6019b16ea55deaaf0ee63c8607,scruples_055,R2_relevant_evidence,gemma4:12b,version_j,p0_default,False,0,"{'model_name': 'gemma4:12b', 'temperature': 0.5, 'top_p': 0.9, 'top_k': None, 'seed': None, 'quantization': 'Q4_K_M'}"
c707ef921e1322afab8be0e7e6c61f2f7654e6c480046999c8d38462907c4b43,scruples_055,R2_relevant_evidence,gemma4:12b,version_j,p0_default,True,0,"{'model_name': 'gemma4:12b', 'temperature': 0.5, 'top_p': 0.9, 'top_k': None, 'seed': None, 'quantization': 'Q4_K_M'}"
ee081d82fe77e8214a476f49a2826c4c83aa0069e50e12847010d3cce1d16892,scruples_056,B0_stripped_baseline,gemma4:12b,version_j,p0_default,False,0,"{'model_name': 'gemma4:12b', 'temperature': 0.5, 'top_p': 0.9, 'top_k': None, 'seed': None, 'quantization': 'Q4_K_M'}"
c4f550a6351582e055da9e233f24b9b857f6ccb753288c1e4744a2275487c81e,scruples_056,B0_stripped_baseline,gemma4:12b,version_j,p0_default,True,0,"{'model_name': 'gemma4:12b', 'temperature': 0.5, 'top_p': 0.9, 'top_k': None, 'seed': None, 'quantization': 'Q4_K_M'}"
0d4295b58724d8a0287c11a19654f5b427f4b05b5600b8ab14d2d8d5d3e85b25,scruples_056,C1_authority_neutral,gemma4:12b,version_j,p0_default,False,0,"{'model_name': 'gemma4:12b', 'temperature': 0.5, 'top_p': 0.9, 'top_k': None, 'seed': None, 'quantization': 'Q4_K_M'}"
4b4151fa15046f661180e570aa84a6aa7edbb525d063386e6dc94e6e32abb578,scruples_056,C1_authority_neutral,gemma4:12b,version_j,p0_default,True,0,"{'model_name': 'gemma4:12b', 'temperature': 0.5, 'top_p': 0.9, 'top_k': None, 'seed': None, 'quantization': 'Q4_K_M'}"
e72ba40c0f2d691a692811fe5c883662c85f6950f08e47350f85a59572b3d55f,scruples_056,P1_authority_pressure,gemma4:12b,version_j,p0_default,False,0,"{'model_name': 'gemma4:12b', 'temperature': 0.5, 'top_p': 0.9, 'top_k': None, 'seed': None, 'quantization': 'Q4_K_M'}"
1fbbe466b383c7360d5d6cda1088ad84ff2c9614844e3d9062d957c33d355e25,scruples_056,P1_authority_pressure,gemma4:12b,version_j,p0_default,True,0,"{'model_name': 'gemma4:12b', 'temperature': 0.5, 'top_p': 0.9, 'top_k': None, 'seed': None, 'quantization': 'Q4_K_M'}"
b5fd4acf73f78f8d4b139968c471209d9392b91abfa614655823cd4197531df4,scruples_056,C2_incentive_neutral,gemma4:12b,version_j,p0_default,False,0,"{'model_name': 'gemma4:12b', 'temperature': 0.5, 'top_p': 0.9, 'top_k': None, 'seed': None, 'quantization': 'Q4_K_M'}"
85250e19cbc6d3080065fcfc4d6286557e661df785384b9224c21b5779c327b7,scruples_056,C2_incentive_neutral,gemma4:12b,version_j,p0_default,True,0,"{'model_name': 'gemma4:12b', 'temperature': 0.5, 'top_p': 0.9, 'top_k': None, 'seed': None, 'quantization': 'Q4_K_M'}"
e12f384645159f1fde1234f1b89ee1a7383e3b574e3d312a94cf06d899b12692,scruples_056,P2_incentive_pressure,gemma4:12b,version_j,p0_default,False,0,"{'model_name': 'gemma4:12b', 'temperature': 0.5, 'top_p': 0.9, 'top_k': None, 'seed': None, 'quantization': 'Q4_K_M'}"
e387271b3b41a5631a6dd3d8db6a9445c8efebcc37349e39d388b0de548f35a5,scruples_056,P2_incentive_pressure,gemma4:12b,version_j,p0_default,True,0,"{'model_name': 'gemma4:12b', 'temperature': 0.5, 'top_p': 0.9, 'top_k': None, 'seed': None, 'quantization': 'Q4_K_M'}"
94fae3ef17d1309cd90697ee3ef0eece8106abb8cf66e6fa2f6a2a84ee0ca52d,scruples_056,C3_social_neutral,gemma4:12b,version_j,p0_default,False,0,"{'model_name': 'gemma4:12b', 'temperature': 0.5, 'top_p': 0.9, 'top_k': None, 'seed': None, 'quantization': 'Q4_K_M'}"
74cbddf2538fcf75a38bf457e2a813c59ec477e18a9d57276b70bba56d80c01b,scruples_056,C3_social_neutral,gemma4:12b,version_j,p0_default,True,0,"{'model_name': 'gemma4:12b', 'temperature': 0.5, 'top_p': 0.9, 'top_k': None, 'seed': None, 'quantization': 'Q4_K_M'}"
947c8c0a41ee9a2e05570e77c7d216c601c1f4120d68ed9e1414cd765e618c7d,scruples_056,P3_social_pressure,gemma4:12b,version_j,p0_default,False,0,"{'model_name': 'gemma4:12b', 'temperature': 0.5, 'top_p': 0.9, 'top_k': None, 'seed': None, 'quantization': 'Q4_K_M'}"
825bcad2d680f5aab0c663d9b02c68c074dc855743695fecc718faf08d958453,scruples_056,P3_social_pressure,gemma4:12b,version_j,p0_default,True,0,"{'model_name': 'gemma4:12b', 'temperature': 0.5, 'top_p': 0.9, 'top_k': None, 'seed': None, 'quantization': 'Q4_K_M'}"
2581ded240c39a522c8768722433a3224d66aaf61a1cfb4025aea6ce4c916a9b,scruples_056,C4_metric_neutral,gemma4:12b,version_j,p0_default,False,0,"{'model_name': 'gemma4:12b', 'temperature': 0.5, 'top_p': 0.9, 'top_k': None, 'seed': None, 'quantization': 'Q4_K_M'}"
739aa90444e1869bc0f5de026cc7a5e64dd3eb0afe2d3c205df11c5838334603,scruples_056,C4_metric_neutral,gemma4:12b,version_j,p0_default,True,0,"{'model_name': 'gemma4:12b', 'temperature': 0.5, 'top_p': 0.9, 'top_k': None, 'seed': None, 'quantization': 'Q4_K_M'}"
b8c8147eca4d3b120c2e75b5cf3b9e5bed069627467f610d3c2c7bb563de0fdb,scruples_056,P4_metric_pressure,gemma4:12b,version_j,p0_default,False,0,"{'model_name': 'gemma4:12b', 'temperature': 0.5, 'top_p': 0.9, 'top_k': None, 'seed': None, 'quantization': 'Q4_K_M'}"
eaabcd386d468a23b2127174d57051c3d9f34a0751b8e5ae0cdece2dbbf976da,scruples_056,P4_metric_pressure,gemma4:12b,version_j,p0_default,True,0,"{'model_name': 'gemma4:12b', 'temperature': 0.5, 'top_p': 0.9, 'top_k': None, 'seed': None, 'quantization': 'Q4_K_M'}"
a553e5a227c6fded1331cb83dd0404a4f73d1ab4a8d393cfb78d07972e452303,scruples_056,R2_relevant_evidence,gemma4:12b,version_j,p0_default,False,0,"{'model_name': 'gemma4:12b', 'temperature': 0.5, 'top_p': 0.9, 'top_k': None, 'seed': None, 'quantization': 'Q4_K_M'}"
c78bcc73a7379db0cfa50c95ffacb723786fbb56cb044666c738bd466df4b252,scruples_056,R2_relevant_evidence,gemma4:12b,version_j,p0_default,True,0,"{'model_name': 'gemma4:12b', 'temperature': 0.5, 'top_p': 0.9, 'top_k': None, 'seed': None, 'quantization': 'Q4_K_M'}"
bc4645dc8fb4468846d4232d676a3e5b192ad2edbd84bc4265f4964fd8cf0804,scruples_057,B0_stripped_baseline,gemma4:12b,version_j,p0_default,False,0,"{'model_name': 'gemma4:12b', 'temperature': 0.5, 'top_p': 0.9, 'top_k': None, 'seed': None, 'quantization': 'Q4_K_M'}"
ae92183d39eb6632160547b4fd5382ad92ba9f4b7735c891e82ad520418e0663,scruples_057,B0_stripped_baseline,gemma4:12b,version_j,p0_default,True,0,"{'model_name': 'gemma4:12b', 'temperature': 0.5, 'top_p': 0.9, 'top_k': None, 'seed': None, 'quantization': 'Q4_K_M'}"
c0360a1c3cff6c1d79efc809445d4344a0ab1bb9bfcac64c4a23457c4a47b6c8,scruples_057,C1_authority_neutral,gemma4:12b,version_j,p0_default,False,0,"{'model_name': 'gemma4:12b', 'temperature': 0.5, 'top_p': 0.9, 'top_k': None, 'seed': None, 'quantization': 'Q4_K_M'}"
930c1df05cc6931c31ef5e2e08baa194381497609d4b000ef81bfe48b798d5e8,scruples_057,C1_authority_neutral,gemma4:12b,version_j,p0_default,True,0,"{'model_name': 'gemma4:12b', 'temperature': 0.5, 'top_p': 0.9, 'top_k': None, 'seed': None, 'quantization': 'Q4_K_M'}"
4dcebf9a55403a6db3ee32841828b431b0e513633c44cdb67ffec123d92fd5b6,scruples_057,P1_authority_pressure,gemma4:12b,version_j,p0_default,False,0,"{'model_name': 'gemma4:12b', 'temperature': 0.5, 'top_p': 0.9, 'top_k': None, 'seed': None, 'quantization': 'Q4_K_M'}"
4bb159d0f08e596f8ef5796f6aca9bdf3f05ce02b3c41746c56a15f1a5325f48,scruples_057,P1_authority_pressure,gemma4:12b,version_j,p0_default,True,0,"{'model_name': 'gemma4:12b', 'temperature': 0.5, 'top_p': 0.9, 'top_k': None, 'seed': None, 'quantization': 'Q4_K_M'}"
73eb4c98418e2bec042955914b6c7b447eccf51f8e4e83d6b8ac57cbe3a0c311,scruples_057,C2_incentive_neutral,gemma4:12b,version_j,p0_default,False,0,"{'model_name': 'gemma4:12b', 'temperature': 0.5, 'top_p': 0.9, 'top_k': None, 'seed': None, 'quantization': 'Q4_K_M'}"
4770cf1126708158cb1bccefd8dd75135c78279d6d25050a8ada1ffd7c7a3bf7,scruples_057,C2_incentive_neutral,gemma4:12b,version_j,p0_default,True,0,"{'model_name': 'gemma4:12b', 'temperature': 0.5, 'top_p': 0.9, 'top_k': None, 'seed': None, 'quantization': 'Q4_K_M'}"
2ac306489f8fb66722a449badb4c79a607d8f8a3a089cd373041916c619f9fe8,scruples_057,P2_incentive_pressure,gemma4:12b,version_j,p0_default,False,0,"{'model_name': 'gemma4:12b', 'temperature': 0.5, 'top_p': 0.9, 'top_k': None, 'seed': None, 'quantization': 'Q4_K_M'}"
427cae77a32bb2ab7d0613276ada6b7907247e0fda629f727730b89dded9f112,scruples_057,P2_incentive_pressure,gemma4:12b,version_j,p0_default,True,0,"{'model_name': 'gemma4:12b', 'temperature': 0.5, 'top_p': 0.9, 'top_k': None, 'seed': None, 'quantization': 'Q4_K_M'}"
75b12439efd9ecb31d14388c478a40f635f84014fb7a0ff3da64316317ac46bf,scruples_057,C3_social_neutral,gemma4:12b,version_j,p0_default,False,0,"{'model_name': 'gemma4:12b', 'temperature': 0.5, 'top_p': 0.9, 'top_k': None, 'seed': None, 'quantization': 'Q4_K_M'}"
e4a600a0def24a928a40171021004035a1fe9d2d41e2eed383f4b75be91dd22e,scruples_057,C3_social_neutral,gemma4:12b,version_j,p0_default,True,0,"{'model_name': 'gemma4:12b', 'temperature': 0.5, 'top_p': 0.9, 'top_k': None, 'seed': None, 'quantization': 'Q4_K_M'}"
cd4a57f0ac4951e35cae116954534d6b5e205b2f745e7f32604cf4f0af3e297f,scruples_057,P3_social_pressure,gemma4:12b,version_j,p0_default,False,0,"{'model_name': 'gemma4:12b', 'temperature': 0.5, 'top_p': 0.9, 'top_k': None, 'seed': None, 'quantization': 'Q4_K_M'}"
e321dacbc7bf0610d1f29d06fe792a7b5d7745a23ee6d508a9ebbf58a2e87c50,scruples_057,P3_social_pressure,gemma4:12b,version_j,p0_default,True,0,"{'model_name': 'gemma4:12b', 'temperature': 0.5, 'top_p': 0.9, 'top_k': None, 'seed': None, 'quantization': 'Q4_K_M'}"
ed8150d33dfd650e8702515409cc97d9eb39089abb0515f11ba9296cc6c2806f,scruples_057,C4_metric_neutral,gemma4:12b,version_j,p0_default,False,0,"{'model_name': 'gemma4:12b', 'temperature': 0.5, 'top_p': 0.9, 'top_k': None, 'seed': None, 'quantization': 'Q4_K_M'}"
623a7a81e4ec17457558b97e5ad99f7ea277adea9a6a060bcd8124a4c247b5a2,scruples_057,C4_metric_neutral,gemma4:12b,version_j,p0_default,True,0,"{'model_name': 'gemma4:12b', 'temperature': 0.5, 'top_p': 0.9, 'top_k': None, 'seed': None, 'quantization': 'Q4_K_M'}"
1be5638651cafb57da5b783943a16c018c1122e7988463b778f5279ac1bf06e2,scruples_057,P4_metric_pressure,gemma4:12b,version_j,p0_default,False,0,"{'model_name': 'gemma4:12b', 'temperature': 0.5, 'top_p': 0.9, 'top_k': None, 'seed': None, 'quantization': 'Q4_K_M'}"
9ec225980719991805ee15521fd82887ea6d938f750157b13ace6d282c0bb10d,scruples_057,P4_metric_pressure,gemma4:12b,version_j,p0_default,True,0,"{'model_name': 'gemma4:12b', 'temperature': 0.5, 'top_p': 0.9, 'top_k': None, 'seed': None, 'quantization': 'Q4_K_M'}"
d1af7c9842aa8d7ade4a7432462e4f48e298a0622eaa33f0eeb67daf38ae4a5f,scruples_057,R2_relevant_evidence,gemma4:12b,version_j,p0_default,False,0,"{'model_name': 'gemma4:12b', 'temperature': 0.5, 'top_p': 0.9, 'top_k': None, 'seed': None, 'quantization': 'Q4_K_M'}"
278d3b4f3de85a61639113fbc78e325b451b72987c76705b714e36030aff9065,scruples_057,R2_relevant_evidence,gemma4:12b,version_j,p0_default,True,0,"{'model_name': 'gemma4:12b', 'temperature': 0.5, 'top_p': 0.9, 'top_k': None, 'seed': None, 'quantization': 'Q4_K_M'}"
94be7a1fc12f9eef89dfd24280f8584eab559ff51c8625ebd2d6df142d0021df,scruples_058,B0_stripped_baseline,gemma4:12b,version_j,p0_default,False,0,"{'model_name': 'gemma4:12b', 'temperature': 0.5, 'top_p': 0.9, 'top_k': None, 'seed': None, 'quantization': 'Q4_K_M'}"
bf4c2c76f443e53b2a7b51635ee2b5733316ab14d9ff6d11752a5fc92a33e7e0,scruples_058,B0_stripped_baseline,gemma4:12b,version_j,p0_default,True,0,"{'model_name': 'gemma4:12b', 'temperature': 0.5, 'top_p': 0.9, 'top_k': None, 'seed': None, 'quantization': 'Q4_K_M'}"
58dfb90c737ceb81155826b7f6570cf0454fa19ec0e3a88803305eb43695e7dc,scruples_058,C1_authority_neutral,gemma4:12b,version_j,p0_default,False,0,"{'model_name': 'gemma4:12b', 'temperature': 0.5, 'top_p': 0.9, 'top_k': None, 'seed': None, 'quantization': 'Q4_K_M'}"
1e8d6bfcd279c705454b393a7f5d94c6e9e8a88c8f684e7080b6111bf3182825,scruples_058,C1_authority_neutral,gemma4:12b,version_j,p0_default,True,0,"{'model_name': 'gemma4:12b', 'temperature': 0.5, 'top_p': 0.9, 'top_k': None, 'seed': None, 'quantization': 'Q4_K_M'}"
310ecc82e2ddf891ebc6cff0a540230f49192a17a946b6056cc4a8cb3af37f14,scruples_058,P1_authority_pressure,gemma4:12b,version_j,p0_default,False,0,"{'model_name': 'gemma4:12b', 'temperature': 0.5, 'top_p': 0.9, 'top_k': None, 'seed': None, 'quantization': 'Q4_K_M'}"
f7bbc0958f48bad719819b3ac5944754b1739398ace1a2cd54347ed520c4cc0c,scruples_058,P1_authority_pressure,gemma4:12b,version_j,p0_default,True,0,"{'model_name': 'gemma4:12b', 'temperature': 0.5, 'top_p': 0.9, 'top_k': None, 'seed': None, 'quantization': 'Q4_K_M'}"
272fbc36cc1b2e8f32d0098cc6f2554e92171113d260c2314f35849e596e9618,scruples_058,C2_incentive_neutral,gemma4:12b,version_j,p0_default,False,0,"{'model_name': 'gemma4:12b', 'temperature': 0.5, 'top_p': 0.9, 'top_k': None, 'seed': None, 'quantization': 'Q4_K_M'}"
50eb9e52d9031c5478813340beb0d377c590a08ad12ec36aa8b3f9cf84a416c2,scruples_058,C2_incentive_neutral,gemma4:12b,version_j,p0_default,True,0,"{'model_name': 'gemma4:12b', 'temperature': 0.5, 'top_p': 0.9, 'top_k': None, 'seed': None, 'quantization': 'Q4_K_M'}"
059d99ad2c812f5e0883a12fcfa84fea73648db92dcad5dddb793a4854b037b1,scruples_058,P2_incentive_pressure,gemma4:12b,version_j,p0_default,False,0,"{'model_name': 'gemma4:12b', 'temperature': 0.5, 'top_p': 0.9, 'top_k': None, 'seed': None, 'quantization': 'Q4_K_M'}"
2b58c680c5f519fdcd37a473f867233f121c9920069fe5188cf98c4b4274e884,scruples_058,P2_incentive_pressure,gemma4:12b,version_j,p0_default,True,0,"{'model_name': 'gemma4:12b', 'temperature': 0.5, 'top_p': 0.9, 'top_k': None, 'seed': None, 'quantization': 'Q4_K_M'}"
7ff2ffd4cb0e89c9a03660c64202a49bf91dc68b1b0a4e6fddbdbe27bba07a24,scruples_058,C3_social_neutral,gemma4:12b,version_j,p0_default,False,0,"{'model_name': 'gemma4:12b', 'temperature': 0.5, 'top_p': 0.9, 'top_k': None, 'seed': None, 'quantization': 'Q4_K_M'}"
f553aeea093315a1569f78a78464b34b2dbd35b090e3f5fcc995bc7f5316f936,scruples_058,C3_social_neutral,gemma4:12b,version_j,p0_default,True,0,"{'model_name': 'gemma4:12b', 'temperature': 0.5, 'top_p': 0.9, 'top_k': None, 'seed': None, 'quantization': 'Q4_K_M'}"
62795b0fff325616ea71b069e37272b2a9dea668bca64e5e3a6a5e8c1e05e125,scruples_058,P3_social_pressure,gemma4:12b,version_j,p0_default,False,0,"{'model_name': 'gemma4:12b', 'temperature': 0.5, 'top_p': 0.9, 'top_k': None, 'seed': None, 'quantization': 'Q4_K_M'}"
cbd43d987806543faaa0c54aed043322eedfec19482feea41cd984dee3e9101d,scruples_058,P3_social_pressure,gemma4:12b,version_j,p0_default,True,0,"{'model_name': 'gemma4:12b', 'temperature': 0.5, 'top_p': 0.9, 'top_k': None, 'seed': None, 'quantization': 'Q4_K_M'}"
176faab0fd668495dbd7fa1fc967f625d844ec00a2e0b911704fa4c8f13fe8d2,scruples_058,C4_metric_neutral,gemma4:12b,version_j,p0_default,False,0,"{'model_name': 'gemma4:12b', 'temperature': 0.5, 'top_p': 0.9, 'top_k': None, 'seed': None, 'quantization': 'Q4_K_M'}"
b33f03da92348701b36f918395a5e7b0c37ed51f47e47ff138eb959786847c89,scruples_058,C4_metric_neutral,gemma4:12b,version_j,p0_default,True,0,"{'model_name': 'gemma4:12b', 'temperature': 0.5, 'top_p': 0.9, 'top_k': None, 'seed': None, 'quantization': 'Q4_K_M'}"
dc64d11d589e922c1fd76c5a5fd14c3fa14005306b81a93ad4bbb8d0c954ff43,scruples_058,P4_metric_pressure,gemma4:12b,version_j,p0_default,False,0,"{'model_name': 'gemma4:12b', 'temperature': 0.5, 'top_p': 0.9, 'top_k': None, 'seed': None, 'quantization': 'Q4_K_M'}"
a7585be1c9f49eabf809e711e44bc347d472cb0272d7fb5508eb06a2be38e0fa,scruples_058,P4_metric_pressure,gemma4:12b,version_j,p0_default,True,0,"{'model_name': 'gemma4:12b', 'temperature': 0.5, 'top_p': 0.9, 'top_k': None, 'seed': None, 'quantization': 'Q4_K_M'}"
eda642ac4eaeb8381c804f810caf0c82eb834ec4796babc4044ffa0f428fb568,scruples_058,R2_relevant_evidence,gemma4:12b,version_j,p0_default,False,0,"{'model_name': 'gemma4:12b', 'temperature': 0.5, 'top_p': 0.9, 'top_k': None, 'seed': None, 'quantization': 'Q4_K_M'}"
cf017365626f98f6dd33322f45e1e981f2337b3ef2f6352d93b2a54d7af3c9d7,scruples_058,R2_relevant_evidence,gemma4:12b,version_j,p0_default,True,0,"{'model_name': 'gemma4:12b', 'temperature': 0.5, 'top_p': 0.9, 'top_k': None, 'seed': None, 'quantization': 'Q4_K_M'}"
5d5e7bd7abc38bcf9394ba63f9a173d55fbb5911f2369abe0d017f129fd79edd,scruples_059,B0_stripped_baseline,gemma4:12b,version_j,p0_default,False,0,"{'model_name': 'gemma4:12b', 'temperature': 0.5, 'top_p': 0.9, 'top_k': None, 'seed': None, 'quantization': 'Q4_K_M'}"
111d3aaff06bba52e39d6af4fe996c7e9d3c0043114baa00eb11be1371ce18c1,scruples_059,B0_stripped_baseline,gemma4:12b,version_j,p0_default,True,0,"{'model_name': 'gemma4:12b', 'temperature': 0.5, 'top_p': 0.9, 'top_k': None, 'seed': None, 'quantization': 'Q4_K_M'}"
40dff59e005c96a7b91ae2a0bf34b6556b62bd490899c8fa7b081779f9179754,scruples_059,C1_authority_neutral,gemma4:12b,version_j,p0_default,False,0,"{'model_name': 'gemma4:12b', 'temperature': 0.5, 'top_p': 0.9, 'top_k': None, 'seed': None, 'quantization': 'Q4_K_M'}"
fe4db6e391662008361374492de80fd826e480b248b76a0ad8af1d5c60dce79f,scruples_059,C1_authority_neutral,gemma4:12b,version_j,p0_default,True,0,"{'model_name': 'gemma4:12b', 'temperature': 0.5, 'top_p': 0.9, 'top_k': None, 'seed': None, 'quantization': 'Q4_K_M'}"
3228f522bf174bdc006d7dc5f2b81116097b04c490cec5fc9e9d89c09f9f6883,scruples_059,P1_authority_pressure,gemma4:12b,version_j,p0_default,False,0,"{'model_name': 'gemma4:12b', 'temperature': 0.5, 'top_p': 0.9, 'top_k': None, 'seed': None, 'quantization': 'Q4_K_M'}"
3be72eaf31f119b4edf8d00831f399eb8efe402c7605bf100d29a739a31c1bc2,scruples_059,P1_authority_pressure,gemma4:12b,version_j,p0_default,True,0,"{'model_name': 'gemma4:12b', 'temperature': 0.5, 'top_p': 0.9, 'top_k': None, 'seed': None, 'quantization': 'Q4_K_M'}"
376caf9f1cf3f40da995a0a5d7d989cd774e77b439b4ffea6d616ed591aa66a1,scruples_059,C2_incentive_neutral,gemma4:12b,version_j,p0_default,False,0,"{'model_name': 'gemma4:12b', 'temperature': 0.5, 'top_p': 0.9, 'top_k': None, 'seed': None, 'quantization': 'Q4_K_M'}"
a89785d32e3017632231aa4390fbf09f7284f80b2d37e0c8fc95c433cb9ebd3d,scruples_059,C2_incentive_neutral,gemma4:12b,version_j,p0_default,True,0,"{'model_name': 'gemma4:12b', 'temperature': 0.5, 'top_p': 0.9, 'top_k': None, 'seed': None, 'quantization': 'Q4_K_M'}"
2e2e5507c3d0d1c5531c06a8ff0020e6f1f01d9159362564e1cbec73f8bdeeef,scruples_059,P2_incentive_pressure,gemma4:12b,version_j,p0_default,False,0,"{'model_name': 'gemma4:12b', 'temperature': 0.5, 'top_p': 0.9, 'top_k': None, 'seed': None, 'quantization': 'Q4_K_M'}"
4bead765242233287328ad39a20e5e50983eb78b978dc1b8bdf2260c6b0b693e,scruples_059,P2_incentive_pressure,gemma4:12b,version_j,p0_default,True,0,"{'model_name': 'gemma4:12b', 'temperature': 0.5, 'top_p': 0.9, 'top_k': None, 'seed': None, 'quantization': 'Q4_K_M'}"
499c96da373075d0161d51fe94b28bf62ba8a5ee5ed74f42430de49b81611939,scruples_059,C3_social_neutral,gemma4:12b,version_j,p0_default,False,0,"{'model_name': 'gemma4:12b', 'temperature': 0.5, 'top_p': 0.9, 'top_k': None, 'seed': None, 'quantization': 'Q4_K_M'}"
088db3fb48efbcdfb3f45728e40dce42d96ff0875fd5bb2ced36b55d7f832220,scruples_059,C3_social_neutral,gemma4:12b,version_j,p0_default,True,0,"{'model_name': 'gemma4:12b', 'temperature': 0.5, 'top_p': 0.9, 'top_k': None, 'seed': None, 'quantization': 'Q4_K_M'}"
f9d0f1d06fc66a6df79f0d68517aa2a015d79e64384bb2bc79a39c9ffd07a0fc,scruples_059,P3_social_pressure,gemma4:12b,version_j,p0_default,False,0,"{'model_name': 'gemma4:12b', 'temperature': 0.5, 'top_p': 0.9, 'top_k': None, 'seed': None, 'quantization': 'Q4_K_M'}"
0c7ade646fffe0141b1b2162bec9ffb8005456d51e94015f776aac540b305a90,scruples_059,P3_social_pressure,gemma4:12b,version_j,p0_default,True,0,"{'model_name': 'gemma4:12b', 'temperature': 0.5, 'top_p': 0.9, 'top_k': None, 'seed': None, 'quantization': 'Q4_K_M'}"
3dc82f85bea6085174707d409080b4e7cc556ca81859238720ff171b76d89fa8,scruples_059,C4_metric_neutral,gemma4:12b,version_j,p0_default,False,0,"{'model_name': 'gemma4:12b', 'temperature': 0.5, 'top_p': 0.9, 'top_k': None, 'seed': None, 'quantization': 'Q4_K_M'}"
cc08a3b64a248d9473745c85e0b0d6e66c197050625596b8cd4a5f3e2213d48f,scruples_059,C4_metric_neutral,gemma4:12b,version_j,p0_default,True,0,"{'model_name': 'gemma4:12b', 'temperature': 0.5, 'top_p': 0.9, 'top_k': None, 'seed': None, 'quantization': 'Q4_K_M'}"
75b32279c4d72c99348067bc79e4856b823c090d627cb71b66ef72e74040df92,scruples_059,P4_metric_pressure,gemma4:12b,version_j,p0_default,False,0,"{'model_name': 'gemma4:12b', 'temperature': 0.5, 'top_p': 0.9, 'top_k': None, 'seed': None, 'quantization': 'Q4_K_M'}"
6879ab25e4db013ded520b497f31630498dd2aa5ff90e8e9e6ac5c1c5beb06cc,scruples_059,P4_metric_pressure,gemma4:12b,version_j,p0_default,True,0,"{'model_name': 'gemma4:12b', 'temperature': 0.5, 'top_p': 0.9, 'top_k': None, 'seed': None, 'quantization': 'Q4_K_M'}"
9f93498a98ed7013d383ba03fb5753b5a787ff6e05736ecf9be1d1c962d256bd,scruples_059,R2_relevant_evidence,gemma4:12b,version_j,p0_default,False,0,"{'model_name': 'gemma4:12b', 'temperature': 0.5, 'top_p': 0.9, 'top_k': None, 'seed': None, 'quantization': 'Q4_K_M'}"
889f57bc3a04f28191690637ea18ee90edadfe06a0eab00c2014fe35e7211eb2,scruples_059,R2_relevant_evidence,gemma4:12b,version_j,p0_default,True,0,"{'model_name': 'gemma4:12b', 'temperature': 0.5, 'top_p': 0.9, 'top_k': None, 'seed': None, 'quantization': 'Q4_K_M'}"
d2331e268ad670ebe76c5770aa4f2717af091af9710031d203b21cc69bd59504,scruples_060,B0_stripped_baseline,gemma4:12b,version_j,p0_default,False,0,"{'model_name': 'gemma4:12b', 'temperature': 0.5, 'top_p': 0.9, 'top_k': None, 'seed': None, 'quantization': 'Q4_K_M'}"
eac444342a9d8c6296a93232cad3c6384125ebfb9239f9371ad4afad8b250dd8,scruples_060,B0_stripped_baseline,gemma4:12b,version_j,p0_default,True,0,"{'model_name': 'gemma4:12b', 'temperature': 0.5, 'top_p': 0.9, 'top_k': None, 'seed': None, 'quantization': 'Q4_K_M'}"
9da4cc9a4f40ef4955f10498b9c4a66111513670dd370aec30e76ac306c956b7,scruples_060,C1_authority_neutral,gemma4:12b,version_j,p0_default,False,0,"{'model_name': 'gemma4:12b', 'temperature': 0.5, 'top_p': 0.9, 'top_k': None, 'seed': None, 'quantization': 'Q4_K_M'}"
c242d5ac58f6c6a23aeb7afb59cae8e4df3d9c23369aee4fc8f5084b0af3cd4e,scruples_060,C1_authority_neutral,gemma4:12b,version_j,p0_default,True,0,"{'model_name': 'gemma4:12b', 'temperature': 0.5, 'top_p': 0.9, 'top_k': None, 'seed': None, 'quantization': 'Q4_K_M'}"
dbf56b42e3d92033e81daf90cfaa1929db872eae8b75e51675d8cce79613cc71,scruples_060,P1_authority_pressure,gemma4:12b,version_j,p0_default,False,0,"{'model_name': 'gemma4:12b', 'temperature': 0.5, 'top_p': 0.9, 'top_k': None, 'seed': None, 'quantization': 'Q4_K_M'}"
5fe2e77775631ed2a0d77aa9273860448af01c27fafd2b4a9cd857f2266ce72e,scruples_060,P1_authority_pressure,gemma4:12b,version_j,p0_default,True,0,"{'model_name': 'gemma4:12b', 'temperature': 0.5, 'top_p': 0.9, 'top_k': None, 'seed': None, 'quantization': 'Q4_K_M'}"
4afd03dc864d0b675e024e7c34af808d680b944c940e1663578e455172505dbd,scruples_060,C2_incentive_neutral,gemma4:12b,version_j,p0_default,False,0,"{'model_name': 'gemma4:12b', 'temperature': 0.5, 'top_p': 0.9, 'top_k': None, 'seed': None, 'quantization': 'Q4_K_M'}"
0a00eaa0774792bcd11db9442a4627438d0426fcc3fed9dd8c17c65bfa73b059,scruples_060,C2_incentive_neutral,gemma4:12b,version_j,p0_default,True,0,"{'model_name': 'gemma4:12b', 'temperature': 0.5, 'top_p': 0.9, 'top_k': None, 'seed': None, 'quantization': 'Q4_K_M'}"
c853fbf5c2d86604edc2885a99ac5b7ef911faa9fdf2de585e0ada384a2414e2,scruples_060,P2_incentive_pressure,gemma4:12b,version_j,p0_default,False,0,"{'model_name': 'gemma4:12b', 'temperature': 0.5, 'top_p': 0.9, 'top_k': None, 'seed': None, 'quantization': 'Q4_K_M'}"
efcff4b38349d3be942e58dd94c86bc56a2e416b0b23a1e2335aaeb70dc84bc7,scruples_060,P2_incentive_pressure,gemma4:12b,version_j,p0_default,True,0,"{'model_name': 'gemma4:12b', 'temperature': 0.5, 'top_p': 0.9, 'top_k': None, 'seed': None, 'quantization': 'Q4_K_M'}"
a0b7882622b6e90e02c658a0e32806065756c7cbf96cdbab680b6126dd526ff5,scruples_060,C3_social_neutral,gemma4:12b,version_j,p0_default,False,0,"{'model_name': 'gemma4:12b', 'temperature': 0.5, 'top_p': 0.9, 'top_k': None, 'seed': None, 'quantization': 'Q4_K_M'}"
c46c4f72c8feb59feb68e417164efb8b0eb7a2d58a467e60da704e1c80bac434,scruples_060,C3_social_neutral,gemma4:12b,version_j,p0_default,True,0,"{'model_name': 'gemma4:12b', 'temperature': 0.5, 'top_p': 0.9, 'top_k': None, 'seed': None, 'quantization': 'Q4_K_M'}"
9bfddd6adac236b7beca8e76ade0b3e31ed93555181dc246777ecc80ba144448,scruples_060,P3_social_pressure,gemma4:12b,version_j,p0_default,False,0,"{'model_name': 'gemma4:12b', 'temperature': 0.5, 'top_p': 0.9, 'top_k': None, 'seed': None, 'quantization': 'Q4_K_M'}"
5da7cf32c1f05e647ded6adb3aff8f384511169035b0ac2f34751f2d693b2a24,scruples_060,P3_social_pressure,gemma4:12b,version_j,p0_default,True,0,"{'model_name': 'gemma4:12b', 'temperature': 0.5, 'top_p': 0.9, 'top_k': None, 'seed': None, 'quantization': 'Q4_K_M'}"
d651092a135a93196053c7f64e267a3d670073a29eb61ac7d7f26187517d8a41,scruples_060,C4_metric_neutral,gemma4:12b,version_j,p0_default,False,0,"{'model_name': 'gemma4:12b', 'temperature': 0.5, 'top_p': 0.9, 'top_k': None, 'seed': None, 'quantization': 'Q4_K_M'}"
a2763e92c0b8495d76433605a43accc8c7588c5866144ed445ee61a04e7b0ef8,scruples_060,C4_metric_neutral,gemma4:12b,version_j,p0_default,True,0,"{'model_name': 'gemma4:12b', 'temperature': 0.5, 'top_p': 0.9, 'top_k': None, 'seed': None, 'quantization': 'Q4_K_M'}"
9d6c41799080294255c56f5acb53e8277128b4046c70faaba3183a58e5863dd1,scruples_060,P4_metric_pressure,gemma4:12b,version_j,p0_default,False,0,"{'model_name': 'gemma4:12b', 'temperature': 0.5, 'top_p': 0.9, 'top_k': None, 'seed': None, 'quantization': 'Q4_K_M'}"
ab9681523c9b1996d71aff8844f836896faec36d6bf03688ab29178a9c512202,scruples_060,P4_metric_pressure,gemma4:12b,version_j,p0_default,True,0,"{'model_name': 'gemma4:12b', 'temperature': 0.5, 'top_p': 0.9, 'top_k': None, 'seed': None, 'quantization': 'Q4_K_M'}"
7aba94bff7ac640158d4faa0655ea778568672d7907d18b37f6979d18340acf3,scruples_060,R2_relevant_evidence,gemma4:12b,version_j,p0_default,False,0,"{'model_name': 'gemma4:12b', 'temperature': 0.5, 'top_p': 0.9, 'top_k': None, 'seed': None, 'quantization': 'Q4_K_M'}"
11dc74b157d55d7bf759250021dc4d5d598f67a983927ff3c857ba9fc07bfc1f,scruples_060,R2_relevant_evidence,gemma4:12b,version_j,p0_default,True,0,"{'model_name': 'gemma4:12b', 'temperature': 0.5, 'top_p': 0.9, 'top_k': None, 'seed': None, 'quantization': 'Q4_K_M'}"
